{"type":"FeatureCollection","features":[{"type":"Feature","properties":{"name":"Smiths Rd (Laharum)","program":"26-27 Grading Programme","locality":"Northern Grampians Rd","to":"Hrcc Boundary (Res. 445 @ 4450)","zone":"Zone4A","length_m":4450,"asset":"2206,2207"},"geometry":{"type":"MultiLineString","coordinates":[[[142.32523,-36.98025],[142.35808,-36.98026],[142.36848,-36.98034],[142.37127,-36.98139]]]}},{"type":"Feature","properties":{"name":"Augheys Rd","program":"26-27 Grading Programme","locality":"Roses Gap Rd","to":"Pave Change","zone":"Zone4A","length_m":1430,"asset":"76"},"geometry":{"type":"MultiLineString","coordinates":[[[142.38059,-37.03057],[142.38062,-37.01769]]]}},{"type":"Feature","properties":{"name":"Smiths Rd (Laharum)","program":"26-27 Grading Programme","locality":"Hrcc Boundary (Res. 862 @ 8622)","to":"Roses Gap Rd","zone":"Zone4A","length_m":1573,"asset":"2209"},"geometry":{"type":"MultiLineString","coordinates":[[[142.39316,-37.01542],[142.39325,-37.01701],[142.39342,-37.0175],[142.3938,-37.01796],[142.3962,-37.01999],[142.39618,-37.02435],[142.39613,-37.02786],[142.39641,-37.0283]]]}},{"type":"Feature","properties":{"name":"Samuel Dr","program":"26-27 Grading Programme","locality":"Northern Grampians Rd","to":"Fence","zone":"Zone4A","length_m":1400,"asset":"2124"},"geometry":{"type":"MultiLineString","coordinates":[[[142.34905,-37.05345],[142.34974,-37.05262],[142.34969,-37.05113],[142.34907,-37.04975],[142.3491,-37.04949],[142.34926,-37.04937],[142.35366,-37.04662],[142.35373,-37.04651],[142.3558,-37.04344]]]}},{"type":"Feature","properties":{"name":"Carters Dr","program":"26-27 Grading Programme","locality":"Northern Grampians Rd","to":"Fence And Gate","zone":"Zone4A","length_m":730,"asset":"334"},"geometry":{"type":"MultiLineString","coordinates":[[[142.35695,-37.05674],[142.36214,-37.05247]]]}},{"type":"Feature","properties":{"name":"Wattle Rd","program":"26-27 Grading Programme","locality":"Rosebrook Glenisla Rd","to":"End (Res. 55 @ 550)","zone":"Zone4A","length_m":570,"asset":"2584"},"geometry":{"type":"MultiLineString","coordinates":[[[142.32166,-37.06246],[142.32704,-37.06683]]]}},{"type":"Feature","properties":{"name":"Snells Dr","program":"26-27 Grading Programme","locality":"Seal Ends","to":"End","zone":"Zone4A","length_m":350,"asset":"2217"},"geometry":{"type":"MultiLineString","coordinates":[[[142.33883,-37.06294],[142.33566,-37.06475]]]}},{"type":"Feature","properties":{"name":"O Sullivans Rd","program":"26-27 Grading Programme","locality":"Northern Grampians Rd","to":"Old Adelaide Rd","zone":"Zone4A","length_m":1110,"asset":"1796,5422"},"geometry":{"type":"MultiLineString","coordinates":[[[142.33777,-37.03804],[142.33449,-37.03885],[142.33071,-37.03981],[142.33001,-37.0399],[142.32564,-37.03805]]]}},{"type":"Feature","properties":{"name":"Rosebrook-Glenisla Rd","program":"26-27 Grading Programme","locality":"Seal Ends","to":"Asses Ears Rd","zone":"Zone4A","length_m":5501,"asset":"5470,2097,2098,2096"},"geometry":{"type":"MultiLineString","coordinates":[[[142.32769,-37.05782],[142.32166,-37.06246],[142.31376,-37.0687],[142.30972,-37.07177],[142.29964,-37.07951],[142.28807,-37.08849],[142.28481,-37.09094],[142.28417,-37.09142],[142.28375,-37.09204]]]}},{"type":"Feature","properties":{"name":"Schmidts Rd","program":"26-27 Grading Programme","locality":"Seal Ends","to":"Rosebrook-Glenisla Rd","zone":"Zone4A","length_m":3300,"asset":"2135,5476,5330,2136"},"geometry":{"type":"MultiLineString","coordinates":[[[142.28428,-37.06238],[142.28427,-37.06249],[142.28426,-37.07314],[142.28418,-37.08087],[142.28417,-37.09142]]]}},{"type":"Feature","properties":{"name":"Old Adelaide Rd","program":"26-27 Grading Programme","locality":"Henty Hwy","to":"Pave Change (Entry to Residence 1050)","zone":"Zone4A","length_m":10500,"asset":"2852,2851,1736,5423,4988,2854,2853"},"geometry":{"type":"MultiLineString","coordinates":[[[142.21171,-37.07976],[142.21467,-37.07993],[142.21842,-37.07969],[142.22013,-37.07972],[142.22333,-37.07992],[142.22775,-37.07994],[142.22985,-37.07983],[142.23224,-37.07923],[142.23495,-37.0792],[142.23791,-37.07902],[142.23935,-37.07914],[142.24551,-37.07892],[142.24657,-37.07887],[142.24774,-37.07866],[142.24874,-37.07871],[142.24964,-37.07879],[142.25324,-37.07857],[142.25566,-37.07852],[142.26115,-37.0783],[142.26282,-37.07668],[142.26846,-37.07225],[142.27002,-37.07101],[142.27452,-37.06655],[142.27541,-37.0662],[142.28242,-37.06332],[142.28385,-37.06273],[142.28427,-37.06249],[142.28543,-37.06194],[142.28862,-37.05942],[142.29076,-37.0581],[142.29286,-37.05654],[142.29438,-37.05546]],[[142.18838,-37.07966],[142.20103,-37.07968],[142.20974,-37.07993],[142.2115,-37.07976]]]}},{"type":"Feature","properties":{"name":"Victoria Valley Rd","program":"26-27 Grading Programme","locality":"Seal Ends","to":"Council Boundary","zone":"Zone4A","length_m":5270,"asset":"2518,5596,2517"},"geometry":{"type":"MultiLineString","coordinates":[[[142.23495,-37.07902],[142.23495,-37.0792],[142.235,-37.1069],[142.23483,-37.11677]]]}},{"type":"Feature","properties":{"name":"Langlands Rd","program":"26-27 Grading Programme","locality":"Henty Hwy","to":"Entry to Residence","zone":"Zone4A","length_m":1520,"asset":"1331"},"geometry":{"type":"MultiLineString","coordinates":[[[142.18762,-37.07342],[142.18687,-37.07421],[142.18482,-37.07848],[142.18135,-37.08606]]]}},{"type":"Feature","properties":{"name":"Justins Ln","program":"26-27 Grading Programme","locality":"Brim Springs West Ln","to":"End (Entry to Residence 68)","zone":"Zone4A","length_m":730,"asset":"1200"},"geometry":{"type":"MultiLineString","coordinates":[[[142.16524,-37.04582],[142.1653,-37.05233]]]}},{"type":"Feature","properties":{"name":"Brim Springs West Ln","program":"26-27 Grading Programme","locality":"Henty Hwy","to":"Justins Ln","zone":"Zone4A","length_m":2500,"asset":"242,243"},"geometry":{"type":"MultiLineString","coordinates":[[[142.19312,-37.04852],[142.19224,-37.04851],[142.19132,-37.04844],[142.19014,-37.04831],[142.18871,-37.04819],[142.18566,-37.04784],[142.18458,-37.04783],[142.18167,-37.04753],[142.1799,-37.04725],[142.17909,-37.04726],[142.17797,-37.04713],[142.17723,-37.04711],[142.17635,-37.04701],[142.1735,-37.04669],[142.17198,-37.0466],[142.16994,-37.04629],[142.16524,-37.04582]]]}},{"type":"Feature","properties":{"name":"Tom Smiths Rd","program":"26-27 Grading Programme","locality":"Pave Change (Entry to Residence 439)","to":"Brimpaen-Laharum Rd","zone":"Zone4A","length_m":500,"asset":"2336"},"geometry":{"type":"MultiLineString","coordinates":[[[142.21335,-37.03978],[142.21395,-37.03572]]]}},{"type":"Feature","properties":{"name":"Roberts Rd","program":"26-27 Grading Programme","locality":"Brimpaen-Laharum Rd","to":"Byrnes Rd","zone":"Zone4A","length_m":4980,"asset":"2057,3726,5461,2058,5462"},"geometry":{"type":"MultiLineString","coordinates":[[[142.2167,-37.03599],[142.21634,-37.0353],[142.21608,-37.03383],[142.2161,-37.02891],[142.21617,-37.02102],[142.21616,-37.0131],[142.2162,-37.00355],[142.21624,-36.99898],[142.21625,-36.99123]]]}},{"type":"Feature","properties":{"name":"Campbells Ln","program":"26-27 Grading Programme","locality":"Henty Hwy","to":"Downies Ln","zone":"Zone4A","length_m":3520,"asset":"2757,3041,319"},"geometry":{"type":"MultiLineString","coordinates":[[[142.19559,-37.0337],[142.1937,-37.03369],[142.19261,-37.03357],[142.19159,-37.03322],[142.19058,-37.03321],[142.18922,-37.03306],[142.18834,-37.03285],[142.18309,-37.03241],[142.17946,-37.03196],[142.17767,-37.03174],[142.17659,-37.03175],[142.17523,-37.03173],[142.17286,-37.03151],[142.17158,-37.03144],[142.17114,-37.03142],[142.16937,-37.03109],[142.16846,-37.03099],[142.15676,-37.02983]],[[142.17286,-37.03151],[142.17215,-37.03146]]]}},{"type":"Feature","properties":{"name":"Downies Ln","program":"26-27 Grading Programme","locality":"Red Rock Rd","to":"Campbells Ln","zone":"Zone4A","length_m":4900,"asset":"616,3043,615,3042"},"geometry":{"type":"MultiLineString","coordinates":[[[142.1396,-36.99017],[142.13952,-36.99069],[142.13935,-36.99156],[142.13924,-36.99233],[142.13906,-36.99347],[142.13902,-36.99417],[142.13873,-36.99598],[142.13865,-36.99631],[142.13857,-36.99653],[142.13797,-36.99733],[142.13783,-36.99752],[142.13772,-36.9978],[142.1377,-36.99794],[142.13768,-36.99812],[142.13777,-36.99832],[142.13874,-36.99942],[142.13895,-36.99965],[142.13909,-36.99982],[142.13934,-37.00025],[142.13965,-37.00086],[142.14012,-37.00182],[142.14045,-37.00245],[142.14065,-37.0027],[142.14086,-37.00291],[142.14196,-37.00379],[142.14294,-37.00457],[142.14394,-37.00536],[142.14476,-37.00601],[142.14574,-37.00677],[142.14633,-37.00728],[142.14648,-37.00741],[142.14673,-37.00774],[142.1472,-37.00841],[142.14818,-37.00985],[142.1486,-37.01041],[142.14876,-37.01081],[142.14897,-37.01126],[142.14927,-37.01199],[142.14991,-37.01352],[142.15036,-37.01463],[142.15076,-37.01562],[142.15091,-37.01602],[142.15144,-37.01731],[142.15172,-37.01796],[142.15187,-37.01817],[142.15241,-37.01961],[142.1565,-37.02967],[142.15676,-37.02983]]]}},{"type":"Feature","properties":{"name":"Byrnes Rd (Brimpaen)","program":"26-27 Grading Programme","locality":"Henty Hwy","to":"Roberts Rd","zone":"Zone4A","length_m":2480,"asset":"291"},"geometry":{"type":"MultiLineString","coordinates":[[[142.18858,-36.99186],[142.19093,-36.9912],[142.19129,-36.99117],[142.21625,-36.99123]]]}},{"type":"Feature","properties":{"name":"Staehrs Rd","program":"26-27 Grading Programme","locality":"Knonagels Rd","to":"Seal Starts","zone":"Zone4A","length_m":736,"asset":"2240,2828,5707,5754"},"geometry":{"type":"MultiLineString","coordinates":[[[142.2846,-36.98015],[142.28453,-36.98296],[142.28452,-36.98378],[142.28452,-36.98391],[142.2844,-36.98393],[142.28407,-36.98394],[142.28385,-36.98392],[142.28362,-36.98393],[142.28293,-36.98403],[142.28263,-36.9841],[142.28246,-36.98415],[142.28222,-36.98436],[142.28149,-36.98505]]]}},{"type":"Feature","properties":{"name":"Staehrs Rd","program":"26-27 Grading Programme","locality":"Henmans Bridge (Burnt Crk)","to":"Brimacombes Rd","zone":"Zone4A","length_m":1362,"asset":"246,5708,5709,247,5710"},"geometry":{"type":"MultiLineString","coordinates":[[[142.27937,-36.98671],[142.27881,-36.98707],[142.27864,-36.98717],[142.27825,-36.9874],[142.27799,-36.9875],[142.27765,-36.98764],[142.27684,-36.98783],[142.27638,-36.98816],[142.27619,-36.98836],[142.27594,-36.98864],[142.27582,-36.98883],[142.27578,-36.98906],[142.27587,-36.98933],[142.27608,-36.98967],[142.27619,-36.98996],[142.27633,-36.99016],[142.27666,-36.99047],[142.27781,-36.99159],[142.27802,-36.99173],[142.27824,-36.9918],[142.2786,-36.99182],[142.27923,-36.99181],[142.28438,-36.99189]]]}},{"type":"Feature","properties":{"name":"Grimble Geue Rd","program":"26-27 Grading Programme","locality":"Grahams Bridge Rd","to":"Brimpaen-Laharum Rd","zone":"Zone4A","length_m":9090,"asset":"946,2876,2875,5366,5365,2873,2872,2871,2870,2869"},"geometry":{"type":"MultiLineString","coordinates":[[[142.2353,-36.97717],[142.24754,-36.97715],[142.24802,-36.97722],[142.24819,-36.97732],[142.25433,-36.98613],[142.25504,-36.98719],[142.25649,-36.98858],[142.25701,-36.98999],[142.25948,-36.99372],[142.25984,-36.99386],[142.26152,-36.99428],[142.26218,-36.99466],[142.26302,-36.99523],[142.26327,-36.99539],[142.26353,-36.99544],[142.26379,-36.99538],[142.26402,-36.99525],[142.26423,-36.99512],[142.26439,-36.99503],[142.26461,-36.995],[142.26489,-36.99505],[142.26721,-36.99543],[142.27068,-36.99601],[142.27129,-36.99611],[142.27156,-36.99624],[142.27192,-36.99657],[142.27237,-36.99693],[142.27724,-36.99978],[142.28442,-37.00388],[142.29361,-37.00908],[142.29479,-37.00981],[142.29517,-37.00997],[142.29564,-37.0101],[142.3059,-37.01129],[142.30625,-37.01153],[142.30699,-37.01217],[142.30752,-37.01272],[142.31399,-37.01914]]]}},{"type":"Feature","properties":{"name":"Brimacombes Rd","program":"26-27 Grading Programme","locality":"Brimpaen-Laharum Rd","to":"Staehrs Rd","zone":"Zone4A","length_m":4680,"asset":"245,244,5929"},"geometry":{"type":"MultiLineString","coordinates":[[[142.28435,-37.03408],[142.28437,-37.03057],[142.2844,-37.01465],[142.28469,-37.01427],[142.28472,-37.01352],[142.28446,-37.01304],[142.28442,-37.00388],[142.28438,-36.99189]]]}},{"type":"Feature","properties":{"name":"Knonagels Rd","program":"26-27 Grading Programme","locality":"Northern Grampians Rd","to":"Staehrs Rd","zone":"Zone4A","length_m":3630,"asset":"1256,1258,3658,1257"},"geometry":{"type":"MultiLineString","coordinates":[[[142.32523,-36.98025],[142.30499,-36.98015],[142.30282,-36.98013],[142.29708,-36.98017],[142.29509,-36.98031],[142.29356,-36.98018],[142.29241,-36.98017],[142.2846,-36.98015]]]}},{"type":"Feature","properties":{"name":"Camerons Rd (Laharum)","program":"26-27 Grading Programme","locality":"Northern Grampians Rd","to":"Winfields Rd","zone":"Zone4A","length_m":3040,"asset":"312,3272"},"geometry":{"type":"MultiLineString","coordinates":[[[142.32402,-36.96556],[142.3494,-36.9656],[142.35812,-36.96559]]]}},{"type":"Feature","properties":{"name":"Mc Tavishs Rd","program":"26-27 Grading Programme","locality":"Northern Grampians Rd","to":"Winfields Rd","zone":"Zone4A","length_m":3043,"asset":"1522,5401"},"geometry":{"type":"MultiLineString","coordinates":[[[142.3239,-36.9467],[142.34694,-36.94676],[142.35814,-36.94676]]]}},{"type":"Feature","properties":{"name":"Laharum-Grahams Bridge Rd","program":"26-27 Grading Programme","locality":"Northern Grampians Rd","to":"End Gravel","zone":"Zone4A","length_m":5200,"asset":"4706,3748,4704,4705,4709,4708,5394,4703"},"geometry":{"type":"MultiLineString","coordinates":[[[142.3239,-36.9467],[142.32134,-36.94677],[142.30294,-36.94665],[142.29875,-36.94669],[142.2847,-36.94668],[142.28468,-36.94943],[142.27357,-36.94945],[142.27289,-36.94947],[142.27257,-36.94956],[142.27203,-36.95019],[142.27203,-36.95093],[142.27221,-36.9516],[142.27237,-36.95214],[142.27242,-36.95237]]]}},{"type":"Feature","properties":{"name":"Bunworths Rd","program":"26-27 Grading Programme","locality":"Northern Grampians Rd","to":"Kiefels Rd","zone":"Zone4A","length_m":1200,"asset":"278"},"geometry":{"type":"MultiLineString","coordinates":[[[142.32629,-36.91631],[142.33974,-36.91638]]]}},{"type":"Feature","properties":{"name":"Pohlners Rd","program":"26-27 Grading Programme","locality":"Northern Grampians Rd","to":"Pave Change (Res. @ 3130)","zone":"Zone4A","length_m":3190,"asset":"1882,3707,1881"},"geometry":{"type":"MultiLineString","coordinates":[[[142.32474,-36.90323],[142.33985,-36.90326],[142.35816,-36.90325],[142.35829,-36.90341],[142.35888,-36.90346],[142.35964,-36.90347]]]}},{"type":"Feature","properties":{"name":"Reservoir Rd","program":"26-27 Grading Programme","locality":"Northern Grampians Rd","to":"Winfields Rd","zone":"Zone4A","length_m":3187,"asset":"5453,5452,1994,5454"},"geometry":{"type":"MultiLineString","coordinates":[[[142.32258,-36.885],[142.34404,-36.88497],[142.34755,-36.88496],[142.3502,-36.88494],[142.35822,-36.88497]]]}},{"type":"Feature","properties":{"name":"Staehrs Rd","program":"26-27 Grading Programme","locality":"Laharum Rd","to":"Entry to Residence","zone":"Zone4A","length_m":2610,"asset":"2237,3750"},"geometry":{"type":"MultiLineString","coordinates":[[[142.28492,-36.87801],[142.28483,-36.9011],[142.28484,-36.90157]]]}},{"type":"Feature","properties":{"name":"Staehrs Rd","program":"26-27 Grading Programme","locality":"Pave Change","to":"Laharum-Grahams Bridge Rd Est","zone":"Zone4A","length_m":1495,"asset":"3749"},"geometry":{"type":"MultiLineString","coordinates":[[[142.28467,-36.93351],[142.2847,-36.94668]]]}},{"type":"Feature","properties":{"name":"Mc Genniskens Rd","program":"26-27 Grading Programme","locality":"Henty Hwy","to":"Pave Change (Res. @ 1960)","zone":"Zone3A","length_m":2000,"asset":"1470"},"geometry":{"type":"MultiLineString","coordinates":[[[142.14606,-36.86252],[142.14596,-36.86235],[142.14532,-36.86008],[142.1446,-36.85765],[142.14427,-36.85672],[142.144,-36.85594],[142.1438,-36.85514],[142.14352,-36.85398],[142.143,-36.8521],[142.1419,-36.84831],[142.14152,-36.84703],[142.14139,-36.84662],[142.14112,-36.84568],[142.14093,-36.84508]]]}},{"type":"Feature","properties":{"name":"Taylors Rd","program":"26-27 Grading Programme","locality":"Seal Endss","to":"Old Wartook Rd","zone":"Zone4A","length_m":4560,"asset":"3754,2287,3755,2286,2288"},"geometry":{"type":"MultiLineString","coordinates":[[[142.30349,-36.80035],[142.30349,-36.81195],[142.30348,-36.81605],[142.30343,-36.82662],[142.30342,-36.8274],[142.30342,-36.84092],[142.30328,-36.84109],[142.30317,-36.8412],[142.30308,-36.84146]]]}},{"type":"Feature","properties":{"name":"Arnotts Rd","program":"26-27 Grading Programme","locality":"Pave Change","to":"Northern Grampians Rd","zone":"Zone4A","length_m":1925,"asset":"63,64,3263"},"geometry":{"type":"MultiLineString","coordinates":[[[142.36153,-36.84138],[142.35814,-36.84137],[142.34737,-36.8414],[142.34006,-36.84143]]]}},{"type":"Feature","properties":{"name":"Fischers Rd South","program":"26-27 Grading Programme","locality":"Pave Change (Entry to Residence)","to":"Horsham-Wal Wal Rd","zone":"Zone2B","length_m":460,"asset":"4230"},"geometry":{"type":"MultiLineString","coordinates":[[[142.39478,-36.82267],[142.39477,-36.82131],[142.39478,-36.81954],[142.3948,-36.81873],[142.39477,-36.81829]]]}},{"type":"Feature","properties":{"name":"Watsons Rd","program":"26-27 Grading Programme","locality":"Fischers Rd","to":"Entry to Residence","zone":"Zone2B","length_m":1160,"asset":"2583"},"geometry":{"type":"MultiLineString","coordinates":[[[142.39478,-36.81202],[142.38154,-36.81202]]]}},{"type":"Feature","properties":{"name":"Golton Rd","program":"26-27 Grading Programme","locality":"Western Hwy","to":"Horsham-Wal Wal Rd","zone":"Zone2B","length_m":7000,"asset":"907,2760,906,2758"},"geometry":{"type":"MultiLineString","coordinates":[[[142.4493,-36.87455],[142.44952,-36.87438],[142.44961,-36.87418],[142.44963,-36.87404],[142.44961,-36.86661],[142.44963,-36.86325],[142.44959,-36.86065],[142.44962,-36.85577],[142.44964,-36.8552],[142.44962,-36.85341],[142.44962,-36.85061],[142.44962,-36.84744],[142.44961,-36.84106]],[[142.44961,-36.84104],[142.44961,-36.83993],[142.44962,-36.83664],[142.44964,-36.83358],[142.44963,-36.82784],[142.44962,-36.82696],[142.44964,-36.82535],[142.44964,-36.82217],[142.44963,-36.81856],[142.44962,-36.81589],[142.44962,-36.8116]]]}},{"type":"Feature","properties":{"name":"Ross Rd (St Helens Plains)","program":"26-27 Grading Programme","locality":"Seal Ends","to":"End (Entry to Pit)","zone":"Zone2B","length_m":181,"asset":"2109"},"geometry":{"type":"MultiLineString","coordinates":[[[142.43131,-36.8404],[142.4313,-36.839]]]}},{"type":"Feature","properties":{"name":"Ross Rd (St Helens Plains)","program":"26-27 Grading Programme","locality":"Western Hwy","to":"Seal Starts","zone":"Zone2B","length_m":2280,"asset":"2108,2815"},"geometry":{"type":"MultiLineString","coordinates":[[[142.40498,-36.84144],[142.40515,-36.8414],[142.41306,-36.84142],[142.4277,-36.84142],[142.4285,-36.84137],[142.42972,-36.84137],[142.43114,-36.8414]]]}},{"type":"Feature","properties":{"name":"Fulbrooks Rd","program":"26-27 Grading Programme","locality":"Pave Change (Residence)","to":"Stelee Park Dr","zone":"Zone2B","length_m":268,"asset":"5357"},"geometry":{"type":"MultiLineString","coordinates":[[[142.42879,-36.85584],[142.42915,-36.85581],[142.42964,-36.85571],[142.43,-36.8557],[142.4311,-36.85578],[142.43134,-36.85576]]]}},{"type":"Feature","properties":{"name":"Stelee Park Dr","program":"26-27 Grading Programme","locality":"Western Hwy","to":"Fulbrooks Rd","zone":"Zone2B","length_m":610,"asset":"2261"},"geometry":{"type":"MultiLineString","coordinates":[[[142.43104,-36.86122],[142.43129,-36.86088],[142.43128,-36.86007],[142.43132,-36.85783],[142.43128,-36.85724],[142.43128,-36.85683],[142.43133,-36.85643],[142.43127,-36.8561],[142.43117,-36.8559],[142.4311,-36.85578]]]}},{"type":"Feature","properties":{"name":"Friedmans Rd","program":"26-27 Grading Programme","locality":"Wonwondah-Dadswells Bridge Rd","to":"End (Entry to Residence)","zone":"Zone4A","length_m":3390,"asset":"4254,4255,823,4256"},"geometry":{"type":"MultiLineString","coordinates":[[[142.36079,-36.86842],[142.36147,-36.86883],[142.36229,-36.86889],[142.3721,-36.86886],[142.38433,-36.86883],[142.38577,-36.86887],[142.38696,-36.86889],[142.38868,-36.86893],[142.3893,-36.86901],[142.39019,-36.86899],[142.3906,-36.86889],[142.39197,-36.86889],[142.39385,-36.86891],[142.39505,-36.8689],[142.3982,-36.86879],[142.39874,-36.86882]]]}},{"type":"Feature","properties":{"name":"Flat Rock Rd South","program":"26-27 Grading Programme","locality":"Wonwondah-Dadswells Bridge Rd","to":"Friedmans Rd (Council Boundary)","zone":"Zone4A","length_m":1460,"asset":"788"},"geometry":{"type":"MultiLineString","coordinates":[[[142.39019,-36.85583],[142.39019,-36.86899]]]}},{"type":"Feature","properties":{"name":"Flat Rock Rd","program":"26-27 Grading Programme","locality":"Seal Ends","to":"Wonwondah-Dadswells Bridge Rd","zone":"Zone4A","length_m":1980,"asset":"3587,787"},"geometry":{"type":"MultiLineString","coordinates":[[[142.3948,-36.83794],[142.3948,-36.84139],[142.39487,-36.85584]]]}},{"type":"Feature","properties":{"name":"Mt Zero Rd (Boundary Road)","program":"26-27 Grading Programme","locality":"Winfields Rd","to":"Council Boundary (Entry to Mt Zero Olives)","zone":"Zone4A","length_m":440,"asset":"1620"},"geometry":{"type":"MultiLineString","coordinates":[[[142.35832,-36.88085],[142.36085,-36.88084],[142.36192,-36.88083],[142.36246,-36.88083],[142.36268,-36.88084],[142.36281,-36.88086],[142.36294,-36.88088],[142.36306,-36.88092],[142.36324,-36.88099]]]}},{"type":"Feature","properties":{"name":"Winfields Rd","program":"26-27 Grading Programme","locality":"Arnotts Rd","to":"Smiths Rd","zone":"Zone4A","length_m":15450,"asset":"5751,5750,5752,2691,5738,5492,2692,2693,2698,5739,5746,2699,5749,5748,5747,2700,2701,5753,2702,6132,6131"},"geometry":{"type":"MultiLineString","coordinates":[[[142.35814,-36.84137],[142.35794,-36.84352],[142.358,-36.84427],[142.35803,-36.84454],[142.35815,-36.84498],[142.35824,-36.84528],[142.3582,-36.85391],[142.35825,-36.86369],[142.3583,-36.86969],[142.35833,-36.88089],[142.35825,-36.89141],[142.3582,-36.89438],[142.35818,-36.89784],[142.35816,-36.90325],[142.35816,-36.90495],[142.35811,-36.92111],[142.35821,-36.92661],[142.35816,-36.93019],[142.35809,-36.93742],[142.35808,-36.94227],[142.35814,-36.94676],[142.3581,-36.94758],[142.3581,-36.95226],[142.35812,-36.95924],[142.35812,-36.96559],[142.35816,-36.97314],[142.35812,-36.97566],[142.35808,-36.98026]]]}},{"type":"Feature","properties":{"name":"Olive Plantation Rd","program":"26-27 Grading Programme","locality":"Seal Ends","to":"Unnamed Trk (Council Boundary)","zone":"Zone4A","length_m":1525,"asset":"5440,1777"},"geometry":{"type":"MultiLineString","coordinates":[[[142.35852,-36.92663],[142.36985,-36.92704],[142.37533,-36.92717]]]}},{"type":"Feature","properties":{"name":"Crutes Tk","program":"26-27 Grading Programme","locality":"Western Hwy","to":"Entry to Residence","zone":"Zone2B","length_m":1950,"asset":"5343,473,5342"},"geometry":{"type":"MultiLineString","coordinates":[[[142.47941,-36.89761],[142.47902,-36.89765],[142.47406,-36.89764],[142.46771,-36.89764],[142.46767,-36.90571]]]}},{"type":"Feature","properties":{"name":"Crutes South Rd","program":"26-27 Grading Programme","locality":"Western Hwy","to":"Entry to Residence","zone":"Zone2B","length_m":940,"asset":"4120"},"geometry":{"type":"MultiLineString","coordinates":[[[142.46702,-36.8881],[142.46756,-36.88768],[142.46921,-36.88627],[142.47004,-36.88552],[142.47084,-36.88485],[142.47142,-36.88437],[142.47215,-36.88384],[142.47268,-36.8833],[142.47283,-36.88314],[142.47327,-36.88281],[142.47387,-36.88235],[142.47424,-36.88212],[142.47441,-36.88196]]]}},{"type":"Feature","properties":{"name":"Rahleys Rd","program":"26-27 Grading Programme","locality":"Western Hwy","to":"Council Boundary","zone":"Zone2B","length_m":2760,"asset":"1939,3709"},"geometry":{"type":"MultiLineString","coordinates":[[[142.52842,-36.9255],[142.52893,-36.92538],[142.52918,-36.92535],[142.5295,-36.92531],[142.52975,-36.92531],[142.53037,-36.92535],[142.53156,-36.92534],[142.53308,-36.92537],[142.53392,-36.9254],[142.53441,-36.92539],[142.53505,-36.92536],[142.53559,-36.92534],[142.53631,-36.92532],[142.53699,-36.92533],[142.53789,-36.92532],[142.53849,-36.92534],[142.53897,-36.92547],[142.53923,-36.92549],[142.53957,-36.92544],[142.53991,-36.92539],[142.54039,-36.92536],[142.54121,-36.92535],[142.5428,-36.92534],[142.54379,-36.92532],[142.54594,-36.9253],[142.54814,-36.92529],[142.54943,-36.92532],[142.55042,-36.92532],[142.55121,-36.92529],[142.55239,-36.92533],[142.55338,-36.92535],[142.55444,-36.92533],[142.55537,-36.9253],[142.55944,-36.92531]]]}},{"type":"Feature","properties":{"name":"St Leonards Companys Bridge Rd","program":"26-27 Grading Programme","locality":"Western Hwy","to":"End","zone":"Zone2B","length_m":2440,"asset":"2236,2235,5477"},"geometry":{"type":"MultiLineString","coordinates":[[[142.55956,-36.94269],[142.5594,-36.94233],[142.55945,-36.94146],[142.55946,-36.94091],[142.55939,-36.93994],[142.55944,-36.92531],[142.55943,-36.92488],[142.55939,-36.92447],[142.5594,-36.92227],[142.55946,-36.92171],[142.55946,-36.92117],[142.55943,-36.92068],[142.55946,-36.91746],[142.55949,-36.91507]]]}},{"type":"Feature","properties":{"name":"Delahuntys Rd (Dadswells Bridge)","program":"26-27 Grading Programme","locality":"Western Hwy","to":"End (Entry to Residence)","zone":"Zone2B","length_m":2840,"asset":"532,3563"},"geometry":{"type":"MultiLineString","coordinates":[[[142.54126,-36.93255],[142.54132,-36.93227],[142.54132,-36.93084],[142.54137,-36.93001],[142.54137,-36.92752],[142.5414,-36.92679],[142.54143,-36.92616],[142.54139,-36.92598],[142.54124,-36.92544],[142.54121,-36.92535],[142.54114,-36.9252],[142.54114,-36.9207],[142.54113,-36.91784],[142.54112,-36.91596],[142.54113,-36.91366],[142.54111,-36.91224],[142.54113,-36.91145],[142.54113,-36.911],[142.5412,-36.91087]]]}},{"type":"Feature","properties":{"name":"Krause Rd (Dads. Br.)","program":"26-27 Grading Programme","locality":"Western Hwy","to":"Entry to Caravan Park","zone":"Zone2B","length_m":230,"asset":"1268"},"geometry":{"type":"MultiLineString","coordinates":[[[142.50953,-36.915],[142.50908,-36.9158],[142.50872,-36.91612],[142.5081,-36.9166]]]}},{"type":"Feature","properties":{"name":"Stapledons Rd","program":"26-27 Grading Programme","locality":"Seal Ends","to":"End (Start Bridge 3 - GWM Water Channel)","zone":"Zone2B","length_m":2501,"asset":"2244,2243"},"geometry":{"type":"MultiLineString","coordinates":[[[142.52102,-36.86723],[142.52105,-36.86599],[142.52109,-36.86496],[142.52112,-36.86227],[142.52109,-36.84859],[142.52093,-36.84817],[142.52044,-36.84729],[142.52018,-36.84654],[142.52008,-36.84591],[142.5202,-36.84567],[142.52041,-36.84543],[142.52079,-36.84518],[142.52104,-36.84507]]]}},{"type":"Feature","properties":{"name":"Fulbrooks Rd","program":"26-27 Grading Programme","locality":"Golton Rd","to":"Entry to Residence","zone":"Zone2B","length_m":1742,"asset":"825"},"geometry":{"type":"MultiLineString","coordinates":[[[142.44962,-36.85577],[142.45001,-36.85577],[142.45028,-36.85576],[142.45052,-36.85572],[142.45069,-36.85571],[142.45092,-36.85574],[142.45131,-36.85575],[142.45205,-36.85569],[142.45224,-36.85568],[142.45255,-36.85575],[142.45281,-36.85578],[142.45308,-36.85576],[142.45344,-36.85571],[142.45364,-36.8557],[142.45389,-36.85574],[142.45421,-36.85574],[142.45471,-36.85571],[142.45501,-36.85571],[142.45554,-36.85576],[142.46029,-36.85578],[142.46132,-36.85576],[142.4623,-36.85577],[142.46264,-36.85577],[142.46301,-36.85572],[142.46324,-36.85573],[142.46354,-36.85578],[142.46427,-36.85571],[142.4645,-36.85571],[142.46477,-36.8557],[142.4651,-36.85574],[142.46539,-36.85575],[142.46621,-36.85575],[142.46646,-36.85571],[142.46665,-36.8557],[142.467,-36.85572],[142.46769,-36.85573],[142.46835,-36.85569],[142.46898,-36.8557],[142.46942,-36.85572]]]}},{"type":"Feature","properties":{"name":"Crutes North Rd","program":"26-27 Grading Programme","locality":"Horsham Wal Wal Rd","to":"Entry to Residence","zone":"Zone2B","length_m":3790,"asset":"4117,4116,4119,4118"},"geometry":{"type":"MultiLineString","coordinates":[[[142.48069,-36.81183],[142.48066,-36.81368],[142.48063,-36.81648],[142.48064,-36.81952],[142.48063,-36.82047],[142.48062,-36.826],[142.48063,-36.82637],[142.48066,-36.82652],[142.4808,-36.82655],[142.4816,-36.82658],[142.4817,-36.82667],[142.48181,-36.82702],[142.48194,-36.82753],[142.48238,-36.82929],[142.48271,-36.83057],[142.4828,-36.83107],[142.48292,-36.83244],[142.48299,-36.83311],[142.48324,-36.8355],[142.48334,-36.8366],[142.4834,-36.8374],[142.48348,-36.83801],[142.4845,-36.83969],[142.48481,-36.84026],[142.48525,-36.84101],[142.48537,-36.84123],[142.48543,-36.84128],[142.48554,-36.84128],[142.48575,-36.84125],[142.48824,-36.84122],[142.48964,-36.84123]]]}},{"type":"Feature","properties":{"name":"Joys Rd","program":"26-27 Grading Programme","locality":"Seal Ends","to":"End (Entry to Residence)","zone":"Zone2B","length_m":2023,"asset":"5380,1176,3636"},"geometry":{"type":"MultiLineString","coordinates":[[[142.46478,-36.74654],[142.46523,-36.74678],[142.46579,-36.74717],[142.46604,-36.74735],[142.46631,-36.74764],[142.46696,-36.74844],[142.4672,-36.74885],[142.46759,-36.75015],[142.468,-36.75173],[142.46817,-36.75246],[142.46818,-36.75263],[142.46817,-36.75278],[142.46807,-36.75292],[142.46767,-36.7532],[142.46625,-36.75413],[142.46598,-36.75432],[142.46557,-36.75467],[142.46534,-36.75495],[142.46515,-36.75525],[142.46491,-36.75565],[142.46478,-36.75597],[142.46471,-36.75621],[142.46463,-36.75651],[142.46461,-36.75691],[142.46464,-36.75749],[142.46487,-36.7581],[142.46499,-36.75845],[142.46526,-36.759],[142.46533,-36.75914],[142.46558,-36.75961],[142.4657,-36.75979],[142.46588,-36.75999],[142.46602,-36.76017],[142.46607,-36.76036],[142.46611,-36.76147],[142.46615,-36.76219],[142.46623,-36.76269],[142.46636,-36.76321],[142.46647,-36.76349],[142.46646,-36.76369],[142.46639,-36.76383]]]}},{"type":"Feature","properties":{"name":"Whyatts Rd","program":"26-27 Grading Programme","locality":"Golton Rd","to":"End (Entry to Residence)","zone":"Zone2B","length_m":1390,"asset":"2641,5381,5382,2640,5383"},"geometry":{"type":"MultiLineString","coordinates":[[[142.44962,-36.79688],[142.44983,-36.7969],[142.45282,-36.79692],[142.45317,-36.79689],[142.45437,-36.79691],[142.45568,-36.7969],[142.4653,-36.79689]]]}},{"type":"Feature","properties":{"name":"St Helens School Rd","program":"26-27 Grading Programme","locality":"St Helens Rd","to":"Golton Rd","zone":"Zone2B","length_m":3290,"asset":"2232,2231"},"geometry":{"type":"MultiLineString","coordinates":[[[142.43133,-36.78224],[142.4315,-36.78222],[142.44961,-36.78222]],[[142.41307,-36.78268],[142.43075,-36.78268],[142.43116,-36.78266],[142.43131,-36.78256]]]}},{"type":"Feature","properties":{"name":"Taylors Lake East Rd","program":"26-27 Grading Programme","locality":"Seal Ends","to":"Pave Change (Entry to Residence 217)","zone":"Zone2B","length_m":2165,"asset":"2280,3746"},"geometry":{"type":"MultiLineString","coordinates":[[[142.39591,-36.76798],[142.40423,-36.76796],[142.41307,-36.76799],[142.42035,-36.76799]]]}},{"type":"Feature","properties":{"name":"St Helens Rd","program":"26-27 Grading Programme","locality":"Horsham Wal Wal Rd","to":"St Helens School Rd","zone":"Zone2B","length_m":3265,"asset":"2226,3736"},"geometry":{"type":"MultiLineString","coordinates":[[[142.41307,-36.81204],[142.41308,-36.79748],[142.41307,-36.78268]]]}},{"type":"Feature","properties":{"name":"Taylors Lake North Rd","program":"26-27 Grading Programme","locality":"Pave Starts (Entry to Residence 212)","to":"Entry to Residence","zone":"Zone2B","length_m":2640,"asset":"2819,2820,2284"},"geometry":{"type":"MultiLineString","coordinates":[[[142.37655,-36.74748],[142.37655,-36.74656],[142.37654,-36.7446],[142.37655,-36.7414],[142.37654,-36.74049],[142.37658,-36.73858],[142.37655,-36.73845],[142.37656,-36.73815],[142.37656,-36.72371],[142.37654,-36.72082]]]}},{"type":"Feature","properties":{"name":"Domaschenz Rd","program":"26-27 Grading Programme","locality":"Horsham-Lubeck Rd (East)","to":"Horsham-Lubeck Rd (West)","zone":"Zone2B","length_m":10750,"asset":"588,589,2818,590"},"geometry":{"type":"MultiLineString","coordinates":[[[142.32189,-36.73854],[142.34011,-36.73856],[142.37658,-36.73858],[142.39181,-36.73863],[142.41057,-36.73863],[142.41307,-36.73861],[142.43069,-36.73863],[142.43105,-36.7386],[142.43118,-36.73861],[142.43125,-36.73865],[142.43132,-36.73873],[142.43135,-36.73884],[142.43132,-36.73912],[142.43131,-36.74369],[142.43132,-36.74531],[142.43147,-36.74556],[142.43131,-36.74615],[142.43129,-36.747],[142.43132,-36.74738]]]}},{"type":"Feature","properties":{"name":"St Helens Rd","program":"26-27 Grading Programme","locality":"Taylors East Rd","to":"Domaschenz Rd","zone":"Zone2B","length_m":3260,"asset":"2814,2228,2229,2813"},"geometry":{"type":"MultiLineString","coordinates":[[[142.41307,-36.76799],[142.41308,-36.76431],[142.41308,-36.76294],[142.41309,-36.7572],[142.41308,-36.7566],[142.41309,-36.75559],[142.41308,-36.75329],[142.41308,-36.75297],[142.41308,-36.75109],[142.41307,-36.74818],[142.41308,-36.74126],[142.41307,-36.73861]]]}},{"type":"Feature","properties":{"name":"Mc Intyres Rd","program":"26-27 Grading Programme","locality":"Taylors Lake North Rd","to":"Pine Lake Rd","zone":"Zone2B","length_m":3250,"asset":"1476"},"geometry":{"type":"MultiLineString","coordinates":[[[142.34011,-36.72387],[142.34032,-36.72389],[142.35781,-36.7239],[142.36276,-36.72388],[142.36661,-36.72389],[142.3673,-36.72385],[142.36801,-36.72375],[142.36865,-36.72368],[142.37423,-36.7237],[142.37656,-36.72371]]]}},{"type":"Feature","properties":{"name":"Mills Rd","program":"26-27 Grading Programme","locality":"Longerenong Rd","to":"Pave Ends (Entry to Res. 89)","zone":"Zone2B","length_m":900,"asset":"1547"},"geometry":{"type":"MultiLineString","coordinates":[[[142.36729,-36.68659],[142.36724,-36.69473]]]}},{"type":"Feature","properties":{"name":"Doug Tuckers Rd","program":"26-27 Grading Programme","locality":"Longerenong Rd","to":"End (Entry to Residence)","zone":"Zone2B","length_m":1340,"asset":"3266"},"geometry":{"type":"MultiLineString","coordinates":[[[142.37654,-36.68664],[142.37652,-36.69811]]]}},{"type":"Feature","properties":{"name":"Delahuntys Rd (Longerenong)","program":"26-27 Grading Programme","locality":"Longerenong Rd","to":"Pave Change (Entry to Residence)","zone":"Zone2B","length_m":545,"asset":"535"},"geometry":{"type":"MultiLineString","coordinates":[[[142.34907,-36.68641],[142.34907,-36.6818]]]}},{"type":"Feature","properties":{"name":"Tuckers Rd (Longerenong)","program":"26-27 Grading Programme","locality":"Wimmera Hwy","to":"Pave Change","zone":"Zone2B","length_m":200,"asset":"2378"},"geometry":{"type":"MultiLineString","coordinates":[[[142.32129,-36.63248],[142.32128,-36.63065]]]}},{"type":"Feature","properties":{"name":"Molyneaux Rd","program":"26-27 Grading Programme","locality":"Wimmera Hwy","to":"Residence (258) Molyneaux Gates","zone":"Zone2B","length_m":2300,"asset":"1583,4107,4902,4901"},"geometry":{"type":"MultiLineString","coordinates":[[[142.27794,-36.6329],[142.27796,-36.63696],[142.27802,-36.64507],[142.27802,-36.64523],[142.27803,-36.64555],[142.27801,-36.64685],[142.27814,-36.64704],[142.27827,-36.64706],[142.28194,-36.64536],[142.28216,-36.64532],[142.28527,-36.6453]]]}},{"type":"Feature","properties":{"name":"Wail-Dooen Rd","program":"26-27 Grading Programme","locality":"Entry to Residence (1549)","to":"Hennessys Rd","zone":"Zone1A","length_m":67,"asset":"5483"},"geometry":{"type":"MultiLineString","coordinates":[[[142.14466,-36.53638],[142.14387,-36.53588]]]}},{"type":"Feature","properties":{"name":"Jenkinsons Rd","program":"26-27 Grading Programme","locality":"Pave Change","to":"Blue Ribbon Rd","zone":"Zone1A","length_m":585,"asset":"2806"},"geometry":{"type":"MultiLineString","coordinates":[[[142.19824,-36.62443],[142.20361,-36.6244],[142.20461,-36.62441],[142.20475,-36.62439]]]}},{"type":"Feature","properties":{"name":"Hobbs Rd","program":"26-27 Grading Programme","locality":"Blue Ribbon Rd","to":"Flacks Rd","zone":"Zone1A","length_m":1620,"asset":"1045"},"geometry":{"type":"MultiLineString","coordinates":[[[142.20482,-36.63876],[142.18666,-36.63884]]]}},{"type":"Feature","properties":{"name":"Flacks Rd","program":"26-27 Grading Programme","locality":"Francis Rd","to":"Channel Crossing","zone":"Zone1A","length_m":2360,"asset":"4241,4240,4243,4242,780"},"geometry":{"type":"MultiLineString","coordinates":[[[142.18677,-36.65332],[142.18677,-36.65128],[142.18675,-36.64843],[142.18666,-36.63884],[142.18662,-36.63294],[142.18664,-36.63214]]]}},{"type":"Feature","properties":{"name":"Geodetic Rd","program":"26-27 Grading Programme","locality":"Seal Ends","to":"Seal Starts","zone":"Zone1A","length_m":6575,"asset":"853,3592,852,851,2918,854"},"geometry":{"type":"MultiLineString","coordinates":[[[142.1686,-36.66759],[142.16851,-36.65599],[142.16846,-36.6506],[142.16843,-36.63889],[142.16836,-36.62451],[142.16836,-36.60973],[142.16837,-36.60835]]]}},{"type":"Feature","properties":{"name":"O Connors Rd (Pimpinio)","program":"26-27 Grading Programme","locality":"Pave Starts (Entry to Residence 285)","to":"Geodetic Rd","zone":"Zone1A","length_m":1030,"asset":"1733"},"geometry":{"type":"MultiLineString","coordinates":[[[142.15691,-36.60977],[142.16836,-36.60973]]]}},{"type":"Feature","properties":{"name":"Nine Mile Hotel Rd","program":"26-27 Grading Programme","locality":"Jenkinsons Rd","to":"Pave Change (Entry to Residence)","zone":"Zone1A","length_m":755,"asset":"1657"},"geometry":{"type":"MultiLineString","coordinates":[[[142.13255,-36.62459],[142.13249,-36.62426],[142.1324,-36.62358],[142.13236,-36.61785]]]}},{"type":"Feature","properties":{"name":"Jenkinsons Rd","program":"26-27 Grading Programme","locality":"Western Hwy","to":"Pave Change","zone":"Zone1A","length_m":2100,"asset":"4618,4621,4620"},"geometry":{"type":"MultiLineString","coordinates":[[[142.13214,-36.62465],[142.13241,-36.62459],[142.13255,-36.62459],[142.13276,-36.62461],[142.1528,-36.62454],[142.15557,-36.62453]]]}},{"type":"Feature","properties":{"name":"Moores Rd","program":"26-27 Grading Programme","locality":"Seal Ends","to":"Western Hwy","zone":"Zone1A","length_m":551,"asset":"4915,4914,4913"},"geometry":{"type":"MultiLineString","coordinates":[[[142.15641,-36.67161],[142.15765,-36.67401],[142.15764,-36.67408],[142.15758,-36.67416],[142.15748,-36.67421],[142.15733,-36.67426]],[[142.15912,-36.67164],[142.1566,-36.67165],[142.15648,-36.67173]]]}},{"type":"Feature","properties":{"name":"Flacks Rd","program":"26-27 Grading Programme","locality":"Rileys Rd","to":"Gatehouse Rd","zone":"Zone1A","length_m":1615,"asset":"777,776"},"geometry":{"type":"MultiLineString","coordinates":[[[142.18703,-36.69701],[142.187,-36.68886],[142.18694,-36.68244]]]}},{"type":"Feature","properties":{"name":"Harris Rd","program":"26-27 Grading Programme","locality":"Blue Ribbon Rd","to":"Geodetic Rd","zone":"Zone1A","length_m":3245,"asset":"10,11,3524"},"geometry":{"type":"MultiLineString","coordinates":[[[142.20488,-36.66783],[142.19275,-36.66789],[142.18686,-36.6679],[142.16873,-36.66796],[142.16859,-36.66797]]]}},{"type":"Feature","properties":{"name":"Francis Rd","program":"26-27 Grading Programme","locality":"Blue Ribbon Rd","to":"Flacks Rd","zone":"Zone1A","length_m":1620,"asset":"804"},"geometry":{"type":"MultiLineString","coordinates":[[[142.20482,-36.6533],[142.18892,-36.65337],[142.18701,-36.65336],[142.18677,-36.65332]]]}},{"type":"Feature","properties":{"name":"Drung-Jung Rd","program":"26-27 Grading Programme","locality":"Longerenong Rd","to":"Wimmera Hwy","zone":"Zone2B","length_m":6305,"asset":"4170,633,3579,632,631,4171"},"geometry":{"type":"MultiLineString","coordinates":[[[142.33082,-36.68649],[142.33083,-36.68622],[142.33086,-36.67161],[142.33087,-36.66687],[142.33095,-36.66644],[142.33107,-36.66604],[142.33119,-36.66573],[142.3314,-36.66525],[142.33167,-36.66484],[142.33192,-36.66451],[142.3322,-36.6642],[142.33275,-36.6637],[142.33369,-36.66295],[142.33505,-36.66189],[142.33569,-36.66139],[142.33587,-36.66126],[142.33684,-36.66051],[142.3371,-36.66026],[142.33725,-36.66006],[142.33742,-36.65971],[142.33772,-36.65874],[142.33825,-36.65708],[142.33994,-36.65193],[142.34004,-36.65161],[142.34007,-36.65136],[142.3401,-36.65061],[142.34004,-36.65042],[142.33968,-36.64975],[142.33908,-36.64878],[142.33873,-36.64819],[142.33834,-36.6477],[142.33818,-36.64748],[142.33769,-36.64681],[142.33751,-36.64652],[142.33737,-36.64612],[142.33736,-36.64275],[142.33737,-36.63988],[142.33738,-36.63253]]]}},{"type":"Feature","properties":{"name":"Tralee Ln","program":"26-27 Grading Programme","locality":"Seal Ends","to":"Pave Change","zone":"Zone2B","length_m":283,"asset":"740"},"geometry":{"type":"MultiLineString","coordinates":[[[142.33007,-36.68646],[142.32701,-36.68651],[142.32641,-36.68652],[142.32626,-36.68649]]]}},{"type":"Feature","properties":{"name":"Field Days Rd","program":"26-27 Grading Programme","locality":"Seal Ends","to":"Fence","zone":"Zone2B","length_m":426,"asset":"739,5072,5071"},"geometry":{"type":"MultiLineString","coordinates":[[[142.30336,-36.68159],[142.30539,-36.68244],[142.30659,-36.68301],[142.30726,-36.6833],[142.30737,-36.68334],[142.3075,-36.68327],[142.30753,-36.68321]]]}},{"type":"Feature","properties":{"name":"Magees Rd","program":"26-27 Grading Programme","locality":"Longerenong Rd","to":"End (Entry to Residence)","zone":"Zone2B","length_m":2865,"asset":"1414"},"geometry":{"type":"MultiLineString","coordinates":[[[142.29788,-36.68022],[142.29786,-36.68048],[142.29814,-36.70605]]]}},{"type":"Feature","properties":{"name":"Gross Rd","program":"26-27 Grading Programme","locality":"Seal Ends","to":"Mc Intyre Rd","zone":"Zone2B","length_m":642,"asset":"4309"},"geometry":{"type":"MultiLineString","coordinates":[[[142.33406,-36.72127],[142.33416,-36.72123],[142.33463,-36.72145],[142.33614,-36.72226],[142.33646,-36.7224],[142.33695,-36.72248],[142.33753,-36.72234],[142.33841,-36.72202],[142.33872,-36.72197],[142.33925,-36.72208],[142.33953,-36.72218],[142.3398,-36.72232],[142.34005,-36.72252],[142.34013,-36.72274],[142.34011,-36.72387]]]}},{"type":"Feature","properties":{"name":"East Rd","program":"26-27 Grading Programme","locality":"Horsham-Lubeck Rd","to":"Entry to Residence","zone":"Zone2B","length_m":1035,"asset":"668"},"geometry":{"type":"MultiLineString","coordinates":[[[142.30367,-36.72384],[142.30366,-36.72149],[142.30365,-36.71961],[142.30369,-36.71706],[142.30373,-36.71666]]]}},{"type":"Feature","properties":{"name":"Browns Rd (Riverside)","program":"26-27 Grading Programme","locality":"Pave Change","to":"Rokeskys Rd","zone":"Zone2B","length_m":160,"asset":"270"},"geometry":{"type":"MultiLineString","coordinates":[[[142.269,-36.70911],[142.26724,-36.70909]]]}},{"type":"Feature","properties":{"name":"Rokeskys Rd","program":"26-27 Grading Programme","locality":"Browns Rd","to":"Seal Starts","zone":"Zone2B","length_m":1490,"asset":"2087"},"geometry":{"type":"MultiLineString","coordinates":[[[142.26724,-36.70909],[142.26727,-36.69577]]]}},{"type":"Feature","properties":{"name":"Heards Rd (Riverside)","program":"26-27 Grading Programme","locality":"Riverside Rd","to":"Rokeskys Rd","zone":"Zone2B","length_m":2850,"asset":"1010,5657,1009"},"geometry":{"type":"MultiLineString","coordinates":[[[142.23699,-36.69745],[142.23724,-36.69691],[142.23752,-36.6964],[142.23786,-36.69614],[142.23937,-36.69526],[142.24035,-36.69471],[142.24095,-36.6945],[142.24131,-36.69442],[142.2417,-36.69437],[142.24261,-36.69436],[142.24904,-36.69437],[142.24922,-36.69437],[142.26693,-36.69441],[142.26705,-36.69441],[142.26714,-36.69443]]]}},{"type":"Feature","properties":{"name":"Browns Rd (Riverside)","program":"26-27 Grading Programme","locality":"Pave Change","to":"Riverside East Rd","zone":"Zone2B","length_m":570,"asset":"268"},"geometry":{"type":"MultiLineString","coordinates":[[[142.25535,-36.70908],[142.249,-36.70907]]]}},{"type":"Feature","properties":{"name":"West Rd","program":"26-27 Grading Programme","locality":"Seal Ends","to":"Seal Starts","zone":"Zone2B","length_m":2100,"asset":"3813,2625"},"geometry":{"type":"MultiLineString","coordinates":[[[142.2671,-36.75763],[142.26711,-36.75313],[142.26716,-36.73871]]]}},{"type":"Feature","properties":{"name":"Pine Lake Rd","program":"26-27 Grading Programme","locality":"Horsham-Lubeck Rd","to":"GWM Water Pipeline","zone":"Zone2B","length_m":3730,"asset":"5437,5438,1861"},"geometry":{"type":"MultiLineString","coordinates":[[[142.34008,-36.76451],[142.34007,-36.75329],[142.34011,-36.73856],[142.34013,-36.73099]]]}},{"type":"Feature","properties":{"name":"Centre Rd","program":"26-27 Grading Programme","locality":"School Rd","to":"End (Fence)","zone":"Zone2B","length_m":1920,"asset":"347,3554"},"geometry":{"type":"MultiLineString","coordinates":[[[142.28535,-36.75317],[142.3036,-36.7532],[142.30652,-36.7532]]]}},{"type":"Feature","properties":{"name":"Dock Lake Rd","program":"26-27 Grading Programme","locality":"Seal Ends","to":"Pave Ends (Entry to Residence)","zone":"Zone2B","length_m":980,"asset":"5213,2825"},"geometry":{"type":"MultiLineString","coordinates":[[[142.29963,-36.78539],[142.30063,-36.78398],[142.30126,-36.78314],[142.30154,-36.78278],[142.30162,-36.78268],[142.30174,-36.7826],[142.30188,-36.78255],[142.30202,-36.78254],[142.30355,-36.78257],[142.30852,-36.78257]]]}},{"type":"Feature","properties":{"name":"East Rd","program":"26-27 Grading Programme","locality":"Seal Ends","to":"Seal Starts","zone":"Zone2B","length_m":2241,"asset":"663,662"},"geometry":{"type":"MultiLineString","coordinates":[[[142.3035,-36.78861],[142.30351,-36.78828],[142.30355,-36.78257],[142.30355,-36.78066],[142.3035,-36.78035],[142.30337,-36.78004],[142.3031,-36.77947],[142.30292,-36.77899],[142.30293,-36.7789],[142.30299,-36.77879],[142.30306,-36.77866],[142.30343,-36.7782],[142.30349,-36.77807],[142.30354,-36.77797],[142.30359,-36.77776],[142.3036,-36.77746],[142.30359,-36.77375],[142.30355,-36.77357],[142.30347,-36.77335],[142.30338,-36.7732],[142.3029,-36.77259],[142.30278,-36.7724],[142.30272,-36.77223],[142.30269,-36.77207],[142.30267,-36.77171],[142.30269,-36.77066],[142.30263,-36.76912],[142.30261,-36.76883]]]}},{"type":"Feature","properties":{"name":"Blakes Rd (Drung)","program":"26-27 Grading Programme","locality":"Ballyglunin North Rd","to":"Seal Starts","zone":"Zone2B","length_m":1600,"asset":"203"},"geometry":{"type":"MultiLineString","coordinates":[[[142.32181,-36.76791],[142.30382,-36.76789]]]}},{"type":"Feature","properties":{"name":"Chalky Point Rd","program":"26-27 Grading Programme","locality":"Gates Rd","to":"Boat Ramp","zone":"Zone2B","length_m":1590,"asset":"350,349"},"geometry":{"type":"MultiLineString","coordinates":[[[142.3405,-36.7973],[142.34501,-36.7973],[142.34532,-36.79732],[142.34552,-36.7973],[142.34564,-36.79722],[142.34566,-36.79708],[142.34557,-36.79479],[142.34558,-36.79412],[142.34582,-36.79307],[142.34611,-36.79198],[142.34601,-36.79099],[142.34592,-36.78996],[142.34587,-36.78921],[142.34606,-36.78732],[142.34614,-36.78694]]]}},{"type":"Feature","properties":{"name":"Gates Rd","program":"26-27 Grading Programme","locality":"Seal Ends","to":"Pine Lake (Entry to Residence)","zone":"Zone2B","length_m":2083,"asset":"4267,4266"},"geometry":{"type":"MultiLineString","coordinates":[[[142.34046,-36.80773],[142.34048,-36.80759],[142.34048,-36.80755],[142.3405,-36.7973],[142.34051,-36.7898],[142.34046,-36.78962],[142.34036,-36.78951],[142.34031,-36.78945],[142.33983,-36.78905]]]}},{"type":"Feature","properties":{"name":"South Rd","program":"26-27 Grading Programme","locality":"West Rd","to":"Dock Lake","zone":"Zone2B","length_m":1950,"asset":"2221,2220,2219"},"geometry":{"type":"MultiLineString","coordinates":[[[142.26707,-36.76781],[142.27266,-36.76783],[142.28513,-36.76785],[142.28532,-36.76784],[142.28764,-36.76783],[142.28797,-36.76781],[142.28852,-36.76781]]]}},{"type":"Feature","properties":{"name":"Peuckers Rd","program":"26-27 Grading Programme","locality":"Western Hwy","to":"Rodda Rd","zone":"Zone2B","length_m":2780,"asset":"1848,1850,1849"},"geometry":{"type":"MultiLineString","coordinates":[[[142.26136,-36.76751],[142.26122,-36.76772],[142.26104,-36.76777],[142.24882,-36.76775],[142.24881,-36.77107],[142.24879,-36.78246]]]}},{"type":"Feature","properties":{"name":"Rodda Rd","program":"26-27 Grading Programme","locality":"Laharum Rd","to":"Peuckers Rd","zone":"Zone2B","length_m":1630,"asset":"409,408,3250"},"geometry":{"type":"MultiLineString","coordinates":[[[142.23057,-36.78241],[142.2418,-36.78242],[142.24254,-36.78241],[142.24306,-36.78236],[142.24423,-36.78246],[142.24499,-36.78245],[142.24879,-36.78246]]]}},{"type":"Feature","properties":{"name":"Clynes Rd","program":"26-27 Grading Programme","locality":"Grahams Bridge Rd","to":"Laharum Rd","zone":"Zone2B","length_m":1630,"asset":"407,406"},"geometry":{"type":"MultiLineString","coordinates":[[[142.21229,-36.78224],[142.22127,-36.78229],[142.22161,-36.78226],[142.22219,-36.78238],[142.23057,-36.78241]]]}},{"type":"Feature","properties":{"name":"Mackies Rd","program":"26-27 Grading Programme","locality":"Grahams Bridge Rd","to":"Peuckers Rd","zone":"Zone2B","length_m":3225,"asset":"4811,4810,4807,4809,1404,4812"},"geometry":{"type":"MultiLineString","coordinates":[[[142.21234,-36.76771],[142.23059,-36.7677],[142.23126,-36.7677],[142.2363,-36.76774],[142.24223,-36.76775],[142.24554,-36.76775],[142.24887,-36.76779]]]}},{"type":"Feature","properties":{"name":"Barrs Rd","program":"26-27 Grading Programme","locality":"Darragan Pit Rd","to":"Pave Change","zone":"Zone3A","length_m":1600,"asset":"160,5335,159,5336,5337"},"geometry":{"type":"MultiLineString","coordinates":[[[142.03575,-36.80305],[142.0358,-36.80288],[142.03596,-36.8018],[142.03599,-36.80159],[142.03629,-36.79974],[142.03673,-36.79686],[142.03754,-36.79157],[142.03759,-36.79118],[142.03764,-36.79082],[142.03775,-36.79008],[142.03785,-36.78926],[142.03796,-36.78874]]]}},{"type":"Feature","properties":{"name":"Darragan Pit Rd","program":"26-27 Grading Programme","locality":"Seal Ends","to":"Natimuk-Hamilton Rd","zone":"Zone3A","length_m":4940,"asset":"514,4139,4138,513,4129,4140"},"geometry":{"type":"MultiLineString","coordinates":[[[142.02541,-36.79735],[142.02431,-36.79677],[142.02326,-36.79622],[142.02284,-36.79601],[142.02242,-36.79582],[142.02217,-36.79573],[142.02194,-36.79566],[142.0216,-36.79561],[142.02083,-36.79553],[142.01969,-36.79542],[142.01837,-36.79529],[142.01642,-36.79509],[142.01565,-36.79501],[142.01497,-36.79492],[142.01432,-36.79486],[142.01336,-36.79477],[142.01285,-36.79475],[142.01212,-36.79466],[142.01173,-36.7946],[142.01102,-36.79456],[142.00997,-36.79446],[142.00945,-36.79442],[142.00891,-36.79434],[142.00859,-36.79428],[142.00804,-36.79424],[142.00759,-36.79421],[142.00704,-36.79418],[142.00609,-36.7941],[142.00424,-36.79393],[142.00308,-36.79381],[142.00279,-36.79375],[142.00232,-36.79369],[142.00203,-36.79366],[142.00162,-36.79363],[142.00101,-36.79357],[142.00033,-36.79352],[141.99945,-36.79343],[141.99869,-36.79334],[141.99832,-36.79329],[141.99789,-36.79324],[141.9972,-36.79319],[141.99605,-36.79307],[141.99499,-36.79297],[141.99351,-36.79283],[141.99173,-36.79266],[141.99074,-36.79256],[141.99033,-36.79252],[141.9712,-36.79064]]]}},{"type":"Feature","properties":{"name":"Sanders Rd","program":"26-27 Grading Programme","locality":"Polkemmet Rd","to":"Pave Change (Entry to Residence 228)","zone":"Zone1A","length_m":840,"asset":"2125"},"geometry":{"type":"MultiLineString","coordinates":[[[142.02549,-36.65649],[142.02548,-36.65854],[142.02551,-36.65892],[142.0255,-36.65927],[142.02545,-36.66133],[142.02545,-36.66166],[142.0255,-36.662],[142.02551,-36.66262],[142.02553,-36.66331],[142.02551,-36.66399],[142.02551,-36.66417]]]}},{"type":"Feature","properties":{"name":"Nattrass Rd","program":"26-27 Grading Programme","locality":"Polkemmet Rd","to":"Dahlen Quarry Rd","zone":"Zone1A","length_m":2360,"asset":"5408,1651"},"geometry":{"type":"MultiLineString","coordinates":[[[142.08071,-36.6605],[142.08075,-36.66029],[142.08076,-36.65989],[142.08074,-36.65728],[142.08076,-36.65698],[142.08074,-36.65649],[142.08074,-36.65448],[142.08074,-36.65207],[142.08073,-36.64973],[142.08072,-36.64782],[142.08072,-36.64598],[142.08072,-36.6431],[142.08071,-36.64221]],[[142.08071,-36.64222],[142.08068,-36.64008],[142.08067,-36.63922]]]}},{"type":"Feature","properties":{"name":"Remlaw Station Rd","program":"26-27 Grading Programme","locality":"Pave Change","to":"Pave Change (Res. @ 11770)","zone":"Zone1A","length_m":1400,"asset":"4025,4024"},"geometry":{"type":"MultiLineString","coordinates":[[[142.11678,-36.64521],[142.11678,-36.64424],[142.11674,-36.63921],[142.11673,-36.63911],[142.11675,-36.636],[142.11673,-36.63254]]]}},{"type":"Feature","properties":{"name":"Reinheimers Rd","program":"26-27 Grading Programme","locality":"Western Hwy","to":"Entry to Residence (48)","zone":"Zone1A","length_m":490,"asset":"1974"},"geometry":{"type":"MultiLineString","coordinates":[[[142.13196,-36.62458],[142.13181,-36.62461],[142.13036,-36.62462],[142.12657,-36.62463]]]}},{"type":"Feature","properties":{"name":"Drendels Rd","program":"26-27 Grading Programme","locality":"Western Hwy","to":"Ellis Rd","zone":"Zone1A","length_m":5900,"asset":"3315,3003,617,3001,3002"},"geometry":{"type":"MultiLineString","coordinates":[[[142.12512,-36.60985],[142.11843,-36.60987],[142.11135,-36.60991],[142.10643,-36.60993],[142.10277,-36.60995],[142.0948,-36.60997],[142.09295,-36.60999],[142.08943,-36.60999],[142.07938,-36.61002],[142.07419,-36.61002],[142.06995,-36.61003],[142.06639,-36.61004],[142.06179,-36.61005],[142.0592,-36.61006]]]}},{"type":"Feature","properties":{"name":"Walshs Rd (Pimpinio)","program":"26-27 Grading Programme","locality":"Dahlen Quarry Rd","to":"Pave Change (Entry to Residence 909)","zone":"Zone1A","length_m":800,"asset":"2569"},"geometry":{"type":"MultiLineString","coordinates":[[[142.09871,-36.63916],[142.09867,-36.63197]]]}},{"type":"Feature","properties":{"name":"Dahlen Quarry Rd","program":"26-27 Grading Programme","locality":"Western Hwy","to":"Courtneys Rd","zone":"Zone1A","length_m":6880,"asset":"492,491,3022,3023,3024,5344,494,493"},"geometry":{"type":"MultiLineString","coordinates":[[[142.13929,-36.63902],[142.13269,-36.63905],[142.12489,-36.63907],[142.11924,-36.63912],[142.11673,-36.63911],[142.11664,-36.63909],[142.10681,-36.63915],[142.09871,-36.63916],[142.08503,-36.63921],[142.08067,-36.63922],[142.07805,-36.63923],[142.07442,-36.63924],[142.07355,-36.63924],[142.07287,-36.63921],[142.06989,-36.63924],[142.06764,-36.63927],[142.06528,-36.63923],[142.0626,-36.63924]]]}},{"type":"Feature","properties":{"name":"Courtneys Rd","program":"26-27 Grading Programme","locality":"Dahlen Quarry Rd","to":"Reinheimers Rd","zone":"Zone1A","length_m":1620,"asset":"450,449"},"geometry":{"type":"MultiLineString","coordinates":[[[142.0626,-36.63924],[142.06265,-36.63875],[142.06266,-36.63783],[142.06263,-36.63505],[142.06262,-36.63393],[142.06263,-36.63245],[142.06262,-36.63203],[142.06259,-36.62944],[142.06258,-36.62739],[142.06257,-36.62609],[142.06257,-36.62477]]]}},{"type":"Feature","properties":{"name":"Reinheimers Rd","program":"26-27 Grading Programme","locality":"Ellis Rd","to":"Entry to Residence (1015)","zone":"Zone1A","length_m":3740,"asset":"3005,1976,5450,3004,3313"},"geometry":{"type":"MultiLineString","coordinates":[[[142.0719,-36.62476],[142.06257,-36.62477],[142.05922,-36.6248],[142.0536,-36.62483],[142.0487,-36.62485],[142.04799,-36.62485],[142.04735,-36.6248],[142.04552,-36.62481],[142.04452,-36.62483],[142.04252,-36.62485],[142.03975,-36.62488],[142.03705,-36.62485],[142.03003,-36.62487],[142.02557,-36.62486],[142.02526,-36.62484],[142.02493,-36.62488],[142.019,-36.62489],[142.01752,-36.62489]]]}},{"type":"Feature","properties":{"name":"Wail-Polkemmet Rd","program":"26-27 Grading Programme","locality":"West Wail Rd","to":"Polkemmet Rd","zone":"Zone1A","length_m":11635,"asset":"2554,5484,5485,2933,2932,2931,2930,2929,2928,2927,2926,2925"},"geometry":{"type":"MultiLineString","coordinates":[[[142.07786,-36.57661],[142.07772,-36.57693],[142.07736,-36.5775],[142.07606,-36.57937],[142.07433,-36.5819],[142.07381,-36.58259],[142.07239,-36.58426],[142.07178,-36.58497],[142.06931,-36.58783],[142.06709,-36.59043],[142.06623,-36.59144],[142.06563,-36.59205],[142.06518,-36.5924],[142.06321,-36.5935],[142.06189,-36.59422],[142.06078,-36.59485],[142.06027,-36.59524],[142.0598,-36.59569],[142.05932,-36.59627],[142.0592,-36.59643],[142.05912,-36.59657],[142.05855,-36.59717],[142.05815,-36.59756],[142.0574,-36.59819],[142.05162,-36.60299],[142.0497,-36.60458],[142.04348,-36.60974],[142.04312,-36.61005],[142.04139,-36.61147],[142.03944,-36.6131],[142.03734,-36.61485],[142.03554,-36.61635],[142.03344,-36.61807],[142.03273,-36.61866],[142.02888,-36.62186],[142.0263,-36.62397],[142.02526,-36.62484],[142.01291,-36.6351],[142.0112,-36.63652],[142.00792,-36.63929],[142.00697,-36.64006],[142.0057,-36.64113],[142.00513,-36.64159],[142.00224,-36.64402],[141.99932,-36.64646],[141.99736,-36.6481],[141.99107,-36.65336],[141.99063,-36.65379]]]}},{"type":"Feature","properties":{"name":"Ellis Rd (Pimpinio)","program":"26-27 Grading Programme","locality":"Reinheimers Rd","to":"Hinnebergs Rd","zone":"Zone1A","length_m":7000,"asset":"701,700,5354,699,698"},"geometry":{"type":"MultiLineString","coordinates":[[[142.05932,-36.59627],[142.05919,-36.59613],[142.05911,-36.59597],[142.05911,-36.59434],[142.05907,-36.58859],[142.05903,-36.58194],[142.05898,-36.57771],[142.05901,-36.57737],[142.059,-36.57666],[142.05901,-36.57582],[142.05899,-36.57304],[142.05895,-36.56835],[142.05899,-36.56794],[142.05898,-36.5676],[142.05894,-36.56703],[142.05893,-36.56159]],[[142.05922,-36.6248],[142.05922,-36.6198],[142.05917,-36.61019],[142.0592,-36.61006],[142.05918,-36.60986],[142.05917,-36.6085],[142.05918,-36.60586],[142.05914,-36.6009],[142.05912,-36.59657]]]}},{"type":"Feature","properties":{"name":"Pimpinio West Rd","program":"26-27 Grading Programme","locality":"Western Hwy","to":"Buloke Ln","zone":"Zone1A","length_m":1160,"asset":"1859"},"geometry":{"type":"MultiLineString","coordinates":[[[142.12479,-36.59368],[142.12124,-36.59373],[142.11683,-36.59377],[142.11367,-36.59381],[142.11181,-36.59384]]]}},{"type":"Feature","properties":{"name":"Station St East (Pimpinio)","program":"26-27 Grading Programme","locality":"Seal Ends","to":"Ends around to left","zone":"Zone1A","length_m":212,"asset":"2808"},"geometry":{"type":"MultiLineString","coordinates":[[[142.12187,-36.5858],[142.12207,-36.58573],[142.12231,-36.58555],[142.12227,-36.58534],[142.12139,-36.58435]]]}},{"type":"Feature","properties":{"name":"Pimpinio Tip Rd","program":"26-27 Grading Programme","locality":"Seal Ends","to":"Verandah Swamp Rd","zone":"Zone1A","length_m":630,"asset":"1858,5435,5436"},"geometry":{"type":"MultiLineString","coordinates":[[[142.11896,-36.58254],[142.12014,-36.58248],[142.12045,-36.58244],[142.12069,-36.58243],[142.1209,-36.58251],[142.12098,-36.58256],[142.12576,-36.58249],[142.12596,-36.5825]]]}},{"type":"Feature","properties":{"name":"Station St West (Pimpinio)","program":"26-27 Grading Programme","locality":"Seal Ends (Entry to Residence)","to":"Pimpinio School Rd","zone":"Zone1A","length_m":98,"asset":"4956"},"geometry":{"type":"MultiLineString","coordinates":[[[142.11952,-36.58708],[142.1185,-36.58757]]]}},{"type":"Feature","properties":{"name":"Miller St (Pimpinio)","program":"26-27 Grading Programme","locality":"Pimpinio Rec. Res. Entrance","to":"Rail Crossing","zone":"Zone1A","length_m":74,"asset":"4876"},"geometry":{"type":"MultiLineString","coordinates":[[[142.12321,-36.58767],[142.12342,-36.58767],[142.12396,-36.58738]]]}},{"type":"Feature","properties":{"name":"Fisher St (Pimpinio)","program":"26-27 Grading Programme","locality":"Unnamed Rd 108","to":"Pimpinio School Rd","zone":"Zone1A","length_m":310,"asset":"5356,2998,4231"},"geometry":{"type":"MultiLineString","coordinates":[[[142.11713,-36.58579],[142.11667,-36.58602],[142.11574,-36.58648],[142.11538,-36.58667],[142.11515,-36.58683],[142.11505,-36.58709],[142.11505,-36.5877]]]}},{"type":"Feature","properties":{"name":"Buloke Ln","program":"26-27 Grading Programme","locality":"Pimpino West Rd","to":"West Wail Rd","zone":"Zone1A","length_m":1240,"asset":"277,0"},"geometry":{"type":"MultiLineString","coordinates":[[[142.11181,-36.59384],[142.11177,-36.58979],[142.11176,-36.58286],[142.11173,-36.58262]]]}},{"type":"Feature","properties":{"name":"Pimpinio School Rd","program":"26-27 Grading Programme","locality":"West Wail Rd","to":"End","zone":"Zone1A","length_m":650,"asset":"1856,1855"},"geometry":{"type":"MultiLineString","coordinates":[[[142.11481,-36.58262],[142.11484,-36.58271],[142.11534,-36.58349],[142.11713,-36.58579],[142.11863,-36.58769]]]}},{"type":"Feature","properties":{"name":"Verandah Swamp Rd","program":"26-27 Grading Programme","locality":"Pave Change (Entry to Residence 84)","to":"Guests Rd","zone":"Zone1A","length_m":740,"asset":"2511,3788"},"geometry":{"type":"MultiLineString","coordinates":[[[142.12582,-36.57489],[142.12586,-36.57468],[142.12596,-36.57442],[142.12663,-36.57364],[142.12786,-36.572],[142.12798,-36.57173],[142.12802,-36.57144],[142.128,-36.57117],[142.12779,-36.57073],[142.12679,-36.569],[142.12667,-36.56882],[142.12655,-36.56873]]]}},{"type":"Feature","properties":{"name":"Guests Rd","program":"26-27 Grading Programme","locality":"Western Hwy","to":"Verandah Swamp Rd","zone":"Zone1A","length_m":950,"asset":"948"},"geometry":{"type":"MultiLineString","coordinates":[[[142.11602,-36.56896],[142.11623,-36.56896],[142.11664,-36.56892],[142.11786,-36.56886],[142.11863,-36.56883],[142.12655,-36.56873]]]}},{"type":"Feature","properties":{"name":"Beddisons Rd (Wail)","program":"26-27 Grading Programme","locality":"Railway Crossing","to":"Pave Ends (Entry to Residence 3)","zone":"Zone1A","length_m":27,"asset":"5467,5465"},"geometry":{"type":"MultiLineString","coordinates":[[[142.11595,-36.55388],[142.11616,-36.55387],[142.11625,-36.55385]]]}},{"type":"Feature","properties":{"name":"Bartletts Rd","program":"26-27 Grading Programme","locality":"Western Hwy","to":"Pave Change (Entry to Residence 242)","zone":"Zone1A","length_m":2380,"asset":"4019,4018"},"geometry":{"type":"MultiLineString","coordinates":[[[142.11593,-36.56895],[142.11529,-36.56891],[142.11372,-36.56887],[142.11185,-36.56887],[142.10933,-36.5689],[142.1092,-36.56885],[142.10909,-36.56876],[142.10907,-36.56845],[142.1091,-36.56645],[142.10899,-36.56627],[142.10879,-36.56616],[142.10859,-36.56613],[142.10273,-36.56616],[142.10247,-36.56605],[142.10241,-36.56595],[142.10235,-36.56071],[142.10146,-36.56056],[142.10091,-36.56052],[142.099,-36.56054]]]}},{"type":"Feature","properties":{"name":"Barbers Rd","program":"26-27 Grading Programme","locality":"Western Hwy","to":"Wail-Polkemmet Rd","zone":"Zone1A","length_m":3010,"asset":"2994,2995,130"},"geometry":{"type":"MultiLineString","coordinates":[[[142.11462,-36.53903],[142.10597,-36.53905],[142.10483,-36.53906],[142.09154,-36.53909],[142.09132,-36.53911],[142.0911,-36.53919],[142.09075,-36.53942],[142.09051,-36.53949],[142.08943,-36.53948],[142.08805,-36.53949],[142.08582,-36.53948],[142.08402,-36.53948],[142.08317,-36.5395],[142.08118,-36.53947]]]}},{"type":"Feature","properties":{"name":"Robins Rd","program":"26-27 Grading Programme","locality":"Wail Kalkee Rd","to":"Beddisons Rd","zone":"Zone1A","length_m":4860,"asset":"2066,2065,2064,2067,5468"},"geometry":{"type":"MultiLineString","coordinates":[[[142.11815,-36.51102],[142.11814,-36.5112],[142.11807,-36.51136],[142.11309,-36.51834],[142.11303,-36.51856],[142.11309,-36.51887],[142.1135,-36.52289],[142.11368,-36.52434],[142.11395,-36.52703],[142.11406,-36.52825],[142.11452,-36.53268],[142.11488,-36.5364],[142.11502,-36.53803],[142.11566,-36.54436],[142.11587,-36.54628],[142.1159,-36.5469],[142.11593,-36.54977],[142.11607,-36.55388]]]}},{"type":"Feature","properties":{"name":"Hennessys Rd","program":"26-27 Grading Programme","locality":"Robins Rd","to":"Wail-Dooen Rd","zone":"Zone1A","length_m":2605,"asset":"1013,5370,2794,5371"},"geometry":{"type":"MultiLineString","coordinates":[[[142.11488,-36.5364],[142.11887,-36.53639],[142.12698,-36.53636],[142.13244,-36.53634],[142.14255,-36.53631],[142.1428,-36.5363],[142.14305,-36.53625],[142.14332,-36.53615],[142.14387,-36.53588]]]}},{"type":"Feature","properties":{"name":"Wail-Dooen Rd","program":"26-27 Grading Programme","locality":"Pave Change (Entry to Res. 2018 @ 20110)","to":"Wail-Kalkee Rd","zone":"Zone1A","length_m":1010,"asset":"2538"},"geometry":{"type":"MultiLineString","coordinates":[[[142.12377,-36.51617],[142.12063,-36.51315],[142.11947,-36.51211],[142.11853,-36.51137],[142.11827,-36.51123],[142.11815,-36.51102]]]}},{"type":"Feature","properties":{"name":"Barbers Rd","program":"26-27 Grading Programme","locality":"Wail-Kalkee Rd","to":"Wail East Rd (Council Boundary)","zone":"Zone1A","length_m":2030,"asset":"1224,5930"},"geometry":{"type":"MultiLineString","coordinates":[[[142.11815,-36.51102],[142.11832,-36.51093],[142.11847,-36.51082],[142.11863,-36.51068],[142.11871,-36.51047],[142.11871,-36.50604],[142.11871,-36.50311],[142.11869,-36.50107],[142.11864,-36.49951],[142.11861,-36.49793],[142.11844,-36.49272]]]}},{"type":"Feature","properties":{"name":"Post Office Ln","program":"26-27 Grading Programme","locality":"Seal Ends","to":"Watson St","zone":"Zone1A","length_m":90,"asset":"2934"},"geometry":{"type":"MultiLineString","coordinates":[[[142.10046,-36.50891],[142.10021,-36.50935],[142.10011,-36.50955],[142.10011,-36.50976]]]}},{"type":"Feature","properties":{"name":"Watson St","program":"26-27 Grading Programme","locality":"Pave Change (Entry to Residence)","to":"Post Office Ln","zone":"Zone1A","length_m":90,"asset":"4966"},"geometry":{"type":"MultiLineString","coordinates":[[[142.09895,-36.50993],[142.10011,-36.50976]]]}},{"type":"Feature","properties":{"name":"Watson St","program":"26-27 Grading Programme","locality":"Wail Nursery Rd","to":"Pave Change (Entry to Residence 11)","zone":"Zone1A","length_m":110,"asset":"2580"},"geometry":{"type":"MultiLineString","coordinates":[[[142.09705,-36.50705],[142.09653,-36.50799]]]}},{"type":"Feature","properties":{"name":"Patterson Rd","program":"26-27 Grading Programme","locality":"Seal Ends","to":"End Gravel","zone":"Zone1A","length_m":208,"asset":"5106"},"geometry":{"type":"MultiLineString","coordinates":[[[142.10294,-36.50617],[142.10243,-36.50622],[142.10221,-36.50629],[142.10196,-36.50642],[142.1018,-36.50659],[142.10172,-36.50677],[142.10168,-36.50687],[142.10163,-36.50703],[142.10155,-36.50721],[142.10148,-36.50721]]]}},{"type":"Feature","properties":{"name":"Conn Rd","program":"26-27 Grading Programme","locality":"Western Hwy","to":"Pave Change (Entry to Residence)","zone":"Zone1A","length_m":260,"asset":"427"},"geometry":{"type":"MultiLineString","coordinates":[[[142.09977,-36.49281],[142.09768,-36.49281]]]}},{"type":"Feature","properties":{"name":"Nursery Rd North","program":"26-27 Grading Programme","locality":"Pave Starts","to":"Conn Rd","zone":"Zone1A","length_m":1016,"asset":"5103"},"geometry":{"type":"MultiLineString","coordinates":[[[142.08423,-36.50055],[142.08178,-36.49975],[142.07796,-36.49833],[142.07341,-36.49672],[142.07142,-36.49596]]]}},{"type":"Feature","properties":{"name":"Walter Rd","program":"26-27 Grading Programme","locality":"West Wail Rd","to":"Hinnebergs Rd","zone":"Zone1A","length_m":1140,"asset":"2463"},"geometry":{"type":"MultiLineString","coordinates":[[[142.04084,-36.57211],[142.04086,-36.57189],[142.0409,-36.56968],[142.04087,-36.5679],[142.04089,-36.5648],[142.04087,-36.56213],[142.0409,-36.56192],[142.04099,-36.56175]]]}},{"type":"Feature","properties":{"name":"Hinnebergs Rd","program":"26-27 Grading Programme","locality":"Entry to Residence (123)","to":"Pave Ends (Entry to Residence 571)","zone":"Zone1A","length_m":4481,"asset":"1040,5374,2993,1042,1041"},"geometry":{"type":"MultiLineString","coordinates":[[[142.0652,-36.56161],[142.06395,-36.56161],[142.06316,-36.56164],[142.06239,-36.56164],[142.06106,-36.56158],[142.05989,-36.56156],[142.05937,-36.5616],[142.05893,-36.56159],[142.05716,-36.56161],[142.0557,-36.56165],[142.05379,-36.56183],[142.05076,-36.56182],[142.04937,-36.56179],[142.04713,-36.56185],[142.04596,-36.56179],[142.04506,-36.56185],[142.04404,-36.56186],[142.0422,-36.56181],[142.04099,-36.56175],[142.04038,-36.56176],[142.0372,-36.56177],[142.03443,-36.56184],[142.03328,-36.56181],[142.03078,-36.56182],[142.02913,-36.56179],[142.02822,-36.5618],[142.02528,-36.56179],[142.01957,-36.56178],[142.01658,-36.56184]]]}},{"type":"Feature","properties":{"name":"Mervyn Rd","program":"26-27 Grading Programme","locality":"West Wail Rd","to":"Hinnebergs Rd","zone":"Zone1A","length_m":1430,"asset":"2455"},"geometry":{"type":"MultiLineString","coordinates":[[[142.01952,-36.5747],[142.01951,-36.57453],[142.01953,-36.57325],[142.01951,-36.57091],[142.01959,-36.57026],[142.01958,-36.56967],[142.01953,-36.56934],[142.01953,-36.56916],[142.01954,-36.56857],[142.01955,-36.56815],[142.01957,-36.56178]]]}},{"type":"Feature","properties":{"name":"West Wail Rd","program":"26-27 Grading Programme","locality":"Seal Ends","to":"National Park","zone":"Zone1A","length_m":979,"asset":"2990"},"geometry":{"type":"MultiLineString","coordinates":[[[142.01085,-36.57624],[142.00971,-36.57629],[142.00936,-36.57616],[142.00907,-36.57601],[142.0061,-36.5733],[142.00575,-36.57295],[142.00477,-36.57177],[142.00421,-36.57099]]]}},{"type":"Feature","properties":{"name":"Sampsons Rd","program":"26-27 Grading Programme","locality":"Reinheimers Rd","to":"Pave Ends","zone":"Zone1A","length_m":1480,"asset":"2122,5475"},"geometry":{"type":"MultiLineString","coordinates":[[[142.019,-36.62489],[142.01895,-36.62452],[142.01896,-36.62335],[142.01897,-36.61994],[142.01899,-36.61878],[142.01896,-36.61792],[142.01895,-36.61774],[142.01893,-36.61764],[142.01882,-36.61761],[142.01708,-36.61762],[142.01565,-36.61762],[142.015,-36.61767],[142.01455,-36.61774],[142.01427,-36.61776],[142.01415,-36.61768],[142.01411,-36.61754],[142.01409,-36.61608],[142.01415,-36.6158],[142.0141,-36.61553],[142.0141,-36.61523]]]}},{"type":"Feature","properties":{"name":"Jacka Jacka Rd","program":"26-27 Grading Programme","locality":"Wimmera Hwy","to":"Clear Lake-Shearwood Dam Rd","zone":"Zone3A","length_m":140,"asset":"5379"},"geometry":{"type":"MultiLineString","coordinates":[[[141.80381,-36.80277],[141.80432,-36.80371],[141.80435,-36.80378],[141.80441,-36.80387],[141.8045,-36.80396],[141.80454,-36.80399],[141.80459,-36.80399]]]}},{"type":"Feature","properties":{"name":"Sutherlands Rd","program":"26-27 Grading Programme","locality":"Worthys Rd","to":"Entry to Residence (57)","zone":"Zone3A","length_m":590,"asset":"2277"},"geometry":{"type":"MultiLineString","coordinates":[[[141.76459,-36.78357],[141.76441,-36.78352],[141.76402,-36.78349],[141.76265,-36.78335],[141.76164,-36.78324],[141.7611,-36.78315],[141.76039,-36.78307],[141.75987,-36.78303],[141.75858,-36.7829]]]}},{"type":"Feature","properties":{"name":"Worthys Rd","program":"26-27 Grading Programme","locality":"Seal Ends","to":"Tooan-Mitre Rd (West)","zone":"Zone3A","length_m":1190,"asset":"2732"},"geometry":{"type":"MultiLineString","coordinates":[[[141.76452,-36.78253],[141.76472,-36.78119],[141.76515,-36.77834],[141.7658,-36.77496],[141.7662,-36.77274],[141.76622,-36.7725],[141.76621,-36.77228],[141.76614,-36.772],[141.76614,-36.7719]]]}},{"type":"Feature","properties":{"name":"Tooan-Duffholme Rd","program":"26-27 Grading Programme","locality":"Tooan Mitre Rd","to":"Pave Change (Entry to Residence 41)","zone":"Zone3A","length_m":450,"asset":"2347"},"geometry":{"type":"MultiLineString","coordinates":[[[141.76405,-36.76886],[141.76372,-36.76881],[141.76349,-36.76865],[141.76324,-36.7684],[141.76304,-36.76823],[141.76286,-36.76809],[141.76245,-36.76785],[141.76001,-36.76644]]]}},{"type":"Feature","properties":{"name":"Natimuk Golf Links Rd","program":"26-27 Grading Programme","locality":"Seal Ends (Entry to Golf Club)","to":"Tooan-Mitre Rd","zone":"Zone3A","length_m":6334,"asset":"1631,2922,2923,2924,2919,2920,2921,5407"},"geometry":{"type":"MultiLineString","coordinates":[[[141.83902,-36.77667],[141.83665,-36.77644],[141.83539,-36.77633],[141.83437,-36.77623],[141.83265,-36.77607],[141.83104,-36.7759],[141.83041,-36.77581],[141.82905,-36.77561],[141.82865,-36.77556],[141.82748,-36.77546],[141.82631,-36.77535],[141.825,-36.77525],[141.82427,-36.77524],[141.82335,-36.77514],[141.82161,-36.77497],[141.82073,-36.77491],[141.81597,-36.77443],[141.81553,-36.77438],[141.81255,-36.77408],[141.8108,-36.77392],[141.80862,-36.77369],[141.80479,-36.77331],[141.80424,-36.77329],[141.80384,-36.7733],[141.80339,-36.77332],[141.80136,-36.77349],[141.79839,-36.77374],[141.79459,-36.77405],[141.79414,-36.77409],[141.79368,-36.77414],[141.79311,-36.77423],[141.79243,-36.77454],[141.79215,-36.77461],[141.79189,-36.77463],[141.7917,-36.77462],[141.79153,-36.7746],[141.79114,-36.7745],[141.791,-36.77449],[141.79083,-36.77447],[141.79066,-36.77448],[141.79026,-36.7745],[141.78914,-36.77464],[141.78753,-36.77477],[141.78723,-36.77482],[141.78705,-36.77486],[141.78678,-36.77497],[141.78652,-36.77517],[141.78495,-36.77654],[141.78477,-36.77657],[141.7846,-36.77659],[141.78056,-36.77621],[141.77483,-36.77568],[141.77239,-36.77545],[141.76974,-36.77521],[141.76919,-36.77518],[141.76906,-36.77521]]]}},{"type":"Feature","properties":{"name":"Dickersons Rd","program":"26-27 Grading Programme","locality":"Wimmera Hwy","to":"Ends at Gate","zone":"Zone3A","length_m":4570,"asset":"2960,2961,2962,550"},"geometry":{"type":"MultiLineString","coordinates":[[[141.75285,-36.82314],[141.75262,-36.82311],[141.75198,-36.82303],[141.74407,-36.82228],[141.73902,-36.82181],[141.73105,-36.82104],[141.72541,-36.8205],[141.72493,-36.82045],[141.72005,-36.82],[141.71817,-36.81979],[141.71454,-36.81944],[141.71258,-36.81925],[141.7111,-36.81913],[141.70785,-36.8188],[141.70411,-36.81843],[141.70284,-36.81829]]]}},{"type":"Feature","properties":{"name":"Blakes Rd (Tooan)","program":"26-27 Grading Programme","locality":"Wimmera Hwy","to":"Renfreys Ln","zone":"Zone3A","length_m":4280,"asset":"205,204,206,5339"},"geometry":{"type":"MultiLineString","coordinates":[[[141.73075,-36.84362],[141.73093,-36.84371],[141.73139,-36.84373],[141.7322,-36.84385],[141.73315,-36.84394],[141.73453,-36.84408],[141.73568,-36.84419],[141.7365,-36.84429],[141.73802,-36.84444],[141.74058,-36.84472],[141.74224,-36.84495],[141.74242,-36.84497],[141.74298,-36.84504],[141.74331,-36.8451],[141.74465,-36.84522],[141.74652,-36.84533],[141.7479,-36.84555],[141.74869,-36.84559],[141.74955,-36.8457],[141.75177,-36.84591],[141.75458,-36.84615],[141.75532,-36.84625],[141.7571,-36.84645],[141.758,-36.84651],[141.7602,-36.84672],[141.76234,-36.84695],[141.76332,-36.84702],[141.76469,-36.84715],[141.76752,-36.84748],[141.77107,-36.84784],[141.77258,-36.84796],[141.77418,-36.84809],[141.77642,-36.84833],[141.7776,-36.84844],[141.77802,-36.84849],[141.77823,-36.84856]]]}},{"type":"Feature","properties":{"name":"Emmersons Rd","program":"26-27 Grading Programme","locality":"Seal Ends","to":"Lake Carchap (Entry to Residence)","zone":"Zone3A","length_m":620,"asset":"708"},"geometry":{"type":"MultiLineString","coordinates":[[[141.83794,-36.88449],[141.8372,-36.88445],[141.83638,-36.88432],[141.83563,-36.88438],[141.83526,-36.88446],[141.83179,-36.8854],[141.83136,-36.88544]]]}},{"type":"Feature","properties":{"name":"J Emmersons Rd","program":"26-27 Grading Programme","locality":"Clear Lake-Sherwoods Dam Rd","to":"End","zone":"Zone3A","length_m":740,"asset":"1108"},"geometry":{"type":"MultiLineString","coordinates":[[[141.85545,-36.90827],[141.85524,-36.90826],[141.8534,-36.90808],[141.85171,-36.90791],[141.84706,-36.90743],[141.84541,-36.90732],[141.83712,-36.90649]]]}},{"type":"Feature","properties":{"name":"Elliotts Ln","program":"26-27 Grading Programme","locality":"Harrow-Clear Lake Rd","to":"Pave Change","zone":"Zone3A","length_m":1200,"asset":"691,690"},"geometry":{"type":"MultiLineString","coordinates":[[[141.86115,-36.93556],[141.86097,-36.93557],[141.8596,-36.93544],[141.85794,-36.93528],[141.85571,-36.93505],[141.85455,-36.93493],[141.84965,-36.93445]]]}},{"type":"Feature","properties":{"name":"Bow Lake Rd","program":"26-27 Grading Programme","locality":"Clear Lake-Sherwoods Dam Rd","to":"Pave Change","zone":"Zone3A","length_m":3310,"asset":"224,3133,3134,3135,3136,225"},"geometry":{"type":"MultiLineString","coordinates":[[[141.85967,-36.92532],[141.85939,-36.92531],[141.85829,-36.92521],[141.8565,-36.92502],[141.85167,-36.92454],[141.84846,-36.92421],[141.84601,-36.92396],[141.84173,-36.92351],[141.83803,-36.92315],[141.83405,-36.92272],[141.83182,-36.9225],[141.82821,-36.92212],[141.82521,-36.92182],[141.82436,-36.92176],[141.82383,-36.92171],[141.82316,-36.9216]]]}},{"type":"Feature","properties":{"name":"Scotts Heards Lights Rd","program":"26-27 Grading Programme","locality":"Clear Lake Sherwoods Dam Rd","to":"Seal Starts","zone":"Zone3A","length_m":1860,"asset":"2158"},"geometry":{"type":"MultiLineString","coordinates":[[[141.85555,-36.90864],[141.87624,-36.91071]]]}},{"type":"Feature","properties":{"name":"L Heards Rd","program":"26-27 Grading Programme","locality":"Lowan School Rd","to":"Rifle Butts Rd West","zone":"Zone3A","length_m":1610,"asset":"5393,1269"},"geometry":{"type":"MultiLineString","coordinates":[[[141.87562,-36.85333],[141.87588,-36.85315],[141.87601,-36.85299],[141.87611,-36.85274],[141.87617,-36.85252],[141.87619,-36.85218],[141.87624,-36.85168],[141.87674,-36.84862],[141.87735,-36.84453],[141.87777,-36.84184],[141.87819,-36.8392],[141.87806,-36.83906]]]}},{"type":"Feature","properties":{"name":"K Emmersons Rd","program":"26-27 Grading Programme","locality":"Clearlake-Sherwoods Dam Rd","to":"Entry to Residence (301)","zone":"Zone3A","length_m":3030,"asset":"1202,1201,1203"},"geometry":{"type":"MultiLineString","coordinates":[[[141.85192,-36.86576],[141.8518,-36.86579],[141.85159,-36.8658],[141.85132,-36.8658],[141.84823,-36.8655],[141.84717,-36.86539],[141.84551,-36.86519],[141.8389,-36.86454],[141.83641,-36.86429],[141.83207,-36.86387],[141.83076,-36.86374],[141.83032,-36.86369],[141.82968,-36.86359],[141.82744,-36.86338],[141.82661,-36.86331],[141.82613,-36.86327],[141.82564,-36.86324],[141.82506,-36.86313],[141.82475,-36.86313],[141.82412,-36.86301],[141.82294,-36.86291],[141.82251,-36.86297],[141.82228,-36.86294],[141.82192,-36.8629],[141.82148,-36.86289],[141.82097,-36.86277],[141.82065,-36.86276],[141.82046,-36.86277],[141.82025,-36.86274],[141.82012,-36.86263],[141.82036,-36.86114]]]}},{"type":"Feature","properties":{"name":"Lowan School Rd","program":"26-27 Grading Programme","locality":"Clear Lake-Sherwoods Dam Rd","to":"L Heards Rd","zone":"Zone3A","length_m":2430,"asset":"1381"},"geometry":{"type":"MultiLineString","coordinates":[[[141.87562,-36.85333],[141.87544,-36.85338],[141.87521,-36.85339],[141.8733,-36.85319],[141.87018,-36.85288],[141.86155,-36.85202],[141.84883,-36.85076],[141.84843,-36.85074]]]}},{"type":"Feature","properties":{"name":"Jacka Jacka Rd","program":"26-27 Grading Programme","locality":"Wimmera Hwy","to":"Clear Lake-Shearwood Dam Rd","zone":"Zone3A","length_m":6175,"asset":"2955,4559,4558,5379"},"geometry":{"type":"MultiLineString","coordinates":[[[141.82833,-36.81921],[141.82858,-36.81941],[141.8289,-36.81973],[141.82928,-36.82016],[141.82993,-36.82101],[141.83089,-36.82228],[141.83207,-36.82361],[141.83318,-36.82493],[141.83355,-36.82537],[141.83412,-36.826],[141.83479,-36.82683],[141.8401,-36.83314],[141.84292,-36.83647],[141.84511,-36.83908],[141.84555,-36.8396],[141.84571,-36.83978],[141.8459,-36.84012],[141.84599,-36.84029],[141.84605,-36.8405],[141.84673,-36.84345],[141.84682,-36.84367],[141.84695,-36.84378],[141.84711,-36.84388]]]}},{"type":"Feature","properties":{"name":"Geberts Rd","program":"26-27 Grading Programme","locality":"Clear Lake-Sherwoods Dam Rd","to":"Fergusons Sandhill Rd","zone":"Zone3A","length_m":2920,"asset":"5362,4272,4271,4270,843"},"geometry":{"type":"MultiLineString","coordinates":[[[141.86227,-36.80808],[141.87554,-36.80941],[141.88189,-36.81005],[141.89099,-36.81094],[141.89241,-36.81106],[141.89307,-36.81113],[141.89495,-36.81132]]]}},{"type":"Feature","properties":{"name":"Rifle Butts Rd West","program":"26-27 Grading Programme","locality":"Scotts Heards Lights Rd","to":"HH Scotts Rd","zone":"Zone3A","length_m":1820,"asset":"4335,4333,4328"},"geometry":{"type":"MultiLineString","coordinates":[[[141.89654,-36.8408],[141.89105,-36.84036],[141.89061,-36.8403],[141.87857,-36.8391],[141.87828,-36.8391],[141.87806,-36.83906],[141.87616,-36.83882]]]}},{"type":"Feature","properties":{"name":"H H Scotts Rd","program":"26-27 Grading Programme","locality":"Rifle Butts Rd West","to":"Noradjuha-Tooan East Rd","zone":"Zone3A","length_m":1630,"asset":"953"},"geometry":{"type":"MultiLineString","coordinates":[[[141.87616,-36.83882],[141.87604,-36.83865],[141.8782,-36.82426]]]}},{"type":"Feature","properties":{"name":"Rifle Butts Rd","program":"26-27 Grading Programme","locality":"Pave Change","to":"Scotts Heards Lights Rd","zone":"Zone3A","length_m":400,"asset":"2016"},"geometry":{"type":"MultiLineString","coordinates":[[[141.90674,-36.84192],[141.90384,-36.84164],[141.90294,-36.84156],[141.90231,-36.84142]]]}},{"type":"Feature","properties":{"name":"Noradjuha Rec. Res. Rd","program":"26-27 Grading Programme","locality":"Natimuk-Hamilton Rd","to":"Recreation Reserve","zone":"Zone3A","length_m":700,"asset":"1665"},"geometry":{"type":"MultiLineString","coordinates":[[[141.96422,-36.83637],[141.96462,-36.83631],[141.9665,-36.83566],[141.96677,-36.8337]]]}},{"type":"Feature","properties":{"name":"Ansons Rd","program":"26-27 Grading Programme","locality":"Horsham-Noradjuha Rd","to":"Farm House","zone":"Zone3A","length_m":500,"asset":"43"},"geometry":{"type":"MultiLineString","coordinates":[[[141.96911,-36.8361],[141.96958,-36.8369],[141.96979,-36.83733],[141.96983,-36.83803],[141.971,-36.84029]]]}},{"type":"Feature","properties":{"name":"Cooks Ln","program":"26-27 Grading Programme","locality":"Natimuk-Hamilton Rd","to":"Scotts Heards Lights Rd","zone":"Zone3A","length_m":6460,"asset":"3028,445,444,3025,3026,3027"},"geometry":{"type":"MultiLineString","coordinates":[[[141.96063,-36.87662],[141.95646,-36.8762],[141.95151,-36.87571],[141.94738,-36.87531],[141.93775,-36.87435],[141.92481,-36.87308],[141.91423,-36.87203],[141.90396,-36.87102],[141.88876,-36.86952]]]}},{"type":"Feature","properties":{"name":"Mc Donalds Rd","program":"26-27 Grading Programme","locality":"Nurrabiel Cemetery","to":"Rifle Butts Rd","zone":"Zone3A","length_m":6220,"asset":"4838,5414,4843,3031,4841,4839,4845,4844"},"geometry":{"type":"MultiLineString","coordinates":[[[142.02467,-36.90138],[142.02358,-36.90129],[142.02337,-36.90126],[142.02297,-36.90121],[142.02234,-36.90116],[142.01588,-36.90052],[142.0147,-36.90042],[142.01445,-36.90036],[142.01442,-36.90023],[142.01443,-36.90004],[142.01554,-36.89287],[142.01607,-36.88934],[142.01633,-36.88777],[142.01716,-36.88223],[142.01689,-36.88213],[142.01684,-36.88205],[142.01685,-36.88193],[142.01745,-36.87801],[142.01789,-36.87518],[142.01828,-36.87264],[142.01855,-36.87088],[142.01871,-36.86981],[142.01926,-36.86621],[142.01977,-36.86293],[142.02027,-36.85965],[142.02063,-36.8573],[142.02072,-36.85676],[142.02091,-36.85533],[142.02117,-36.85368],[142.02123,-36.85325]]]}},{"type":"Feature","properties":{"name":"Quick Sinclair Russells Rd","program":"26-27 Grading Programme","locality":"Rifle Butts Rd","to":"Horsham-Noradjuha Rd","zone":"Zone3A","length_m":3100,"asset":"1936,1935,1934"},"geometry":{"type":"MultiLineString","coordinates":[[[142.00141,-36.85129],[142.00193,-36.84799],[142.00206,-36.847],[142.00232,-36.84547],[142.00257,-36.84376],[142.00268,-36.84312],[142.00317,-36.83995],[142.00349,-36.83783],[142.00375,-36.83625],[142.00386,-36.83549],[142.00421,-36.83317],[142.00427,-36.83283],[142.00459,-36.83075],[142.00492,-36.8285],[142.00516,-36.82694],[142.00537,-36.82555],[142.0056,-36.82402],[142.00563,-36.82381],[142.00561,-36.82362]]]}},{"type":"Feature","properties":{"name":"Northfields Rd","program":"26-27 Grading Programme","locality":"Natimuk Hamilton Rd","to":"Pave Ends","zone":"Zone3A","length_m":680,"asset":"5412,1685"},"geometry":{"type":"MultiLineString","coordinates":[[[141.96859,-36.80762],[141.96981,-36.80773],[141.97408,-36.80816],[141.97509,-36.80827]]]}},{"type":"Feature","properties":{"name":"Plush Hannans Rd","program":"26-27 Grading Programme","locality":"Seal Ends","to":"Lower Norton-Nurrabiel Rd","zone":"Zone3A","length_m":4135,"asset":"3698,2755,1879"},"geometry":{"type":"MultiLineString","coordinates":[[[142.11935,-36.80906],[142.11961,-36.80748],[142.11995,-36.80538],[142.11988,-36.80527],[142.1124,-36.80455],[142.11049,-36.80435],[142.10861,-36.80415],[142.10796,-36.80413],[142.10735,-36.80405],[142.10502,-36.8038],[142.10215,-36.80349],[142.1016,-36.80346],[142.10108,-36.80342],[142.10053,-36.80337],[142.09898,-36.80321],[142.09866,-36.80316],[142.09797,-36.80306],[142.0975,-36.80305],[142.09676,-36.80301],[142.09629,-36.80298],[142.09547,-36.80296],[142.09509,-36.80294],[142.09478,-36.8029],[142.09441,-36.80283],[142.09384,-36.80274],[142.09308,-36.80268],[142.09178,-36.80259],[142.09089,-36.80249],[142.08864,-36.80224],[142.08669,-36.80204],[142.08428,-36.80182],[142.08234,-36.80162],[142.0786,-36.80128]]]}},{"type":"Feature","properties":{"name":"Bothes Rd","program":"26-27 Grading Programme","locality":"Plush Hannans Rd","to":"Tyers Rd","zone":"Zone3A","length_m":3370,"asset":"221,222"},"geometry":{"type":"MultiLineString","coordinates":[[[142.12142,-36.80984],[142.12096,-36.81267],[142.12066,-36.81484],[142.12023,-36.81748],[142.1202,-36.8179],[142.12007,-36.81878],[142.11997,-36.81918],[142.11984,-36.8201],[142.11983,-36.82043],[142.11978,-36.82081],[142.11968,-36.8213],[142.11953,-36.82189],[142.11923,-36.82379],[142.11919,-36.82418],[142.11917,-36.82475],[142.11912,-36.82514],[142.11892,-36.82616],[142.11875,-36.82725],[142.11868,-36.82781],[142.11856,-36.82833],[142.1185,-36.82872],[142.11846,-36.82919],[142.11871,-36.83009],[142.1191,-36.83113],[142.11916,-36.83146],[142.11885,-36.8339],[142.11871,-36.83465],[142.11861,-36.8351],[142.11847,-36.83605],[142.11834,-36.83633],[142.11833,-36.8367],[142.11824,-36.83727],[142.11814,-36.83763],[142.11805,-36.83818],[142.11805,-36.83847],[142.11797,-36.8387],[142.11794,-36.83889],[142.11788,-36.83947],[142.11792,-36.83969],[142.11805,-36.83981]]]}},{"type":"Feature","properties":{"name":"Tyers Rd","program":"26-27 Grading Programme","locality":"Bothes Rd South","to":"Bothes Rd","zone":"Zone3A","length_m":500,"asset":"2395"},"geometry":{"type":"MultiLineString","coordinates":[[[142.12363,-36.84037],[142.12255,-36.84024],[142.12172,-36.84018],[142.12119,-36.84017],[142.12027,-36.84009],[142.11912,-36.8399],[142.11874,-36.8399],[142.11841,-36.83986],[142.11805,-36.83981]]]}},{"type":"Feature","properties":{"name":"Bothes Rd South","program":"26-27 Grading Programme","locality":"Rifle Butts Rd","to":"Tyers Rd","zone":"Zone3A","length_m":2215,"asset":"223"},"geometry":{"type":"MultiLineString","coordinates":[[[142.12046,-36.86019],[142.12091,-36.85755],[142.12235,-36.84843],[142.12276,-36.84619],[142.12332,-36.84249],[142.12363,-36.84037]]]}},{"type":"Feature","properties":{"name":"Lanes Rd","program":"26-27 Grading Programme","locality":"Wonwondah-Toolondo Rd","to":"Rifle Butts Rd","zone":"Zone3A","length_m":1860,"asset":"1329"},"geometry":{"type":"MultiLineString","coordinates":[[[142.10997,-36.87885],[142.10998,-36.87858],[142.11066,-36.87464],[142.11092,-36.87274],[142.11137,-36.86991],[142.11166,-36.86819],[142.11191,-36.86652],[142.11235,-36.86383],[142.11258,-36.86227]]]}},{"type":"Feature","properties":{"name":"Motts Rd (Nurrabiel)","program":"26-27 Grading Programme","locality":"Pave Starts","to":"Rifle Butts Rd","zone":"Zone3A","length_m":2050,"asset":"1592,4992"},"geometry":{"type":"MultiLineString","coordinates":[[[142.07404,-36.87684],[142.0752,-36.86929],[142.07566,-36.86617],[142.07647,-36.86082],[142.07682,-36.85855]]]}},{"type":"Feature","properties":{"name":"Rifle Butts Rd","program":"26-27 Grading Programme","locality":"Lower Norton-Nurrabiel Rd","to":"Seal Starts","zone":"Zone3A","length_m":4610,"asset":"2971,2972,5732,2969,2970"},"geometry":{"type":"MultiLineString","coordinates":[[[142.05871,-36.85694],[142.05841,-36.8569],[142.05787,-36.85685],[142.04962,-36.85605],[142.03575,-36.85469],[142.02123,-36.85325],[142.02072,-36.85322],[142.00717,-36.85186]]]}},{"type":"Feature","properties":{"name":"Cooks Ln","program":"26-27 Grading Programme","locality":"Lower Norton-Nurrabiel Rd","to":"Mc Donalds Rd","zone":"Zone3A","length_m":2850,"asset":"440,3556,439"},"geometry":{"type":"MultiLineString","coordinates":[[[142.04854,-36.88531],[142.03513,-36.88399],[142.03297,-36.88377],[142.01735,-36.88221],[142.01716,-36.88223]]]}},{"type":"Feature","properties":{"name":"Nurrabiel Cemetery Rd","program":"26-27 Grading Programme","locality":"Nurrabiel Church Rd","to":"Cooks Ln","zone":"Zone3A","length_m":3280,"asset":"1697,1698"},"geometry":{"type":"MultiLineString","coordinates":[[[142.02196,-36.91165],[142.02201,-36.91139],[142.02294,-36.90549],[142.02358,-36.90129],[142.02587,-36.89723],[142.03332,-36.88381]]]}},{"type":"Feature","properties":{"name":"Puls Ln","program":"26-27 Grading Programme","locality":"Wonwondah Toolondo Rd","to":"Pave Change","zone":"Zone3A","length_m":660,"asset":"1906,1905"},"geometry":{"type":"MultiLineString","coordinates":[[[142.10376,-36.88021],[142.10347,-36.88076],[142.10334,-36.88121],[142.10324,-36.88214],[142.10264,-36.88602]]]}},{"type":"Feature","properties":{"name":"Hutchinsons Rd (Nurrabiel)","program":"26-27 Grading Programme","locality":"Jallumba-Mockinya Rd","to":"Entry to Residence (47)","zone":"Zone3A","length_m":480,"asset":"1088"},"geometry":{"type":"MultiLineString","coordinates":[[[142.01122,-36.93887],[142.01129,-36.93862],[142.01134,-36.93848],[142.0114,-36.93792],[142.01154,-36.93693],[142.01189,-36.93476],[142.01189,-36.93457],[142.01179,-36.93442],[142.00955,-36.93283],[142.00834,-36.93196]]]}},{"type":"Feature","properties":{"name":"Quick Sinclair Russells Rd","program":"26-27 Grading Programme","locality":"Pave Change","to":"Entry to Residence (907)","zone":"Zone3A","length_m":940,"asset":"5447,1932"},"geometry":{"type":"MultiLineString","coordinates":[[[141.9918,-36.91394],[141.99261,-36.90875],[141.99311,-36.90532]]]}},{"type":"Feature","properties":{"name":"Toolondo Gun Club Rd","program":"26-27 Grading Programme","locality":"Natimuk Hamilton Rd","to":"Fence & Gate","zone":"Zone3A","length_m":2220,"asset":"2361,2360"},"geometry":{"type":"MultiLineString","coordinates":[[[141.9403,-36.95674],[141.94301,-36.957],[141.94703,-36.95739],[141.95003,-36.9577],[141.95126,-36.95781],[141.95417,-36.95811],[141.95715,-36.9584],[141.95815,-36.95853],[141.95862,-36.95854],[141.95882,-36.95849],[141.95986,-36.95806],[141.96117,-36.95759],[141.96186,-36.95751],[141.96259,-36.95747],[141.96304,-36.95755],[141.96356,-36.9577],[141.96383,-36.95778],[141.96404,-36.95789],[141.9641,-36.95802],[141.96409,-36.95825],[141.96415,-36.95833],[141.96426,-36.9584],[141.96535,-36.95865],[141.96616,-36.95885],[141.96638,-36.9589],[141.96691,-36.95889],[141.96721,-36.95892],[141.96777,-36.95904],[141.96857,-36.95916],[141.96957,-36.95925],[141.9701,-36.95932],[141.97057,-36.95925]]]}},{"type":"Feature","properties":{"name":"Carchap Ln","program":"26-27 Grading Programme","locality":"Natimuk-Hamilton Rd","to":"Jallumba-Douglas Rd","zone":"Zone3A","length_m":3580,"asset":"320,321,3551"},"geometry":{"type":"MultiLineString","coordinates":[[[141.9403,-36.95674],[141.93767,-36.95648],[141.93675,-36.95635],[141.93625,-36.95633],[141.93456,-36.95622],[141.93285,-36.95601],[141.93125,-36.95584],[141.9303,-36.95576],[141.92917,-36.95567],[141.92687,-36.95543],[141.91704,-36.95445],[141.91594,-36.95436],[141.91554,-36.95435],[141.91491,-36.95425],[141.91247,-36.95402],[141.91082,-36.95384],[141.90887,-36.95365],[141.90296,-36.95306],[141.90096,-36.95287],[141.90064,-36.9528],[141.90049,-36.95269]]]}},{"type":"Feature","properties":{"name":"Mc Kenry Ln","program":"26-27 Grading Programme","locality":"Wonowondah-Toolondo Rd","to":"Natimuk-Hamilton Rd","zone":"Zone3A","length_m":270,"asset":"1479,1478"},"geometry":{"type":"MultiLineString","coordinates":[[[141.93606,-36.99209],[141.93595,-36.99193],[141.93595,-36.99181],[141.93597,-36.99164],[141.93603,-36.99133],[141.93607,-36.99124],[141.93614,-36.9912],[141.93618,-36.99099],[141.93621,-36.99084],[141.9362,-36.99066],[141.93611,-36.99062],[141.93598,-36.99057],[141.93581,-36.99053],[141.9356,-36.99051],[141.93541,-36.99049],[141.93524,-36.99047],[141.93508,-36.99046],[141.93499,-36.99045]]]}},{"type":"Feature","properties":{"name":"Washtomorrow Rd","program":"26-27 Grading Programme","locality":"Telangatuk East-Rocklands Rd","to":"Northfields Woolshed Rd","zone":"Zone3A","length_m":1659,"asset":"3807"},"geometry":{"type":"MultiLineString","coordinates":[[[141.98537,-37.01705],[141.9891,-37.0174],[141.99063,-37.01755],[141.99237,-37.01772],[141.9931,-37.01779],[141.99349,-37.01786],[141.99417,-37.01787],[141.99446,-37.01792],[141.99526,-37.01802],[141.99581,-37.01807],[141.99652,-37.01809],[141.99696,-37.01813],[141.99766,-37.0182],[141.99821,-37.01829],[141.9991,-37.01838],[141.99956,-37.01839],[142.00029,-37.01846],[142.00096,-37.01856],[142.00143,-37.01864],[142.00181,-37.01866],[142.00228,-37.01869],[142.00285,-37.01878],[142.00333,-37.0188],[142.00377,-37.01884],[142.00418,-37.01889]]]}},{"type":"Feature","properties":{"name":"Holmes Rd","program":"26-27 Grading Programme","locality":"Pave Change","to":"Washtomorrow Rd","zone":"Zone3A","length_m":1800,"asset":"1057"},"geometry":{"type":"MultiLineString","coordinates":[[[142.01119,-37.00418],[142.01102,-37.00512],[142.01097,-37.00582],[142.01109,-37.00612],[142.01223,-37.00711],[142.01239,-37.00729],[142.01238,-37.0075],[142.01189,-37.00808],[142.01152,-37.00853],[142.01037,-37.00983],[142.01024,-37.01038],[142.00994,-37.01252],[142.00986,-37.01307],[142.00984,-37.01323],[142.00976,-37.01337],[142.0097,-37.01375],[142.00965,-37.0144],[142.00908,-37.01812],[142.00882,-37.01934]]]}},{"type":"Feature","properties":{"name":"Holmes Rd","program":"26-27 Grading Programme","locality":"Camerons Rd","to":"Pave Change","zone":"Zone3A","length_m":560,"asset":"1055"},"geometry":{"type":"MultiLineString","coordinates":[[[142.00758,-36.99298],[142.0075,-36.9932],[142.00715,-36.99539],[142.00685,-36.99731],[142.00676,-36.99809]]]}},{"type":"Feature","properties":{"name":"Camerons Rd (Nurrabiel)","program":"26-27 Grading Programme","locality":"Wonwondah-Toolondo Rd","to":"Seal Starts","zone":"Zone3A","length_m":2695,"asset":"314,313"},"geometry":{"type":"MultiLineString","coordinates":[[[141.98204,-36.98564],[141.98217,-36.98573],[141.98254,-36.98583],[141.98625,-36.98619],[141.9865,-36.98624],[141.98668,-36.98633],[141.9875,-36.98783],[141.98761,-36.98794],[141.98778,-36.98796],[141.98963,-36.98815],[141.98982,-36.9882],[141.98984,-36.98832],[141.9895,-36.99042],[141.98953,-36.99053],[141.98958,-36.9906],[141.99094,-36.99078],[141.99532,-36.9912],[142.00035,-36.99169],[142.00454,-36.99208],[142.00755,-36.99235]]]}},{"type":"Feature","properties":{"name":"Quick Sinclair Russells Rd","program":"26-27 Grading Programme","locality":"Wonwondah Toolondo Rd","to":"Mitchells Rd","zone":"Zone3A","length_m":1710,"asset":"1929"},"geometry":{"type":"MultiLineString","coordinates":[[[141.98088,-36.98625],[141.98078,-36.98608],[141.98077,-36.98597],[141.98079,-36.98581],[141.9809,-36.98522],[141.98121,-36.98291],[141.98151,-36.98095],[141.98177,-36.97947],[141.98206,-36.97758],[141.98227,-36.97633],[141.98248,-36.97508],[141.98246,-36.97469],[141.98308,-36.97092]]]}},{"type":"Feature","properties":{"name":"Mitchells Rd","program":"26-27 Grading Programme","locality":"Quicks Sinclairs Russells Rd","to":"Entry to Residence (75)","zone":"Zone3A","length_m":770,"asset":"4887"},"geometry":{"type":"MultiLineString","coordinates":[[[141.98308,-36.97092],[141.98264,-36.97087],[141.9818,-36.97091],[141.9811,-36.97083],[141.9804,-36.97072],[141.97915,-36.97071],[141.97813,-36.97065],[141.9774,-36.97056],[141.97625,-36.97055],[141.97456,-36.97058]]]}},{"type":"Feature","properties":{"name":"Clarkes Ln (Mockinya)","program":"26-27 Grading Programme","locality":"Bells Rd","to":"Red Rock Rd","zone":"Zone4A","length_m":1600,"asset":"382"},"geometry":{"type":"MultiLineString","coordinates":[[[142.1233,-36.97405],[142.12323,-36.97451],[142.12305,-36.97541],[142.12273,-36.97768],[142.1226,-36.97883],[142.12253,-36.9789],[142.12231,-36.98052],[142.12212,-36.98157],[142.12158,-36.98523],[142.12145,-36.98626],[142.12111,-36.98835]]]}},{"type":"Feature","properties":{"name":"Red Rock Rd","program":"26-27 Grading Programme","locality":"Downies Ln","to":"Mt Talbot Reserve Rd","zone":"Zone4A","length_m":8360,"asset":"1966,1959,1965,1964,1960,5448,3713,1963,1962,1961,5449"},"geometry":{"type":"MultiLineString","coordinates":[[[142.1396,-36.99017],[142.13763,-36.98998],[142.13638,-36.98984],[142.13608,-36.98983],[142.13555,-36.98978],[142.1351,-36.98974],[142.13442,-36.98965],[142.13418,-36.98965],[142.134,-36.98968],[142.13356,-36.98981],[142.13339,-36.98982],[142.13238,-36.98952],[142.13215,-36.98948],[142.13193,-36.98943],[142.13166,-36.98942],[142.13069,-36.98955],[142.13043,-36.98957],[142.13016,-36.98957],[142.12989,-36.9895],[142.1297,-36.98942],[142.12923,-36.98923],[142.12899,-36.98916],[142.1287,-36.98907],[142.12763,-36.98898],[142.12111,-36.98835]],[[142.09643,-37.01236],[142.09158,-37.01191],[142.09133,-37.01199],[142.0913,-37.01206],[142.09122,-37.01235]],[[142.10424,-37.01311],[142.1041,-37.01313],[142.10396,-37.01312],[142.10351,-37.01307],[142.10238,-37.01295],[142.10061,-37.01277],[142.09874,-37.01258],[142.09645,-37.01237]],[[142.10711,-37.00127],[142.10704,-37.00187],[142.10697,-37.00237],[142.10702,-37.00258],[142.1072,-37.00275],[142.1075,-37.00293],[142.10762,-37.00304],[142.10824,-37.00364],[142.10872,-37.00419],[142.10881,-37.00441],[142.10888,-37.00462],[142.10891,-37.00505],[142.10868,-37.00555],[142.10851,-37.0058],[142.10783,-37.00702],[142.10757,-37.00745],[142.10657,-37.00921],[142.10552,-37.01108],[142.10463,-37.01266],[142.1045,-37.01291],[142.10437,-37.01307]],[[142.10819,-36.99416],[142.10714,-37.00129]],[[142.10925,-36.98723],[142.1082,-36.99415]],[[142.11959,-36.98821],[142.10924,-36.98718]],[[142.12111,-36.98835],[142.11959,-36.98821]],[[142.09121,-37.01235],[142.09117,-37.01276],[142.0908,-37.01552],[142.09067,-37.01673],[142.09049,-37.01769],[142.09038,-37.0184],[142.09022,-37.01941],[142.09017,-37.01997],[142.08996,-37.02128],[142.08984,-37.02235],[142.08955,-37.02458]]]}},{"type":"Feature","properties":{"name":"Black Range Rd","program":"26-27 Grading Programme","locality":"Campbells Ln","to":"Rocklands-Cherry Pool Rd","zone":"Zone4A","length_m":14415,"asset":"200,3081,3080,3079,3078,3077,3076,3075,3074,3073,3072,3071,3070,3069"},"geometry":{"type":"MultiLineString","coordinates":[[[142.15676,-37.02983],[142.15651,-37.02999],[142.15632,-37.03018],[142.15473,-37.03176],[142.15315,-37.0333],[142.15199,-37.03431],[142.15089,-37.03502],[142.15011,-37.03588],[142.1495,-37.03638],[142.14934,-37.03656],[142.14879,-37.03834],[142.14799,-37.04088],[142.14773,-37.04104],[142.14408,-37.04328],[142.14373,-37.0436],[142.13959,-37.04729],[142.13747,-37.04782],[142.13581,-37.04816],[142.13433,-37.0484],[142.13134,-37.04884],[142.13092,-37.04899],[142.12979,-37.04914],[142.12886,-37.04925],[142.12798,-37.04926],[142.12613,-37.04882],[142.12555,-37.04879],[142.12398,-37.04905],[142.12334,-37.04916],[142.12153,-37.04963],[142.12042,-37.04987],[142.11911,-37.04992],[142.11788,-37.05039],[142.117,-37.05077],[142.1164,-37.0512],[142.11592,-37.05146],[142.11491,-37.05189],[142.11409,-37.05213],[142.11263,-37.05234],[142.11059,-37.05279],[142.10978,-37.05315],[142.10947,-37.05338],[142.10877,-37.05403],[142.1082,-37.05441],[142.10763,-37.05465],[142.10703,-37.05479],[142.10628,-37.05498],[142.10506,-37.0552],[142.10449,-37.05535],[142.10292,-37.05604],[142.10006,-37.0573],[142.09708,-37.05833],[142.09553,-37.05863],[142.09433,-37.05884],[142.09365,-37.05902],[142.09307,-37.05923],[142.09288,-37.0593],[142.09275,-37.05969],[142.09261,-37.06058],[142.09264,-37.06111],[142.09242,-37.06156],[142.09175,-37.06601],[142.09077,-37.0721],[142.09176,-37.07293],[142.09351,-37.07401],[142.09472,-37.07461],[142.09621,-37.07521],[142.09732,-37.07552],[142.09893,-37.07576],[142.10044,-37.07608],[142.10133,-37.07625],[142.10166,-37.07637],[142.10251,-37.07674],[142.10438,-37.07836],[142.10458,-37.07857],[142.10534,-37.07879],[142.1079,-37.07953],[142.10966,-37.08005],[142.10984,-37.08019],[142.11121,-37.0811],[142.11183,-37.08154],[142.1128,-37.08215],[142.1143,-37.08344],[142.11561,-37.08463],[142.1168,-37.08564],[142.11831,-37.0874],[142.11935,-37.08865],[142.11973,-37.08909],[142.11994,-37.08971],[142.12032,-37.09088],[142.12076,-37.09237],[142.12025,-37.09428],[142.11989,-37.0954],[142.11941,-37.09694],[142.11926,-37.09921],[142.11897,-37.10201],[142.11889,-37.10252],[142.11817,-37.1047],[142.11746,-37.10529],[142.11665,-37.10585],[142.11595,-37.10643],[142.11521,-37.10729],[142.11501,-37.10763],[142.11494,-37.10855],[142.11471,-37.10998],[142.11452,-37.11202]],[[142.14934,-37.03656],[142.1493,-37.03668]]]}},{"type":"Feature","properties":{"name":"Peppertree Ln (Toolondo)","program":"26-27 Grading Programme","locality":"Natimuk Hamilton Rd","to":"Officer Station Rd","zone":"Zone3A","length_m":6150,"asset":"8"},"geometry":{"type":"MultiLineString","coordinates":[[[141.93635,-36.98288],[141.93168,-36.98243],[141.93125,-36.98236],[141.92756,-36.98199],[141.92731,-36.98197],[141.92711,-36.982],[141.92675,-36.98209],[141.9265,-36.98209],[141.92596,-36.98203],[141.91588,-36.98103],[141.90843,-36.98027],[141.90248,-36.97971],[141.89909,-36.97938],[141.89852,-36.97934],[141.89751,-36.97924],[141.89707,-36.9792],[141.89674,-36.97912],[141.89082,-36.97854],[141.89042,-36.9785],[141.88692,-36.97813],[141.87979,-36.97744],[141.87796,-36.97724],[141.8774,-36.97718],[141.87688,-36.97716],[141.86808,-36.97627]]]}},{"type":"Feature","properties":{"name":"Mt Talbot Reserve Rd","program":"27-28 Grading Programme","locality":"Mt Talbot Rd","to":"Red Rock Rd","zone":"Zone3B","length_m":3370,"asset":"4938,5406,5405,4937"},"geometry":{"type":"MultiLineString","coordinates":[[[142.05211,-37.02092],[142.05316,-37.021],[142.05349,-37.02104],[142.05373,-37.02106],[142.05407,-37.02108],[142.05558,-37.02122],[142.05613,-37.02127],[142.05762,-37.02142],[142.05899,-37.02157],[142.06062,-37.02175],[142.06723,-37.0224],[142.06843,-37.02249],[142.07022,-37.0227],[142.07802,-37.02345],[142.07927,-37.02358],[142.08275,-37.02392],[142.08656,-37.0243],[142.0885,-37.02449],[142.08955,-37.02458]]]}},{"type":"Feature","properties":{"name":"H H Smith Rd","program":"27-28 Grading Programme","locality":"Roberts Rd","to":"Grahams Bridge Rd","zone":"Zone4B","length_m":1700,"asset":"956"},"geometry":{"type":"MultiLineString","coordinates":[[[142.21616,-37.0131],[142.23534,-37.01317]]]}},{"type":"Feature","properties":{"name":"Grahams Bridge Rd","program":"27-28 Grading Programme","locality":"Channel Xing","to":"Seal Starts","zone":"Zone4B","length_m":29560,"asset":"927,2848,3600,928,4296,4297,2847,3599,2846,2845,2844,2843,931,2882,4300,4301,2879,2878,2877,3601"},"geometry":{"type":"MultiLineString","coordinates":[[[142.21207,-36.84103],[142.21214,-36.84735],[142.21216,-36.84908],[142.21238,-36.85019],[142.21266,-36.85154],[142.21265,-36.85243],[142.21252,-36.85328],[142.2125,-36.85418],[142.21275,-36.85822],[142.21287,-36.859],[142.21313,-36.85943],[142.21328,-36.85992],[142.21327,-36.86094],[142.21335,-36.86134],[142.21324,-36.86191],[142.21302,-36.86304],[142.2132,-36.86388],[142.21319,-36.86509],[142.21341,-36.86671],[142.2135,-36.86781],[142.2136,-36.87098],[142.21378,-36.873],[142.21388,-36.87532],[142.214,-36.87802],[142.21409,-36.87947],[142.21442,-36.8836],[142.21736,-36.88877],[142.22189,-36.89699],[142.22421,-36.90117],[142.2293,-36.91028],[142.23565,-36.92166],[142.23596,-36.92235],[142.236,-36.92289],[142.23595,-36.92599],[142.23591,-36.93503],[142.23582,-36.94539],[142.23549,-36.9464]],[[142.21205,-36.84103],[142.21205,-36.84015],[142.21204,-36.83987],[142.21208,-36.83764],[142.2121,-36.83742],[142.21214,-36.83721],[142.21225,-36.83683]],[[142.23541,-36.94871],[142.23542,-36.95484],[142.23534,-36.95848],[142.23535,-36.96275],[142.2353,-36.97717],[142.2352,-36.98207],[142.23543,-36.98304],[142.23545,-36.98452],[142.23542,-36.98527],[142.2354,-36.99525],[142.23538,-37.00426],[142.23534,-37.01317],[142.23528,-37.02269]]]}},{"type":"Feature","properties":{"name":"O Biernes Rd","program":"27-28 Grading Programme","locality":"Donald Swamp Rd","to":"Grahams Bridge Rd","zone":"Zone4B","length_m":5687,"asset":"2866,2865,2868,2867,1704,1703"},"geometry":{"type":"MultiLineString","coordinates":[[[142.17135,-36.96265],[142.17157,-36.96258],[142.17196,-36.96253],[142.17824,-36.96255],[142.18895,-36.96259],[142.19758,-36.96261],[142.20324,-36.96263],[142.21122,-36.96266],[142.23142,-36.96272],[142.23534,-36.96271]]]}},{"type":"Feature","properties":{"name":"Hammonds Woolshed Rd","program":"27-28 Grading Programme","locality":"Donald Swamp Rd","to":"Entry to Residence","zone":"Zone4B","length_m":3240,"asset":"4361,4362,974"},"geometry":{"type":"MultiLineString","coordinates":[[[142.17148,-36.94159],[142.19066,-36.94159],[142.19744,-36.94164],[142.20762,-36.94165]]]}},{"type":"Feature","properties":{"name":"Donald Swamp Rd","program":"27-28 Grading Programme","locality":"O Biernes Rd","to":"Curtis Rd","zone":"Zone4B","length_m":7085,"asset":"2863,592,593,2862,2861,2864"},"geometry":{"type":"MultiLineString","coordinates":[[[142.17135,-36.96265],[142.17136,-36.95559],[142.1714,-36.94647],[142.17148,-36.94159],[142.17147,-36.93706],[142.1715,-36.93666],[142.17171,-36.93643],[142.17445,-36.93402],[142.17584,-36.93271],[142.17607,-36.93227],[142.17613,-36.93184],[142.17617,-36.92582],[142.17619,-36.91873],[142.1762,-36.91617],[142.17624,-36.90783],[142.17624,-36.90767],[142.17632,-36.90757],[142.17648,-36.90752],[142.17775,-36.90756],[142.17791,-36.90741],[142.17792,-36.90352],[142.17795,-36.90131]]]}},{"type":"Feature","properties":{"name":"Tullys Ln","program":"27-28 Grading Programme","locality":"Henty Hwy","to":"Donald Swamp Rd","zone":"Zone4B","length_m":3225,"asset":"2386,4969"},"geometry":{"type":"MultiLineString","coordinates":[[[142.13982,-36.92573],[142.15804,-36.92575],[142.17617,-36.92582]]]}},{"type":"Feature","properties":{"name":"O Biernes Rd","program":"27-28 Grading Programme","locality":"End of seal","to":"Donald Swamp Rd","zone":"Zone4B","length_m":48,"asset":"5415"},"geometry":{"type":"MultiLineString","coordinates":[[[142.17134,-36.96266],[142.17104,-36.96302]]]}},{"type":"Feature","properties":{"name":"O Biernes Rd","program":"27-28 Grading Programme","locality":"Henty Hwy","to":"Seal Starts","zone":"Zone4B","length_m":307,"asset":"5418"},"geometry":{"type":"MultiLineString","coordinates":[[[142.16908,-36.96636],[142.17047,-36.96382]]]}},{"type":"Feature","properties":{"name":"Speirs Rd","program":"27-28 Grading Programme","locality":"Mt Talbot Rd","to":"Pave Change","zone":"Zone3B","length_m":2070,"asset":"2222"},"geometry":{"type":"MultiLineString","coordinates":[[[142.05789,-36.98299],[142.0699,-36.98415],[142.07661,-36.98478],[142.08164,-36.98532]]]}},{"type":"Feature","properties":{"name":"Bells Rd (Mockinya)","program":"27-28 Grading Programme","locality":"Clarkes Ln","to":"Pave Change","zone":"Zone3B","length_m":2540,"asset":"179,178,5338,177"},"geometry":{"type":"MultiLineString","coordinates":[[[142.1233,-36.97405],[142.12227,-36.97393],[142.12061,-36.97376],[142.11721,-36.97342],[142.11634,-36.97335],[142.11495,-36.97324],[142.11305,-36.97304],[142.11143,-36.97288],[142.10739,-36.97249],[142.10545,-36.97229],[142.10268,-36.97202],[142.10085,-36.97206],[142.09913,-36.97208],[142.09675,-36.97209],[142.0951,-36.9721],[142.09478,-36.97207]]]}},{"type":"Feature","properties":{"name":"Dip Swamp Rd","program":"27-28 Grading Programme","locality":"Pave Change","to":"Pave Change","zone":"Zone3B","length_m":700,"asset":"574"},"geometry":{"type":"MultiLineString","coordinates":[[[142.10919,-36.96317],[142.10877,-36.96381],[142.10799,-36.96493],[142.10758,-36.9656],[142.10745,-36.96574],[142.10727,-36.96585],[142.10691,-36.96584],[142.10566,-36.96571],[142.10449,-36.96558],[142.10387,-36.96552],[142.10371,-36.9656],[142.10366,-36.9657],[142.10363,-36.96589]]]}},{"type":"Feature","properties":{"name":"Howards Rd","program":"27-28 Grading Programme","locality":"Seal Ends (Entry to Res @ 302)","to":"Hills Rd","zone":"Zone3B","length_m":2020,"asset":"1082,1083,1081"},"geometry":{"type":"MultiLineString","coordinates":[[[142.13816,-36.94116],[142.1372,-36.94115],[142.1356,-36.94111],[142.13127,-36.94104],[142.12898,-36.94099],[142.12711,-36.94096],[142.1255,-36.94093],[142.12432,-36.94091],[142.12236,-36.94089],[142.12027,-36.94086],[142.11824,-36.94082],[142.11522,-36.94076]]]}},{"type":"Feature","properties":{"name":"Hills Rd","program":"27-28 Grading Programme","locality":"Jallumba-Mockinya Rd","to":"Heards Rd","zone":"Zone3B","length_m":4050,"asset":"3047,3046,1039,5373,3045,3044"},"geometry":{"type":"MultiLineString","coordinates":[[[142.11485,-36.95733],[142.11479,-36.95719],[142.11485,-36.95522],[142.11487,-36.95422],[142.11489,-36.95329],[142.11498,-36.95023],[142.11501,-36.94885],[142.11504,-36.94829],[142.11505,-36.94714],[142.11514,-36.94398],[142.11517,-36.94263],[142.11519,-36.94188],[142.1152,-36.94101],[142.11522,-36.94076],[142.11549,-36.93042],[142.11566,-36.92412],[142.1157,-36.92272],[142.11572,-36.92183],[142.11574,-36.92087]]]}},{"type":"Feature","properties":{"name":"Clarkes Ln (Mockinya)","program":"27-28 Grading Programme","locality":"Jallumba-Mockinya Rd","to":"Bells Rd","zone":"Zone3B","length_m":1680,"asset":"381"},"geometry":{"type":"MultiLineString","coordinates":[[[142.1256,-36.95902],[142.12534,-36.96071],[142.12517,-36.96174],[142.12497,-36.96294],[142.1239,-36.97],[142.1233,-36.97405]]]}},{"type":"Feature","properties":{"name":"Heards Rd (Nurrabiel)","program":"27-28 Grading Programme","locality":"Henty Hwy","to":"Wonwondah-Toolondo Rd","zone":"Zone3B","length_m":9160,"asset":"1007,5369,1008,3056,3055,3054,3052,3051,3050,3053"},"geometry":{"type":"MultiLineString","coordinates":[[[142.13978,-36.91997],[142.13901,-36.91997],[142.13599,-36.92044],[142.13284,-36.92093],[142.13149,-36.92115],[142.13053,-36.92137],[142.1303,-36.92147],[142.13004,-36.92167],[142.12976,-36.92191],[142.12947,-36.92207],[142.12925,-36.92214],[142.12903,-36.92218],[142.1286,-36.92216],[142.12605,-36.92188],[142.12288,-36.92156],[142.11574,-36.92087],[142.11195,-36.92051],[142.10778,-36.92011],[142.10682,-36.92001],[142.10245,-36.91958],[142.0983,-36.91916],[142.09565,-36.91889],[142.08754,-36.91811],[142.08437,-36.91781],[142.0801,-36.91738],[142.06878,-36.91627],[142.06452,-36.91586],[142.05916,-36.91534],[142.05785,-36.9152],[142.04862,-36.91428],[142.04084,-36.91355],[142.04047,-36.9135],[142.04035,-36.91347],[142.04026,-36.9134],[142.04022,-36.91333],[142.04023,-36.91324],[142.04028,-36.91314],[142.04052,-36.91265],[142.04056,-36.91246],[142.04055,-36.91227],[142.04051,-36.91216],[142.04041,-36.91209]]]}},{"type":"Feature","properties":{"name":"Nixons South Rd","program":"27-28 Grading Programme","locality":"Nixons Rd","to":"Curtis Rd","zone":"Zone4B","length_m":4200,"asset":"1663,5411,2883"},"geometry":{"type":"MultiLineString","coordinates":[[[142.1782,-36.86534],[142.17812,-36.8756],[142.17807,-36.87804],[142.17796,-36.89305],[142.17795,-36.90131]]]}},{"type":"Feature","properties":{"name":"Zippels Rd","program":"27-28 Grading Programme","locality":"Grahams Bridge Rd","to":"Peuckers Rd","zone":"Zone4B","length_m":3150,"asset":"2751,2752"},"geometry":{"type":"MultiLineString","coordinates":[[[142.21313,-36.85943],[142.2303,-36.85939],[142.24852,-36.85942]]]}},{"type":"Feature","properties":{"name":"Peuckers Rd","program":"27-28 Grading Programme","locality":"Zippels Rd","to":"End (Entry to Residence)","zone":"Zone4B","length_m":1170,"asset":"3245"},"geometry":{"type":"MultiLineString","coordinates":[[[142.24849,-36.8595],[142.24847,-36.86766]]]}},{"type":"Feature","properties":{"name":"One Tree Rd","program":"27-28 Grading Programme","locality":"Channel Xing (Rocklands Channel)","to":"Laharum Rd","zone":"Zone4B","length_m":1145,"asset":"1787,1788"},"geometry":{"type":"MultiLineString","coordinates":[[[142.26665,-36.86779],[142.26666,-36.87196],[142.26665,-36.8783]]]}},{"type":"Feature","properties":{"name":"Mc Kenzies Rd","program":"27-28 Grading Programme","locality":"Green Lake Rd","to":"One Tree Rd Slip Ln","zone":"Zone4B","length_m":1530,"asset":"4859"},"geometry":{"type":"MultiLineString","coordinates":[[[142.28506,-36.84126],[142.26932,-36.84117],[142.2684,-36.84121],[142.26792,-36.84125]]]}},{"type":"Feature","properties":{"name":"Old Wartook Rd","program":"27-28 Grading Programme","locality":"Taylors Rd","to":"Green Lake Rd","zone":"Zone4B","length_m":2108,"asset":"1771,1772"},"geometry":{"type":"MultiLineString","coordinates":[[[142.30308,-36.84146],[142.30254,-36.84139],[142.30221,-36.8413],[142.29352,-36.83389],[142.28513,-36.82658]]]}},{"type":"Feature","properties":{"name":"Old Wartook Rd","program":"27-28 Grading Programme","locality":"Laharum Rd","to":"Pave Change","zone":"Zone4B","length_m":1620,"asset":"4987,1769"},"geometry":{"type":"MultiLineString","coordinates":[[[142.31885,-36.87693],[142.31898,-36.87686],[142.31897,-36.87671],[142.31825,-36.8751],[142.31302,-36.86321]]]}},{"type":"Feature","properties":{"name":"Franciscos Rd","program":"27-28 Grading Programme","locality":"Laharum Rd","to":"Entry to Residence","zone":"Zone4B","length_m":6220,"asset":"812,810,2837,813,811"},"geometry":{"type":"MultiLineString","coordinates":[[[142.25987,-36.87832],[142.25977,-36.90104],[142.25977,-36.9135],[142.25977,-36.91362],[142.25987,-36.91371],[142.26026,-36.91373],[142.26057,-36.91372],[142.26084,-36.91373],[142.26116,-36.91381],[142.26141,-36.91388],[142.26212,-36.91414],[142.26209,-36.9173],[142.2622,-36.91759],[142.26261,-36.91761],[142.27213,-36.91761],[142.27481,-36.91761],[142.27489,-36.91761]]]}},{"type":"Feature","properties":{"name":"Dunns Rd","program":"27-28 Grading Programme","locality":"Laharum Rd","to":"Pave Change (Entry to Residence)","zone":"Zone4B","length_m":1450,"asset":"643"},"geometry":{"type":"MultiLineString","coordinates":[[[142.23777,-36.87826],[142.2348,-36.88263],[142.2346,-36.88303],[142.23471,-36.88382],[142.23497,-36.88593],[142.23483,-36.88807],[142.23484,-36.88869],[142.23513,-36.88942],[142.23528,-36.89058]]]}},{"type":"Feature","properties":{"name":"Hickeys Rd","program":"27-28 Grading Programme","locality":"Franciscos Rd","to":"Grahams Bridge Rd","zone":"Zone4B","length_m":3190,"asset":"5372,1022,1021"},"geometry":{"type":"MultiLineString","coordinates":[[[142.25977,-36.90104],[142.24001,-36.90098],[142.23953,-36.90099],[142.2392,-36.90117],[142.23905,-36.90123],[142.23886,-36.90123],[142.23856,-36.90119],[142.23773,-36.90117],[142.22421,-36.90117]]]}},{"type":"Feature","properties":{"name":"Unnamed Rd 051","program":"27-28 Grading Programme","locality":"Laharum Grahams Bridge Rd","to":"Fire Crossing No. 18","zone":"Zone4B","length_m":2440,"asset":"3275,3276,3274"},"geometry":{"type":"MultiLineString","coordinates":[[[142.24799,-36.95346],[142.24829,-36.95446],[142.24857,-36.9551],[142.24903,-36.95566],[142.24924,-36.95593],[142.24928,-36.95632],[142.24945,-36.9567],[142.25037,-36.9581],[142.25071,-36.95847],[142.25106,-36.95875],[142.25135,-36.95916],[142.25174,-36.95994],[142.25221,-36.96026],[142.25282,-36.96043],[142.25345,-36.96061],[142.25397,-36.96086],[142.25467,-36.9615],[142.25484,-36.96195],[142.25491,-36.9621],[142.25495,-36.96254],[142.25516,-36.96273],[142.25542,-36.96301],[142.25577,-36.96372],[142.25577,-36.96448],[142.25552,-36.96509],[142.25555,-36.96608],[142.25564,-36.96679],[142.25566,-36.96705],[142.25533,-36.9675],[142.25488,-36.96908],[142.25471,-36.9709],[142.25463,-36.97286]]]}},{"type":"Feature","properties":{"name":"Laharum-Grahams Bridge Rd","program":"27-28 Grading Programme","locality":"Unnamed Rd 51","to":"Grahams Bridge Rd","zone":"Zone4B","length_m":1410,"asset":"5757,1277"},"geometry":{"type":"MultiLineString","coordinates":[[[142.24799,-36.95346],[142.2479,-36.95322],[142.24781,-36.95298],[142.24767,-36.95275],[142.24727,-36.95218],[142.24651,-36.95176],[142.24498,-36.95097],[142.24432,-36.9507],[142.24349,-36.95035],[142.24252,-36.9496],[142.24169,-36.94914],[142.2409,-36.94878],[142.24039,-36.94822],[142.23975,-36.94768],[142.23909,-36.94744],[142.23828,-36.94732],[142.23737,-36.94731],[142.23677,-36.9472],[142.23616,-36.947],[142.23575,-36.94676],[142.23549,-36.9464]]]}},{"type":"Feature","properties":{"name":"Combes Rd (Laharum)","program":"27-28 Grading Programme","locality":"Northern Grampians Rd","to":"Pave Change","zone":"Zone4B","length_m":440,"asset":"424"},"geometry":{"type":"MultiLineString","coordinates":[[[142.3264,-36.85964],[142.33118,-36.85967]]]}},{"type":"Feature","properties":{"name":"Uebergangs Rd","program":"27-28 Grading Programme","locality":"Northern Grampians Rd","to":"Pave Change (Entry to Residence 99)","zone":"Zone4B","length_m":1260,"asset":"2398"},"geometry":{"type":"MultiLineString","coordinates":[[[142.33997,-36.82668],[142.32593,-36.82667]]]}},{"type":"Feature","properties":{"name":"Green Lake Tip Rd","program":"27-28 Grading Programme","locality":"Taylors Rd","to":"Tip Gate","zone":"Zone4B","length_m":540,"asset":"937"},"geometry":{"type":"MultiLineString","coordinates":[[[142.30349,-36.79723],[142.29735,-36.79728]]]}},{"type":"Feature","properties":{"name":"Millers Rd","program":"27-28 Grading Programme","locality":"Laharum Rd","to":"Pave Ends (Entry to Res. 100)","zone":"Zone4B","length_m":980,"asset":"1544"},"geometry":{"type":"MultiLineString","coordinates":[[[142.23047,-36.81178],[142.24149,-36.81181]]]}},{"type":"Feature","properties":{"name":"River Heights Rd","program":"27-28 Grading Programme","locality":"Seal Ends","to":"End","zone":"Zone2A","length_m":525,"asset":"2799,2023"},"geometry":{"type":"MultiLineString","coordinates":[[[142.2435,-36.68045],[142.24378,-36.68059],[142.24413,-36.6808],[142.24438,-36.68098],[142.24504,-36.6813],[142.24779,-36.68268],[142.24809,-36.68282],[142.24845,-36.68296],[142.24858,-36.68296]]]}},{"type":"Feature","properties":{"name":"Wail-Dooen Rd","program":"27-28 Grading Programme","locality":"Henty Hwy","to":"Pave Change (Entry to Residence 390)","zone":"Zone2A","length_m":3865,"asset":"3798,5480,5481,2529,2531,2530,2777"},"geometry":{"type":"MultiLineString","coordinates":[[[142.2551,-36.66109],[142.25466,-36.66055],[142.25417,-36.65997],[142.25299,-36.65862],[142.25258,-36.65813],[142.25231,-36.65783],[142.25165,-36.65709],[142.25042,-36.65565],[142.24892,-36.65392],[142.2482,-36.65307],[142.24512,-36.64951],[142.23575,-36.63864],[142.23171,-36.63415],[142.23103,-36.63311],[142.23012,-36.63224]]]}},{"type":"Feature","properties":{"name":"Creamery Rd","program":"27-28 Grading Programme","locality":"Henty Hwy","to":"End","zone":"Zone2A","length_m":415,"asset":"455,456"},"geometry":{"type":"MultiLineString","coordinates":[[[142.25937,-36.65307],[142.26244,-36.65307],[142.26366,-36.65307],[142.26406,-36.65303],[142.26467,-36.65273],[142.26488,-36.6529]]]}},{"type":"Feature","properties":{"name":"Railway St","program":"27-28 Grading Programme","locality":"Main St","to":"Entry to Railway & Jung Silos","zone":"Zone2A","length_m":170,"asset":"1943"},"geometry":{"type":"MultiLineString","coordinates":[[[142.35822,-36.60784],[142.35823,-36.60892],[142.35822,-36.60915]]]}},{"type":"Feature","properties":{"name":"Store St","program":"27-28 Grading Programme","locality":"Baker St","to":"End","zone":"Zone2A","length_m":100,"asset":"2269"},"geometry":{"type":"MultiLineString","coordinates":[[[142.36013,-36.60736],[142.36131,-36.60737]]]}},{"type":"Feature","properties":{"name":"Jung Tip Rd","program":"27-28 Grading Programme","locality":"Jung North Rd","to":"Pave Change (Jung Rubbish Tip)","zone":"Zone2A","length_m":1140,"asset":"1193"},"geometry":{"type":"MultiLineString","coordinates":[[[142.36011,-36.60976],[142.37153,-36.60975]]]}},{"type":"Feature","properties":{"name":"Whytes Rd","program":"27-28 Grading Programme","locality":"Greenhills Rd","to":"Smiths Rd","zone":"Zone2A","length_m":6440,"asset":"2642,3816,3817,2643,5215"},"geometry":{"type":"MultiLineString","coordinates":[[[142.32137,-36.59651],[142.32127,-36.59647],[142.32116,-36.59637],[142.32113,-36.59626],[142.32119,-36.59324],[142.3212,-36.58877],[142.32132,-36.57408],[142.32143,-36.56533],[142.32146,-36.56162],[142.32152,-36.55296]],[[142.32148,-36.55296],[142.32148,-36.54991],[142.32154,-36.54516],[142.32155,-36.53874]]]}},{"type":"Feature","properties":{"name":"Jung Cemetery Rd","program":"27-28 Grading Programme","locality":"Pave Change","to":"Banyena Rd","zone":"Zone2A","length_m":395,"asset":"1181"},"geometry":{"type":"MultiLineString","coordinates":[[[142.3719,-36.5567],[142.3719,-36.55309]]]}},{"type":"Feature","properties":{"name":"Lierschs Rd","program":"27-28 Grading Programme","locality":"Jung North Rd","to":"Jung Cemetery Rd","zone":"Zone2A","length_m":1205,"asset":"1355"},"geometry":{"type":"MultiLineString","coordinates":[[[142.37188,-36.56078],[142.36059,-36.56076],[142.35947,-36.56075],[142.35839,-36.56076],[142.35799,-36.5608]]]}},{"type":"Feature","properties":{"name":"Greenhills Rd","program":"27-28 Grading Programme","locality":"Pave Change (Entry to Residence)","to":"Major Culvert (Yarriambiack Crk) Council Boundary","zone":"Zone2A","length_m":3290,"asset":"5364,3612,943,944"},"geometry":{"type":"MultiLineString","coordinates":[[[142.35064,-36.59076],[142.36024,-36.59091],[142.37217,-36.59094],[142.38135,-36.59095],[142.38334,-36.59104],[142.38666,-36.59134],[142.38744,-36.59135]]]}},{"type":"Feature","properties":{"name":"Mokepilly Rd","program":"27-28 Grading Programme","locality":"Henty Hwy","to":"Maj Culvert-Yarriambiack Crk (Boundary)","zone":"Zone2A","length_m":7385,"asset":"1579,4894,4895,1581,4896,4897,4898,4899,4900"},"geometry":{"type":"MultiLineString","coordinates":[[[142.32442,-36.52451],[142.32463,-36.52454],[142.33727,-36.52447],[142.3512,-36.52463],[142.35549,-36.5246],[142.37372,-36.52474],[142.37691,-36.52479],[142.39062,-36.52486],[142.39174,-36.52488],[142.39209,-36.52486],[142.39219,-36.5247],[142.39208,-36.52385],[142.39194,-36.52316],[142.39149,-36.5225],[142.39126,-36.52201],[142.39127,-36.52159],[142.39135,-36.52124],[142.39177,-36.52038],[142.39209,-36.51993],[142.39249,-36.51881],[142.39277,-36.5181],[142.39417,-36.51407],[142.39424,-36.51384],[142.39432,-36.51376],[142.39442,-36.51369],[142.39456,-36.51365],[142.3947,-36.51362]]]}},{"type":"Feature","properties":{"name":"Daveys Rd","program":"27-28 Grading Programme","locality":"Council Boundary (Yarriambiack Creek)","to":"Henty Hwy","zone":"Zone2A","length_m":2750,"asset":"516,3267"},"geometry":{"type":"MultiLineString","coordinates":[[[142.39874,-36.47029],[142.39702,-36.47048],[142.39636,-36.47052],[142.39536,-36.47055],[142.38769,-36.47048],[142.38219,-36.47052],[142.38063,-36.47049],[142.37969,-36.47037],[142.37886,-36.47032],[142.36987,-36.47032],[142.36827,-36.47035]]]}},{"type":"Feature","properties":{"name":"Exells Rd (Kewell)","program":"27-28 Grading Programme","locality":"Old Minyip Rd","to":"Unnamed Rd 04","zone":"Zone2A","length_m":860,"asset":"717"},"geometry":{"type":"MultiLineString","coordinates":[[[142.35198,-36.47049],[142.352,-36.46332],[142.35198,-36.46279],[142.35184,-36.46268]]]}},{"type":"Feature","properties":{"name":"Unnamed Rd 004","program":"27-28 Grading Programme","locality":"Crafters Rd","to":"Exells Rd","zone":"Zone2A","length_m":270,"asset":"2440"},"geometry":{"type":"MultiLineString","coordinates":[[[142.35494,-36.4627],[142.35184,-36.46268]]]}},{"type":"Feature","properties":{"name":"Crafters Rd","program":"27-28 Grading Programme","locality":"Unnamed Rd 04","to":"Dimboola-Minyip Rd","zone":"Zone2A","length_m":1500,"asset":"454,453"},"geometry":{"type":"MultiLineString","coordinates":[[[142.35494,-36.4627],[142.35498,-36.45407],[142.35499,-36.44911]]]}},{"type":"Feature","properties":{"name":"Byrnes Rd (Kewell)","program":"27-28 Grading Programme","locality":"Byrneville Rd","to":"Byrneville West Rd","zone":"Zone2A","length_m":1835,"asset":"292"},"geometry":{"type":"MultiLineString","coordinates":[[[142.32856,-36.50169],[142.32858,-36.49932],[142.3286,-36.49684],[142.32861,-36.49415],[142.32863,-36.49025],[142.32864,-36.48515]]]}},{"type":"Feature","properties":{"name":"Sleeps Rd","program":"27-28 Grading Programme","locality":"Byrneville Rd","to":"Kalkee East Rd","zone":"Zone2A","length_m":1910,"asset":"2191"},"geometry":{"type":"MultiLineString","coordinates":[[[142.32052,-36.50567],[142.32055,-36.50584],[142.32052,-36.51327],[142.32049,-36.51826],[142.32048,-36.52177],[142.32049,-36.523]]]}},{"type":"Feature","properties":{"name":"Byrneville Rd","program":"27-28 Grading Programme","locality":"Henty Hwy","to":"Sleeps Rd","zone":"Zone2A","length_m":2730,"asset":"2915,294"},"geometry":{"type":"MultiLineString","coordinates":[[[142.34625,-36.50184],[142.34608,-36.50175],[142.34588,-36.50172],[142.32856,-36.50169],[142.32162,-36.50168],[142.32088,-36.50167],[142.32068,-36.50168],[142.32056,-36.5018],[142.32054,-36.50375],[142.32055,-36.5054],[142.32052,-36.50567]]]}},{"type":"Feature","properties":{"name":"Smiths Rd (Jung)","program":"27-28 Grading Programme","locality":"Pave Change (Entry to Residence 373)","to":"Pave Change (Entry to Residence 402)","zone":"Zone2A","length_m":305,"asset":"2205,2204"},"geometry":{"type":"MultiLineString","coordinates":[[[142.3518,-36.53913],[142.35375,-36.53912],[142.35498,-36.53912]]]}},{"type":"Feature","properties":{"name":"Shearwoods Rd","program":"27-28 Grading Programme","locality":"Henty Hwy","to":"Dogwood Rd","zone":"Zone2A","length_m":3060,"asset":"2180,2179,3733"},"geometry":{"type":"MultiLineString","coordinates":[[[142.31124,-36.53801],[142.31098,-36.53793],[142.30011,-36.53798],[142.28583,-36.53805],[142.27794,-36.53811],[142.2772,-36.5381]]]}},{"type":"Feature","properties":{"name":"Byrneville West Rd","program":"27-28 Grading Programme","locality":"Byrnes Rd","to":"Dogwood Rd","zone":"Zone2A","length_m":3795,"asset":"4046,298,297"},"geometry":{"type":"MultiLineString","coordinates":[[[142.32864,-36.48515],[142.30915,-36.48512],[142.29098,-36.48506],[142.29007,-36.48508],[142.28896,-36.48506],[142.28833,-36.48505]]]}},{"type":"Feature","properties":{"name":"Exells Quarry Rd","program":"27-28 Grading Programme","locality":"Byrneville West Rd","to":"Old Minyip Rd","zone":"Zone2A","length_m":1655,"asset":"714,713"},"geometry":{"type":"MultiLineString","coordinates":[[[142.30915,-36.48512],[142.30915,-36.47555],[142.3092,-36.47021]]]}},{"type":"Feature","properties":{"name":"Old Minyip Rd","program":"27-28 Grading Programme","locality":"Blue Ribbon Rd","to":"Henty Hwy","zone":"Zone2A","length_m":13220,"asset":"1759,1760,1761,3264,1762,1763,1764,3265,2917,2916"},"geometry":{"type":"MultiLineString","coordinates":[[[142.22087,-36.47],[142.23011,-36.47001],[142.2439,-36.47007],[142.2491,-36.47008],[142.26204,-36.47012],[142.26507,-36.47019],[142.26961,-36.47019],[142.27283,-36.4702],[142.28306,-36.47018],[142.29093,-36.47017],[142.3092,-36.47021],[142.31345,-36.47029],[142.315,-36.47028],[142.3151,-36.47028],[142.31528,-36.47028],[142.31627,-36.47034],[142.31749,-36.47042],[142.32749,-36.47041],[142.32851,-36.47043],[142.35198,-36.47049],[142.35385,-36.47046],[142.35509,-36.47029],[142.35552,-36.47034],[142.35618,-36.47047],[142.35652,-36.4705],[142.36719,-36.47049],[142.36814,-36.47038]]]}},{"type":"Feature","properties":{"name":"Byrneville West Slip Ln","program":"27-28 Grading Programme","locality":"Dogwood Rd","to":"Byrneville West Rd","zone":"Zone2A","length_m":222,"asset":"4047"},"geometry":{"type":"MultiLineString","coordinates":[[[142.29091,-36.48114],[142.29092,-36.48184],[142.2909,-36.48492],[142.29098,-36.48506]]]}},{"type":"Feature","properties":{"name":"Hermans Rd","program":"27-28 Grading Programme","locality":"Pave Change (Entry to Residence)","to":"Old Minyip Rd","zone":"Zone2A","length_m":1125,"asset":"0"},"geometry":{"type":"MultiLineString","coordinates":[[[142.26955,-36.48019],[142.26963,-36.47041],[142.26961,-36.47019]]]}},{"type":"Feature","properties":{"name":"Kings Rd","program":"27-28 Grading Programme","locality":"Dogwood Rd","to":"Blue Ribbon Rd","zone":"Zone2A","length_m":5970,"asset":"4693,2765,3649,4697,4696,0"},"geometry":{"type":"MultiLineString","coordinates":[[[142.291,-36.45529],[142.29087,-36.45527],[142.27288,-36.45523],[142.2728,-36.45522],[142.26366,-36.45522],[142.26026,-36.45522],[142.25927,-36.45522],[142.25469,-36.45521],[142.24912,-36.45486],[142.24204,-36.45451],[142.24135,-36.45448],[142.24033,-36.45445],[142.23487,-36.45444],[142.22471,-36.45441],[142.22433,-36.45438]]]}},{"type":"Feature","properties":{"name":"Wollermans Rd","program":"27-28 Grading Programme","locality":"Kalkee East Rd","to":"Pave Change (Entry to Residence 222)","zone":"Zone2A","length_m":2225,"asset":"2711,2710"},"geometry":{"type":"MultiLineString","coordinates":[[[142.24308,-36.52339],[142.24304,-36.5107],[142.24304,-36.50341]]]}},{"type":"Feature","properties":{"name":"Kalkee School Rd","program":"27-28 Grading Programme","locality":"Seal Ends","to":"Dooen North Rd","zone":"Zone2A","length_m":990,"asset":"2912"},"geometry":{"type":"MultiLineString","coordinates":[[[142.23015,-36.53798],[142.23545,-36.53798],[142.2412,-36.53797]]]}},{"type":"Feature","properties":{"name":"Banyena Rd","program":"27-28 Grading Programme","locality":"Blue Ribbon Rd","to":"Seal Starts","zone":"Zone2A","length_m":8315,"asset":"126,2792,125,127,2791"},"geometry":{"type":"MultiLineString","coordinates":[[[142.20801,-36.56281],[142.21282,-36.56284],[142.21319,-36.56281],[142.21363,-36.56274],[142.22297,-36.56078],[142.22985,-36.55933],[142.2304,-36.55925],[142.23112,-36.5592],[142.23153,-36.55917],[142.23194,-36.55908],[142.23253,-36.55894],[142.23344,-36.55868],[142.23471,-36.55834],[142.24096,-36.55696],[142.24112,-36.55695],[142.24124,-36.55696],[142.24141,-36.5569],[142.24932,-36.55527],[142.25737,-36.55355],[142.25751,-36.55353],[142.25766,-36.55352],[142.26204,-36.55354],[142.26403,-36.55357],[142.26543,-36.55365],[142.26549,-36.55364],[142.26597,-36.55365],[142.27732,-36.55359],[142.27923,-36.55358],[142.28697,-36.55351],[142.29132,-36.5534],[142.29906,-36.55315]]]}},{"type":"Feature","properties":{"name":"Dooen North Rd","program":"27-28 Grading Programme","locality":"Ladlows Rd","to":"Kalkee East Rd","zone":"Zone2A","length_m":9395,"asset":"596,5349,3576,597,598,5352,5351,5350,4156,4157,599,5353"},"geometry":{"type":"MultiLineString","coordinates":[[[142.24132,-36.60789],[142.24132,-36.60768],[142.24133,-36.60671],[142.2413,-36.60423],[142.24132,-36.59997],[142.24129,-36.58454],[142.24128,-36.57478],[142.24128,-36.57398],[142.24126,-36.57125],[142.24127,-36.56349],[142.24126,-36.56014],[142.24124,-36.55696],[142.24121,-36.54438],[142.2412,-36.53797],[142.2412,-36.53091],[142.24117,-36.52837],[142.24116,-36.52368],[142.24115,-36.52341]]]}},{"type":"Feature","properties":{"name":"Finlaysons Rd","program":"27-28 Grading Programme","locality":"Henty Hwy","to":"Blue Ribbon Rd","zone":"Zone2A","length_m":6915,"asset":"745,744,5214,743,3583"},"geometry":{"type":"MultiLineString","coordinates":[[[142.28202,-36.58453],[142.28157,-36.5845],[142.27957,-36.58452],[142.27757,-36.58452],[142.26071,-36.58453],[142.25784,-36.58452],[142.2452,-36.58456],[142.24129,-36.58454],[142.24106,-36.58457],[142.2231,-36.58458],[142.20484,-36.58457]]]}},{"type":"Feature","properties":{"name":"Dogwood Rd","program":"27-28 Grading Programme","locality":"Banyena Rd","to":"Shearwoods Rd","zone":"Zone2A","length_m":1720,"asset":"3570"},"geometry":{"type":"MultiLineString","coordinates":[[[142.27732,-36.55359],[142.27728,-36.54974],[142.27724,-36.54434],[142.2772,-36.5381]]]}},{"type":"Feature","properties":{"name":"Johns Rd","program":"27-28 Grading Programme","locality":"Henty Hwy","to":"End Gravel","zone":"Zone2A","length_m":1450,"asset":"1164,3629"},"geometry":{"type":"MultiLineString","coordinates":[[[142.28043,-36.58853],[142.28527,-36.58857],[142.29657,-36.58863],[142.29666,-36.58864]]]}},{"type":"Feature","properties":{"name":"Walsgotts Rd","program":"27-28 Grading Programme","locality":"Johns Rd","to":"Pave Change (Entry to Residence)","zone":"Zone2A","length_m":865,"asset":"2559"},"geometry":{"type":"MultiLineString","coordinates":[[[142.28527,-36.58857],[142.2854,-36.58872],[142.2854,-36.58931],[142.28537,-36.59196],[142.28536,-36.59372],[142.28532,-36.59628]]]}},{"type":"Feature","properties":{"name":"Max Johns Rd","program":"27-28 Grading Programme","locality":"Wimmera Hwy","to":"End Gravel","zone":"Zone2A","length_m":925,"asset":"1451"},"geometry":{"type":"MultiLineString","coordinates":[[[142.30308,-36.63266],[142.30299,-36.62428]]]}},{"type":"Feature","properties":{"name":"Greenhills Rd","program":"27-28 Grading Programme","locality":"Henty Hwy","to":"Pave Change","zone":"Zone2A","length_m":150,"asset":"939"},"geometry":{"type":"MultiLineString","coordinates":[[[142.26726,-36.61971],[142.26771,-36.6196],[142.26917,-36.61899]]]}},{"type":"Feature","properties":{"name":"Guests Rd","program":"27-28 Grading Programme","locality":"Geodetic Rd","to":"Wail-Dooen Rd","zone":"Zone2A","length_m":580,"asset":"4313"},"geometry":{"type":"MultiLineString","coordinates":[[[142.16834,-36.56288],[142.17509,-36.56285]]]}},{"type":"Feature","properties":{"name":"Wail-Dooen Rd","program":"27-28 Grading Programme","locality":"Motts Rd","to":"Geodetic Rd","zone":"Zone2A","length_m":885,"asset":"2535"},"geometry":{"type":"MultiLineString","coordinates":[[[142.17509,-36.56285],[142.1737,-36.56171],[142.17114,-36.55951],[142.16863,-36.55734],[142.16837,-36.55708]]]}},{"type":"Feature","properties":{"name":"Motts Rd (Kalkee)","program":"27-28 Grading Programme","locality":"Wail-Dooen Rd","to":"Blue Ribbon Rd","zone":"Zone2A","length_m":2930,"asset":"2793,3669,5671,1590"},"geometry":{"type":"MultiLineString","coordinates":[[[142.17509,-36.56285],[142.17796,-36.56286],[142.18137,-36.56284],[142.18657,-36.5628],[142.19138,-36.56282],[142.20801,-36.56281]]]}},{"type":"Feature","properties":{"name":"Lawsons Rd","program":"27-28 Grading Programme","locality":"Seal Ends","to":"Tonkins Rd","zone":"Zone2A","length_m":1282,"asset":"1348,3662"},"geometry":{"type":"MultiLineString","coordinates":[[[142.20246,-36.54717],[142.20065,-36.54712],[142.19921,-36.5471],[142.19131,-36.54714],[142.18946,-36.54713],[142.18882,-36.54715],[142.18848,-36.54714]]]}},{"type":"Feature","properties":{"name":"Wail-Dooen Rd","program":"27-28 Grading Programme","locality":"Bakers Rd","to":"Entry to Residence (1040)","zone":"Zone2A","length_m":567,"asset":"5482"},"geometry":{"type":"MultiLineString","coordinates":[[[142.19914,-36.58574],[142.19864,-36.58486],[142.1985,-36.58464],[142.19834,-36.58441],[142.19778,-36.5839],[142.19558,-36.58199]]]}},{"type":"Feature","properties":{"name":"Bakers Rd (Pimpinio)","program":"27-28 Grading Programme","locality":"Blue Ribbon Rd Rd","to":"Wail-Dooen Rd","zone":"Zone2A","length_m":515,"asset":"116"},"geometry":{"type":"MultiLineString","coordinates":[[[142.20481,-36.58466],[142.19983,-36.58574],[142.19946,-36.58576],[142.19914,-36.58574]]]}},{"type":"Feature","properties":{"name":"Kelly Rd","program":"27-28 Grading Programme","locality":"Finlaysons Rd","to":"End Gravel (Entry to Residence )","zone":"Zone2A","length_m":270,"asset":"1228"},"geometry":{"type":"MultiLineString","coordinates":[[[142.2231,-36.58458],[142.22307,-36.58215]]]}},{"type":"Feature","properties":{"name":"Thomas Rd","program":"27-28 Grading Programme","locality":"Old Minyip Rd","to":"Entry to Residence (150)","zone":"Zone2A","length_m":1510,"asset":"2314"},"geometry":{"type":"MultiLineString","coordinates":[[[142.19319,-36.4701],[142.19317,-36.46998],[142.19318,-36.46786],[142.19311,-36.45764],[142.19307,-36.45653]]]}},{"type":"Feature","properties":{"name":"Tonkins Rd (Kalkee)","program":"27-28 Grading Programme","locality":"Lawsons Rd","to":"Old Minyip Rd","zone":"Zone2A","length_m":8550,"asset":"2339,2344,2343,2338,2337,2342,2341,2340"},"geometry":{"type":"MultiLineString","coordinates":[[[142.18848,-36.54714],[142.18848,-36.53312],[142.18848,-36.5282],[142.18845,-36.51576],[142.18846,-36.51461],[142.18845,-36.5108],[142.18846,-36.50179],[142.18847,-36.49796],[142.18846,-36.49258],[142.18843,-36.48129],[142.18839,-36.47047],[142.18841,-36.47005]]]}},{"type":"Feature","properties":{"name":"Reynolds Rd (Kalkee)","program":"27-28 Grading Programme","locality":"Pave Change (Entry to Residence 402)","to":"Tonkins Rd","zone":"Zone2A","length_m":2740,"asset":"2002,2001"},"geometry":{"type":"MultiLineString","coordinates":[[[142.15774,-36.52833],[142.15818,-36.52832],[142.16832,-36.5283],[142.18848,-36.5282]]]}},{"type":"Feature","properties":{"name":"Geodetic Rd","program":"27-28 Grading Programme","locality":"Seal Ends","to":"Old Minyip Rd","zone":"Zone2A","length_m":13920,"asset":"856,857,858,859,4282,4283,3591,861,862,863,864,865,5363,866"},"geometry":{"type":"MultiLineString","coordinates":[[[142.16837,-36.59461],[142.16835,-36.58576],[142.16833,-36.57574],[142.16834,-36.56288],[142.16834,-36.55823],[142.16836,-36.55729],[142.16837,-36.55708],[142.16839,-36.55695],[142.16833,-36.55675],[142.16834,-36.55367],[142.16834,-36.54721],[142.16832,-36.52843],[142.16832,-36.5283],[142.16832,-36.51088],[142.16832,-36.50007],[142.16832,-36.49273],[142.16837,-36.49259],[142.1664,-36.48713],[142.16571,-36.48508],[142.16464,-36.48193],[142.16456,-36.46961]]]}},{"type":"Feature","properties":{"name":"Boehms Rd","program":"27-28 Grading Programme","locality":"Walshs Rd","to":"Pave Ends (Entry to Residence)","zone":"Zone1B","length_m":530,"asset":"215"},"geometry":{"type":"MultiLineString","coordinates":[[[142.09883,-36.66822],[142.09864,-36.66824],[142.09667,-36.66827],[142.09534,-36.66827],[142.09493,-36.66829],[142.09401,-36.66827],[142.09301,-36.66826]]]}},{"type":"Feature","properties":{"name":"Walshs Rd (Pimpinio)","program":"27-28 Grading Programme","locality":"Boehms Rd","to":"Polkemmet Rd","zone":"Zone1B","length_m":700,"asset":"2567"},"geometry":{"type":"MultiLineString","coordinates":[[[142.09883,-36.66822],[142.09886,-36.66815],[142.09887,-36.66804],[142.09886,-36.66708],[142.09882,-36.66647],[142.09881,-36.66217],[142.0988,-36.66181]]]}},{"type":"Feature","properties":{"name":"Lindners Rd","program":"27-28 Grading Programme","locality":"Start Gravel (Entry to Residence)","to":"O Brees Rd","zone":"Zone1B","length_m":1010,"asset":"4773,4772"},"geometry":{"type":"MultiLineString","coordinates":[[[142.08092,-36.68835],[142.08093,-36.69396],[142.08095,-36.69613],[142.08094,-36.69739]]]}},{"type":"Feature","properties":{"name":"Rudolphs Rd","program":"27-28 Grading Programme","locality":"Pave Change (Entry to Residence 562)","to":"Lindners Rd","zone":"Zone1B","length_m":460,"asset":"3730"},"geometry":{"type":"MultiLineString","coordinates":[[[142.08626,-36.72646],[142.08108,-36.72649]]]}},{"type":"Feature","properties":{"name":"Lindners Rd","program":"27-28 Grading Programme","locality":"Rudolphs Rd","to":"Wimmera Hwy","zone":"Zone1B","length_m":1400,"asset":"1367"},"geometry":{"type":"MultiLineString","coordinates":[[[142.08108,-36.72649],[142.08109,-36.72853],[142.08111,-36.73085],[142.08112,-36.73352],[142.08116,-36.73901]]]}},{"type":"Feature","properties":{"name":"Remlaw Station Rd","program":"27-28 Grading Programme","locality":"Wimmera Hwy","to":"Polkemmet Rd","zone":"Zone1B","length_m":8350,"asset":"3015,3016,1987,3013,3014"},"geometry":{"type":"MultiLineString","coordinates":[[[142.11731,-36.73893],[142.11729,-36.73717],[142.11727,-36.73226],[142.11724,-36.72634],[142.11716,-36.71363],[142.11706,-36.69725],[142.11705,-36.69614],[142.11703,-36.69241],[142.117,-36.68824],[142.117,-36.68534],[142.117,-36.68272],[142.11698,-36.68114],[142.11697,-36.6786],[142.11695,-36.67527],[142.11692,-36.66994],[142.1169,-36.6638]]]}},{"type":"Feature","properties":{"name":"Remlaw Rd","program":"27-28 Grading Programme","locality":"Seal Ends","to":"Remlaw Station Rd","zone":"Zone1B","length_m":3780,"asset":"3018,3019,3020,1982"},"geometry":{"type":"MultiLineString","coordinates":[[[142.15963,-36.71347],[142.14854,-36.71351],[142.14207,-36.71354],[142.13734,-36.71356],[142.12891,-36.7136],[142.12615,-36.71361],[142.11716,-36.71363]]]}},{"type":"Feature","properties":{"name":"Keatings Rd","program":"27-28 Grading Programme","locality":"O Brees Rd","to":"End Gravel","zone":"Zone1B","length_m":1320,"asset":"5384,1225"},"geometry":{"type":"MultiLineString","coordinates":[[[142.13515,-36.6972],[142.13513,-36.69654],[142.13508,-36.68603],[142.13506,-36.68496]]]}},{"type":"Feature","properties":{"name":"Three Mile Rd","program":"27-28 Grading Programme","locality":"Pave Change (Entry to Residence 334)","to":"Remlaw Station Rd","zone":"Zone1B","length_m":630,"asset":"3772"},"geometry":{"type":"MultiLineString","coordinates":[[[142.12412,-36.68268],[142.12389,-36.68263],[142.12368,-36.68263],[142.12184,-36.68264],[142.11851,-36.68265],[142.11714,-36.68266],[142.117,-36.68272]]]}},{"type":"Feature","properties":{"name":"Gatehouse Rd","program":"27-28 Grading Programme","locality":"Henty Hwy","to":"Blue Ribbon Rd","zone":"Zone2A","length_m":2900,"asset":"838,3596,5361,837,839"},"geometry":{"type":"MultiLineString","coordinates":[[[142.23442,-36.68231],[142.23421,-36.68226],[142.23406,-36.68225],[142.23273,-36.68224],[142.22816,-36.68228],[142.22347,-36.68229],[142.21269,-36.68233],[142.20212,-36.68238]]]}},{"type":"Feature","properties":{"name":"Dooen South Rd","program":"27-28 Grading Programme","locality":"Rasmussen Rd","to":"Gatehouse Rd","zone":"Zone2A","length_m":1646,"asset":"606,3574"},"geometry":{"type":"MultiLineString","coordinates":[[[142.22291,-36.69679],[142.22291,-36.6966],[142.22305,-36.69638],[142.22334,-36.6961],[142.22346,-36.69594],[142.22354,-36.69578],[142.22358,-36.69553],[142.22351,-36.68835],[142.22347,-36.68229]]]}},{"type":"Feature","properties":{"name":"Petrie Ln","program":"27-28 Grading Programme","locality":"Cameron Rd North","to":"Seal Starts","zone":"Zone2A","length_m":1805,"asset":"5431,5432,1847,5430"},"geometry":{"type":"MultiLineString","coordinates":[[[142.2235,-36.70744],[142.22369,-36.70733],[142.22394,-36.70728],[142.22412,-36.70711],[142.22429,-36.70663],[142.22443,-36.70615],[142.22474,-36.70565],[142.22515,-36.70502],[142.22526,-36.70465],[142.22529,-36.70436],[142.22703,-36.70438],[142.22735,-36.7043],[142.22765,-36.70403],[142.22824,-36.70334],[142.22863,-36.70286],[142.22911,-36.70226],[142.22918,-36.7022],[142.23008,-36.70141],[142.23062,-36.70095],[142.23084,-36.70078],[142.23122,-36.70066],[142.23191,-36.70058],[142.23227,-36.70039],[142.23286,-36.70014],[142.23347,-36.69969],[142.23373,-36.69939],[142.23381,-36.69906],[142.23382,-36.69856],[142.23389,-36.69835],[142.23457,-36.69782],[142.23497,-36.69759],[142.23553,-36.69718],[142.23562,-36.69709],[142.2356,-36.69698],[142.23552,-36.69693],[142.23531,-36.6969],[142.23506,-36.69689],[142.23487,-36.69689]]]}},{"type":"Feature","properties":{"name":"Pearsons Rd","program":"27-28 Grading Programme","locality":"Gate (Horsham Sewerage Treatment Works)","to":"Kenny Rd","zone":"Zone4B","length_m":80,"asset":"1823"},"geometry":{"type":"MultiLineString","coordinates":[[[142.169,-36.74108],[142.16897,-36.74173]]]}},{"type":"Feature","properties":{"name":"Clynes Rd West","program":"27-28 Grading Programme","locality":"Pave Change (Entry to Residence)","to":"Henty Hwy","zone":"Zone4B","length_m":1455,"asset":"414,415,413"},"geometry":{"type":"MultiLineString","coordinates":[[[142.19041,-36.78228],[142.18723,-36.78227],[142.18663,-36.78229],[142.18584,-36.7823],[142.18551,-36.78222],[142.18513,-36.78219],[142.18468,-36.78227],[142.18429,-36.78228],[142.18317,-36.78224],[142.18256,-36.7822],[142.18113,-36.78228],[142.18042,-36.78224],[142.17973,-36.78221],[142.17955,-36.78219],[142.17929,-36.78151],[142.17911,-36.78124],[142.17908,-36.78079],[142.1792,-36.78038],[142.17904,-36.77998],[142.17835,-36.77899],[142.17781,-36.77833]]]}},{"type":"Feature","properties":{"name":"Watsons Ln","program":"27-28 Grading Programme","locality":"Plozzas Rd","to":"Gate","zone":"Zone4B","length_m":490,"asset":"2581"},"geometry":{"type":"MultiLineString","coordinates":[[[142.18744,-36.75293],[142.1875,-36.74853]]]}},{"type":"Feature","properties":{"name":"Holes Rd","program":"27-28 Grading Programme","locality":"Grahams Bridge Rd","to":"Pave Change","zone":"Zone4B","length_m":1015,"asset":"1052"},"geometry":{"type":"MultiLineString","coordinates":[[[142.21244,-36.75305],[142.21635,-36.75306],[142.22093,-36.75306],[142.22386,-36.75306]]]}},{"type":"Feature","properties":{"name":"Mackies Rd","program":"27-28 Grading Programme","locality":"End of Seal","to":"Old Hamilton Rd","zone":"Zone4B","length_m":335,"asset":"4806"},"geometry":{"type":"MultiLineString","coordinates":[[[142.20094,-36.76767],[142.20515,-36.76769]]]}},{"type":"Feature","properties":{"name":"Bakers Rd (Haven)","program":"27-28 Grading Programme","locality":"Old Hamilton Rd","to":"Seal Starts","zone":"Zone4B","length_m":865,"asset":"113"},"geometry":{"type":"MultiLineString","coordinates":[[[142.20511,-36.78216],[142.20314,-36.78229],[142.20077,-36.78231],[142.19956,-36.78213],[142.19844,-36.78202],[142.19769,-36.78185],[142.19719,-36.78181],[142.19671,-36.78181],[142.19595,-36.78174],[142.19535,-36.78169]]]}},{"type":"Feature","properties":{"name":"Old Hamilton Rd","program":"27-28 Grading Programme","locality":"Seal Ends","to":"Mc Kenzie Creek Reserve Rd","zone":"Zone4B","length_m":3325,"asset":"1751,1752,1750,1754,3685,1753"},"geometry":{"type":"MultiLineString","coordinates":[[[142.20505,-36.78894],[142.20504,-36.78963],[142.20502,-36.78987],[142.20489,-36.79008],[142.20451,-36.79035],[142.20394,-36.79075],[142.20348,-36.7911],[142.20312,-36.79145],[142.20285,-36.79172],[142.20258,-36.79192],[142.20192,-36.79239],[142.20124,-36.79294],[142.20065,-36.79342],[142.20011,-36.79391],[142.19961,-36.79439],[142.19927,-36.79459],[142.19875,-36.79481],[142.19813,-36.79516],[142.19811,-36.79516],[142.19758,-36.79554],[142.19623,-36.79656],[142.19583,-36.79685],[142.19486,-36.79754],[142.19395,-36.79821],[142.19373,-36.7984],[142.1921,-36.79964],[142.18864,-36.80219],[142.18673,-36.80366],[142.18495,-36.80493],[142.18422,-36.80552],[142.18291,-36.80651],[142.18246,-36.80686],[142.18203,-36.80723],[142.18186,-36.80756],[142.18105,-36.80834],[142.18049,-36.8087],[142.17995,-36.80898],[142.17989,-36.8094],[142.17992,-36.80971],[142.17997,-36.81003],[142.17995,-36.8101]]]}},{"type":"Feature","properties":{"name":"Clynes Rd","program":"27-28 Grading Programme","locality":"Old Hamilton Rd","to":"Grahams Bridge Rd","zone":"Zone4B","length_m":640,"asset":"405"},"geometry":{"type":"MultiLineString","coordinates":[[[142.20511,-36.78216],[142.20541,-36.7821],[142.21041,-36.78212],[142.21145,-36.78225],[142.21229,-36.78224]]]}},{"type":"Feature","properties":{"name":"Grahams Bridge Rd","program":"27-28 Grading Programme","locality":"Seal Ends","to":"Reynolds Rd","zone":"Zone4B","length_m":2650,"asset":"4291,4292,925"},"geometry":{"type":"MultiLineString","coordinates":[[[142.21232,-36.77313],[142.21228,-36.78201],[142.21229,-36.78224],[142.21227,-36.78948],[142.21224,-36.79702]]]}},{"type":"Feature","properties":{"name":"Reynolds Rd (Bungalally)","program":"27-28 Grading Programme","locality":"Pave Change (Entry to Residence 241)","to":"Old Hamilton Rd","zone":"Zone4B","length_m":5570,"asset":"1998,1997,5456,5455,2835,3717,2836"},"geometry":{"type":"MultiLineString","coordinates":[[[142.25798,-36.79713],[142.24872,-36.79712],[142.24285,-36.79707],[142.24256,-36.79709],[142.24227,-36.79714],[142.24198,-36.79714],[142.23053,-36.79708],[142.21224,-36.79702],[142.20783,-36.797],[142.20647,-36.79699],[142.2059,-36.79704],[142.20543,-36.79704],[142.2051,-36.79702],[142.20448,-36.79703],[142.19676,-36.79699],[142.1963,-36.79697],[142.19611,-36.79694],[142.19601,-36.79691],[142.19594,-36.79686],[142.19586,-36.79682]]]}},{"type":"Feature","properties":{"name":"Eagles Rd","program":"27-28 Grading Programme","locality":"Pave Change","to":"Laharum Rd","zone":"Zone4B","length_m":370,"asset":"658"},"geometry":{"type":"MultiLineString","coordinates":[[[142.23439,-36.82647],[142.23036,-36.82644]]]}},{"type":"Feature","properties":{"name":"Pennys Rd","program":"27-28 Grading Programme","locality":"Exells Rd","to":"Old Hamilton Rd","zone":"Zone4B","length_m":1475,"asset":"5429,1836"},"geometry":{"type":"MultiLineString","coordinates":[[[142.19378,-36.81161],[142.1939,-36.80371],[142.19398,-36.79886],[142.19386,-36.7986],[142.19384,-36.79851],[142.19373,-36.7984]]]}},{"type":"Feature","properties":{"name":"Mc Kenzie Ck Reserve Rd","program":"27-28 Grading Programme","locality":"Exells Rd","to":"Entry to Residence (101)","zone":"Zone4B","length_m":350,"asset":"4857,4856"},"geometry":{"type":"MultiLineString","coordinates":[[[142.18087,-36.81115],[142.18101,-36.81142],[142.18118,-36.81172],[142.18181,-36.81262],[142.18226,-36.81326],[142.18244,-36.81373],[142.18253,-36.81411]]]}},{"type":"Feature","properties":{"name":"Hardinghams Rd","program":"27-28 Grading Programme","locality":"End of Seal","to":"Property Entrance","zone":"Zone4B","length_m":295,"asset":"6046"},"geometry":{"type":"MultiLineString","coordinates":[[[142.18722,-36.78729],[142.18721,-36.78981]]]}},{"type":"Feature","properties":{"name":"A Smiths Rd","program":"27-28 Grading Programme","locality":"Henty Hwy","to":"Walshs Rd","zone":"Zone4B","length_m":1702,"asset":"2"},"geometry":{"type":"MultiLineString","coordinates":[[[142.17397,-36.79945],[142.15488,-36.79936]]]}},{"type":"Feature","properties":{"name":"Curran Rd (McKenzie Creek)","program":"27-28 Grading Programme","locality":"Nunkerri Rd","to":"Fence & Gate","zone":"Zone4B","length_m":800,"asset":"482"},"geometry":{"type":"MultiLineString","coordinates":[[[142.1671,-36.78217],[142.16717,-36.78654],[142.16726,-36.78914],[142.16727,-36.78926]]]}},{"type":"Feature","properties":{"name":"Walshs Rd (Mc Kenzie Crk)","program":"27-28 Grading Programme","locality":"Start Gravel","to":"Nunkerri Rd","zone":"Zone4B","length_m":36,"asset":"5532"},"geometry":{"type":"MultiLineString","coordinates":[[[142.15518,-36.78207],[142.15493,-36.7821],[142.15487,-36.7822],[142.15489,-36.78239]]]}},{"type":"Feature","properties":{"name":"Walshs Rd (Mc Kenzie Crk)","program":"27-28 Grading Programme","locality":"A Smiths Rd","to":"Pave Change","zone":"Zone4B","length_m":490,"asset":"2561"},"geometry":{"type":"MultiLineString","coordinates":[[[142.15487,-36.79508],[142.15486,-36.79646],[142.15485,-36.79811],[142.15488,-36.79936]]]}},{"type":"Feature","properties":{"name":"Fultons Rd Extension","program":"27-28 Grading Programme","locality":"Three Bridges Rd","to":"Pave Change (Entry to Residence)","zone":"Zone1B","length_m":910,"asset":"4260,829"},"geometry":{"type":"MultiLineString","coordinates":[[[142.13245,-36.75573],[142.13296,-36.75564],[142.13418,-36.75551],[142.13538,-36.75535],[142.13551,-36.7552],[142.13549,-36.75502],[142.13545,-36.75467],[142.13543,-36.75194],[142.1354,-36.75116],[142.13543,-36.74981],[142.13538,-36.7495]]]}},{"type":"Feature","properties":{"name":"Tuckers Rd South (Vectis)","program":"27-28 Grading Programme","locality":"Horsham-Noradjuha Rd","to":"Pave Ends (Entry to Residence 13)","zone":"Zone1B","length_m":135,"asset":"2384"},"geometry":{"type":"MultiLineString","coordinates":[[[142.09956,-36.777],[142.09954,-36.77579]]]}},{"type":"Feature","properties":{"name":"Tuckers Rd North (Vectis)","program":"27-28 Grading Programme","locality":"Wimmera Hwy","to":"Pave Change","zone":"Zone1B","length_m":3140,"asset":"2382,2381,2380"},"geometry":{"type":"MultiLineString","coordinates":[[[142.09922,-36.73917],[142.09933,-36.75553],[142.09928,-36.75752],[142.09931,-36.75781],[142.09933,-36.75861],[142.09933,-36.76001],[142.09936,-36.76085],[142.09937,-36.76225],[142.09939,-36.76454],[142.09941,-36.76601],[142.09939,-36.7674]]]}},{"type":"Feature","properties":{"name":"Lanes Ave","program":"27-28 Grading Programme","locality":"Tuckers Rd","to":"Hutchinsons Rd","zone":"Zone1B","length_m":4850,"asset":"4764,4763,1323,5396,1325"},"geometry":{"type":"MultiLineString","coordinates":[[[142.09933,-36.75553],[142.09794,-36.75552],[142.0973,-36.75552],[142.09398,-36.75553],[142.09095,-36.75555],[142.08723,-36.75556],[142.08604,-36.75557],[142.08567,-36.75558],[142.08506,-36.75562],[142.08287,-36.75559],[142.08124,-36.75559],[142.08038,-36.75558],[142.07958,-36.75559],[142.0785,-36.75561],[142.07674,-36.75558],[142.07591,-36.75559],[142.0751,-36.75562],[142.07401,-36.75563],[142.0735,-36.75562],[142.07281,-36.7556],[142.07162,-36.7556],[142.06969,-36.75561],[142.06703,-36.75563],[142.06316,-36.75564],[142.0612,-36.75563],[142.06006,-36.75566],[142.0574,-36.75567],[142.05469,-36.7557],[142.05427,-36.75569],[142.05359,-36.75567],[142.05322,-36.75566],[142.05296,-36.75568],[142.05252,-36.7557],[142.05205,-36.75571],[142.05174,-36.75569],[142.05141,-36.75567],[142.05102,-36.75567],[142.05064,-36.7557],[142.04899,-36.7557],[142.04677,-36.75568],[142.04507,-36.75571]]]}},{"type":"Feature","properties":{"name":"Lindners Rd","program":"27-28 Grading Programme","locality":"Lindners Rd","to":"Gate","zone":"Zone1B","length_m":135,"asset":"1370"},"geometry":{"type":"MultiLineString","coordinates":[[[142.08133,-36.7687],[142.08139,-36.76994]]]}},{"type":"Feature","properties":{"name":"Hutchinsons Rd (Quantong)","program":"27-28 Grading Programme","locality":"Seal Ends","to":"Pave Ends (Entry to Res. @ 4120)","zone":"Zone1B","length_m":810,"asset":"4557"},"geometry":{"type":"MultiLineString","coordinates":[[[142.04515,-36.76897],[142.04515,-36.76906],[142.04515,-36.76986],[142.04516,-36.77004],[142.04516,-36.77012],[142.04522,-36.77022],[142.04535,-36.77027],[142.0455,-36.77027],[142.04748,-36.77026],[142.04938,-36.77026],[142.05004,-36.77024],[142.05072,-36.77023],[142.05102,-36.77026],[142.05125,-36.77027],[142.05143,-36.77024],[142.05162,-36.7702],[142.05201,-36.77019],[142.05236,-36.77022],[142.05252,-36.77026]]]}},{"type":"Feature","properties":{"name":"Pelchens Rd","program":"27-28 Grading Programme","locality":"Seal Ends","to":"Pave Ends","zone":"Zone1B","length_m":920,"asset":"1830"},"geometry":{"type":"MultiLineString","coordinates":[[[142.06321,-36.76358],[142.06324,-36.76428],[142.06322,-36.76492],[142.06321,-36.76546],[142.06323,-36.76593],[142.06323,-36.7661],[142.0632,-36.7663],[142.06315,-36.76653],[142.06314,-36.76667],[142.06295,-36.76695],[142.06293,-36.76708],[142.06295,-36.76738],[142.06286,-36.76791],[142.06285,-36.768],[142.06285,-36.76813],[142.06293,-36.76834],[142.06313,-36.76859],[142.06322,-36.76869],[142.06329,-36.76883],[142.0633,-36.76894],[142.06326,-36.7692],[142.06324,-36.76934],[142.06323,-36.76966],[142.06322,-36.77024]]]}},{"type":"Feature","properties":{"name":"Jones Ln","program":"27-28 Grading Programme","locality":"Asplins Rd","to":"End (Entry to Residence)","zone":"Zone1B","length_m":470,"asset":"1170,1169"},"geometry":{"type":"MultiLineString","coordinates":[[[142.02831,-36.74177],[142.03111,-36.74175],[142.03279,-36.74176],[142.03321,-36.74172],[142.03334,-36.74175],[142.0334,-36.74179],[142.03342,-36.74186],[142.03337,-36.74193],[142.03325,-36.74194],[142.03314,-36.74188],[142.03298,-36.7418],[142.03279,-36.74176]]]}},{"type":"Feature","properties":{"name":"Netherway Dr","program":"27-28 Grading Programme","locality":"Hutchinsons Rd","to":"Eltze Dr","zone":"Zone1B","length_m":1430,"asset":"3012,1653"},"geometry":{"type":"MultiLineString","coordinates":[[[142.04514,-36.76865],[142.04472,-36.76866],[142.04422,-36.76864],[142.04348,-36.76868],[142.04215,-36.76873],[142.04096,-36.76878],[142.04045,-36.76887],[142.03934,-36.76909],[142.03866,-36.76922],[142.03847,-36.76924],[142.03823,-36.76924],[142.03769,-36.76922],[142.03731,-36.76923],[142.03679,-36.76926],[142.03618,-36.76928],[142.03586,-36.76929],[142.03539,-36.76939],[142.03451,-36.76953],[142.0344,-36.76953],[142.03418,-36.76944],[142.03405,-36.76942],[142.03374,-36.76932],[142.03358,-36.76921],[142.03326,-36.76901],[142.03312,-36.76896],[142.033,-36.76897],[142.03275,-36.76897],[142.03243,-36.76892],[142.03229,-36.76889],[142.03211,-36.76889],[142.03163,-36.76904],[142.03029,-36.76951],[142.03012,-36.7696],[142.0296,-36.76972]]]}},{"type":"Feature","properties":{"name":"Robertson Ave","program":"27-28 Grading Programme","locality":"Asplins Rd","to":"Hughes Rd","zone":"Zone1B","length_m":840,"asset":"2060,2059"},"geometry":{"type":"MultiLineString","coordinates":[[[142.02831,-36.74069],[142.02659,-36.74072],[142.02374,-36.74072],[142.02266,-36.74072],[142.02061,-36.74073],[142.01885,-36.74073]]]}},{"type":"Feature","properties":{"name":"Hateleys Rd","program":"27-28 Grading Programme","locality":"Seal Ends","to":"Ends at Residence","zone":"Zone1B","length_m":1280,"asset":"990"},"geometry":{"type":"MultiLineString","coordinates":[[[141.99438,-36.75571],[142.00092,-36.75572],[142.00389,-36.75572],[142.00493,-36.75572],[142.00619,-36.75571],[142.0065,-36.75571],[142.00685,-36.75575]]]}},{"type":"Feature","properties":{"name":"Hammonds Rd","program":"27-28 Grading Programme","locality":"Hammond Mc Cuish Rd","to":"Entry to Residence","zone":"Zone1B","length_m":710,"asset":"973"},"geometry":{"type":"MultiLineString","coordinates":[[[141.91925,-36.79698],[141.91918,-36.79712],[141.91914,-36.79725],[141.91893,-36.79871],[141.9187,-36.80003],[141.91853,-36.80127],[141.91839,-36.80223],[141.91824,-36.80325]]]}},{"type":"Feature","properties":{"name":"Keytes Rd","program":"27-28 Grading Programme","locality":"Hammond Mccuish Rd","to":"J Sudholz Rd","zone":"Zone1B","length_m":6020,"asset":"4679,4680,4681,1239,2756,4682,5387,4683,3138,4684,4685"},"geometry":{"type":"MultiLineString","coordinates":[[[141.93113,-36.80705],[141.93117,-36.80699],[141.93121,-36.80696],[141.93127,-36.80687],[141.9313,-36.80676],[141.93131,-36.8066],[141.93132,-36.80567],[141.93131,-36.80519],[141.93126,-36.80465],[141.93128,-36.80392],[141.9313,-36.80228],[141.93128,-36.80063],[141.93127,-36.80034],[141.93125,-36.80004],[141.93125,-36.79988],[141.93128,-36.79953],[141.9313,-36.79879],[141.9313,-36.79804],[141.93131,-36.7978],[141.93133,-36.7977],[141.9314,-36.79754],[141.93243,-36.79591],[141.93337,-36.79445],[141.93389,-36.79366],[141.93415,-36.79323],[141.93421,-36.79311],[141.93423,-36.79301],[141.93426,-36.79277],[141.93426,-36.79069],[141.93427,-36.79056],[141.93429,-36.78513],[141.9343,-36.78168],[141.93431,-36.78112],[141.93431,-36.78095],[141.9343,-36.77611],[141.93434,-36.7759],[141.9345,-36.7757],[141.93518,-36.77508],[141.94206,-36.76854],[141.94241,-36.76819],[141.94244,-36.76803],[141.94236,-36.76211],[141.94227,-36.75624],[141.9423,-36.75613],[141.94246,-36.75605]]]}},{"type":"Feature","properties":{"name":"J Sudholz Rd","program":"27-28 Grading Programme","locality":"Natimuk-Hamilton Rd","to":"Keytes Rd","zone":"Zone1B","length_m":2140,"asset":"1110,5378,1109,5377"},"geometry":{"type":"MultiLineString","coordinates":[[[141.96625,-36.75587],[141.96393,-36.75589],[141.9628,-36.7559],[141.95165,-36.75598],[141.95119,-36.75598],[141.94246,-36.75605]]]}},{"type":"Feature","properties":{"name":"Old Noradjuha Rd","program":"27-28 Grading Programme","locality":"End of Seal","to":"J Sudholz Rd","zone":"Zone1B","length_m":1462,"asset":"1767"},"geometry":{"type":"MultiLineString","coordinates":[[[141.95105,-36.74294],[141.95105,-36.74299],[141.95119,-36.75598]]]}},{"type":"Feature","properties":{"name":"Browns Rd (Natimuk)","program":"27-28 Grading Programme","locality":"Natimuk-Hamilton Rd","to":"Keytes Rd","zone":"Zone1B","length_m":2380,"asset":"264"},"geometry":{"type":"MultiLineString","coordinates":[[[141.96907,-36.76782],[141.94786,-36.76798],[141.94244,-36.76803]]]}},{"type":"Feature","properties":{"name":"Moody School Rd","program":"27-28 Grading Programme","locality":"Natimuk-Hamilton Rd","to":"Gym Club Rd","zone":"Zone1B","length_m":1300,"asset":"1585"},"geometry":{"type":"MultiLineString","coordinates":[[[141.96992,-36.77126],[141.97159,-36.77125],[141.97339,-36.77125],[141.98406,-36.77123]]]}},{"type":"Feature","properties":{"name":"Natimuk Lake School Rd","program":"27-28 Grading Programme","locality":"Lake Rd","to":"Polkemmet Rd","zone":"Zone1B","length_m":1660,"asset":"1634"},"geometry":{"type":"MultiLineString","coordinates":[[[141.94227,-36.69256],[141.94246,-36.69251],[141.94309,-36.69239],[141.94825,-36.69144],[141.96051,-36.68918]]]}},{"type":"Feature","properties":{"name":"Lake Ave","program":"27-28 Grading Programme","locality":"Seal Ends","to":"Entry to Natimuk Lake Toilets","zone":"Zone1B","length_m":2860,"asset":"2891,2892,1304"},"geometry":{"type":"MultiLineString","coordinates":[[[141.94536,-36.73215],[141.94547,-36.73187],[141.94556,-36.73174],[141.94569,-36.73159],[141.94584,-36.73146],[141.94603,-36.73133],[141.94693,-36.73086],[141.94893,-36.72985],[141.94951,-36.72956],[141.95093,-36.72852],[141.95187,-36.72783],[141.95221,-36.72762],[141.95243,-36.72746],[141.9525,-36.7273],[141.95247,-36.72718],[141.95241,-36.72709],[141.95225,-36.72693],[141.95206,-36.72676],[141.9505,-36.72511],[141.94971,-36.72426],[141.94854,-36.72293],[141.94809,-36.72242],[141.94791,-36.72227],[141.94766,-36.72222],[141.94689,-36.72222],[141.94562,-36.72221],[141.94516,-36.72206],[141.94488,-36.72185],[141.94476,-36.72172],[141.94422,-36.72087],[141.94402,-36.72069],[141.94359,-36.7204],[141.9423,-36.71953],[141.94211,-36.71944],[141.94183,-36.7194],[141.94152,-36.71941],[141.9411,-36.7194],[141.94088,-36.71932],[141.9406,-36.71916],[141.94042,-36.71901],[141.94036,-36.71884],[141.94055,-36.71856],[141.9405,-36.71844],[141.94038,-36.71836],[141.93932,-36.71769],[141.93915,-36.71758],[141.93903,-36.71747],[141.93893,-36.71725],[141.93888,-36.71704],[141.9389,-36.71674],[141.93894,-36.71639],[141.93895,-36.71584],[141.93891,-36.71544]]]}},{"type":"Feature","properties":{"name":"Lake Ave","program":"27-28 Grading Programme","locality":"Start Gravel","to":"Lake Rd","zone":"Zone1B","length_m":950,"asset":"4736,4737"},"geometry":{"type":"MultiLineString","coordinates":[[[141.92818,-36.6915],[141.92817,-36.6914],[141.92819,-36.69132],[141.92825,-36.69123],[141.9287,-36.69076],[141.92898,-36.6905],[141.92912,-36.69039],[141.92926,-36.69029],[141.92961,-36.69008],[141.93022,-36.68976],[141.93099,-36.68936],[141.9317,-36.689],[141.93227,-36.68881],[141.93439,-36.68873],[141.93451,-36.68869]]]}},{"type":"Feature","properties":{"name":"Kuhne Rd","program":"27-28 Grading Programme","locality":"Lake Rd","to":"Wyn Wyn Rd","zone":"Zone1B","length_m":2210,"asset":"5392,1649"},"geometry":{"type":"MultiLineString","coordinates":[[[141.93223,-36.6776],[141.93097,-36.67762],[141.92979,-36.67763],[141.92008,-36.6776],[141.91914,-36.67759],[141.91901,-36.67761],[141.91891,-36.67766],[141.91887,-36.67776],[141.91886,-36.67783],[141.91947,-36.67967],[141.91992,-36.68117],[141.92019,-36.68198],[141.92026,-36.68207],[141.92042,-36.68229],[141.92082,-36.68268],[141.92078,-36.68283],[141.92062,-36.68288],[141.91977,-36.68288],[141.91631,-36.68288]]]}},{"type":"Feature","properties":{"name":"Quantong-Polkemmet Rd","program":"27-28 Grading Programme","locality":"Seal Ends","to":"Polkemmet Rd","zone":"Zone1B","length_m":8920,"asset":"1927,2943,2942,2941,2940,2939,5445,2938,2937,5446,2936"},"geometry":{"type":"MultiLineString","coordinates":[[[142.0169,-36.72992],[142.01639,-36.72941],[142.0153,-36.7277],[142.01422,-36.72598],[142.0135,-36.72483],[142.01252,-36.72321],[142.01229,-36.72293],[142.01212,-36.72283],[142.01167,-36.72255],[142.0112,-36.72223],[142.01109,-36.72203],[142.01105,-36.72183],[142.01104,-36.7209],[142.01106,-36.72],[142.01106,-36.71802],[142.01108,-36.71613],[142.01108,-36.71442],[142.01109,-36.71237],[142.01111,-36.71051],[142.01111,-36.70908],[142.01112,-36.70665],[142.01109,-36.70452],[142.01108,-36.70314],[142.01109,-36.70237],[142.01109,-36.70129],[142.01108,-36.69918],[142.01102,-36.69763],[142.01056,-36.69624],[142.01037,-36.69574],[142.00955,-36.69392],[142.00878,-36.69225],[142.0086,-36.69182],[142.00805,-36.69061],[142.00571,-36.68555],[142.00497,-36.68392],[142.00487,-36.68376],[142.0045,-36.68302],[142.00372,-36.68128],[142.00219,-36.67804],[142.00144,-36.67634],[142.00085,-36.67513],[142.00017,-36.67386],[141.99978,-36.67304],[141.99903,-36.67151],[141.99872,-36.67085],[141.9971,-36.66743],[141.99603,-36.66519],[141.99577,-36.66467],[141.99469,-36.66242],[141.99383,-36.66064],[141.99348,-36.65989],[141.99261,-36.65809],[141.99149,-36.65576],[141.99115,-36.65505],[141.99075,-36.65425],[141.99063,-36.65397],[141.99063,-36.65379]]]}},{"type":"Feature","properties":{"name":"O Brees Rd","program":"27-28 Grading Programme","locality":"Quantong-Polkemmet Rd","to":"Polkemmet Rd","zone":"Zone1B","length_m":4440,"asset":"1718,1717,1719,5421"},"geometry":{"type":"MultiLineString","coordinates":[[[142.01102,-36.69763],[141.99165,-36.69769],[141.98796,-36.6977],[141.98374,-36.6977],[141.98158,-36.6977],[141.97606,-36.69771],[141.97534,-36.6977],[141.9751,-36.69773],[141.97491,-36.69781],[141.97482,-36.69797],[141.97481,-36.69822],[141.97488,-36.69866],[141.97496,-36.69924],[141.97489,-36.69947],[141.97481,-36.69961],[141.97463,-36.69968],[141.97443,-36.69973],[141.97413,-36.69975],[141.97372,-36.69977],[141.97337,-36.69979],[141.97294,-36.69986],[141.97202,-36.70004],[141.96794,-36.70084],[141.96471,-36.70147],[141.96439,-36.70146],[141.96415,-36.7014],[141.96375,-36.70128]]]}},{"type":"Feature","properties":{"name":"O Brees Rd","program":"27-28 Grading Programme","locality":"Seal Ends","to":"Quantong-Polkemmet Rd","zone":"Zone1B","length_m":0,"asset":"5420"},"geometry":{"type":"MultiLineString","coordinates":[[[142.01136,-36.69763],[142.01102,-36.69763]]]}},{"type":"Feature","properties":{"name":"Remlaw Rd","program":"27-28 Grading Programme","locality":"Pave Change (Res. 1235 @ 12350)","to":"Quantong Cemetery Rd","zone":"Zone1B","length_m":530,"asset":"1986"},"geometry":{"type":"MultiLineString","coordinates":[[[142.05201,-36.71386],[142.04488,-36.71386]]]}},{"type":"Feature","properties":{"name":"Rudolphs Rd","program":"27-28 Grading Programme","locality":"Vectis Station Rd","to":"Quantong Cemetery Rd","zone":"Zone1B","length_m":1642,"asset":"2115"},"geometry":{"type":"MultiLineString","coordinates":[[[142.063,-36.72655],[142.04494,-36.72661]]]}},{"type":"Feature","properties":{"name":"Vectis Station Rd","program":"27-28 Grading Programme","locality":"Wimmera Hwy","to":"Remlaw Rd","zone":"Zone1B","length_m":2780,"asset":"3006,2500"},"geometry":{"type":"MultiLineString","coordinates":[[[142.06305,-36.7389],[142.06305,-36.73495],[142.063,-36.72655],[142.06295,-36.71383]]]}},{"type":"Feature","properties":{"name":"Remlaw Rd","program":"27-28 Grading Programme","locality":"Entry to Residence (1043)","to":"Vectis Station Rd","zone":"Zone1B","length_m":720,"asset":"1984"},"geometry":{"type":"MultiLineString","coordinates":[[[142.07028,-36.7138],[142.06295,-36.71383]]]}},{"type":"Feature","properties":{"name":"Vectis Station Rd","program":"27-28 Grading Programme","locality":"O Brees","to":"Entry to Residence (696)","zone":"Zone1B","length_m":2300,"asset":"2502,2504,2503"},"geometry":{"type":"MultiLineString","coordinates":[[[142.06288,-36.69746],[142.06287,-36.69532],[142.06285,-36.69189],[142.06282,-36.68292],[142.06282,-36.68189],[142.0628,-36.67674]]]}},{"type":"Feature","properties":{"name":"Three Mile Rd","program":"27-28 Grading Programme","locality":"Pave Change","to":"Quantong Cemetery Rd","zone":"Zone1B","length_m":2120,"asset":"2330,3769,5938"},"geometry":{"type":"MultiLineString","coordinates":[[[142.06785,-36.6829],[142.06282,-36.68292],[142.06027,-36.68291],[142.05967,-36.68293],[142.04913,-36.68296],[142.04477,-36.68296]]]}},{"type":"Feature","properties":{"name":"Duchembegarra Rd","program":"27-28 Grading Programme","locality":"Seal Ends","to":"Wiles Rd","zone":"Zone1B","length_m":2420,"asset":"638"},"geometry":{"type":"MultiLineString","coordinates":[[[141.9478,-36.62353],[141.94581,-36.62355],[141.94565,-36.62351],[141.94557,-36.62344],[141.94552,-36.62331],[141.9455,-36.62035],[141.94553,-36.60661],[141.94551,-36.60325]]]}},{"type":"Feature","properties":{"name":"Mackleys Rd (Grass Flat)","program":"27-28 Grading Programme","locality":"Duchembegarra Rd","to":"Fence & Gate","zone":"Zone1B","length_m":2050,"asset":"1407"},"geometry":{"type":"MultiLineString","coordinates":[[[141.94891,-36.62372],[141.95667,-36.6237],[141.95934,-36.62371],[141.96367,-36.62371],[141.96795,-36.6237],[141.9713,-36.6237],[141.97175,-36.62371]]]}},{"type":"Feature","properties":{"name":"Wiles Rd","program":"27-28 Grading Programme","locality":"Duchembegarra Rd","to":"Pave Change (Entry to Residence 514)","zone":"Zone1B","length_m":520,"asset":"2645"},"geometry":{"type":"MultiLineString","coordinates":[[[141.94551,-36.60325],[141.94525,-36.60321],[141.94269,-36.60295],[141.93974,-36.60268]]]}},{"type":"Feature","properties":{"name":"Quades Rd","program":"27-28 Grading Programme","locality":"Cooack Rd","to":"Entry to Residence (79)","zone":"Zone1B","length_m":910,"asset":"1918"},"geometry":{"type":"MultiLineString","coordinates":[[[141.86121,-36.6321],[141.86161,-36.62953],[141.86228,-36.62503],[141.86248,-36.62387]]]}},{"type":"Feature","properties":{"name":"Cooack Rd","program":"27-28 Grading Programme","locality":"Council Boundary","to":"Seal Starts","zone":"Zone1B","length_m":2810,"asset":"5004,4094,433"},"geometry":{"type":"MultiLineString","coordinates":[[[141.82112,-36.6281],[141.82618,-36.62862],[141.82736,-36.62873],[141.83114,-36.62911],[141.83592,-36.6296],[141.84129,-36.63012],[141.8416,-36.63015],[141.84962,-36.63095],[141.85217,-36.63121]]]}},{"type":"Feature","properties":{"name":"Lears Rd","program":"27-28 Grading Programme","locality":"Natimuk-Frances Rd","to":"Fence & Gate","zone":"Zone1B","length_m":1040,"asset":"4769,4768"},"geometry":{"type":"MultiLineString","coordinates":[[[141.7663,-36.72747],[141.76609,-36.72722],[141.76589,-36.72692],[141.76577,-36.72682],[141.76559,-36.72669],[141.76541,-36.7266],[141.76468,-36.72633],[141.76383,-36.72599],[141.76303,-36.72567],[141.76272,-36.72549],[141.76124,-36.72438],[141.76094,-36.72416],[141.76068,-36.72397],[141.75859,-36.72293],[141.75696,-36.72214]]]}},{"type":"Feature","properties":{"name":"Mc Creddens Rd","program":"27-28 Grading Programme","locality":"Mitre-Nurcoung Rd South","to":"Mitre-Nurcoung Rd (North)","zone":"Zone1B","length_m":6430,"asset":"4835,4834,5328,4833,4832,4831,4830,5329,1465,1464"},"geometry":{"type":"MultiLineString","coordinates":[[[141.78049,-36.70606],[141.78057,-36.70572],[141.78072,-36.70466],[141.78181,-36.69756],[141.78246,-36.6934],[141.78297,-36.69006],[141.78318,-36.68874],[141.78313,-36.68853],[141.78306,-36.68842],[141.78292,-36.68833],[141.78257,-36.68814],[141.78144,-36.68749],[141.7798,-36.68655],[141.77954,-36.68636],[141.77943,-36.68623],[141.77933,-36.68604],[141.77909,-36.68548],[141.77901,-36.68537],[141.77887,-36.6853],[141.77677,-36.6851],[141.77627,-36.68504],[141.77591,-36.6849],[141.7757,-36.68477],[141.77476,-36.68412],[141.77451,-36.68388],[141.77419,-36.68351],[141.7737,-36.68297],[141.77347,-36.68272],[141.77335,-36.68264],[141.77243,-36.6825],[141.77113,-36.68239],[141.76747,-36.68203],[141.7602,-36.68126],[141.75962,-36.68122],[141.75953,-36.68127],[141.75944,-36.68137],[141.7594,-36.68159],[141.75924,-36.68281],[141.75919,-36.6831],[141.75908,-36.68316],[141.75891,-36.68318],[141.75338,-36.68264],[141.74433,-36.68172],[141.7439,-36.68169],[141.74357,-36.68169],[141.74307,-36.68164],[141.74092,-36.68141],[141.73878,-36.68118],[141.73869,-36.6812],[141.73865,-36.68131]]]}},{"type":"Feature","properties":{"name":"G Webbs Rd","program":"27-28 Grading Programme","locality":"Mitre-Grass Flat Rd","to":"Pave Change","zone":"Zone1B","length_m":190,"asset":"2905"},"geometry":{"type":"MultiLineString","coordinates":[[[141.80496,-36.70701],[141.80283,-36.70681]]]}},{"type":"Feature","properties":{"name":"Combes Rd (Mitre)","program":"27-28 Grading Programme","locality":"Mitre-Grass Flat Rd","to":"Pave Change","zone":"Zone1B","length_m":567,"asset":"2906"},"geometry":{"type":"MultiLineString","coordinates":[[[141.80777,-36.68883],[141.80628,-36.68868],[141.80357,-36.68839],[141.8016,-36.6882]]]}},{"type":"Feature","properties":{"name":"Cooack-Mitre Rd","program":"27-28 Grading Programme","locality":"Mitre-Grass Flat Rd","to":"Oliver Schmidts Rd","zone":"Zone1B","length_m":3295,"asset":"4103,4102,2910,432,2907,2908,2909"},"geometry":{"type":"MultiLineString","coordinates":[[[141.80777,-36.68883],[141.80794,-36.68767],[141.80852,-36.68408],[141.80897,-36.68117],[141.80948,-36.67784],[141.80999,-36.67453],[141.81021,-36.67312],[141.8105,-36.67129],[141.81073,-36.66983],[141.81082,-36.66929],[141.81144,-36.66535],[141.81237,-36.65936]]]}},{"type":"Feature","properties":{"name":"Oliver Schmidts Rd","program":"27-28 Grading Programme","locality":"Seal Ends","to":"Cooack Extension Rd","zone":"Zone1B","length_m":3370,"asset":"1781,1780,1779"},"geometry":{"type":"MultiLineString","coordinates":[[[141.83386,-36.66152],[141.82297,-36.66042],[141.82028,-36.66014],[141.81609,-36.65973],[141.81237,-36.65936],[141.8062,-36.65873],[141.80187,-36.65829],[141.79777,-36.65789],[141.7961,-36.65772],[141.79592,-36.65764]]]}},{"type":"Feature","properties":{"name":"Wyn Wyn Rd","program":"27-28 Grading Programme","locality":"Seal Ends","to":"Cooack Rd","zone":"Zone1B","length_m":7895,"asset":"2743,2901,2902,2903,2904,2898,2899,2900"},"geometry":{"type":"MultiLineString","coordinates":[[[141.91557,-36.67942],[141.91469,-36.67943],[141.9145,-36.67946],[141.91365,-36.67969],[141.91334,-36.67977],[141.9129,-36.67982],[141.91219,-36.67989],[141.91164,-36.67995],[141.9112,-36.67995],[141.91082,-36.67992],[141.91008,-36.67982],[141.9069,-36.6794],[141.90611,-36.67917],[141.90588,-36.67912],[141.90173,-36.67861],[141.90138,-36.67853],[141.89881,-36.67779],[141.89835,-36.67767],[141.8981,-36.67762],[141.89783,-36.6776],[141.89754,-36.6776],[141.89554,-36.67762],[141.8927,-36.67761],[141.88995,-36.67763],[141.88814,-36.67787],[141.88769,-36.67787],[141.88689,-36.67769],[141.88667,-36.67766],[141.88641,-36.67763],[141.88418,-36.67761],[141.88415,-36.6774],[141.88412,-36.67708],[141.8839,-36.67547],[141.88347,-36.67345],[141.88344,-36.67301],[141.88343,-36.67287],[141.88353,-36.67073],[141.88356,-36.67029],[141.88372,-36.66922],[141.88425,-36.66603],[141.88443,-36.66504],[141.88507,-36.66108],[141.88638,-36.65319],[141.88693,-36.64975],[141.887,-36.64957],[141.88708,-36.64951],[141.88733,-36.64942],[141.88755,-36.64938],[141.88783,-36.64938],[141.88953,-36.64956],[141.88972,-36.64951],[141.89019,-36.64925],[141.8904,-36.64911],[141.89049,-36.64897],[141.89053,-36.64882],[141.8904,-36.64702],[141.89039,-36.64534],[141.89038,-36.64437],[141.89042,-36.64384],[141.8905,-36.64319],[141.89051,-36.64254],[141.89052,-36.64157],[141.89046,-36.6412],[141.89045,-36.64081],[141.89045,-36.63958],[141.89045,-36.63714],[141.89052,-36.63687],[141.89054,-36.63658],[141.89055,-36.63576],[141.89053,-36.63502]]]}},{"type":"Feature","properties":{"name":"Rasmussen Rd (Grass Flat)","program":"27-28 Grading Programme","locality":"Arapiles Grass Flat Rd","to":"Wyn Wyn Rd","zone":"Zone1B","length_m":1870,"asset":"1944"},"geometry":{"type":"MultiLineString","coordinates":[[[141.86334,-36.67761],[141.88198,-36.67762],[141.88418,-36.67761]]]}},{"type":"Feature","properties":{"name":"A Keytes Rd","program":"27-28 Grading Programme","locality":"Natimuk-Frances Rd","to":"Three Chain Rd","zone":"Zone1B","length_m":3445,"asset":"2911,3525,5927,1"},"geometry":{"type":"MultiLineString","coordinates":[[[141.9048,-36.74155],[141.90473,-36.74136],[141.90472,-36.74094],[141.90473,-36.73982],[141.90475,-36.73926],[141.90468,-36.73913],[141.90455,-36.73909],[141.89952,-36.73903],[141.89941,-36.73895],[141.89935,-36.73882],[141.89932,-36.73529],[141.89927,-36.73209],[141.8992,-36.72697],[141.89905,-36.71478],[141.89903,-36.7146]]]}},{"type":"Feature","properties":{"name":"Werners Ln","program":"27-28 Grading Programme","locality":"365m North - East of Creek Rd Intersection (Res. Driveway)","to":"Creek Rd","zone":"Zone1B","length_m":365,"asset":"5940"},"geometry":{"type":"MultiLineString","coordinates":[[[141.90322,-36.77723],[141.90251,-36.77777],[141.90212,-36.77805],[141.90194,-36.77821],[141.90186,-36.77837],[141.90186,-36.77857],[141.90191,-36.77925],[141.9019,-36.77934],[141.90187,-36.7794],[141.9018,-36.77946],[141.90157,-36.77956],[141.90132,-36.77964]]]}},{"type":"Feature","properties":{"name":"Hammond McCuish Rd","program":"27-28 Grading Programme","locality":"Wimmera Hwy","to":"Creek Rd","zone":"Zone1B","length_m":2070,"asset":"4346,4345"},"geometry":{"type":"MultiLineString","coordinates":[[[141.88581,-36.76568],[141.88651,-36.76673],[141.88885,-36.77011],[141.88921,-36.77062],[141.8895,-36.77095],[141.89104,-36.77323],[141.89131,-36.77375],[141.89147,-36.77405],[141.89176,-36.77449],[141.8919,-36.77466],[141.89206,-36.77481],[141.89222,-36.77497],[141.89293,-36.77602],[141.89358,-36.77701],[141.89426,-36.77797],[141.89526,-36.77945],[141.89621,-36.78084],[141.89648,-36.78124],[141.89658,-36.78145],[141.89667,-36.7819],[141.89674,-36.78198]]]}},{"type":"Feature","properties":{"name":"Creek Rd","program":"27-28 Grading Programme","locality":"Unnamed Rd","to":"Hammond Mccuish Rd","zone":"Zone1B","length_m":505,"asset":"4115"},"geometry":{"type":"MultiLineString","coordinates":[[[141.90132,-36.77964],[141.90136,-36.77983],[141.90131,-36.77994],[141.9012,-36.78002],[141.89971,-36.78069],[141.89784,-36.7815],[141.89674,-36.78198]]]}},{"type":"Feature","properties":{"name":"Fergusons Sandhill Rd","program":"27-28 Grading Programme","locality":"Pave Change","to":"Hammond Mccuish Rd","zone":"Zone1B","length_m":740,"asset":"737"},"geometry":{"type":"MultiLineString","coordinates":[[[141.89865,-36.7894],[141.90032,-36.78941],[141.90353,-36.78941],[141.90666,-36.78942],[141.90688,-36.78937]]]}},{"type":"Feature","properties":{"name":"Digger Jims Rd","program":"27-28 Grading Programme","locality":"Harrow-Clear Lake Rd","to":"Officer Station Rd","zone":"Zone3B","length_m":9050,"asset":"551,2954,2953,2950,2949,2952,2951,2948,2947"},"geometry":{"type":"MultiLineString","coordinates":[[[141.79324,-36.99823],[141.79346,-36.9983],[141.79567,-36.99853],[141.79735,-36.99867],[141.798,-36.99872],[141.79838,-36.99878],[141.79944,-36.99891],[141.80145,-36.99911],[141.80247,-36.9992],[141.80291,-36.99926],[141.80313,-36.99932],[141.8033,-36.99939],[141.80345,-36.99945],[141.80364,-36.99949],[141.80389,-36.99947],[141.80412,-36.9994],[141.80435,-36.99936],[141.80498,-36.99942],[141.80624,-36.99954],[141.80764,-36.99966],[141.80918,-36.99983],[141.8101,-36.99991],[141.81094,-36.99999],[141.81529,-37.00046],[141.81695,-37.00061],[141.81785,-37.00069],[141.81876,-37.00079],[141.81966,-37.00088],[141.82073,-37.00096],[141.82241,-37.00113],[141.8236,-37.00125],[141.82527,-37.00144],[141.82555,-37.00147],[141.82573,-37.00143],[141.82584,-37.00135],[141.82598,-37.00123],[141.82611,-37.00119],[141.82628,-37.00119],[141.83172,-37.00174],[141.8336,-37.00192],[141.83543,-37.00211],[141.83735,-37.0023],[141.83753,-37.00232],[141.84134,-37.0027],[141.844,-37.00297],[141.8444,-37.00301],[141.84594,-37.00317],[141.84677,-37.00325],[141.84804,-37.00337],[141.84872,-37.00345],[141.85266,-37.00383],[141.85814,-37.0044],[141.85885,-37.00446],[141.85981,-37.00455],[141.86156,-37.0047],[141.86226,-37.00476],[141.86345,-37.00486],[141.86502,-37.00502],[141.86532,-37.00506],[141.86629,-37.00522],[141.86655,-37.00525],[141.86683,-37.00526],[141.86729,-37.00529],[141.868,-37.00538],[141.86839,-37.00542],[141.86869,-37.00542],[141.87101,-37.00565],[141.87159,-37.0057],[141.87254,-37.00584],[141.87306,-37.00586],[141.87343,-37.00587],[141.87389,-37.00591],[141.87446,-37.00602],[141.8751,-37.00609],[141.87821,-37.00639],[141.87898,-37.00644],[141.87948,-37.00646],[141.8801,-37.00655],[141.88217,-37.00678],[141.8838,-37.00693],[141.88709,-37.00726],[141.88897,-37.00743],[141.88916,-37.00743],[141.88956,-37.00748],[141.88982,-37.00753],[141.88997,-37.00755],[141.8901,-37.00753],[141.89036,-37.00757],[141.89272,-37.00783],[141.89297,-37.00782],[141.89327,-37.00776]]]}},{"type":"Feature","properties":{"name":"Russells Rd","program":"27-28 Grading Programme","locality":"Seal Ends","to":"Pave Ends","zone":"Zone3B","length_m":100,"asset":"5473"},"geometry":{"type":"MultiLineString","coordinates":[[[142.00385,-36.95246],[142.0027,-36.95237]]]}},{"type":"Feature","properties":{"name":"Connangorach Rd","program":"27-28 Grading Programme","locality":"Jallumba-Mockinya Rd","to":"Pave Change","zone":"Zone3B","length_m":3000,"asset":"3049,3048,429,5341"},"geometry":{"type":"MultiLineString","coordinates":[[[142.03154,-36.9407],[142.0315,-36.9411],[142.03109,-36.94383],[142.03053,-36.94745],[142.03029,-36.94913],[142.02975,-36.95269],[142.02921,-36.95617],[142.02846,-36.96117],[142.02811,-36.96349],[142.02756,-36.96713],[142.02749,-36.96748]]]}},{"type":"Feature","properties":{"name":"White Swamp Rd","program":"27-28 Grading Programme","locality":"Wonwondah Toolondo Rd","to":"Mt Talbot Rd","zone":"Zone3B","length_m":4870,"asset":"2637,2638,2636,2639"},"geometry":{"type":"MultiLineString","coordinates":[[[142.01278,-36.95958],[142.01312,-36.95967],[142.01671,-36.95999],[142.01824,-36.96015],[142.02197,-36.96053],[142.02846,-36.96117],[142.03047,-36.96135],[142.03305,-36.9616],[142.03657,-36.96196],[142.03762,-36.96207],[142.04155,-36.96244],[142.06049,-36.96432],[142.0607,-36.96437],[142.06074,-36.96452],[142.06058,-36.96535],[142.06059,-36.96571],[142.06044,-36.96594],[142.06029,-36.96701],[142.06025,-36.96754],[142.06009,-36.96792],[142.06002,-36.96865]]]}},{"type":"Feature","properties":{"name":"Mt Talbot Rd (Nurrabiel)","program":"27-28 Grading Programme","locality":"White Swamp Rd (Bend Left)","to":"Camerons Rd","zone":"Zone3B","length_m":3430,"asset":"1605,1606,4926,4922,4924,4920,4921"},"geometry":{"type":"MultiLineString","coordinates":[[[142.06002,-36.96865],[142.05992,-36.96923],[142.05982,-36.96979],[142.0598,-36.97031],[142.05963,-36.97133],[142.05946,-36.97257],[142.05933,-36.97291],[142.05938,-36.97331],[142.05926,-36.97405],[142.05917,-36.97433],[142.05907,-36.97464],[142.05905,-36.97474],[142.05905,-36.97487],[142.05905,-36.97536],[142.05891,-36.97622],[142.0586,-36.97799],[142.0586,-36.97827],[142.05814,-36.98103],[142.05789,-36.98299],[142.05741,-36.98613],[142.05667,-36.99076],[142.05652,-36.9914],[142.05642,-36.99221]],[[142.05642,-36.9922],[142.05636,-36.99291],[142.05604,-36.9949],[142.0559,-36.99631],[142.05576,-36.99726],[142.05552,-36.99816],[142.05549,-36.9987],[142.05542,-36.99924]]]}},{"type":"Feature","properties":{"name":"Camerons Rd (Nurrabiel)","program":"27-28 Grading Programme","locality":"Mt Talbot Rd (Nth Leg)","to":"Mt Talbot Rd","zone":"Zone3B","length_m":340,"asset":"6085"},"geometry":{"type":"MultiLineString","coordinates":[[[142.05505,-37.00226],[142.06393,-37.0031]]]}},{"type":"Feature","properties":{"name":"Connangorach Rd","program":"27-28 Grading Programme","locality":"Pave Change","to":"Miss Williamsons Rd","zone":"Zone3B","length_m":810,"asset":"431"},"geometry":{"type":"MultiLineString","coordinates":[[[142.02693,-36.97099],[142.02645,-36.97437],[142.02591,-36.9779],[142.02584,-36.97825]]]}},{"type":"Feature","properties":{"name":"Miss Williamsons Rd","program":"27-28 Grading Programme","locality":"Holmes Rd (Bend Left)","to":"Connangorach Swamp","zone":"Zone3B","length_m":2110,"asset":"4882,4883,4881,4884,1560"},"geometry":{"type":"MultiLineString","coordinates":[[[142.0099,-36.97756],[142.00999,-36.97696],[142.01008,-36.97673],[142.01037,-36.9767],[142.01519,-36.9772],[142.02584,-36.97825],[142.03254,-36.97891]]]}},{"type":"Feature","properties":{"name":"Jeffries Rd","program":"27-28 Grading Programme","locality":"Natimuk-Hamilton Rd","to":"End Gravel","zone":"Zone3B","length_m":2000,"asset":"1144"},"geometry":{"type":"MultiLineString","coordinates":[[[141.92038,-37.06913],[141.9096,-37.06805],[141.89896,-37.06699]]]}},{"type":"Feature","properties":{"name":"Murrays Rd","program":"27-28 Grading Programme","locality":"Telangatuk East Rd","to":"Pave Ends (Entry to Residence)","zone":"Zone3B","length_m":1430,"asset":"1623"},"geometry":{"type":"MultiLineString","coordinates":[[[141.91938,-37.09117],[141.91922,-37.0923],[141.91914,-37.09281],[141.91896,-37.09397],[141.91878,-37.0951],[141.91849,-37.09692],[141.91829,-37.09828],[141.91794,-37.10046],[141.91752,-37.10305],[141.91743,-37.10386],[141.91742,-37.10394]]]}},{"type":"Feature","properties":{"name":"B Ross Rd","program":"27-28 Grading Programme","locality":"Seal Ends","to":"E Ross Rd","zone":"Zone3B","length_m":1530,"asset":"80"},"geometry":{"type":"MultiLineString","coordinates":[[[141.93576,-37.10191],[141.93369,-37.11542],[141.93374,-37.11548]]]}},{"type":"Feature","properties":{"name":"Robertsons Rd","program":"27-28 Grading Programme","locality":"Seal Ends","to":"B Ross Rd","zone":"Zone3B","length_m":1578,"asset":"2062,5464"},"geometry":{"type":"MultiLineString","coordinates":[[[141.95374,-37.10208],[141.95035,-37.10172],[141.94401,-37.10107],[141.93886,-37.10058],[141.93601,-37.10029]]]}},{"type":"Feature","properties":{"name":"Tonkins Rd (Telangatuk East)","program":"27-28 Grading Programme","locality":"Seal Ends (Entry to Residence 116)","to":"Derwent Ln","zone":"Zone3B","length_m":1220,"asset":"2346"},"geometry":{"type":"MultiLineString","coordinates":[[[141.93887,-37.082],[141.94055,-37.07111]]]}},{"type":"Feature","properties":{"name":"Derwent Ln","program":"27-28 Grading Programme","locality":"Seal Ends","to":"Telangatuk East-Rocklands Rd","zone":"Zone3B","length_m":3830,"asset":"3057,549,5348,5003,3059,3058"},"geometry":{"type":"MultiLineString","coordinates":[[[141.93389,-37.07045],[141.94055,-37.07111],[141.94725,-37.07178],[141.95106,-37.07217],[141.9584,-37.07292],[141.96991,-37.07405],[141.97652,-37.07472]]]}},{"type":"Feature","properties":{"name":"Ross Rd (Telangatuk East)","program":"27-28 Grading Programme","locality":"Telangatuk East Rd","to":"Robertsons Rd","zone":"Zone3B","length_m":820,"asset":"2110"},"geometry":{"type":"MultiLineString","coordinates":[[[141.95511,-37.09475],[141.95397,-37.1021]]]}},{"type":"Feature","properties":{"name":"John McPhees Dr","program":"27-28 Grading Programme","locality":"Seal Ends","to":"North End","zone":"Zone3B","length_m":1000,"asset":"1160,1161"},"geometry":{"type":"MultiLineString","coordinates":[[[141.97171,-37.02401],[141.97168,-37.02396],[141.97167,-37.02388],[141.97169,-37.02382],[141.97179,-37.02368],[141.97189,-37.02357],[141.97198,-37.02348],[141.9721,-37.02337],[141.97226,-37.02323],[141.97237,-37.02315],[141.97257,-37.02301],[141.97276,-37.02286],[141.97281,-37.02281],[141.97289,-37.02274],[141.97294,-37.02269],[141.97299,-37.02262],[141.97303,-37.02257],[141.97307,-37.0225],[141.97311,-37.02243],[141.97315,-37.02232],[141.97315,-37.0223],[141.97317,-37.02226],[141.9732,-37.02213],[141.97331,-37.0217],[141.97336,-37.02147],[141.9734,-37.02129],[141.97345,-37.02114],[141.97352,-37.02103],[141.97357,-37.02098],[141.97363,-37.02092],[141.97367,-37.02089],[141.97376,-37.02083],[141.97388,-37.02078],[141.97398,-37.02075],[141.97409,-37.02073],[141.97424,-37.02073],[141.9744,-37.02074],[141.97462,-37.02078],[141.97484,-37.02081],[141.97503,-37.02084],[141.97512,-37.02085],[141.97526,-37.02089]],[[141.97508,-37.02633],[141.97488,-37.02632],[141.97471,-37.02629],[141.9745,-37.02622],[141.97427,-37.0261],[141.97397,-37.0259],[141.97391,-37.02585],[141.97367,-37.02565],[141.97359,-37.02557],[141.97349,-37.02545],[141.97341,-37.02531],[141.97324,-37.02499],[141.97307,-37.02481],[141.97296,-37.02471],[141.97285,-37.02464],[141.97276,-37.02458],[141.97262,-37.02451],[141.97245,-37.02443],[141.97235,-37.02439],[141.9722,-37.02431],[141.97203,-37.02423],[141.97181,-37.02413],[141.97172,-37.02404],[141.9717,-37.02401]]]}},{"type":"Feature","properties":{"name":"Dyers Rd","program":"27-28 Grading Programme","locality":"Pave Change","to":"Seal Starts (Res. @ 5230)","zone":"Zone3B","length_m":3245,"asset":"653,654,3143,3142"},"geometry":{"type":"MultiLineString","coordinates":[[[142.02634,-37.06697],[142.02592,-37.0668],[142.02556,-37.06676],[142.02522,-37.06664],[142.02486,-37.06629],[142.02427,-37.06601],[142.02378,-37.06581],[142.0235,-37.06561],[142.02337,-37.06538],[142.02328,-37.06499],[142.02319,-37.0647],[142.01609,-37.06394],[142.01577,-37.06387],[142.01039,-37.06333],[141.99886,-37.06228],[141.99833,-37.06221],[141.99167,-37.06158],[141.99146,-37.06155]]]}},{"type":"Feature","properties":{"name":"Mt Talbot Rd (Nurrabiel)","program":"27-28 Grading Programme","locality":"Seal Ends","to":"Pave Change","zone":"Zone3B","length_m":5968,"asset":"1613,1614,4928,4931,5404,4932,4933,3674,3109"},"geometry":{"type":"MultiLineString","coordinates":[[[142.05443,-37.00547],[142.05404,-37.00814],[142.05378,-37.00973],[142.05248,-37.01829],[142.05212,-37.02066],[142.05211,-37.02092],[142.05204,-37.02112],[142.0519,-37.02182],[142.05185,-37.02234],[142.05173,-37.02336],[142.0515,-37.02473],[142.05113,-37.02713],[142.05112,-37.02746],[142.05104,-37.02781],[142.05094,-37.02826],[142.05092,-37.02865],[142.05088,-37.02918],[142.05084,-37.02944],[142.05073,-37.03019],[142.05067,-37.03048],[142.05059,-37.03069],[142.05047,-37.03146],[142.05018,-37.03378],[142.05004,-37.03434],[142.04994,-37.03478],[142.04984,-37.03545],[142.04973,-37.03654],[142.04952,-37.03771],[142.04947,-37.03816],[142.04937,-37.03891],[142.04927,-37.03935],[142.0491,-37.04065],[142.04895,-37.04162],[142.0484,-37.04521],[142.04828,-37.04623],[142.04808,-37.04726],[142.04797,-37.04806],[142.04787,-37.04856],[142.04771,-37.0498],[142.04769,-37.05021],[142.04757,-37.05064],[142.04716,-37.05336],[142.04678,-37.05579],[142.04667,-37.05691],[142.0466,-37.05725],[142.04637,-37.05833],[142.04641,-37.05866]]]}},{"type":"Feature","properties":{"name":"Brennans Rd","program":"27-28 Grading Programme","locality":"Pave Change","to":"Mt Talbot Rd","zone":"Zone3B","length_m":970,"asset":"239"},"geometry":{"type":"MultiLineString","coordinates":[[[142.03248,-37.08022],[142.0426,-37.08127],[142.04282,-37.08124]]]}},{"type":"Feature","properties":{"name":"Mt Talbot Rd (Nurrabiel)","program":"27-28 Grading Programme","locality":"Pave Change","to":"Brennans Rd","zone":"Zone3B","length_m":530,"asset":"1618"},"geometry":{"type":"MultiLineString","coordinates":[[[142.0436,-37.07673],[142.04352,-37.07717],[142.04331,-37.07878],[142.04293,-37.08113],[142.04282,-37.08124]]]}},{"type":"Feature","properties":{"name":"Mt Talbot Rd (Nurrabiel)","program":"27-28 Grading Programme","locality":"Pave Change","to":"Dyers Rd","zone":"Zone3B","length_m":600,"asset":"3107"},"geometry":{"type":"MultiLineString","coordinates":[[[142.04538,-37.06484],[142.0453,-37.06548],[142.04519,-37.06662],[142.04504,-37.0673],[142.04465,-37.06965],[142.04456,-37.0704]]]}},{"type":"Feature","properties":{"name":"Rees Rd","program":"27-28 Grading Programme","locality":"Dunstans Rd","to":"Vermin Fence","zone":"Zone3B","length_m":1390,"asset":"1971,1970"},"geometry":{"type":"MultiLineString","coordinates":[[[142.00533,-37.09603],[142.01271,-37.09674],[142.02116,-37.09756]]]}},{"type":"Feature","properties":{"name":"Brennans Rd","program":"27-28 Grading Programme","locality":"Telangatuk East-Rocklands Rd","to":"Culvert","zone":"Zone3B","length_m":3330,"asset":"237,236"},"geometry":{"type":"MultiLineString","coordinates":[[[141.97652,-37.07472],[142.00816,-37.0778],[142.01375,-37.07835]]]}},{"type":"Feature","properties":{"name":"Dunstans Rd","program":"27-28 Grading Programme","locality":"Brennans Rd","to":"Roy Blakes Rd","zone":"Zone3B","length_m":6170,"asset":"646,647,645,650,648,649"},"geometry":{"type":"MultiLineString","coordinates":[[[142.00816,-37.0778],[142.00605,-37.09142],[142.00533,-37.09603],[142.00433,-37.10254],[142.00332,-37.11005],[142.00208,-37.11724],[142.00154,-37.12144],[142.00146,-37.12212],[142.00117,-37.12338],[142.00111,-37.12378],[142.00016,-37.12921],[141.99967,-37.13246]]]}},{"type":"Feature","properties":{"name":"Scholfields Rd","program":"27-28 Grading Programme","locality":"Telangatuk East-Rocklands Rd","to":"Dunstans Rd","zone":"Zone3B","length_m":2850,"asset":"2142,5931"},"geometry":{"type":"MultiLineString","coordinates":[[[141.97044,-37.11413],[141.98851,-37.11586],[141.99107,-37.11612],[142.00208,-37.11724]]]}},{"type":"Feature","properties":{"name":"Yulong East West Rd","program":"27-28 Grading Programme","locality":"Seal Ends","to":"Fence & Gate (Entry to Residence 296)","zone":"Zone3B","length_m":900,"asset":"2750"},"geometry":{"type":"MultiLineString","coordinates":[[[141.99706,-37.17669],[141.99829,-37.16865]]]}},{"type":"Feature","properties":{"name":"Silcocks Rd","program":"27-28 Grading Programme","locality":"Telangatuk East-Rocklands Rd","to":"Entry to Residence","zone":"Zone3B","length_m":4320,"asset":"2187,3104,5572,3103,3102"},"geometry":{"type":"MultiLineString","coordinates":[[[141.97153,-37.19483],[141.97134,-37.19652],[141.97068,-37.20063],[141.9707,-37.20085],[141.97096,-37.20107],[141.97197,-37.20111],[141.97321,-37.20123],[141.97514,-37.20143],[141.97744,-37.20162],[141.97892,-37.20176],[141.98023,-37.20185],[141.98074,-37.20201],[141.98127,-37.20199],[141.98158,-37.2019],[141.98189,-37.20179],[141.98261,-37.20185],[141.98344,-37.20197],[141.98398,-37.20197],[141.98458,-37.202],[141.98507,-37.20205],[141.98731,-37.20226],[141.99055,-37.20261],[141.99371,-37.2029],[141.99786,-37.20334],[141.99923,-37.20347],[142.00179,-37.20373],[142.00513,-37.20403],[142.01105,-37.20461]]]}},{"type":"Feature","properties":{"name":"Silcocks Rd Slip Ln","program":"27-28 Grading Programme","locality":"Telangatuk East-Rocklands Rd","to":"Silcocks Rd","zone":"Zone3B","length_m":240,"asset":"5573"},"geometry":{"type":"MultiLineString","coordinates":[[[141.96874,-37.1969],[141.96945,-37.19703],[141.97017,-37.19706],[141.97045,-37.19702],[141.97083,-37.19691],[141.97122,-37.19665],[141.97134,-37.19652]]]}},{"type":"Feature","properties":{"name":"Wilsons Rd","program":"27-28 Grading Programme","locality":"Telangatuk East Rocklands Rd","to":"Entry to Residence (220)","zone":"Zone3B","length_m":2200,"asset":"2683"},"geometry":{"type":"MultiLineString","coordinates":[[[141.96435,-37.15373],[141.97053,-37.15436],[141.97549,-37.15486],[141.97663,-37.15497],[141.97747,-37.15524],[141.9788,-37.15535],[141.98043,-37.15546],[141.98274,-37.15569],[141.98441,-37.1558],[141.98521,-37.15599],[141.98672,-37.156],[141.98839,-37.15606]]]}},{"type":"Feature","properties":{"name":"Creaseys Rd","program":"27-28 Grading Programme","locality":"Telangatuk East-Rocklands Rd","to":"Fence & Gate","zone":"Zone3B","length_m":410,"asset":"462"},"geometry":{"type":"MultiLineString","coordinates":[[[141.96697,-37.13679],[141.97158,-37.13726]]]}},{"type":"Feature","properties":{"name":"Roy Blakes Rd","program":"27-28 Grading Programme","locality":"Telangatuk East-Rocklands Rd","to":"Dunstans Rd","zone":"Zone3B","length_m":2850,"asset":"5471,2112"},"geometry":{"type":"MultiLineString","coordinates":[[[141.96805,-37.12942],[141.96968,-37.12957],[141.99967,-37.13246]]]}},{"type":"Feature","properties":{"name":"Les Mutchs Rd","program":"27-28 Grading Programme","locality":"Telangatuk East-Rocklands Rd","to":"Channel Access Rd","zone":"Zone3B","length_m":3000,"asset":"4770,4771,1352,3106"},"geometry":{"type":"MultiLineString","coordinates":[[[141.96435,-37.15373],[141.95426,-37.15271],[141.95226,-37.15246],[141.95042,-37.15243],[141.94935,-37.15222],[141.94805,-37.15208],[141.9468,-37.15196],[141.9461,-37.15192],[141.94474,-37.15181],[141.94351,-37.15172],[141.94321,-37.1517],[141.94272,-37.15165],[141.94157,-37.15157],[141.94075,-37.15144],[141.93934,-37.15137],[141.93767,-37.15119],[141.93692,-37.15109],[141.93598,-37.15096],[141.9349,-37.15085],[141.93193,-37.15055],[141.93165,-37.1504],[141.93132,-37.15008]]]}},{"type":"Feature","properties":{"name":"E Ross Rd","program":"27-28 Grading Programme","locality":"Ross Rd","to":"B Ross Rd","zone":"Zone3B","length_m":1600,"asset":"656"},"geometry":{"type":"MultiLineString","coordinates":[[[141.93374,-37.11548],[141.95161,-37.11731]]]}},{"type":"Feature","properties":{"name":"Smiths Rd (Telangatuk East)","program":"27-28 Grading Programme","locality":"Rocklands Rd","to":"Fence & Gate","zone":"Zone3B","length_m":2290,"asset":"2210,2211"},"geometry":{"type":"MultiLineString","coordinates":[[[141.93728,-37.20671],[141.93836,-37.1999],[141.93886,-37.19503],[141.93905,-37.19401],[141.94023,-37.19228],[141.94216,-37.19095],[141.94351,-37.18973],[141.94354,-37.18873],[141.94368,-37.18765]]]}},{"type":"Feature","properties":{"name":"Rich Millers Rd","program":"27-28 Grading Programme","locality":"Natimuk-Hamilton Rd","to":"Pave Ends","zone":"Zone3B","length_m":4200,"asset":"3061,3060,2004,3062"},"geometry":{"type":"MultiLineString","coordinates":[[[141.92479,-37.03667],[141.92213,-37.03637],[141.9192,-37.03606],[141.91779,-37.03587],[141.91553,-37.03563],[141.91368,-37.03544],[141.91207,-37.0353],[141.91144,-37.03524],[141.91014,-37.03514],[141.90986,-37.03515],[141.90955,-37.03519],[141.90875,-37.03539],[141.90838,-37.03547],[141.90766,-37.03563],[141.90657,-37.03582],[141.90568,-37.03604],[141.90481,-37.03622],[141.90428,-37.03632],[141.90371,-37.03649],[141.90311,-37.03666],[141.90155,-37.0371],[141.90059,-37.03741],[141.89973,-37.03764],[141.89847,-37.03798],[141.89809,-37.03806],[141.89777,-37.03811],[141.89723,-37.03822],[141.89493,-37.03883],[141.89367,-37.03916],[141.89251,-37.03946],[141.89224,-37.03952],[141.89173,-37.03961],[141.89083,-37.03981],[141.88949,-37.04019],[141.88856,-37.04046],[141.88826,-37.04052],[141.88789,-37.04053],[141.88754,-37.0405],[141.88644,-37.04026],[141.88609,-37.04024],[141.88584,-37.04033],[141.88558,-37.04048],[141.88532,-37.0407],[141.88446,-37.04144],[141.88425,-37.04158],[141.88377,-37.04176],[141.88337,-37.04189],[141.88276,-37.04208],[141.88005,-37.0427]]]}},{"type":"Feature","properties":{"name":"Fulham No 1 Rd (Lake Kanagulk)","program":"27-28 Grading Programme","locality":"Natimuk-Hamilton Rd","to":"Wades Rd","zone":"Zone3B","length_m":8850,"asset":"4257,3087,3086,5359,3085,3084,5360,3083,3082"},"geometry":{"type":"MultiLineString","coordinates":[[[141.85426,-37.12372],[141.85425,-37.12353],[141.85559,-37.11497],[141.85697,-37.10606],[141.85735,-37.10381],[141.8572,-37.10127],[141.857,-37.09849],[141.85697,-37.09792],[141.85751,-37.09313],[141.85758,-37.09244],[141.85759,-37.09207],[141.8576,-37.09049],[141.85756,-37.08847],[141.8575,-37.08754],[141.85734,-37.08701],[141.85631,-37.0845],[141.85583,-37.08359],[141.85528,-37.08277],[141.85493,-37.08236],[141.85376,-37.08127],[141.85266,-37.08037],[141.85194,-37.07996],[141.8489,-37.07876],[141.84789,-37.0785],[141.84692,-37.07834],[141.84593,-37.0782],[141.84434,-37.07809],[141.84331,-37.07805],[141.84125,-37.07823],[141.83911,-37.07893],[141.8382,-37.0797],[141.83764,-37.0804],[141.8368,-37.08191],[141.83203,-37.0849],[141.83138,-37.08524],[141.82866,-37.08503],[141.82388,-37.08451],[141.8167,-37.08379],[141.81429,-37.08354],[141.8134,-37.08348]]]}},{"type":"Feature","properties":{"name":"Wades Rd","program":"27-28 Grading Programme","locality":"Wombelano Rd","to":"Fulhams No 1","zone":"Zone3B","length_m":4110,"asset":"3124,2528,3123,2527"},"geometry":{"type":"MultiLineString","coordinates":[[[141.8134,-37.08348],[141.81327,-37.08358],[141.81179,-37.09289],[141.81118,-37.09695],[141.81083,-37.09909],[141.81044,-37.1017],[141.80881,-37.11201],[141.80814,-37.11651],[141.80761,-37.11968],[141.80753,-37.11986],[141.80733,-37.12002]]]}},{"type":"Feature","properties":{"name":"Hobbs & Flynns Rd","program":"27-28 Grading Programme","locality":"Mc Kechnies Rd","to":"Pave Ends (Entry to Res. @ 2160)","zone":"Zone3B","length_m":1150,"asset":"1043,3125"},"geometry":{"type":"MultiLineString","coordinates":[[[141.77881,-37.05855],[141.77886,-37.05841],[141.77912,-37.05827],[141.78101,-37.05847],[141.78258,-37.05859],[141.78341,-37.05872],[141.78456,-37.05881],[141.78816,-37.05917],[141.79071,-37.05944],[141.79212,-37.05955],[141.79318,-37.05962],[141.79435,-37.05974]]]}},{"type":"Feature","properties":{"name":"Mc Kechnies Rd (Boundary Road)","program":"27-28 Grading Programme","locality":"Wombelano Rd","to":"Hobbs and Flynns Rd","zone":"Zone3B","length_m":3895,"asset":"3128,3127,1477,5400,3126"},"geometry":{"type":"MultiLineString","coordinates":[[[141.77357,-37.09334],[141.77364,-37.09306],[141.77383,-37.09151],[141.7746,-37.08682],[141.77461,-37.08668],[141.7747,-37.08609],[141.77508,-37.08333],[141.77555,-37.08011],[141.77605,-37.07706],[141.77758,-37.06666],[141.77881,-37.05855]]]}},{"type":"Feature","properties":{"name":"Elliotts Back Ln","program":"27-28 Grading Programme","locality":"Wombelano Rd","to":"Jaspers Lane","zone":"Zone3B","length_m":7190,"asset":"693,3131,3130,694,3132,3129"},"geometry":{"type":"MultiLineString","coordinates":[[[141.7736,-37.09338],[141.77348,-37.09403],[141.77336,-37.09452],[141.77346,-37.09485],[141.77314,-37.09649],[141.77308,-37.09721],[141.77296,-37.09732],[141.77294,-37.09764],[141.77299,-37.09792],[141.77281,-37.09822],[141.77247,-37.10024],[141.77226,-37.10179],[141.77218,-37.1022],[141.77213,-37.103],[141.77212,-37.10363],[141.77241,-37.10469],[141.77246,-37.10516],[141.77278,-37.10575],[141.77309,-37.10639],[141.77324,-37.10698],[141.77325,-37.1073],[141.77319,-37.10742],[141.77263,-37.10813],[141.77215,-37.10927],[141.77188,-37.11011],[141.77195,-37.11088],[141.77193,-37.11115],[141.77189,-37.11135],[141.77161,-37.11175],[141.77155,-37.11211],[141.77154,-37.11238],[141.77139,-37.1126],[141.77081,-37.11312],[141.7707,-37.11324],[141.77059,-37.11356],[141.77025,-37.11505],[141.7701,-37.11701],[141.76986,-37.11867],[141.76959,-37.11989],[141.76947,-37.12055],[141.76948,-37.12105],[141.76923,-37.12218],[141.76919,-37.12262],[141.76916,-37.12299],[141.76904,-37.12368],[141.76895,-37.12439],[141.76882,-37.12533],[141.76857,-37.1265],[141.76832,-37.12802],[141.76814,-37.12902],[141.76794,-37.13088],[141.76792,-37.13111],[141.76779,-37.13153],[141.76774,-37.13166],[141.76778,-37.13193],[141.7677,-37.13273],[141.76756,-37.13335],[141.76735,-37.13508],[141.76687,-37.13792],[141.76671,-37.13905],[141.76657,-37.13972],[141.76648,-37.1403],[141.76644,-37.14045],[141.76629,-37.14153],[141.76582,-37.1445],[141.76538,-37.14735],[141.76528,-37.14821],[141.76518,-37.14874],[141.76522,-37.14885],[141.76534,-37.14894],[141.76599,-37.14923],[141.76744,-37.14991],[141.76836,-37.1504]]]}},{"type":"Feature","properties":{"name":"Elliotts Rd","program":"27-28 Grading Programme","locality":"Mine Entrance","to":"Pave Change","zone":"Zone3B","length_m":1140,"asset":"3122"},"geometry":{"type":"MultiLineString","coordinates":[[[141.78833,-37.11522],[141.78499,-37.11492],[141.78352,-37.11476],[141.78161,-37.1146],[141.78023,-37.11443],[141.77642,-37.11407],[141.77553,-37.11399]]]}},{"type":"Feature","properties":{"name":"Fords Ln","program":"27-28 Grading Programme","locality":"Jaspers Ln","to":"Fence & Gate (Entry to Residence)","zone":"Zone3B","length_m":1030,"asset":"796"},"geometry":{"type":"MultiLineString","coordinates":[[[141.81103,-37.15753],[141.81108,-37.15763],[141.81118,-37.15778],[141.81093,-37.15887],[141.8108,-37.15975],[141.81075,-37.16045],[141.81071,-37.16075],[141.81059,-37.16115],[141.81041,-37.16194],[141.80996,-37.16551],[141.80989,-37.16592],[141.80983,-37.16678]]]}}]}