{"type":"FeatureCollection","crs":{"type":"name","properties":{"name":"EPSG:4326"}},"features":[{"type":"Feature","properties":{"lga_name":"HORSHAM","lga_code":"332"},"geometry":{"type":"Polygon","coordinates":[[[141.91868,-37.11781],[141.91855,-37.11774],[141.91823,-37.11773],[141.91789,-37.11769],[141.91759,-37.11763],[141.91734,-37.1177],[141.91704,-37.11749],[141.91702,-37.11726],[141.91702,-37.11689],[141.91683,-37.1165],[141.91661,-37.11641],[141.91637,-37.11629],[141.91619,-37.11617],[141.91604,-37.11599],[141.91603,-37.11578],[141.91603,-37.11549],[141.91588,-37.1152],[141.91558,-37.11502],[141.91523,-37.11477],[141.91509,-37.11471],[141.91482,-37.11463],[141.91464,-37.11464],[141.91446,-37.11466],[141.91427,-37.11473],[141.91404,-37.1148],[141.9139,-37.11485],[141.91366,-37.1149],[141.91348,-37.11491],[141.91319,-37.11485],[141.91277,-37.11463],[141.91246,-37.11438],[141.91217,-37.1142],[141.91189,-37.114],[141.91162,-37.11377],[141.91136,-37.11359],[141.91106,-37.11345],[141.91074,-37.11342],[141.91044,-37.11344],[141.91027,-37.11345],[141.91005,-37.1135],[141.90985,-37.11357],[141.90959,-37.11362],[141.90941,-37.11367],[141.90934,-37.11372],[141.90927,-37.11388],[141.90926,-37.11409],[141.90921,-37.11427],[141.9092,-37.11452],[141.90917,-37.11482],[141.90915,-37.11488],[141.90899,-37.1155],[141.90891,-37.11572],[141.90877,-37.11598],[141.90865,-37.11621],[141.90854,-37.11645],[141.90844,-37.11677],[141.90817,-37.1171],[141.90767,-37.11743],[141.90696,-37.11788],[141.90621,-37.11814],[141.90559,-37.11844],[141.90499,-37.11902],[141.90465,-37.11979],[141.90444,-37.12023],[141.90434,-37.12088],[141.90444,-37.12132],[141.90453,-37.12169],[141.90465,-37.12214],[141.90465,-37.12257],[141.90429,-37.12271],[141.9039,-37.123],[141.90365,-37.12327],[141.90348,-37.12356],[141.90353,-37.12408],[141.90391,-37.12454],[141.90466,-37.12518],[141.90547,-37.12564],[141.90632,-37.12589],[141.90729,-37.12623],[141.90788,-37.12652],[141.9073,-37.12738],[141.90651,-37.1279],[141.9063,-37.12862],[141.90706,-37.12926],[141.90786,-37.12968],[141.90851,-37.13027],[141.90868,-37.13112],[141.90906,-37.13172],[141.90949,-37.13218],[141.90976,-37.13295],[141.90956,-37.13359],[141.90925,-37.13432],[141.90888,-37.13483],[141.9084,-37.13505],[141.9075,-37.13514],[141.9067,-37.13545],[141.90575,-37.13563],[141.90516,-37.13584],[141.90442,-37.13589],[141.90399,-37.1356],[141.90334,-37.13513],[141.90286,-37.13475],[141.90206,-37.13446],[141.90094,-37.13443],[141.90025,-37.13486],[141.89962,-37.13542],[141.89904,-37.13602],[141.89878,-37.13643],[141.89894,-37.13679],[141.89918,-37.13699],[141.89905,-37.13743],[141.89884,-37.1376],[141.89847,-37.13769],[141.89783,-37.13739],[141.89751,-37.13735],[141.89704,-37.13714],[141.89621,-37.13687],[141.89571,-37.1368],[141.895,-37.1369],[141.89457,-37.13708],[141.89324,-37.13734],[141.8916,-37.13821],[141.88996,-37.13895],[141.88874,-37.1396],[141.88773,-37.13999],[141.88686,-37.14066],[141.88665,-37.14099],[141.88647,-37.14143],[141.88589,-37.1418],[141.88555,-37.14221],[141.88561,-37.1427],[141.88596,-37.14319],[141.88596,-37.14355],[141.88573,-37.14383],[141.88522,-37.14413],[141.88493,-37.14448],[141.88448,-37.14469],[141.88387,-37.14478],[141.88339,-37.14491],[141.88292,-37.14515],[141.88241,-37.14543],[141.88186,-37.14567],[141.88114,-37.14572],[141.88028,-37.14575],[141.87951,-37.14593],[141.87901,-37.14625],[141.87869,-37.1464],[141.87816,-37.1466],[141.87771,-37.14669],[141.87726,-37.14662],[141.87683,-37.14667],[141.87643,-37.14687],[141.87601,-37.1471],[141.87574,-37.14717],[141.87572,-37.14717],[141.87537,-37.14702],[141.87518,-37.14681],[141.87499,-37.14662],[141.87462,-37.1465],[141.87422,-37.14652],[141.87395,-37.14663],[141.87374,-37.14674],[141.87355,-37.14678],[141.87324,-37.14685],[141.87289,-37.14691],[141.8726,-37.14713],[141.87241,-37.1473],[141.87234,-37.14737],[141.87207,-37.14745],[141.87167,-37.1475],[141.87135,-37.14737],[141.87121,-37.14716],[141.87113,-37.14697],[141.87108,-37.14691],[141.87084,-37.14701],[141.87071,-37.14719],[141.87055,-37.14723],[141.87031,-37.14734],[141.86994,-37.14749],[141.86965,-37.14766],[141.86949,-37.14773],[141.86912,-37.14777],[141.86874,-37.14784],[141.8685,-37.14786],[141.86811,-37.14802],[141.86787,-37.14808],[141.86757,-37.14813],[141.86728,-37.14819],[141.86707,-37.14828],[141.86691,-37.14841],[141.86673,-37.14858],[141.86646,-37.14886],[141.86607,-37.14914],[141.86564,-37.14931],[141.86522,-37.14944],[141.86484,-37.14945],[141.86455,-37.14939],[141.86415,-37.14924],[141.86364,-37.14916],[141.86329,-37.14899],[141.86298,-37.14882],[141.86289,-37.14874],[141.86257,-37.14831],[141.86235,-37.14801],[141.86208,-37.14765],[141.86194,-37.14721],[141.86154,-37.14678],[141.86121,-37.1465],[141.86113,-37.14642],[141.86086,-37.14614],[141.86048,-37.1458],[141.85974,-37.1457],[141.8591,-37.14577],[141.85846,-37.1459],[141.85806,-37.14616],[141.8578,-37.14653],[141.85783,-37.14697],[141.85773,-37.14721],[141.85779,-37.14764],[141.858,-37.14813],[141.8582,-37.14857],[141.85804,-37.14909],[141.85719,-37.14913],[141.85615,-37.14863],[141.85416,-37.14802],[141.85321,-37.14772],[141.85306,-37.14775],[141.85333,-37.14827],[141.85288,-37.14866],[141.85138,-37.14814],[141.84986,-37.14885],[141.84982,-37.14915],[141.8488,-37.14961],[141.84802,-37.15045],[141.84743,-37.15088],[141.84701,-37.15097],[141.84635,-37.15107],[141.84555,-37.15142],[141.84497,-37.15193],[141.84431,-37.15224],[141.84367,-37.15233],[141.84301,-37.15229],[141.8424,-37.1524],[141.84184,-37.15258],[141.8413,-37.15249],[141.84056,-37.1525],[141.84004,-37.15301],[141.83994,-37.15311],[141.83986,-37.15319],[141.83978,-37.15324],[141.83974,-37.15326],[141.83966,-37.15331],[141.83954,-37.15334],[141.8394,-37.15339],[141.83929,-37.15345],[141.83919,-37.1535],[141.83911,-37.15355],[141.83905,-37.1536],[141.83896,-37.15364],[141.8389,-37.15367],[141.83885,-37.15368],[141.83873,-37.15371],[141.83869,-37.15371],[141.83858,-37.15371],[141.83844,-37.15371],[141.83829,-37.15372],[141.83815,-37.15374],[141.83801,-37.15379],[141.83787,-37.15384],[141.83778,-37.15388],[141.83768,-37.15393],[141.83758,-37.15399],[141.83745,-37.15407],[141.83737,-37.15414],[141.83726,-37.15425],[141.83713,-37.15436],[141.83706,-37.15443],[141.83697,-37.15452],[141.83688,-37.15458],[141.83679,-37.15464],[141.83669,-37.15472],[141.83662,-37.1548],[141.83656,-37.15488],[141.83652,-37.15498],[141.83652,-37.15504],[141.83654,-37.15511],[141.83657,-37.15515],[141.83662,-37.15518],[141.83665,-37.15519],[141.83675,-37.1552],[141.8369,-37.1552],[141.837,-37.1552],[141.83708,-37.15523],[141.83716,-37.1553],[141.83724,-37.15535],[141.83729,-37.15541],[141.83734,-37.1555],[141.83738,-37.15564],[141.8374,-37.15573],[141.83739,-37.15583],[141.83735,-37.15592],[141.8373,-37.15603],[141.83722,-37.15615],[141.83711,-37.15625],[141.83701,-37.15633],[141.83686,-37.15643],[141.83669,-37.15651],[141.83658,-37.15657],[141.83646,-37.15661],[141.83633,-37.15666],[141.83621,-37.15672],[141.83604,-37.15683],[141.83593,-37.1569],[141.83579,-37.15698],[141.83571,-37.15703],[141.83552,-37.15712],[141.83539,-37.15717],[141.83521,-37.15724],[141.83504,-37.15731],[141.83493,-37.15736],[141.83483,-37.15741],[141.83477,-37.15747],[141.83472,-37.15754],[141.8347,-37.15762],[141.8347,-37.15771],[141.83472,-37.15783],[141.83475,-37.15791],[141.8348,-37.15797],[141.83489,-37.15801],[141.83496,-37.15802],[141.83506,-37.15804],[141.83514,-37.15806],[141.83524,-37.15812],[141.8353,-37.15818],[141.83535,-37.15826],[141.8354,-37.15834],[141.83544,-37.15844],[141.83545,-37.15851],[141.83546,-37.15862],[141.83544,-37.15878],[141.83543,-37.15893],[141.83543,-37.15907],[141.83543,-37.15933],[141.83542,-37.15947],[141.83543,-37.15959],[141.83544,-37.15978],[141.83546,-37.15991],[141.8355,-37.16004],[141.83552,-37.16007],[141.83556,-37.16012],[141.83564,-37.1602],[141.83571,-37.16027],[141.8358,-37.16031],[141.83588,-37.16036],[141.83602,-37.16042],[141.8361,-37.16045],[141.83626,-37.16047],[141.83638,-37.16046],[141.83647,-37.16044],[141.83656,-37.16041],[141.83672,-37.16037],[141.8369,-37.16034],[141.83702,-37.16034],[141.83719,-37.16035],[141.83727,-37.16036],[141.83744,-37.1604],[141.83762,-37.16043],[141.83772,-37.16047],[141.83782,-37.16049],[141.83798,-37.16052],[141.83815,-37.16053],[141.83831,-37.16052],[141.83845,-37.1605],[141.83858,-37.16051],[141.83873,-37.16051],[141.83887,-37.16054],[141.839,-37.16058],[141.83911,-37.16062],[141.83922,-37.16068],[141.83932,-37.16074],[141.83942,-37.1608],[141.83948,-37.16081],[141.83962,-37.16088],[141.83973,-37.16091],[141.83982,-37.16094],[141.83988,-37.16099],[141.8399,-37.16103],[141.8399,-37.16108],[141.83985,-37.16115],[141.83978,-37.16118],[141.83972,-37.1612],[141.83965,-37.16123],[141.83959,-37.16129],[141.83953,-37.16137],[141.83944,-37.16148],[141.83941,-37.16158],[141.83939,-37.16167],[141.83937,-37.16179],[141.83937,-37.16192],[141.83938,-37.16204],[141.83939,-37.16211],[141.83942,-37.16228],[141.83947,-37.16243],[141.8395,-37.16253],[141.83954,-37.16264],[141.83958,-37.16278],[141.83961,-37.16283],[141.83964,-37.1629],[141.83968,-37.16299],[141.83972,-37.16309],[141.83974,-37.16318],[141.83975,-37.16325],[141.83978,-37.1634],[141.83979,-37.16348],[141.83979,-37.16356],[141.83979,-37.16365],[141.8398,-37.16377],[141.83982,-37.16386],[141.83982,-37.16397],[141.83983,-37.16405],[141.83986,-37.16415],[141.83992,-37.16425],[141.83998,-37.16434],[141.84008,-37.16443],[141.84019,-37.16449],[141.84033,-37.16454],[141.84044,-37.16457],[141.84058,-37.16461],[141.8407,-37.16463],[141.84091,-37.16464],[141.84104,-37.16465],[141.84119,-37.16467],[141.84132,-37.16471],[141.84139,-37.16475],[141.84146,-37.16483],[141.84153,-37.16493],[141.84156,-37.165],[141.84159,-37.16507],[141.84169,-37.16528],[141.84179,-37.16542],[141.8419,-37.16554],[141.842,-37.16565],[141.84218,-37.16583],[141.8423,-37.16597],[141.84235,-37.16606],[141.84238,-37.16613],[141.84238,-37.16617],[141.84237,-37.16622],[141.84234,-37.16628],[141.84232,-37.16632],[141.84209,-37.16652],[141.84198,-37.16659],[141.84174,-37.16683],[141.84159,-37.16695],[141.8414,-37.16709],[141.84128,-37.16717],[141.84112,-37.16728],[141.84097,-37.16737],[141.84084,-37.16748],[141.84073,-37.16757],[141.84061,-37.16764],[141.84051,-37.16774],[141.84037,-37.16785],[141.84026,-37.16796],[141.8402,-37.16804],[141.84013,-37.16815],[141.84007,-37.16823],[141.84,-37.16832],[141.83992,-37.16839],[141.83983,-37.16842],[141.83972,-37.16842],[141.8396,-37.16841],[141.83938,-37.16839],[141.83924,-37.16837],[141.83909,-37.16837],[141.839,-37.16837],[141.8389,-37.1684],[141.83883,-37.16844],[141.83877,-37.1685],[141.83871,-37.16859],[141.83865,-37.16868],[141.83859,-37.16877],[141.83852,-37.16881],[141.83846,-37.16884],[141.83837,-37.16886],[141.83826,-37.16887],[141.83815,-37.16887],[141.83803,-37.16884],[141.83795,-37.16883],[141.83781,-37.16883],[141.83774,-37.16887],[141.8377,-37.1689],[141.83765,-37.16899],[141.83761,-37.16907],[141.83757,-37.16912],[141.83751,-37.16917],[141.83746,-37.16919],[141.83739,-37.16919],[141.83733,-37.16918],[141.83727,-37.16917],[141.83718,-37.16914],[141.83709,-37.16909],[141.83703,-37.16906],[141.83696,-37.16902],[141.83689,-37.16899],[141.83682,-37.16899],[141.83675,-37.16902],[141.83669,-37.16907],[141.83665,-37.16915],[141.83662,-37.16925],[141.83662,-37.16934],[141.83664,-37.16946],[141.83666,-37.16958],[141.83669,-37.16971],[141.83673,-37.16979],[141.83674,-37.16987],[141.83676,-37.16997],[141.83678,-37.1701],[141.83678,-37.17019],[141.83676,-37.17031],[141.83669,-37.17043],[141.83663,-37.17055],[141.83654,-37.17064],[141.83648,-37.1707],[141.83637,-37.17079],[141.83625,-37.17084],[141.83611,-37.17088],[141.836,-37.17092],[141.83578,-37.17097],[141.83557,-37.17103],[141.83538,-37.17109],[141.83521,-37.17112],[141.83504,-37.17116],[141.83484,-37.17118],[141.83468,-37.1712],[141.83448,-37.17121],[141.83431,-37.17121],[141.83421,-37.17121],[141.8341,-37.17122],[141.83402,-37.17126],[141.83396,-37.17131],[141.8339,-37.17137],[141.83383,-37.17145],[141.83377,-37.17154],[141.83369,-37.17162],[141.83357,-37.17173],[141.83347,-37.17182],[141.83337,-37.17187],[141.83325,-37.17192],[141.83314,-37.17196],[141.83303,-37.17199],[141.83291,-37.172],[141.83279,-37.17201],[141.83269,-37.17199],[141.83256,-37.17193],[141.83247,-37.17187],[141.83238,-37.17181],[141.83228,-37.17176],[141.83219,-37.17173],[141.83217,-37.17172],[141.83206,-37.17171],[141.83195,-37.17168],[141.83193,-37.17167],[141.83183,-37.17164],[141.83168,-37.17161],[141.83157,-37.17157],[141.83136,-37.17148],[141.83124,-37.17141],[141.83115,-37.17136],[141.831,-37.17129],[141.8309,-37.17124],[141.83078,-37.17119],[141.83066,-37.17113],[141.83055,-37.17107],[141.83044,-37.171],[141.83038,-37.17095],[141.83026,-37.17087],[141.83014,-37.17078],[141.82999,-37.17068],[141.8299,-37.17062],[141.82982,-37.17058],[141.82969,-37.17053],[141.82962,-37.1705],[141.82952,-37.17047],[141.82939,-37.17042],[141.82926,-37.17039],[141.82913,-37.17034],[141.82898,-37.1703],[141.82886,-37.17026],[141.82876,-37.17022],[141.82864,-37.17017],[141.82856,-37.17014],[141.82845,-37.17009],[141.82836,-37.17006],[141.82824,-37.17004],[141.82812,-37.17003],[141.82797,-37.17002],[141.82785,-37.17002],[141.82771,-37.17003],[141.82757,-37.17002],[141.82746,-37.17002],[141.82736,-37.17001],[141.82727,-37.17],[141.82717,-37.16996],[141.82706,-37.16991],[141.82696,-37.16986],[141.82688,-37.16981],[141.82685,-37.16977],[141.82682,-37.16971],[141.8268,-37.16964],[141.82679,-37.16956],[141.82678,-37.16945],[141.82677,-37.16937],[141.82674,-37.16926],[141.82669,-37.16919],[141.8266,-37.16911],[141.82651,-37.16903],[141.8264,-37.16898],[141.8263,-37.16894],[141.82615,-37.16893],[141.82608,-37.16893],[141.82598,-37.16895],[141.82586,-37.16897],[141.82575,-37.16901],[141.82564,-37.16906],[141.82555,-37.16912],[141.82543,-37.16921],[141.82533,-37.1693],[141.82526,-37.16939],[141.82513,-37.16951],[141.82501,-37.16963],[141.82494,-37.16971],[141.82484,-37.16981],[141.82476,-37.1699],[141.82467,-37.17],[141.82458,-37.1701],[141.8245,-37.17022],[141.82442,-37.17031],[141.82438,-37.1704],[141.82434,-37.17051],[141.82432,-37.17059],[141.82431,-37.17066],[141.82431,-37.17075],[141.82429,-37.17087],[141.82428,-37.17097],[141.82426,-37.17106],[141.82421,-37.17117],[141.82415,-37.17126],[141.82408,-37.17132],[141.82396,-37.17142],[141.82387,-37.17151],[141.82378,-37.17161],[141.8237,-37.1717],[141.82361,-37.17181],[141.82349,-37.17192],[141.82336,-37.172],[141.82319,-37.17205],[141.82307,-37.17209],[141.82298,-37.17213],[141.82289,-37.17217],[141.82282,-37.17227],[141.82274,-37.17236],[141.82269,-37.17246],[141.82265,-37.17256],[141.8226,-37.17274],[141.82259,-37.17284],[141.82257,-37.17298],[141.82253,-37.17311],[141.82249,-37.17323],[141.82243,-37.17338],[141.82235,-37.17352],[141.82223,-37.17363],[141.82211,-37.17375],[141.822,-37.17385],[141.82191,-37.1739],[141.82179,-37.17393],[141.82163,-37.17396],[141.82148,-37.17398],[141.82135,-37.174],[141.82118,-37.17401],[141.82104,-37.17401],[141.82088,-37.17399],[141.82075,-37.17396],[141.82068,-37.1739],[141.82061,-37.17376],[141.82055,-37.17368],[141.8205,-37.17363],[141.82041,-37.17358],[141.82034,-37.17355],[141.82026,-37.17349],[141.82019,-37.17342],[141.82014,-37.17334],[141.82009,-37.17325],[141.82005,-37.17314],[141.82,-37.17305],[141.81991,-37.17291],[141.81983,-37.17279],[141.81969,-37.17257],[141.81965,-37.17251],[141.8195,-37.17231],[141.81935,-37.17208],[141.81918,-37.17184],[141.81903,-37.17167],[141.81891,-37.17155],[141.81883,-37.17147],[141.81865,-37.17134],[141.81842,-37.1712],[141.8181,-37.171],[141.81784,-37.17088],[141.81759,-37.17077],[141.81745,-37.17072],[141.81728,-37.17068],[141.81713,-37.17062],[141.81694,-37.17055],[141.81682,-37.1705],[141.81663,-37.17041],[141.81638,-37.17028],[141.81619,-37.17016],[141.81601,-37.17009],[141.81585,-37.17003],[141.81561,-37.17],[141.81545,-37.16999],[141.81521,-37.17003],[141.81507,-37.17006],[141.81489,-37.17009],[141.81472,-37.1701],[141.81458,-37.1701],[141.81455,-37.1701],[141.81444,-37.17008],[141.81424,-37.17002],[141.81402,-37.1699],[141.81387,-37.16977],[141.81355,-37.16948],[141.81341,-37.16935],[141.81332,-37.16928],[141.81316,-37.16915],[141.81299,-37.16901],[141.81287,-37.16889],[141.81274,-37.16877],[141.81259,-37.16862],[141.81247,-37.16849],[141.8123,-37.16834],[141.81219,-37.16824],[141.81208,-37.16817],[141.81194,-37.16811],[141.81181,-37.16808],[141.81168,-37.16808],[141.8116,-37.1681],[141.81149,-37.16814],[141.81144,-37.16818],[141.81137,-37.16825],[141.81132,-37.16831],[141.81125,-37.16841],[141.81118,-37.16849],[141.81111,-37.16864],[141.81106,-37.16875],[141.81103,-37.16885],[141.81101,-37.16901],[141.81103,-37.16919],[141.81104,-37.16931],[141.81104,-37.16946],[141.81105,-37.16979],[141.81109,-37.1699],[141.81116,-37.17004],[141.81125,-37.17016],[141.81136,-37.17025],[141.81145,-37.17031],[141.8116,-37.1704],[141.81177,-37.17046],[141.812,-37.17052],[141.81229,-37.1706],[141.81257,-37.17066],[141.81281,-37.17072],[141.81306,-37.17077],[141.81327,-37.17079],[141.81344,-37.17082],[141.81357,-37.17087],[141.81366,-37.17091],[141.81377,-37.171],[141.81387,-37.17112],[141.81406,-37.17132],[141.81415,-37.1714],[141.81422,-37.17151],[141.81428,-37.17163],[141.81436,-37.17177],[141.81442,-37.17192],[141.81445,-37.17207],[141.81445,-37.17222],[141.81447,-37.17236],[141.81449,-37.17251],[141.81454,-37.17271],[141.81455,-37.17285],[141.81457,-37.17302],[141.81459,-37.17317],[141.81458,-37.17331],[141.81457,-37.17346],[141.81455,-37.17362],[141.81458,-37.17375],[141.81459,-37.17392],[141.81462,-37.17408],[141.81465,-37.17422],[141.81464,-37.17432],[141.81461,-37.17453],[141.81458,-37.17463],[141.81452,-37.17475],[141.8145,-37.1748],[141.81446,-37.17485],[141.81437,-37.17494],[141.81432,-37.17498],[141.81421,-37.17498],[141.81412,-37.17498],[141.814,-37.17498],[141.8139,-37.17499],[141.8138,-37.17504],[141.81369,-37.17514],[141.81363,-37.1752],[141.81357,-37.17532],[141.8135,-37.17547],[141.81345,-37.17563],[141.81341,-37.17574],[141.81335,-37.17581],[141.81323,-37.17594],[141.81305,-37.17607],[141.81283,-37.17622],[141.81268,-37.17637],[141.81249,-37.17652],[141.81235,-37.17666],[141.81223,-37.17677],[141.81208,-37.17688],[141.81189,-37.177],[141.8117,-37.17706],[141.81149,-37.17712],[141.81131,-37.17715],[141.81121,-37.17719],[141.81109,-37.17725],[141.81094,-37.17728],[141.81075,-37.17733],[141.81054,-37.17735],[141.81023,-37.17738],[141.81004,-37.17739],[141.80981,-37.17736],[141.80967,-37.17731],[141.8095,-37.17723],[141.80939,-37.17715],[141.80924,-37.17704],[141.80913,-37.17692],[141.80904,-37.17681],[141.80895,-37.17669],[141.80884,-37.17651],[141.80873,-37.17632],[141.80863,-37.17618],[141.80847,-37.17598],[141.8083,-37.17581],[141.8082,-37.17567],[141.80807,-37.17551],[141.80797,-37.17538],[141.8078,-37.17523],[141.80762,-37.17508],[141.80742,-37.17493],[141.80718,-37.17481],[141.807,-37.17471],[141.80673,-37.17456],[141.80653,-37.17444],[141.80638,-37.17437],[141.8063,-37.17432],[141.80596,-37.17407],[141.80589,-37.17371],[141.80591,-37.17335],[141.80614,-37.17299],[141.80628,-37.1726],[141.8064,-37.17209],[141.80656,-37.17173],[141.8066,-37.17133],[141.80667,-37.17085],[141.80688,-37.17037],[141.80668,-37.17009],[141.80642,-37.16973],[141.80627,-37.16948],[141.80591,-37.16935],[141.80544,-37.16933],[141.80506,-37.16938],[141.80477,-37.16953],[141.80435,-37.16984],[141.80409,-37.17007],[141.80393,-37.17018],[141.80371,-37.17028],[141.80324,-37.17034],[141.80278,-37.1703],[141.80261,-37.16996],[141.80266,-37.16966],[141.80277,-37.16928],[141.80279,-37.16893],[141.80258,-37.16861],[141.80248,-37.16823],[141.80247,-37.16796],[141.80249,-37.16762],[141.80233,-37.16737],[141.80209,-37.16724],[141.8018,-37.16713],[141.80151,-37.16698],[141.80127,-37.16681],[141.80101,-37.16666],[141.80077,-37.16666],[141.80053,-37.16674],[141.8002,-37.16674],[141.79994,-37.16678],[141.79985,-37.16686],[141.79975,-37.16707],[141.79964,-37.16734],[141.79942,-37.16751],[141.79924,-37.16764],[141.79917,-37.16783],[141.79924,-37.16799],[141.79945,-37.16812],[141.79962,-37.16833],[141.79972,-37.16848],[141.79982,-37.16865],[141.79996,-37.16876],[141.80041,-37.16895],[141.80075,-37.16912],[141.80089,-37.16921],[141.80104,-37.16938],[141.80114,-37.16963],[141.80116,-37.16993],[141.80107,-37.17026],[141.80091,-37.17083],[141.80077,-37.17118],[141.80073,-37.1715],[141.80063,-37.17169],[141.80037,-37.17192],[141.80004,-37.17217],[141.79952,-37.17234],[141.79914,-37.17244],[141.79886,-37.17258],[141.79853,-37.17269],[141.79826,-37.17268],[141.79805,-37.17268],[141.79769,-37.17274],[141.79717,-37.17297],[141.79679,-37.17307],[141.79653,-37.17322],[141.79649,-37.17337],[141.79642,-37.17372],[141.79645,-37.17436],[141.79643,-37.17469],[141.79636,-37.17499],[141.79613,-37.17515],[141.79582,-37.17528],[141.79539,-37.17538],[141.79501,-37.17533],[141.79472,-37.17508],[141.7945,-37.17478],[141.79445,-37.17444],[141.79438,-37.17403],[141.79439,-37.17337],[141.79417,-37.17301],[141.79398,-37.17276],[141.7935,-37.17263],[141.79281,-37.1726],[141.79206,-37.17266],[141.79163,-37.17278],[141.79118,-37.17299],[141.79077,-37.17303],[141.79023,-37.17309],[141.7898,-37.17331],[141.78949,-37.17342],[141.7888,-37.17352],[141.78719,-37.17389],[141.78683,-37.17405],[141.78631,-37.17419],[141.78591,-37.17421],[141.78548,-37.17412],[141.78519,-37.17389],[141.78497,-37.17334],[141.78489,-37.17279],[141.78503,-37.17238],[141.78536,-37.17217],[141.78605,-37.17205],[141.78662,-37.1718],[141.78697,-37.17153],[141.78711,-37.17121],[141.78732,-37.17092],[141.78739,-37.17062],[141.78746,-37.1702],[141.78741,-37.16982],[141.78731,-37.16948],[141.78726,-37.16919],[141.78709,-37.16902],[141.78683,-37.16885],[141.78647,-37.16878],[141.78597,-37.16886],[141.78542,-37.16892],[141.78481,-37.16894],[141.78431,-37.16911],[141.78405,-37.16913],[141.78317,-37.16937],[141.78293,-37.16941],[141.78274,-37.16951],[141.78213,-37.16989],[141.78177,-37.1701],[141.78147,-37.17033],[141.78118,-37.17052],[141.78078,-37.1707],[141.78016,-37.17091],[141.77952,-37.17116],[141.77917,-37.17132],[141.77879,-37.1714],[141.77822,-37.17153],[141.77767,-37.1716],[141.77705,-37.17164],[141.7768,-37.17183],[141.77663,-37.17206],[141.77668,-37.1724],[141.77685,-37.17263],[141.77707,-37.17284],[141.77731,-37.17293],[141.77776,-37.17299],[141.77826,-37.17298],[141.77876,-37.17294],[141.77949,-37.17297],[141.78009,-37.17306],[141.78028,-37.17327],[141.78057,-37.17356],[141.78081,-37.17394],[141.78096,-37.1742],[141.78094,-37.17453],[141.78085,-37.17466],[141.78054,-37.17489],[141.78004,-37.17516],[141.77955,-37.17545],[141.77888,-37.17572],[141.77867,-37.17584],[141.77841,-37.17609],[141.7782,-37.17639],[141.77794,-37.1767],[141.77751,-37.1768],[141.77706,-37.17689],[141.7768,-37.17699],[141.7764,-37.17707],[141.77618,-37.17698],[141.77617,-37.17696],[141.77628,-37.17677],[141.77651,-37.17639],[141.7771,-37.17558],[141.77527,-37.17099],[141.77652,-37.17001],[141.77636,-37.16911],[141.77616,-37.16896],[141.77447,-37.16817],[141.77311,-37.16438],[141.77309,-37.16202],[141.77087,-37.15926],[141.77161,-37.15735],[141.77193,-37.15596],[141.77038,-37.15147],[141.76848,-37.15058],[141.76761,-37.15017],[141.76521,-37.14904],[141.76778,-37.13205],[141.76779,-37.13196],[141.7678,-37.13187],[141.77039,-37.11445],[141.77053,-37.11349],[141.77279,-37.09832],[141.77334,-37.09465],[141.77352,-37.09343],[141.77554,-37.08015],[141.77892,-37.05863],[141.78083,-37.04541],[141.78084,-37.04532],[141.7785,-37.0451],[141.77827,-37.04508],[141.77946,-37.03704],[141.78037,-37.03091],[141.78083,-37.02802],[141.77062,-37.02699],[141.77097,-37.0247],[141.77135,-37.02474],[141.77177,-37.02209],[141.77179,-37.02191],[141.78094,-37.0228],[141.78297,-37.009],[141.78359,-37.00479],[141.78361,-37.00471],[141.78385,-37.00307],[141.78398,-37.00258],[141.78473,-36.99751],[141.78501,-36.99735],[141.78628,-36.98854],[141.79106,-36.98901],[141.79229,-36.98038],[141.79231,-36.98022],[141.78578,-36.97961],[141.78609,-36.97757],[141.78062,-36.97705],[141.78051,-36.97704],[141.7804,-36.97703],[141.77914,-36.97637],[141.77392,-36.97205],[141.7796,-36.96745],[141.77953,-36.96735],[141.77946,-36.96726],[141.76632,-36.96598],[141.76609,-36.96596],[141.76455,-36.96581],[141.73783,-36.96334],[141.73511,-36.96308],[141.70086,-36.9598],[141.70063,-36.9598],[141.68556,-36.95829],[141.68308,-36.95805],[141.68259,-36.95809],[141.67734,-36.95758],[141.66979,-36.95683],[141.65767,-36.95564],[141.65973,-36.9423],[141.66099,-36.93415],[141.66188,-36.92842],[141.66191,-36.92825],[141.66353,-36.91779],[141.66492,-36.9088],[141.66494,-36.90862],[141.66684,-36.89637],[141.66749,-36.89215],[141.6688,-36.88369],[141.6834,-36.88505],[141.68343,-36.88481],[141.68387,-36.88182],[141.6839,-36.88164],[141.6895,-36.88217],[141.70637,-36.88375],[141.70659,-36.88383],[141.70778,-36.87647],[141.71021,-36.86149],[141.71024,-36.86131],[141.71115,-36.85564],[141.71125,-36.85499],[141.71193,-36.85073],[141.71171,-36.85071],[141.70264,-36.84982],[141.7027,-36.84944],[141.70273,-36.84926],[141.70411,-36.84088],[141.70477,-36.84092],[141.70409,-36.83469],[141.70371,-36.83114],[141.70364,-36.83054],[141.70233,-36.81836],[141.7023,-36.81806],[141.70355,-36.80947],[141.70064,-36.80918],[141.70067,-36.809],[141.70211,-36.7995],[141.70234,-36.79952],[141.71779,-36.80103],[141.71782,-36.80085],[141.72328,-36.76501],[141.72551,-36.75042],[141.72759,-36.75099],[141.72764,-36.75062],[141.73034,-36.73334],[141.72841,-36.73343],[141.72845,-36.73306],[141.72851,-36.73265],[141.72856,-36.73233],[141.72967,-36.72505],[141.73076,-36.71777],[141.73187,-36.71038],[141.7319,-36.7102],[141.73211,-36.70882],[141.73407,-36.6961],[141.73639,-36.68098],[141.73676,-36.67864],[141.7403,-36.65562],[141.74084,-36.65216],[141.74107,-36.65218],[141.75897,-36.65401],[141.78134,-36.65628],[141.78812,-36.65696],[141.78835,-36.65699],[141.7978,-36.65794],[141.81226,-36.6594],[141.81248,-36.65942],[141.81613,-36.65979],[141.81616,-36.65961],[141.81756,-36.65062],[141.8184,-36.64522],[141.81907,-36.64092],[141.82104,-36.62817],[141.82613,-36.62867],[141.82624,-36.62868],[141.82627,-36.6285],[141.8275,-36.62049],[141.8308,-36.59904],[141.83768,-36.55428],[141.87258,-36.55741],[141.87302,-36.55745],[141.87516,-36.55764],[141.87527,-36.55765],[141.87538,-36.55766],[141.97369,-36.56641],[141.99523,-36.56741],[141.99588,-36.56744],[142.00391,-36.56744],[142.00446,-36.5671],[142.0048,-36.56625],[142.00584,-36.56567],[142.00611,-36.56454],[142.00531,-36.56334],[142.00547,-36.56237],[142.00743,-36.5616],[142.00962,-36.56039],[142.01063,-36.56024],[142.0121,-36.55868],[142.01386,-36.55648],[142.01365,-36.55535],[142.013,-36.55465],[142.0131,-36.55382],[142.01316,-36.55361],[142.01317,-36.55339],[142.01302,-36.55302],[142.01287,-36.55274],[142.01256,-36.55247],[142.01214,-36.55232],[142.01183,-36.55206],[142.01174,-36.5517],[142.01175,-36.55153],[142.01188,-36.55141],[142.01212,-36.55134],[142.01248,-36.55136],[142.01299,-36.55135],[142.01328,-36.55127],[142.01338,-36.55102],[142.01337,-36.55076],[142.01327,-36.55058],[142.01306,-36.55048],[142.01277,-36.55044],[142.01252,-36.5504],[142.01237,-36.55029],[142.01211,-36.55004],[142.01133,-36.54955],[142.01112,-36.54931],[142.01093,-36.54898],[142.01082,-36.54881],[142.01065,-36.54868],[142.01058,-36.54854],[142.01063,-36.54838],[142.01116,-36.54756],[142.01198,-36.54641],[142.01236,-36.54585],[142.01258,-36.54508],[142.01278,-36.54418],[142.01311,-36.54337],[142.01352,-36.54223],[142.01367,-36.54155],[142.01362,-36.5403],[142.01354,-36.54003],[142.01332,-36.53991],[142.01324,-36.53977],[142.01324,-36.53965],[142.01318,-36.53952],[142.01306,-36.53948],[142.01292,-36.53947],[142.01282,-36.53951],[142.0128,-36.53961],[142.01276,-36.53969],[142.01269,-36.53973],[142.01256,-36.53967],[142.01239,-36.53963],[142.01224,-36.53968],[142.01196,-36.53993],[142.01179,-36.5401],[142.01169,-36.54011],[142.01165,-36.54004],[142.01171,-36.53983],[142.01174,-36.53958],[142.01184,-36.53918],[142.01196,-36.53899],[142.01209,-36.53893],[142.01232,-36.53896],[142.01249,-36.53895],[142.01263,-36.53887],[142.01293,-36.53855],[142.01312,-36.5385],[142.0135,-36.53858],[142.01421,-36.53885],[142.01459,-36.53886],[142.01507,-36.53872],[142.01541,-36.53853],[142.01568,-36.53819],[142.01589,-36.53778],[142.0159,-36.53738],[142.01571,-36.53674],[142.01536,-36.5358],[142.01518,-36.53563],[142.01497,-36.53554],[142.01477,-36.53555],[142.01465,-36.53569],[142.01454,-36.53605],[142.01445,-36.5362],[142.01433,-36.53636],[142.01424,-36.53642],[142.01415,-36.53639],[142.01408,-36.53633],[142.01413,-36.53613],[142.01414,-36.53572],[142.01416,-36.53552],[142.01425,-36.5354],[142.01454,-36.53522],[142.0149,-36.5351],[142.01528,-36.53508],[142.01571,-36.5352],[142.01617,-36.53532],[142.01709,-36.53542],[142.01744,-36.53547],[142.01879,-36.53599],[142.01925,-36.53614],[142.01966,-36.53613],[142.01983,-36.53606],[142.01998,-36.53585],[142.02002,-36.53552],[142.01987,-36.53507],[142.01976,-36.53425],[142.01974,-36.53392],[142.01981,-36.53365],[142.01994,-36.53345],[142.02023,-36.53327],[142.02055,-36.53319],[142.02103,-36.53315],[142.02123,-36.53312],[142.02166,-36.53285],[142.02187,-36.53278],[142.02216,-36.53274],[142.02271,-36.53254],[142.02344,-36.53224],[142.02394,-36.53207],[142.02412,-36.53205],[142.02437,-36.53206],[142.02454,-36.53209],[142.02469,-36.53207],[142.02488,-36.53199],[142.02524,-36.53161],[142.0253,-36.53149],[142.02528,-36.53124],[142.02523,-36.5311],[142.02494,-36.53097],[142.02455,-36.53088],[142.02434,-36.53081],[142.0241,-36.53067],[142.02329,-36.52992],[142.02289,-36.52963],[142.0223,-36.5293],[142.02196,-36.52892],[142.02193,-36.52868],[142.02213,-36.52813],[142.02216,-36.52794],[142.02235,-36.52773],[142.02258,-36.52757],[142.02277,-36.52736],[142.02283,-36.52703],[142.02291,-36.52644],[142.023,-36.52619],[142.02321,-36.52603],[142.02336,-36.52599],[142.02341,-36.5259],[142.02342,-36.52581],[142.02337,-36.5257],[142.02336,-36.52559],[142.02345,-36.52554],[142.02362,-36.52554],[142.02404,-36.52558],[142.0243,-36.5256],[142.02466,-36.52552],[142.0253,-36.5251],[142.02613,-36.52438],[142.02625,-36.52427],[142.02626,-36.52413],[142.0262,-36.52401],[142.02599,-36.52394],[142.02585,-36.52391],[142.02575,-36.52385],[142.02567,-36.52358],[142.02557,-36.52334],[142.02557,-36.52318],[142.02563,-36.52303],[142.02572,-36.52285],[142.0259,-36.5227],[142.02609,-36.52267],[142.02634,-36.52271],[142.02659,-36.52269],[142.02753,-36.52236],[142.0278,-36.52224],[142.0283,-36.52177],[142.02852,-36.52154],[142.0286,-36.52131],[142.0286,-36.52117],[142.0283,-36.52065],[142.02812,-36.52034],[142.0281,-36.51999],[142.02818,-36.51975],[142.02851,-36.51941],[142.02866,-36.51919],[142.02874,-36.51878],[142.02876,-36.51855],[142.02886,-36.51838],[142.02925,-36.51797],[142.02943,-36.5178],[142.02973,-36.5177],[142.03016,-36.51767],[142.03036,-36.51765],[142.03054,-36.51756],[142.03061,-36.51743],[142.03058,-36.51733],[142.03041,-36.51721],[142.03012,-36.51713],[142.02987,-36.51707],[142.02967,-36.51688],[142.02955,-36.51651],[142.02954,-36.51632],[142.02962,-36.51611],[142.02976,-36.51593],[142.03012,-36.51577],[142.03027,-36.51563],[142.03031,-36.51538],[142.03024,-36.51514],[142.02942,-36.51446],[142.02865,-36.51377],[142.02829,-36.5135],[142.0281,-36.51337],[142.02782,-36.51334],[142.02764,-36.5133],[142.02751,-36.51315],[142.02745,-36.51296],[142.02748,-36.51283],[142.02768,-36.51264],[142.02785,-36.51257],[142.02859,-36.51245],[142.02943,-36.51232],[142.02971,-36.51226],[142.03,-36.51209],[142.0302,-36.51188],[142.03028,-36.51173],[142.03031,-36.51155],[142.03028,-36.51143],[142.03017,-36.51128],[142.03005,-36.51116],[142.02905,-36.51066],[142.02832,-36.51028],[142.02797,-36.51],[142.02775,-36.50975],[142.02761,-36.50938],[142.02753,-36.50898],[142.0273,-36.50873],[142.0271,-36.50863],[142.02684,-36.50859],[142.02625,-36.50856],[142.02563,-36.50858],[142.025,-36.50852],[142.02466,-36.50844],[142.02434,-36.50832],[142.02382,-36.50791],[142.0229,-36.50703],[142.02217,-36.50645],[142.02187,-36.50606],[142.0217,-36.50577],[142.02164,-36.50548],[142.02172,-36.50523],[142.02193,-36.50492],[142.02229,-36.50444],[142.02235,-36.50421],[142.02236,-36.504],[142.02228,-36.50383],[142.02211,-36.50367],[142.02183,-36.50354],[142.02111,-36.50325],[142.02059,-36.50294],[142.02027,-36.50279],[142.02001,-36.5025],[142.0197,-36.50236],[142.01918,-36.50228],[142.01886,-36.50224],[142.01819,-36.50204],[142.01812,-36.50192],[142.01805,-36.50178],[142.01802,-36.50167],[142.018,-36.50158],[142.018,-36.50151],[142.018,-36.50147],[142.01801,-36.5014],[142.01802,-36.50132],[142.01805,-36.50125],[142.01808,-36.50119],[142.01809,-36.50118],[142.0181,-36.50116],[142.01818,-36.50106],[142.01874,-36.50047],[142.01874,-36.50046],[142.01877,-36.50041],[142.0189,-36.50014],[142.01893,-36.50007],[142.01894,-36.50003],[142.01896,-36.5],[142.01897,-36.49997],[142.01898,-36.49993],[142.01899,-36.4999],[142.019,-36.49986],[142.01901,-36.49983],[142.01902,-36.49979],[142.01902,-36.49976],[142.01902,-36.49972],[142.01902,-36.49968],[142.01902,-36.49965],[142.01902,-36.49961],[142.01901,-36.49943],[142.01901,-36.49936],[142.01901,-36.4991],[142.01901,-36.49907],[142.01901,-36.49903],[142.01901,-36.499],[142.01901,-36.49896],[142.01902,-36.49893],[142.01902,-36.49889],[142.01903,-36.49885],[142.01906,-36.49867],[142.01906,-36.49864],[142.01907,-36.4986],[142.01907,-36.49857],[142.01907,-36.49853],[142.01907,-36.4985],[142.01907,-36.49846],[142.01907,-36.49842],[142.01905,-36.49795],[142.01905,-36.49788],[142.01904,-36.49785],[142.01904,-36.49781],[142.01902,-36.49767],[142.01901,-36.49763],[142.01901,-36.49759],[142.019,-36.49756],[142.01899,-36.49752],[142.01898,-36.49749],[142.01897,-36.49745],[142.01896,-36.49742],[142.01894,-36.49739],[142.01893,-36.49735],[142.01891,-36.49732],[142.01889,-36.49728],[142.01887,-36.49725],[142.01885,-36.49722],[142.01883,-36.49719],[142.01881,-36.49715],[142.01879,-36.49712],[142.01876,-36.49709],[142.01874,-36.49706],[142.01869,-36.49701],[142.01863,-36.49695],[142.0186,-36.49692],[142.01857,-36.49689],[142.01854,-36.49686],[142.01851,-36.49683],[142.01848,-36.49681],[142.01845,-36.49678],[142.01842,-36.49676],[142.01838,-36.49673],[142.01835,-36.49671],[142.01831,-36.49669],[142.01828,-36.49667],[142.01824,-36.49666],[142.01819,-36.49665],[142.01815,-36.49664],[142.0181,-36.49663],[142.01805,-36.49663],[142.018,-36.49663],[142.01796,-36.49663],[142.01792,-36.49664],[142.01788,-36.49665],[142.01784,-36.49666],[142.0178,-36.49668],[142.01776,-36.4967],[142.01773,-36.49672],[142.01769,-36.49675],[142.01766,-36.49677],[142.01762,-36.4968],[142.01759,-36.49682],[142.01756,-36.49685],[142.01753,-36.49688],[142.0175,-36.49691],[142.01747,-36.49694],[142.01745,-36.49697],[142.01743,-36.497],[142.01741,-36.49703],[142.01739,-36.49706],[142.01737,-36.49709],[142.01735,-36.49713],[142.01733,-36.49716],[142.01727,-36.4973],[142.01715,-36.49753],[142.0171,-36.49763],[142.01707,-36.4977],[142.01705,-36.49773],[142.01704,-36.49777],[142.01703,-36.4978],[142.01702,-36.49784],[142.017,-36.49787],[142.01699,-36.49791],[142.01698,-36.49794],[142.01697,-36.49798],[142.01696,-36.49805],[142.01694,-36.49812],[142.01691,-36.4983],[142.0169,-36.49833],[142.0169,-36.49837],[142.01687,-36.49851],[142.01686,-36.49855],[142.01686,-36.49858],[142.01685,-36.49862],[142.01682,-36.4988],[142.01681,-36.49888],[142.01681,-36.49891],[142.0168,-36.49895],[142.01679,-36.49898],[142.01678,-36.49902],[142.01677,-36.49905],[142.01676,-36.49909],[142.01675,-36.49912],[142.01673,-36.49915],[142.01671,-36.49918],[142.01669,-36.49922],[142.01667,-36.49925],[142.01665,-36.49929],[142.01663,-36.49932],[142.01661,-36.49936],[142.01658,-36.49939],[142.01656,-36.49942],[142.01653,-36.49945],[142.0165,-36.49949],[142.01647,-36.49952],[142.01644,-36.49954],[142.01641,-36.49957],[142.01638,-36.4996],[142.01635,-36.49962],[142.01632,-36.49964],[142.01629,-36.49966],[142.01626,-36.49967],[142.01622,-36.49968],[142.01618,-36.49967],[142.01613,-36.49967],[142.01608,-36.49966],[142.01604,-36.49964],[142.01599,-36.49962],[142.01595,-36.4996],[142.0159,-36.49958],[142.01587,-36.49956],[142.01584,-36.49954],[142.01581,-36.49951],[142.01578,-36.49948],[142.01576,-36.49945],[142.01574,-36.49942],[142.01572,-36.49938],[142.0157,-36.49934],[142.01569,-36.49931],[142.01567,-36.49927],[142.01566,-36.49924],[142.01564,-36.49917],[142.01563,-36.49913],[142.01562,-36.4991],[142.01562,-36.49906],[142.01561,-36.49902],[142.01561,-36.49899],[142.0156,-36.49895],[142.0156,-36.49891],[142.0156,-36.49888],[142.01561,-36.49884],[142.01561,-36.49881],[142.01562,-36.49877],[142.01563,-36.49874],[142.01564,-36.4987],[142.01565,-36.49867],[142.01566,-36.49864],[142.01568,-36.4986],[142.01569,-36.49857],[142.0157,-36.49853],[142.01573,-36.49847],[142.01578,-36.49836],[142.01595,-36.49803],[142.016,-36.49792],[142.01601,-36.49789],[142.01627,-36.4973],[142.01627,-36.49728],[142.01631,-36.49718],[142.01636,-36.49702],[142.01642,-36.49678],[142.01649,-36.49642],[142.01651,-36.49633],[142.01654,-36.49593],[142.01655,-36.49584],[142.01656,-36.49579],[142.01658,-36.49572],[142.01661,-36.49563],[142.01664,-36.49555],[142.01665,-36.49553],[142.01668,-36.49546],[142.01672,-36.49538],[142.01677,-36.4953],[142.01686,-36.49515],[142.01698,-36.495],[142.01711,-36.49485],[142.01725,-36.49471],[142.01728,-36.49469],[142.01733,-36.49465],[142.0174,-36.4946],[142.01765,-36.49445],[142.01772,-36.4944],[142.01796,-36.49421],[142.01801,-36.49418],[142.01803,-36.49417],[142.0181,-36.49413],[142.01816,-36.4941],[142.01821,-36.49407],[142.01825,-36.49405],[142.01829,-36.49404],[142.01848,-36.49398],[142.01869,-36.49392],[142.01889,-36.49387],[142.01902,-36.49385],[142.01919,-36.49381],[142.0193,-36.49375],[142.01938,-36.49368],[142.01947,-36.49362],[142.01954,-36.49359],[142.01962,-36.49357],[142.02007,-36.49357],[142.02036,-36.49356],[142.0209,-36.49355],[142.06746,-36.49307],[142.0708,-36.49635],[142.07128,-36.49597],[142.07473,-36.49316],[142.07491,-36.49305],[142.07528,-36.49284],[142.07554,-36.49272],[142.08381,-36.4927],[142.08729,-36.49273],[142.08807,-36.49272],[142.08849,-36.49271],[142.09634,-36.49268],[142.0976,-36.49268],[142.0994,-36.4927],[142.09952,-36.49288],[142.09952,-36.4942],[142.10022,-36.49421],[142.11821,-36.4941],[142.11842,-36.4941],[142.11838,-36.49258],[142.11861,-36.49258],[142.1217,-36.49259],[142.12764,-36.49262],[142.14007,-36.49258],[142.15173,-36.49254],[142.15194,-36.49254],[142.15464,-36.49254],[142.16277,-36.4925],[142.1682,-36.49249],[142.16492,-36.48309],[142.16451,-36.4819],[142.16451,-36.48047],[142.16449,-36.47659],[142.16443,-36.46977],[142.16455,-36.46976],[142.16455,-36.46948],[142.16472,-36.46947],[142.16585,-36.46947],[142.16596,-36.46947],[142.16586,-36.4521],[142.16578,-36.43267],[142.17496,-36.43265],[142.19289,-36.43646],[142.198,-36.43755],[142.22578,-36.43749],[142.22797,-36.43748],[142.22817,-36.43748],[142.24355,-36.44006],[142.2437,-36.44006],[142.25482,-36.44013],[142.26206,-36.44017],[142.26213,-36.44017],[142.27288,-36.44019],[142.29106,-36.44022],[142.29109,-36.44022],[142.30921,-36.44025],[142.30933,-36.44025],[142.32744,-36.44028],[142.34327,-36.44029],[142.34359,-36.44071],[142.34431,-36.44161],[142.35051,-36.44944],[142.35493,-36.44944],[142.35915,-36.44944],[142.37978,-36.44946],[142.40481,-36.44947],[142.40481,-36.44992],[142.40441,-36.45039],[142.40403,-36.45074],[142.40348,-36.4512],[142.40299,-36.45135],[142.40242,-36.45147],[142.40203,-36.45168],[142.40169,-36.45186],[142.40136,-36.45216],[142.40133,-36.45234],[142.40138,-36.45276],[142.40169,-36.45311],[142.40195,-36.45333],[142.40195,-36.45371],[142.40183,-36.45414],[142.40167,-36.45434],[142.40109,-36.45463],[142.40086,-36.45482],[142.40077,-36.45506],[142.40064,-36.45546],[142.40045,-36.45577],[142.40022,-36.45603],[142.39995,-36.45624],[142.3994,-36.45649],[142.39891,-36.45664],[142.39831,-36.45705],[142.39791,-36.45735],[142.39743,-36.45759],[142.39706,-36.45768],[142.39687,-36.45777],[142.3966,-36.45795],[142.39635,-36.45818],[142.39631,-36.45832],[142.3964,-36.45868],[142.39688,-36.45909],[142.39748,-36.45954],[142.39782,-36.45975],[142.39827,-36.46002],[142.39859,-36.46018],[142.3988,-36.46055],[142.39892,-36.46115],[142.39893,-36.46162],[142.39903,-36.46213],[142.39919,-36.46254],[142.3995,-36.46318],[142.39983,-36.46366],[142.40001,-36.46398],[142.40021,-36.46429],[142.40043,-36.4646],[142.40086,-36.46508],[142.40141,-36.46565],[142.40164,-36.46597],[142.40171,-36.46672],[142.40144,-36.46699],[142.40103,-36.46723],[142.40075,-36.4674],[142.40029,-36.46772],[142.40008,-36.46791],[142.39977,-36.46803],[142.39911,-36.46822],[142.39874,-36.46876],[142.39876,-36.47003],[142.39868,-36.47057],[142.39862,-36.47057],[142.39824,-36.47103],[142.39807,-36.47128],[142.398,-36.47155],[142.39791,-36.47186],[142.39789,-36.47208],[142.39784,-36.47228],[142.39785,-36.47251],[142.39789,-36.47279],[142.39793,-36.47299],[142.39801,-36.47315],[142.3982,-36.47342],[142.39831,-36.47365],[142.39865,-36.47375],[142.39895,-36.47378],[142.39924,-36.4737],[142.39943,-36.47373],[142.39968,-36.47389],[142.39984,-36.47407],[142.39993,-36.47429],[142.39999,-36.47459],[142.40002,-36.4749],[142.40005,-36.47524],[142.40003,-36.47549],[142.39999,-36.47574],[142.39991,-36.47594],[142.39979,-36.47616],[142.39964,-36.47648],[142.39956,-36.47669],[142.39944,-36.47693],[142.39938,-36.47724],[142.39935,-36.47746],[142.39936,-36.47772],[142.39931,-36.47802],[142.39925,-36.47832],[142.39917,-36.47858],[142.39904,-36.47886],[142.39888,-36.47906],[142.39869,-36.4793],[142.39857,-36.47958],[142.39845,-36.47978],[142.39836,-36.47999],[142.39839,-36.48028],[142.39872,-36.48051],[142.39911,-36.48064],[142.39944,-36.48056],[142.39981,-36.48052],[142.40011,-36.48071],[142.40028,-36.48099],[142.40039,-36.48117],[142.40047,-36.48133],[142.40075,-36.48146],[142.40115,-36.48145],[142.4015,-36.48145],[142.40174,-36.48137],[142.40204,-36.48143],[142.40229,-36.4816],[142.4024,-36.48179],[142.40237,-36.48192],[142.4023,-36.48211],[142.40212,-36.4822],[142.40169,-36.48235],[142.40134,-36.48253],[142.40093,-36.48275],[142.40049,-36.48308],[142.40005,-36.4834],[142.39977,-36.48377],[142.39988,-36.48413],[142.40011,-36.48456],[142.40029,-36.48495],[142.40037,-36.48532],[142.40043,-36.48559],[142.40047,-36.48599],[142.40034,-36.48644],[142.40017,-36.48687],[142.3999,-36.48717],[142.39963,-36.48739],[142.39945,-36.48763],[142.39928,-36.4879],[142.39935,-36.48802],[142.39949,-36.48827],[142.39972,-36.48839],[142.39986,-36.48862],[142.39979,-36.48906],[142.39977,-36.48936],[142.39986,-36.48973],[142.40008,-36.48999],[142.40026,-36.49024],[142.40043,-36.49049],[142.40058,-36.4907],[142.40066,-36.49097],[142.40066,-36.4912],[142.4007,-36.49149],[142.4008,-36.49172],[142.40098,-36.49191],[142.40116,-36.49208],[142.40131,-36.4923],[142.40143,-36.49249],[142.40143,-36.49267],[142.40145,-36.49284],[142.40152,-36.49306],[142.40164,-36.4933],[142.40166,-36.4935],[142.40169,-36.49365],[142.40173,-36.49388],[142.40204,-36.49424],[142.40246,-36.49457],[142.40271,-36.49473],[142.40304,-36.49485],[142.40326,-36.49486],[142.40353,-36.4948],[142.40375,-36.49473],[142.40391,-36.49463],[142.40404,-36.49459],[142.4042,-36.49463],[142.40427,-36.49465],[142.40434,-36.49468],[142.40438,-36.49482],[142.40436,-36.495],[142.40421,-36.49519],[142.40398,-36.4954],[142.40377,-36.49561],[142.40353,-36.49584],[142.4033,-36.49606],[142.40315,-36.49625],[142.40307,-36.49633],[142.40304,-36.49655],[142.40301,-36.49681],[142.40294,-36.49709],[142.40279,-36.49726],[142.40258,-36.49741],[142.40213,-36.49753],[142.40184,-36.49754],[142.40142,-36.49749],[142.40109,-36.49757],[142.40081,-36.49771],[142.40045,-36.49796],[142.4002,-36.49818],[142.39987,-36.49842],[142.39963,-36.49852],[142.39916,-36.49855],[142.39891,-36.49862],[142.39875,-36.4988],[142.39871,-36.49906],[142.39893,-36.49936],[142.39926,-36.49956],[142.39961,-36.49978],[142.39985,-36.50002],[142.39986,-36.50003],[142.39997,-36.50017],[142.4,-36.50038],[142.39989,-36.50058],[142.39968,-36.50082],[142.39918,-36.5013],[142.39866,-36.50149],[142.39797,-36.5015],[142.39718,-36.50153],[142.39661,-36.50186],[142.39616,-36.50218],[142.39583,-36.50281],[142.39582,-36.50393],[142.39572,-36.50437],[142.39558,-36.50489],[142.39531,-36.50536],[142.39494,-36.50561],[142.3946,-36.50581],[142.39447,-36.50604],[142.39444,-36.50622],[142.39454,-36.50642],[142.39478,-36.50653],[142.39507,-36.50654],[142.39524,-36.50659],[142.39538,-36.50674],[142.39552,-36.50718],[142.39594,-36.50823],[142.39636,-36.50893],[142.39653,-36.50959],[142.3964,-36.5104],[142.39607,-36.51126],[142.39536,-36.51224],[142.39493,-36.51313],[142.39497,-36.51398],[142.3952,-36.51468],[142.3953,-36.51516],[142.39516,-36.5158],[142.39491,-36.51636],[142.39453,-36.51673],[142.39426,-36.51695],[142.39415,-36.51734],[142.39418,-36.51795],[142.39417,-36.51871],[142.39392,-36.51941],[142.39315,-36.5204],[142.39247,-36.52085],[142.39191,-36.5213],[142.39178,-36.5215],[142.39181,-36.52173],[142.39208,-36.52202],[142.39246,-36.52244],[142.39287,-36.52302],[142.39303,-36.52359],[142.39306,-36.5243],[142.39305,-36.52488],[142.39325,-36.52574],[142.39391,-36.52684],[142.39512,-36.5276],[142.39545,-36.52777],[142.39572,-36.52782],[142.39597,-36.52781],[142.39613,-36.52775],[142.39633,-36.52769],[142.39664,-36.52757],[142.39689,-36.52751],[142.39733,-36.52754],[142.39777,-36.52766],[142.398,-36.52789],[142.39813,-36.52828],[142.39797,-36.52871],[142.39772,-36.52906],[142.39735,-36.52943],[142.39706,-36.52977],[142.397,-36.5303],[142.39705,-36.53074],[142.39715,-36.53132],[142.39736,-36.53222],[142.3973,-36.53319],[142.39696,-36.5343],[142.39653,-36.53531],[142.39656,-36.53616],[142.39656,-36.53755],[142.39649,-36.53817],[142.39631,-36.53877],[142.39608,-36.53923],[142.39545,-36.53972],[142.39463,-36.54018],[142.3944,-36.54036],[142.39417,-36.54069],[142.39411,-36.54118],[142.39361,-36.54229],[142.39344,-36.54324],[142.3934,-36.54363],[142.39335,-36.54391],[142.3933,-36.54408],[142.39319,-36.54424],[142.39293,-36.54425],[142.39257,-36.54421],[142.39218,-36.5443],[142.39193,-36.54449],[142.39198,-36.54462],[142.3921,-36.5449],[142.39218,-36.54518],[142.39216,-36.54554],[142.39194,-36.54578],[142.39141,-36.54611],[142.39087,-36.54636],[142.39055,-36.54699],[142.3908,-36.54805],[142.39147,-36.54951],[142.39128,-36.55012],[142.39063,-36.5514],[142.38975,-36.55256],[142.38948,-36.55283],[142.38927,-36.55315],[142.38892,-36.55358],[142.38866,-36.55399],[142.38835,-36.55441],[142.38814,-36.55487],[142.38798,-36.55528],[142.38766,-36.5558],[142.38751,-36.55628],[142.38741,-36.55689],[142.38736,-36.55757],[142.38735,-36.5583],[142.38727,-36.55863],[142.38707,-36.55898],[142.38696,-36.55925],[142.38688,-36.55963],[142.38687,-36.56008],[142.38689,-36.56059],[142.38681,-36.56111],[142.38656,-36.56156],[142.38614,-36.56197],[142.38593,-36.56263],[142.38529,-36.56357],[142.38498,-36.56394],[142.3847,-36.56433],[142.38462,-36.56461],[142.38471,-36.5652],[142.38476,-36.56579],[142.38441,-36.5665],[142.38382,-36.56741],[142.38375,-36.5684],[142.38385,-36.56882],[142.38392,-36.56912],[142.3839,-36.56931],[142.38376,-36.56962],[142.38343,-36.57004],[142.38322,-36.57037],[142.38311,-36.57087],[142.38303,-36.57171],[142.38302,-36.57215],[142.3827,-36.57275],[142.38228,-36.57337],[142.38207,-36.57361],[142.38225,-36.57394],[142.38285,-36.57442],[142.38415,-36.57473],[142.38464,-36.57479],[142.38489,-36.57487],[142.38509,-36.57507],[142.38507,-36.57533],[142.38512,-36.57566],[142.38549,-36.57604],[142.3872,-36.57674],[142.3874,-36.57701],[142.38755,-36.57722],[142.38764,-36.57741],[142.38762,-36.57755],[142.38769,-36.57766],[142.38783,-36.57787],[142.38795,-36.57805],[142.38806,-36.57829],[142.3881,-36.5785],[142.38816,-36.57876],[142.38821,-36.57897],[142.3882,-36.57918],[142.38819,-36.5794],[142.38819,-36.57972],[142.38816,-36.58],[142.38808,-36.58029],[142.388,-36.58067],[142.38791,-36.58092],[142.38786,-36.58115],[142.38782,-36.58144],[142.38779,-36.58164],[142.38775,-36.58186],[142.38771,-36.58202],[142.38771,-36.58248],[142.38771,-36.58294],[142.38772,-36.58332],[142.38775,-36.58364],[142.38778,-36.58393],[142.38784,-36.58411],[142.3878,-36.58434],[142.38767,-36.58454],[142.38755,-36.58472],[142.38749,-36.58499],[142.38744,-36.58534],[142.38742,-36.58558],[142.38734,-36.5858],[142.38726,-36.58601],[142.38699,-36.58619],[142.38684,-36.58629],[142.38664,-36.58641],[142.38643,-36.58654],[142.38625,-36.58666],[142.38613,-36.58682],[142.38607,-36.58695],[142.3861,-36.58718],[142.38617,-36.58736],[142.3863,-36.58753],[142.38654,-36.58774],[142.3868,-36.58796],[142.38704,-36.58809],[142.38732,-36.5882],[142.3877,-36.58834],[142.3881,-36.58855],[142.38842,-36.58873],[142.38865,-36.58889],[142.38882,-36.58911],[142.38894,-36.58936],[142.38901,-36.58956],[142.38896,-36.58986],[142.38893,-36.59002],[142.38872,-36.59018],[142.38844,-36.59038],[142.38819,-36.59054],[142.3879,-36.59067],[142.38769,-36.59075],[142.38755,-36.59086],[142.38741,-36.59096],[142.38738,-36.5911],[142.38738,-36.59155],[142.38735,-36.59211],[142.38729,-36.59262],[142.38722,-36.59325],[142.38716,-36.59349],[142.387,-36.59375],[142.38669,-36.59401],[142.38651,-36.59438],[142.38643,-36.59482],[142.38651,-36.59569],[142.38642,-36.59722],[142.38644,-36.59806],[142.38634,-36.5982],[142.38632,-36.59838],[142.38629,-36.59855],[142.38626,-36.59874],[142.38604,-36.59888],[142.38586,-36.59901],[142.3857,-36.59917],[142.38559,-36.59939],[142.38545,-36.59973],[142.38534,-36.5999],[142.38512,-36.60004],[142.38481,-36.60014],[142.38452,-36.6002],[142.38427,-36.60021],[142.38407,-36.60028],[142.38381,-36.60036],[142.38353,-36.60038],[142.38329,-36.60042],[142.38284,-36.60054],[142.38203,-36.60086],[142.38132,-36.60164],[142.38081,-36.60231],[142.38039,-36.60263],[142.37938,-36.60307],[142.37884,-36.60334],[142.37839,-36.60359],[142.37823,-36.60381],[142.37817,-36.6041],[142.37821,-36.60439],[142.3783,-36.60471],[142.37849,-36.60519],[142.37878,-36.60566],[142.37889,-36.60607],[142.37878,-36.60658],[142.3786,-36.60716],[142.37812,-36.60778],[142.37806,-36.60802],[142.37778,-36.60831],[142.37748,-36.6085],[142.37695,-36.60857],[142.37633,-36.60854],[142.37611,-36.60857],[142.37576,-36.60873],[142.37539,-36.60913],[142.37522,-36.60941],[142.37525,-36.6098],[142.37533,-36.61022],[142.37534,-36.61054],[142.37522,-36.61068],[142.37485,-36.61094],[142.37426,-36.61105],[142.37345,-36.61128],[142.3729,-36.61152],[142.37245,-36.61199],[142.37217,-36.61271],[142.37186,-36.61361],[142.37188,-36.61387],[142.37196,-36.61412],[142.37223,-36.61436],[142.37272,-36.6146],[142.37313,-36.61485],[142.37332,-36.61518],[142.37337,-36.61576],[142.37333,-36.61627],[142.37303,-36.61698],[142.37261,-36.61766],[142.37261,-36.61791],[142.37313,-36.61874],[142.37321,-36.61965],[142.37269,-36.62056],[142.37258,-36.6215],[142.37286,-36.62228],[142.373,-36.62271],[142.37276,-36.62352],[142.3728,-36.62474],[142.37278,-36.6256],[142.3721,-36.62645],[142.37128,-36.62719],[142.37098,-36.62783],[142.37106,-36.62856],[142.37132,-36.62939],[142.37101,-36.62995],[142.37075,-36.63004],[142.37076,-36.63022],[142.37084,-36.63036],[142.37071,-36.63084],[142.37042,-36.63149],[142.37016,-36.63214],[142.37026,-36.6327],[142.37074,-36.63327],[142.37115,-36.63359],[142.37132,-36.63413],[142.37133,-36.63468],[142.37132,-36.63549],[142.37164,-36.63616],[142.37178,-36.63663],[142.37181,-36.63684],[142.37185,-36.63719],[142.37185,-36.63721],[142.37182,-36.63734],[142.37179,-36.63744],[142.37156,-36.63862],[142.37117,-36.63974],[142.37065,-36.64079],[142.3703,-36.64141],[142.37009,-36.64197],[142.37027,-36.64264],[142.37049,-36.64297],[142.37069,-36.64358],[142.3704,-36.64493],[142.37017,-36.64579],[142.3703,-36.64644],[142.37075,-36.64725],[142.37156,-36.6485],[142.37204,-36.64913],[142.37221,-36.64936],[142.37316,-36.6501],[142.37432,-36.65068],[142.37525,-36.65094],[142.37628,-36.65116],[142.37737,-36.65136],[142.37784,-36.65138],[142.3787,-36.65183],[142.37904,-36.65206],[142.37914,-36.65245],[142.3797,-36.65341],[142.38028,-36.65423],[142.38084,-36.65528],[142.38157,-36.65605],[142.38226,-36.65683],[142.38264,-36.65745],[142.38278,-36.65806],[142.38276,-36.65895],[142.3828,-36.65953],[142.38315,-36.66019],[142.38326,-36.66048],[142.38307,-36.66116],[142.3828,-36.66155],[142.38287,-36.66198],[142.38302,-36.66266],[142.38357,-36.66382],[142.38398,-36.66435],[142.38488,-36.66515],[142.38534,-36.66578],[142.3855,-36.66625],[142.38546,-36.66786],[142.38526,-36.66865],[142.38486,-36.66951],[142.38386,-36.67041],[142.38309,-36.6713],[142.38253,-36.6721],[142.38233,-36.67249],[142.38238,-36.67279],[142.38278,-36.67327],[142.38359,-36.67373],[142.38486,-36.67494],[142.38584,-36.67579],[142.38641,-36.67634],[142.38665,-36.67661],[142.38694,-36.6768],[142.38715,-36.67687],[142.38764,-36.67673],[142.38815,-36.67661],[142.38829,-36.67659],[142.38865,-36.67661],[142.38894,-36.67685],[142.3892,-36.67713],[142.38943,-36.67736],[142.38969,-36.67751],[142.38979,-36.67756],[142.39014,-36.67749],[142.39054,-36.67728],[142.39103,-36.67691],[142.39164,-36.67644],[142.39234,-36.67635],[142.3931,-36.67642],[142.39362,-36.67652],[142.39395,-36.67681],[142.39412,-36.67714],[142.39439,-36.6776],[142.39454,-36.67773],[142.39507,-36.67791],[142.39591,-36.67812],[142.39622,-36.67846],[142.39613,-36.67876],[142.39592,-36.67918],[142.39597,-36.67968],[142.39606,-36.67986],[142.39683,-36.68058],[142.39698,-36.68095],[142.39705,-36.68136],[142.39682,-36.68171],[142.3965,-36.68205],[142.39616,-36.68232],[142.39596,-36.68256],[142.39585,-36.68276],[142.3959,-36.68304],[142.39609,-36.68334],[142.39645,-36.68367],[142.39683,-36.68393],[142.39724,-36.68421],[142.39761,-36.68449],[142.39824,-36.68512],[142.39892,-36.68565],[142.39959,-36.68622],[142.39991,-36.68666],[142.40024,-36.68704],[142.40043,-36.68735],[142.4007,-36.68775],[142.40073,-36.68784],[142.40091,-36.6884],[142.40104,-36.68894],[142.40138,-36.68926],[142.40193,-36.68953],[142.40227,-36.6897],[142.40228,-36.68984],[142.40207,-36.69002],[142.40182,-36.69009],[142.40142,-36.69038],[142.40105,-36.69075],[142.40071,-36.69111],[142.40061,-36.69132],[142.40058,-36.69152],[142.40063,-36.69192],[142.40059,-36.69216],[142.40035,-36.69246],[142.40002,-36.69256],[142.39952,-36.69264],[142.39907,-36.69271],[142.39888,-36.69292],[142.39883,-36.69315],[142.39897,-36.69348],[142.39915,-36.69399],[142.3991,-36.69438],[142.39933,-36.69482],[142.39975,-36.69513],[142.40046,-36.69548],[142.40108,-36.69575],[142.40146,-36.69629],[142.40149,-36.69678],[142.40103,-36.69763],[142.40076,-36.69818],[142.40046,-36.69862],[142.40027,-36.6991],[142.40033,-36.69941],[142.4013,-36.69981],[142.40229,-36.69997],[142.40371,-36.69973],[142.40398,-36.6996],[142.40455,-36.69971],[142.40484,-36.70002],[142.40492,-36.7006],[142.40516,-36.7009],[142.40535,-36.70103],[142.40548,-36.70102],[142.40564,-36.7009],[142.4057,-36.7007],[142.40608,-36.70059],[142.40673,-36.70043],[142.40767,-36.70053],[142.40807,-36.70059],[142.4083,-36.70083],[142.4083,-36.7011],[142.40815,-36.70136],[142.40778,-36.70149],[142.40763,-36.70165],[142.40764,-36.702],[142.40761,-36.70238],[142.40786,-36.70289],[142.40839,-36.70337],[142.40914,-36.70379],[142.41028,-36.7047],[142.41056,-36.70506],[142.41045,-36.70564],[142.41092,-36.70612],[142.41121,-36.70636],[142.4117,-36.70663],[142.41203,-36.70679],[142.41206,-36.70696],[142.4122,-36.7071],[142.41258,-36.70705],[142.41298,-36.70695],[142.41323,-36.70674],[142.41337,-36.70654],[142.41344,-36.70629],[142.41367,-36.70615],[142.41395,-36.70628],[142.41422,-36.70646],[142.41446,-36.70648],[142.41469,-36.70641],[142.41484,-36.70642],[142.41497,-36.70642],[142.41514,-36.70656],[142.41521,-36.70668],[142.41541,-36.70675],[142.41565,-36.70677],[142.41598,-36.70678],[142.41636,-36.70671],[142.41679,-36.70659],[142.41716,-36.70673],[142.41729,-36.70705],[142.41772,-36.7074],[142.41776,-36.70768],[142.41789,-36.70794],[142.41813,-36.7081],[142.41838,-36.70804],[142.41862,-36.70795],[142.41893,-36.70792],[142.41916,-36.70797],[142.41933,-36.70796],[142.41945,-36.70777],[142.41941,-36.70755],[142.41952,-36.70733],[142.41975,-36.70724],[142.41982,-36.70715],[142.41987,-36.70694],[142.4199,-36.70664],[142.4199,-36.70642],[142.41997,-36.70645],[142.42016,-36.70654],[142.4207,-36.70668],[142.42092,-36.70676],[142.42118,-36.70705],[142.42125,-36.7075],[142.42116,-36.70791],[142.42114,-36.70863],[142.42131,-36.70895],[142.42168,-36.70954],[142.42173,-36.70999],[142.42165,-36.71051],[142.42143,-36.71139],[142.4213,-36.71229],[142.42132,-36.71255],[142.42161,-36.71319],[142.42205,-36.71383],[142.42224,-36.71411],[142.42282,-36.71473],[142.4237,-36.71517],[142.42435,-36.71527],[142.42527,-36.71562],[142.42584,-36.7161],[142.42755,-36.71818],[142.42824,-36.71865],[142.43035,-36.71868],[142.43106,-36.71883],[142.4313,-36.71894],[142.43192,-36.71931],[142.4322,-36.71973],[142.43222,-36.72067],[142.43275,-36.72155],[142.43352,-36.7221],[142.4339,-36.72215],[142.43435,-36.72195],[142.43476,-36.7217],[142.43552,-36.7221],[142.43615,-36.7224],[142.43591,-36.72276],[142.43596,-36.72315],[142.43649,-36.72384],[142.43725,-36.72414],[142.4377,-36.72432],[142.4392,-36.72542],[142.43924,-36.72544],[142.43942,-36.72597],[142.43962,-36.72629],[142.44028,-36.72657],[142.44061,-36.72682],[142.4412,-36.72693],[142.44158,-36.72706],[142.44241,-36.72697],[142.44423,-36.72723],[142.44473,-36.72732],[142.44519,-36.72777],[142.44676,-36.72872],[142.44739,-36.72921],[142.4481,-36.72919],[142.44854,-36.7293],[142.45031,-36.7296],[142.45066,-36.72972],[142.45056,-36.73],[142.45072,-36.73005],[142.45157,-36.72993],[142.45232,-36.7301],[142.45251,-36.72998],[142.45254,-36.72979],[142.4531,-36.72965],[142.45336,-36.72942],[142.45358,-36.72929],[142.45378,-36.7294],[142.45422,-36.72968],[142.45465,-36.72989],[142.45484,-36.73025],[142.45464,-36.73054],[142.45428,-36.73064],[142.45406,-36.73065],[142.45392,-36.73074],[142.45401,-36.73089],[142.45423,-36.73114],[142.45468,-36.73147],[142.45492,-36.73166],[142.45557,-36.73206],[142.45574,-36.73214],[142.45609,-36.73225],[142.45686,-36.73268],[142.45721,-36.73288],[142.45779,-36.7328],[142.45798,-36.73289],[142.45809,-36.73311],[142.45846,-36.73338],[142.45874,-36.73356],[142.45934,-36.73374],[142.45978,-36.73391],[142.46019,-36.73418],[142.46035,-36.73441],[142.46076,-36.73457],[142.46138,-36.73472],[142.46174,-36.73479],[142.4622,-36.73494],[142.46248,-36.73504],[142.4625,-36.73524],[142.46232,-36.73543],[142.46292,-36.73633],[142.4632,-36.73649],[142.46353,-36.7367],[142.46348,-36.73699],[142.46343,-36.73718],[142.4632,-36.73749],[142.46327,-36.73765],[142.46371,-36.73833],[142.46362,-36.73846],[142.46328,-36.7391],[142.46342,-36.73969],[142.46353,-36.73983],[142.46425,-36.74004],[142.46447,-36.74016],[142.46469,-36.7405],[142.4649,-36.74092],[142.46513,-36.74142],[142.46538,-36.74209],[142.46587,-36.74224],[142.46619,-36.74282],[142.46609,-36.74308],[142.46621,-36.74349],[142.46663,-36.74372],[142.46648,-36.74438],[142.46661,-36.7449],[142.46721,-36.7456],[142.46723,-36.7456],[142.46831,-36.74593],[142.46866,-36.74624],[142.46866,-36.74722],[142.46929,-36.74792],[142.46877,-36.74829],[142.46878,-36.74835],[142.46931,-36.74909],[142.47067,-36.74968],[142.47287,-36.75238],[142.47385,-36.75315],[142.47486,-36.75297],[142.47541,-36.75322],[142.47638,-36.75487],[142.47643,-36.75621],[142.47708,-36.75721],[142.47698,-36.75797],[142.47588,-36.7591],[142.47472,-36.75967],[142.47241,-36.76041],[142.47149,-36.7607],[142.47076,-36.76088],[142.47033,-36.76102],[142.47,-36.76119],[142.46982,-36.76139],[142.46975,-36.76152],[142.46972,-36.76158],[142.46966,-36.76158],[142.46966,-36.76211],[142.47069,-36.76279],[142.47113,-36.76387],[142.47136,-36.76428],[142.47165,-36.7646],[142.4719,-36.76483],[142.47211,-36.76498],[142.47221,-36.7651],[142.4723,-36.76518],[142.47238,-36.7653],[142.47237,-36.76539],[142.47231,-36.76549],[142.47216,-36.76565],[142.47206,-36.76581],[142.47206,-36.76597],[142.47215,-36.76621],[142.47231,-36.76644],[142.47235,-36.76667],[142.47239,-36.76693],[142.47237,-36.76714],[142.47234,-36.76737],[142.47227,-36.76759],[142.47224,-36.76772],[142.47234,-36.76794],[142.47308,-36.76794],[142.47321,-36.76803],[142.47335,-36.76812],[142.47337,-36.76826],[142.47331,-36.76842],[142.47323,-36.76854],[142.47316,-36.76863],[142.47322,-36.76873],[142.47332,-36.76875],[142.4735,-36.76874],[142.47367,-36.76863],[142.47383,-36.76854],[142.47396,-36.76852],[142.47407,-36.76853],[142.47423,-36.76857],[142.47438,-36.76865],[142.47447,-36.76876],[142.47448,-36.76896],[142.47447,-36.76918],[142.4745,-36.76932],[142.47453,-36.76944],[142.47461,-36.76952],[142.47471,-36.76956],[142.47482,-36.76954],[142.47492,-36.76947],[142.47496,-36.76933],[142.475,-36.76916],[142.47507,-36.76905],[142.4752,-36.76903],[142.47535,-36.76905],[142.47545,-36.76914],[142.47556,-36.7693],[142.47562,-36.76944],[142.47564,-36.76961],[142.47566,-36.76977],[142.47567,-36.76995],[142.47568,-36.77011],[142.47575,-36.77022],[142.47585,-36.77031],[142.47601,-36.77034],[142.47612,-36.7703],[142.47617,-36.77018],[142.47613,-36.77008],[142.47604,-36.76991],[142.47602,-36.76977],[142.47606,-36.76963],[142.47613,-36.76955],[142.47627,-36.7695],[142.47649,-36.76948],[142.47666,-36.76951],[142.47684,-36.76957],[142.47694,-36.7697],[142.477,-36.76981],[142.47703,-36.76991],[142.477,-36.77006],[142.47693,-36.77014],[142.47675,-36.7702],[142.47655,-36.77031],[142.47641,-36.77037],[142.47636,-36.77045],[142.47637,-36.77057],[142.47644,-36.77069],[142.47658,-36.77081],[142.47678,-36.77087],[142.47695,-36.77092],[142.47715,-36.77099],[142.47734,-36.77107],[142.47747,-36.77116],[142.47753,-36.77125],[142.47753,-36.77134],[142.47741,-36.77141],[142.47727,-36.7715],[142.47721,-36.77161],[142.47715,-36.77172],[142.47715,-36.77188],[142.47725,-36.77202],[142.47741,-36.77208],[142.47759,-36.77214],[142.47776,-36.77213],[142.47788,-36.77207],[142.47792,-36.77195],[142.47794,-36.77182],[142.47794,-36.77171],[142.47785,-36.77155],[142.47781,-36.77144],[142.47786,-36.77135],[142.478,-36.77126],[142.47818,-36.77122],[142.47846,-36.77126],[142.47865,-36.77131],[142.47877,-36.77142],[142.47883,-36.77154],[142.4788,-36.77164],[142.4788,-36.77168],[142.47871,-36.77182],[142.47858,-36.77195],[142.4785,-36.77208],[142.47844,-36.77225],[142.47843,-36.77242],[142.47849,-36.77247],[142.47861,-36.77249],[142.47875,-36.77243],[142.47891,-36.77226],[142.479,-36.77212],[142.4792,-36.77195],[142.47937,-36.77189],[142.47955,-36.77186],[142.47971,-36.77186],[142.47988,-36.77185],[142.48009,-36.77187],[142.48025,-36.77194],[142.48036,-36.77204],[142.48038,-36.77216],[142.48027,-36.77231],[142.47999,-36.7726],[142.47979,-36.77267],[142.47951,-36.77274],[142.47925,-36.77283],[142.47912,-36.77288],[142.47905,-36.77294],[142.47898,-36.77306],[142.47907,-36.77312],[142.47923,-36.77315],[142.47943,-36.77316],[142.47957,-36.77318],[142.47974,-36.77323],[142.47984,-36.7733],[142.4802,-36.7733],[142.48041,-36.77332],[142.48057,-36.77341],[142.48065,-36.77349],[142.4807,-36.77359],[142.4807,-36.77371],[142.48064,-36.77385],[142.48059,-36.77397],[142.48062,-36.7741],[142.48067,-36.77426],[142.48067,-36.7744],[142.48065,-36.77453],[142.48058,-36.77462],[142.48047,-36.77464],[142.48025,-36.7746],[142.47989,-36.77455],[142.47975,-36.77454],[142.47969,-36.77462],[142.47967,-36.77472],[142.47967,-36.77482],[142.47975,-36.77489],[142.47981,-36.77497],[142.47987,-36.7751],[142.47984,-36.77521],[142.47983,-36.77526],[142.47983,-36.7754],[142.47991,-36.77548],[142.48007,-36.77553],[142.48028,-36.77558],[142.48049,-36.77561],[142.48064,-36.77568],[142.48075,-36.77574],[142.48078,-36.77585],[142.48076,-36.77597],[142.48066,-36.77606],[142.48052,-36.7761],[142.48041,-36.77617],[142.48039,-36.77631],[142.48039,-36.77652],[142.48044,-36.77677],[142.48045,-36.77694],[142.48048,-36.77721],[142.48049,-36.77739],[142.48049,-36.77753],[142.48048,-36.77766],[142.48045,-36.77778],[142.48042,-36.77786],[142.48037,-36.77793],[142.48031,-36.77797],[142.4802,-36.778],[142.48007,-36.778],[142.47993,-36.77799],[142.47981,-36.77798],[142.47971,-36.77797],[142.47965,-36.77796],[142.47949,-36.77797],[142.47942,-36.77798],[142.47935,-36.77803],[142.47932,-36.77808],[142.4793,-36.77815],[142.4793,-36.77821],[142.47931,-36.7783],[142.47947,-36.7784],[142.47967,-36.77849],[142.47978,-36.77854],[142.47986,-36.77862],[142.47993,-36.77871],[142.47996,-36.7788],[142.47998,-36.77887],[142.47992,-36.77894],[142.47978,-36.77903],[142.47957,-36.77903],[142.47939,-36.77903],[142.47922,-36.77903],[142.47905,-36.77906],[142.47891,-36.77914],[142.47892,-36.77924],[142.47896,-36.77933],[142.47906,-36.77941],[142.47931,-36.77949],[142.47951,-36.77957],[142.4797,-36.77969],[142.47986,-36.77984],[142.47993,-36.78],[142.47997,-36.78015],[142.47996,-36.78031],[142.47985,-36.7805],[142.47974,-36.78067],[142.4797,-36.78084],[142.4797,-36.78103],[142.47967,-36.78125],[142.47973,-36.78136],[142.47987,-36.78162],[142.47998,-36.78175],[142.48004,-36.78193],[142.48009,-36.78215],[142.48006,-36.78235],[142.47997,-36.7825],[142.47968,-36.78259],[142.4797,-36.78268],[142.47971,-36.78274],[142.47973,-36.78281],[142.47973,-36.78285],[142.47974,-36.78288],[142.47975,-36.78292],[142.47976,-36.78295],[142.47978,-36.78299],[142.47979,-36.78302],[142.47981,-36.78305],[142.47983,-36.78308],[142.47986,-36.7831],[142.47989,-36.78313],[142.47993,-36.78315],[142.47997,-36.78317],[142.48001,-36.78319],[142.48006,-36.7832],[142.4801,-36.78321],[142.48015,-36.78322],[142.48019,-36.78322],[142.48024,-36.78322],[142.48028,-36.78322],[142.48032,-36.78322],[142.48037,-36.78321],[142.48041,-36.78321],[142.48045,-36.7832],[142.4805,-36.78319],[142.48068,-36.78315],[142.48072,-36.78314],[142.48076,-36.78313],[142.48081,-36.78313],[142.4809,-36.78311],[142.48104,-36.7831],[142.48109,-36.78309],[142.48114,-36.78309],[142.48118,-36.78308],[142.48123,-36.78308],[142.48127,-36.78308],[142.48131,-36.78308],[142.48135,-36.78309],[142.48139,-36.7831],[142.48142,-36.78312],[142.48145,-36.78315],[142.48147,-36.78319],[142.48148,-36.78323],[142.48149,-36.78327],[142.48149,-36.78331],[142.48148,-36.78334],[142.48146,-36.78337],[142.48145,-36.7834],[142.48142,-36.78343],[142.4814,-36.78347],[142.48137,-36.7835],[142.48135,-36.78353],[142.48123,-36.78365],[142.48121,-36.78367],[142.48118,-36.7837],[142.48114,-36.78373],[142.48105,-36.7838],[142.48102,-36.78383],[142.48099,-36.78386],[142.48096,-36.78388],[142.48093,-36.78391],[142.48088,-36.78397],[142.48086,-36.78401],[142.48083,-36.78404],[142.48081,-36.78407],[142.4808,-36.78411],[142.48079,-36.78414],[142.48079,-36.78418],[142.48079,-36.78421],[142.4808,-36.78424],[142.48081,-36.78428],[142.48083,-36.78431],[142.48085,-36.78435],[142.48087,-36.78438],[142.4809,-36.78441],[142.48092,-36.78444],[142.48095,-36.78447],[142.48098,-36.7845],[142.48101,-36.78453],[142.48104,-36.78455],[142.48107,-36.78457],[142.48111,-36.7846],[142.48115,-36.78462],[142.48119,-36.78464],[142.48122,-36.78466],[142.48126,-36.78468],[142.4813,-36.78469],[142.48135,-36.78471],[142.4814,-36.78471],[142.48144,-36.78472],[142.48146,-36.78475],[142.48148,-36.78478],[142.48148,-36.78481],[142.48149,-36.78485],[142.48149,-36.78489],[142.48149,-36.78492],[142.48148,-36.78496],[142.48148,-36.785],[142.48147,-36.78504],[142.48147,-36.78507],[142.48146,-36.78511],[142.48145,-36.78514],[142.48144,-36.78518],[142.48143,-36.78521],[142.48142,-36.78525],[142.48141,-36.78528],[142.48137,-36.78539],[142.4813,-36.78556],[142.48128,-36.78559],[142.48127,-36.78563],[142.48125,-36.78566],[142.48123,-36.78569],[142.48122,-36.78573],[142.4812,-36.78576],[142.48118,-36.78579],[142.48116,-36.78583],[142.48114,-36.78586],[142.48106,-36.78595],[142.48104,-36.78598],[142.48102,-36.78601],[142.481,-36.78605],[142.48099,-36.78608],[142.48097,-36.78611],[142.48096,-36.78615],[142.48096,-36.78618],[142.48095,-36.78622],[142.48094,-36.78626],[142.48094,-36.78629],[142.48094,-36.78633],[142.48094,-36.78636],[142.48094,-36.7864],[142.48094,-36.78644],[142.48094,-36.78647],[142.48095,-36.78651],[142.48095,-36.78655],[142.48096,-36.78658],[142.48097,-36.78662],[142.48097,-36.78665],[142.48098,-36.78669],[142.48099,-36.78673],[142.481,-36.78676],[142.48102,-36.7868],[142.48103,-36.78683],[142.48105,-36.78687],[142.48106,-36.7869],[142.48108,-36.78693],[142.4811,-36.78697],[142.48113,-36.78699],[142.48115,-36.78702],[142.48118,-36.78705],[142.48122,-36.78707],[142.48125,-36.78709],[142.48129,-36.78711],[142.48133,-36.78712],[142.48146,-36.78717],[142.4815,-36.78719],[142.48154,-36.78721],[142.48157,-36.78723],[142.48164,-36.78728],[142.48168,-36.78731],[142.48171,-36.78733],[142.48174,-36.78736],[142.48177,-36.78739],[142.4818,-36.78742],[142.48182,-36.78745],[142.48184,-36.78748],[142.48185,-36.78751],[142.48186,-36.78755],[142.48187,-36.78758],[142.48187,-36.78762],[142.48188,-36.78765],[142.48188,-36.78769],[142.48188,-36.78773],[142.48188,-36.78777],[142.48188,-36.7878],[142.48187,-36.78784],[142.48187,-36.78788],[142.48187,-36.78791],[142.48186,-36.78795],[142.48185,-36.78798],[142.48185,-36.78802],[142.48184,-36.78805],[142.48183,-36.78809],[142.48182,-36.78812],[142.48181,-36.78816],[142.48178,-36.78823],[142.48173,-36.78837],[142.48171,-36.7884],[142.4817,-36.78843],[142.48168,-36.78847],[142.4816,-36.7886],[142.48159,-36.78863],[142.48157,-36.78867],[142.48154,-36.78873],[142.48153,-36.78877],[142.48151,-36.7888],[142.4815,-36.78884],[142.48149,-36.78887],[142.48148,-36.78891],[142.48147,-36.78894],[142.48147,-36.78898],[142.48146,-36.78901],[142.48146,-36.78905],[142.48146,-36.78909],[142.48146,-36.78912],[142.48146,-36.78916],[142.48146,-36.7892],[142.48146,-36.78923],[142.48146,-36.78927],[142.48147,-36.7893],[142.48148,-36.78934],[142.48149,-36.78937],[142.4815,-36.78941],[142.48152,-36.78944],[142.48154,-36.78947],[142.48156,-36.78951],[142.48164,-36.78964],[142.48166,-36.78967],[142.48172,-36.78973],[142.48174,-36.78976],[142.48176,-36.78979],[142.48176,-36.78983],[142.48177,-36.78986],[142.48177,-36.7899],[142.48177,-36.78993],[142.48176,-36.79],[142.48176,-36.79009],[142.48184,-36.79018],[142.48222,-36.7906],[142.4824,-36.79095],[142.48263,-36.79129],[142.48277,-36.79181],[142.48282,-36.79221],[142.48316,-36.79275],[142.48354,-36.79312],[142.48382,-36.79353],[142.48418,-36.79384],[142.48466,-36.79408],[142.48548,-36.79403],[142.48592,-36.79371],[142.48626,-36.79321],[142.48635,-36.79273],[142.48644,-36.79233],[142.48661,-36.79201],[142.48708,-36.79189],[142.48756,-36.79205],[142.48827,-36.79255],[142.48887,-36.7929],[142.4897,-36.79321],[142.49038,-36.79331],[142.49053,-36.79365],[142.49049,-36.79419],[142.48998,-36.79459],[142.48956,-36.79494],[142.48929,-36.79539],[142.4892,-36.79588],[142.48919,-36.79623],[142.48965,-36.79649],[142.49004,-36.79629],[142.49045,-36.79619],[142.49081,-36.79615],[142.49099,-36.79618],[142.49116,-36.7962],[142.49139,-36.79625],[142.49173,-36.7964],[142.49199,-36.79673],[142.49214,-36.79688],[142.49237,-36.79704],[142.49272,-36.79725],[142.49308,-36.79744],[142.49351,-36.79757],[142.49394,-36.79768],[142.49437,-36.79778],[142.49453,-36.7978],[142.49459,-36.79781],[142.49479,-36.79785],[142.49517,-36.79797],[142.49542,-36.79812],[142.49555,-36.79828],[142.49571,-36.79854],[142.4958,-36.79867],[142.4959,-36.7988],[142.4962,-36.79906],[142.4968,-36.79932],[142.49719,-36.79954],[142.49736,-36.79977],[142.49764,-36.80007],[142.49778,-36.80038],[142.49778,-36.80043],[142.4978,-36.80071],[142.49779,-36.80098],[142.49804,-36.80118],[142.49815,-36.80143],[142.49823,-36.80165],[142.49831,-36.80182],[142.49844,-36.80209],[142.49854,-36.80239],[142.49861,-36.80266],[142.49874,-36.80283],[142.49896,-36.80293],[142.4992,-36.80299],[142.49947,-36.80298],[142.49985,-36.80298],[142.50012,-36.80302],[142.50029,-36.80308],[142.50063,-36.80325],[142.50094,-36.80355],[142.50115,-36.80385],[142.50126,-36.80417],[142.50127,-36.80453],[142.50129,-36.80477],[142.50141,-36.80508],[142.50151,-36.80527],[142.50174,-36.80559],[142.5019,-36.80577],[142.50208,-36.80607],[142.50217,-36.80645],[142.5023,-36.80689],[142.50239,-36.80713],[142.50255,-36.80763],[142.50269,-36.80793],[142.50269,-36.80794],[142.50282,-36.80813],[142.50286,-36.80854],[142.50316,-36.80887],[142.50363,-36.80902],[142.50426,-36.80921],[142.50482,-36.80935],[142.50537,-36.80938],[142.50586,-36.80937],[142.50631,-36.80931],[142.50691,-36.80936],[142.5077,-36.8095],[142.50815,-36.8098],[142.5089,-36.81021],[142.50986,-36.81113],[142.51012,-36.81149],[142.51017,-36.81189],[142.51019,-36.81213],[142.51009,-36.81247],[142.50968,-36.81286],[142.50922,-36.81323],[142.50907,-36.8136],[142.50903,-36.81407],[142.50904,-36.8144],[142.50879,-36.81485],[142.50851,-36.81524],[142.50833,-36.81566],[142.50825,-36.8161],[142.50824,-36.81654],[142.50815,-36.81693],[142.50803,-36.81754],[142.50808,-36.81786],[142.50803,-36.81817],[142.50772,-36.81843],[142.50765,-36.81862],[142.50785,-36.81877],[142.5082,-36.81898],[142.50843,-36.81915],[142.50842,-36.8193],[142.50857,-36.81956],[142.50849,-36.82],[142.5084,-36.82038],[142.50849,-36.82063],[142.50856,-36.82089],[142.50859,-36.82125],[142.50854,-36.82162],[142.50842,-36.822],[142.50841,-36.82213],[142.50843,-36.82248],[142.50858,-36.82285],[142.50878,-36.82318],[142.50911,-36.82369],[142.50943,-36.82388],[142.50986,-36.82393],[142.5104,-36.82403],[142.51123,-36.82427],[142.51161,-36.82443],[142.51173,-36.8245],[142.51411,-36.82642],[142.51403,-36.82642],[142.51395,-36.82642],[142.51364,-36.82642],[142.51342,-36.82643],[142.51336,-36.82643],[142.51371,-36.82663],[142.51408,-36.82694],[142.51422,-36.82734],[142.51442,-36.82755],[142.51428,-36.8279],[142.51425,-36.82824],[142.51434,-36.82856],[142.51443,-36.82881],[142.51449,-36.82884],[142.51482,-36.82898],[142.5151,-36.82898],[142.51538,-36.82895],[142.51567,-36.82906],[142.51596,-36.82933],[142.51609,-36.82954],[142.51641,-36.82981],[142.51669,-36.8299],[142.51705,-36.83015],[142.51746,-36.83031],[142.51769,-36.83066],[142.51773,-36.8312],[142.51758,-36.83161],[142.51731,-36.83199],[142.51704,-36.83236],[142.51706,-36.83268],[142.51722,-36.83289],[142.51754,-36.83296],[142.51789,-36.83298],[142.51824,-36.83314],[142.51832,-36.83344],[142.51835,-36.83377],[142.51857,-36.83398],[142.51884,-36.8342],[142.519,-36.83443],[142.51912,-36.8348],[142.51925,-36.8352],[142.51936,-36.83536],[142.51938,-36.83574],[142.51937,-36.83597],[142.51971,-36.83625],[142.51987,-36.83641],[142.51992,-36.83646],[142.51995,-36.83652],[142.51996,-36.83659],[142.51995,-36.83666],[142.51991,-36.83673],[142.51988,-36.83676],[142.51986,-36.8368],[142.51986,-36.83683],[142.51986,-36.83688],[142.51988,-36.83692],[142.51992,-36.83694],[142.51996,-36.83695],[142.52,-36.83695],[142.52008,-36.83694],[142.52018,-36.83691],[142.52025,-36.83689],[142.52028,-36.83689],[142.52034,-36.8369],[142.52041,-36.83693],[142.52047,-36.83695],[142.5205,-36.83697],[142.52063,-36.83717],[142.52068,-36.83732],[142.5207,-36.83738],[142.52069,-36.83743],[142.52067,-36.8375],[142.52064,-36.83755],[142.52055,-36.83765],[142.52044,-36.83771],[142.52037,-36.8378],[142.52033,-36.83788],[142.52031,-36.83799],[142.52034,-36.83806],[142.52037,-36.8381],[142.52042,-36.83813],[142.52068,-36.83824],[142.52115,-36.83833],[142.52155,-36.83844],[142.52171,-36.83849],[142.52181,-36.83853],[142.52184,-36.83859],[142.52185,-36.83865],[142.52177,-36.83889],[142.52172,-36.83897],[142.5217,-36.83907],[142.52173,-36.83917],[142.52179,-36.83921],[142.52186,-36.83922],[142.52204,-36.83924],[142.52223,-36.83924],[142.5224,-36.83921],[142.5225,-36.83918],[142.52253,-36.83917],[142.52254,-36.83917],[142.52287,-36.83918],[142.52327,-36.83922],[142.52353,-36.83935],[142.52372,-36.83948],[142.52392,-36.83966],[142.52431,-36.83976],[142.52465,-36.8398],[142.52501,-36.83992],[142.52533,-36.84006],[142.5257,-36.84011],[142.52604,-36.84011],[142.527,-36.84002],[142.52721,-36.83992],[142.52734,-36.83988],[142.52746,-36.83988],[142.52766,-36.83995],[142.52787,-36.84006],[142.52797,-36.84015],[142.52814,-36.84034],[142.52829,-36.8406],[142.52839,-36.84089],[142.52842,-36.84115],[142.52856,-36.84124],[142.52871,-36.84133],[142.52892,-36.84146],[142.52913,-36.84153],[142.52925,-36.84155],[142.52947,-36.84158],[142.52969,-36.84162],[142.52979,-36.84166],[142.52999,-36.84178],[142.53004,-36.84184],[142.53019,-36.84201],[142.53032,-36.84217],[142.53037,-36.84224],[142.53038,-36.84239],[142.53038,-36.84248],[142.53039,-36.84263],[142.53043,-36.8427],[142.53053,-36.84282],[142.53065,-36.84302],[142.53067,-36.8431],[142.53072,-36.84322],[142.53088,-36.84335],[142.53097,-36.84342],[142.53116,-36.84354],[142.53135,-36.84365],[142.53149,-36.84373],[142.53171,-36.84387],[142.5318,-36.84394],[142.53189,-36.84405],[142.53191,-36.84407],[142.53203,-36.84423],[142.53203,-36.84448],[142.53198,-36.84463],[142.53195,-36.84472],[142.53186,-36.84486],[142.53177,-36.84506],[142.53168,-36.84536],[142.53169,-36.84549],[142.53173,-36.84575],[142.53179,-36.846],[142.53182,-36.8461],[142.53192,-36.84637],[142.53198,-36.84649],[142.5321,-36.84669],[142.53226,-36.84686],[142.53244,-36.847],[142.53267,-36.84709],[142.53283,-36.84713],[142.53308,-36.84719],[142.53336,-36.84732],[142.53353,-36.84746],[142.53362,-36.84754],[142.53374,-36.84764],[142.53386,-36.84774],[142.53397,-36.84785],[142.53409,-36.84797],[142.53424,-36.84813],[142.53438,-36.84827],[142.53452,-36.84842],[142.53464,-36.84853],[142.53476,-36.8486],[142.53487,-36.8487],[142.53495,-36.84878],[142.53505,-36.84886],[142.53515,-36.84896],[142.53522,-36.84901],[142.53525,-36.84907],[142.53527,-36.84913],[142.53527,-36.84921],[142.53526,-36.84932],[142.53529,-36.84967],[142.53528,-36.85015],[142.53527,-36.85052],[142.53524,-36.851],[142.53519,-36.85116],[142.53513,-36.85123],[142.53501,-36.85136],[142.53494,-36.85149],[142.5349,-36.85164],[142.53489,-36.85173],[142.5349,-36.85197],[142.53493,-36.85213],[142.53489,-36.85244],[142.5349,-36.85253],[142.53496,-36.8527],[142.53524,-36.85291],[142.53535,-36.85296],[142.53556,-36.85299],[142.53565,-36.85303],[142.53582,-36.85315],[142.53598,-36.85331],[142.53605,-36.8534],[142.53626,-36.85364],[142.53648,-36.85388],[142.53664,-36.85405],[142.53682,-36.8542],[142.53695,-36.85431],[142.53711,-36.85445],[142.5373,-36.85459],[142.53747,-36.85472],[142.53759,-36.85478],[142.53796,-36.85492],[142.53809,-36.85492],[142.53831,-36.85494],[142.53879,-36.85498],[142.53942,-36.85502],[142.53964,-36.85502],[142.53984,-36.85504],[142.54003,-36.85506],[142.54022,-36.8551],[142.54078,-36.85536],[142.54118,-36.85576],[142.54165,-36.85658],[142.54388,-36.85717],[142.54531,-36.85629],[142.54575,-36.8565],[142.54577,-36.8571],[142.546,-36.85726],[142.54715,-36.85719],[142.54806,-36.85723],[142.54833,-36.85736],[142.5484,-36.85763],[142.54787,-36.8581],[142.54784,-36.85834],[142.54853,-36.86049],[142.54904,-36.86076],[142.54958,-36.86083],[142.55009,-36.86126],[142.5502,-36.86166],[142.55011,-36.86194],[142.54984,-36.86222],[142.54967,-36.8626],[142.54942,-36.86296],[142.54968,-36.86314],[142.54982,-36.86334],[142.55023,-36.86338],[142.55052,-36.86341],[142.55077,-36.86362],[142.55089,-36.86388],[142.55095,-36.86414],[142.55115,-36.86436],[142.55136,-36.86434],[142.5516,-36.86422],[142.55189,-36.86418],[142.55212,-36.86433],[142.55216,-36.8645],[142.55228,-36.86473],[142.55249,-36.86478],[142.55276,-36.86466],[142.55296,-36.86486],[142.55304,-36.86512],[142.55291,-36.86537],[142.55288,-36.86557],[142.5531,-36.86574],[142.55336,-36.86575],[142.55367,-36.86579],[142.55377,-36.86596],[142.55396,-36.86617],[142.55428,-36.86619],[142.5544,-36.86591],[142.55464,-36.86577],[142.55499,-36.86586],[142.55515,-36.86622],[142.55536,-36.86643],[142.55574,-36.86652],[142.55608,-36.86683],[142.55632,-36.86721],[142.55656,-36.86772],[142.5568,-36.8684],[142.55691,-36.86867],[142.55691,-36.8689],[142.55687,-36.86924],[142.55687,-36.8695],[142.55705,-36.86977],[142.55724,-36.86997],[142.55782,-36.87003],[142.55846,-36.87007],[142.5587,-36.86979],[142.55884,-36.86932],[142.55915,-36.8693],[142.55959,-36.86951],[142.5598,-36.86987],[142.55978,-36.87014],[142.56,-36.87046],[142.56047,-36.87059],[142.56098,-36.87057],[142.5614,-36.87034],[142.56184,-36.87035],[142.56179,-36.87062],[142.56185,-36.87091],[142.56198,-36.87122],[142.56215,-36.87147],[142.56255,-36.87148],[142.56282,-36.8716],[142.56301,-36.8721],[142.56341,-36.87226],[142.56375,-36.87204],[142.564,-36.87198],[142.56435,-36.87208],[142.56446,-36.87236],[142.56461,-36.87271],[142.565,-36.87272],[142.56522,-36.87246],[142.56526,-36.87215],[142.56548,-36.8719],[142.56586,-36.87164],[142.56628,-36.8716],[142.56652,-36.8719],[142.56636,-36.87222],[142.56621,-36.87246],[142.56635,-36.87263],[142.56707,-36.87259],[142.56749,-36.87263],[142.567,-36.87313],[142.56676,-36.87369],[142.56679,-36.87402],[142.56715,-36.87428],[142.56742,-36.87455],[142.5673,-36.87481],[142.56706,-36.87504],[142.56698,-36.87527],[142.56704,-36.87544],[142.56728,-36.87559],[142.56761,-36.87553],[142.56789,-36.87536],[142.56807,-36.87542],[142.5682,-36.87567],[142.56812,-36.87585],[142.56797,-36.87608],[142.56799,-36.87632],[142.56824,-36.87674],[142.56844,-36.87699],[142.56863,-36.87726],[142.56873,-36.87751],[142.56873,-36.87769],[142.56866,-36.87781],[142.56854,-36.87786],[142.56838,-36.87799],[142.5683,-36.87808],[142.56833,-36.87835],[142.56854,-36.87845],[142.56888,-36.87848],[142.56908,-36.8785],[142.56921,-36.87852],[142.5694,-36.8787],[142.5695,-36.87889],[142.5696,-36.87898],[142.56984,-36.87901],[142.56996,-36.87892],[142.57007,-36.87874],[142.57014,-36.87861],[142.57028,-36.87852],[142.57046,-36.87849],[142.57063,-36.87854],[142.5708,-36.87867],[142.57124,-36.87938],[142.57127,-36.87947],[142.5713,-36.87956],[142.57108,-36.87956],[142.56835,-36.87957],[142.55956,-36.8796],[142.55945,-36.87958],[142.55946,-36.89618],[142.55941,-36.89618],[142.55941,-36.89622],[142.55952,-36.91071],[142.55945,-36.91071],[142.55944,-36.92543],[142.55941,-36.9426],[142.55941,-36.94272],[142.54133,-36.94857],[142.53921,-36.94926],[142.52332,-36.94922],[142.51197,-36.94919],[142.51194,-36.94919],[142.51194,-36.94901],[142.51187,-36.93987],[142.50602,-36.93989],[142.50606,-36.9398],[142.50609,-36.93971],[142.50613,-36.93959],[142.50389,-36.9394],[142.50065,-36.9416],[142.4996,-36.94088],[142.4978,-36.94201],[142.49776,-36.93114],[142.49776,-36.93096],[142.4995,-36.93097],[142.49934,-36.91682],[142.49934,-36.91664],[142.50659,-36.91666],[142.5074,-36.91627],[142.50758,-36.91619],[142.50763,-36.91619],[142.50783,-36.9162],[142.50889,-36.91623],[142.5089,-36.91685],[142.51063,-36.91706],[142.51048,-36.9169],[142.51047,-36.91656],[142.51051,-36.91621],[142.51066,-36.91596],[142.51101,-36.91549],[142.5111,-36.9154],[142.51105,-36.91523],[142.51091,-36.91507],[142.51057,-36.91487],[142.51046,-36.91468],[142.51044,-36.91446],[142.51037,-36.91424],[142.51024,-36.91407],[142.51001,-36.91406],[142.5097,-36.91409],[142.50953,-36.91402],[142.50947,-36.91386],[142.5094,-36.91354],[142.50918,-36.91321],[142.50888,-36.91295],[142.50846,-36.91273],[142.50814,-36.91274],[142.50776,-36.91279],[142.50755,-36.91279],[142.50746,-36.91276],[142.50746,-36.91269],[142.50743,-36.91255],[142.50735,-36.91244],[142.50715,-36.91237],[142.50682,-36.9124],[142.50659,-36.91247],[142.50638,-36.91242],[142.50633,-36.91226],[142.50634,-36.91189],[142.50623,-36.91143],[142.50613,-36.91135],[142.50577,-36.91121],[142.50547,-36.91105],[142.50529,-36.91053],[142.50528,-36.91001],[142.50529,-36.9094],[142.50541,-36.9091],[142.50553,-36.9089],[142.50597,-36.90852],[142.50644,-36.90813],[142.50689,-36.9076],[142.50719,-36.90694],[142.50729,-36.90673],[142.50729,-36.90672],[142.50584,-36.90672],[142.49339,-36.90669],[142.49335,-36.89766],[142.4802,-36.89767],[142.48029,-36.89848],[142.48036,-36.91175],[142.48038,-36.91659],[142.48038,-36.91677],[142.45582,-36.9167],[142.45588,-36.89766],[142.44948,-36.89766],[142.44948,-36.89747],[142.44948,-36.88335],[142.44948,-36.88317],[142.44948,-36.87536],[142.44948,-36.87485],[142.44668,-36.87268],[142.44168,-36.86882],[142.43854,-36.86879],[142.43753,-36.86878],[142.43149,-36.86872],[142.43126,-36.86873],[142.41562,-36.8688],[142.41563,-36.87772],[142.41565,-36.87808],[142.41468,-36.87806],[142.41244,-36.87655],[142.41201,-36.87669],[142.40653,-36.87404],[142.40284,-36.87329],[142.39903,-36.86974],[142.39815,-36.86901],[142.39799,-36.86887],[142.39792,-36.86887],[142.39028,-36.86891],[142.37731,-36.86897],[142.37725,-36.8762],[142.38099,-36.87752],[142.38235,-36.88105],[142.37478,-36.88103],[142.37265,-36.87891],[142.36709,-36.87936],[142.36376,-36.88104],[142.35841,-36.88101],[142.3584,-36.88501],[142.35817,-36.88501],[142.35276,-36.885],[142.35269,-36.89675],[142.35812,-36.89677],[142.35816,-36.88862],[142.35838,-36.88862],[142.36219,-36.8886],[142.36234,-36.8886],[142.36249,-36.8886],[142.3653,-36.89118],[142.36833,-36.89178],[142.3704,-36.89119],[142.37261,-36.88996],[142.3741,-36.89026],[142.3741,-36.89035],[142.3741,-36.89044],[142.37404,-36.9032],[142.37404,-36.90341],[142.36699,-36.90336],[142.36674,-36.90336],[142.35832,-36.90334],[142.35819,-36.92648],[142.37511,-36.92705],[142.37511,-36.92721],[142.37471,-36.93708],[142.37446,-36.94265],[142.37445,-36.94274],[142.37445,-36.94283],[142.37423,-36.94762],[142.37597,-36.94766],[142.37872,-36.94771],[142.37871,-36.9478],[142.3787,-36.94789],[142.37801,-36.955],[142.37736,-36.95825],[142.37592,-36.95825],[142.37589,-36.9655],[142.37589,-36.9656],[142.37588,-36.96569],[142.35824,-36.96565],[142.35826,-36.97312],[142.37136,-36.97317],[142.39469,-36.97324],[142.39466,-36.97836],[142.38057,-36.97831],[142.37578,-36.98256],[142.37545,-36.98284],[142.36834,-36.98048],[142.35823,-36.98049],[142.35801,-36.9803],[142.35152,-36.9803],[142.35149,-36.99127],[142.35807,-36.99125],[142.35832,-36.99125],[142.35833,-36.99299],[142.35837,-36.99753],[142.35811,-36.99758],[142.35813,-36.99992],[142.35056,-36.99989],[142.35031,-36.99988],[142.35103,-36.99884],[142.35094,-36.99127],[142.34,-36.9913],[142.34,-36.99218],[142.33999,-36.99268],[142.33994,-37.00304],[142.33994,-37.00322],[142.34633,-37.00321],[142.34665,-37.00321],[142.34665,-37.00339],[142.3469,-37.01375],[142.33951,-37.01387],[142.3387,-37.01388],[142.33639,-37.01123],[142.33504,-37.01904],[142.34373,-37.01996],[142.34384,-37.01998],[142.34447,-37.01973],[142.36088,-37.02144],[142.36142,-37.02099],[142.36142,-37.01441],[142.36164,-37.01442],[142.36838,-37.01431],[142.36842,-37.00901],[142.38051,-37.00911],[142.38048,-37.01538],[142.38059,-37.01538],[142.3807,-37.01538],[142.38632,-37.01539],[142.39301,-37.01541],[142.39346,-37.01541],[142.39346,-37.01621],[142.40496,-37.0163],[142.4051,-37.02135],[142.411,-37.02136],[142.41094,-37.03389],[142.41094,-37.03457],[142.40516,-37.03096],[142.39628,-37.02846],[142.39592,-37.02851],[142.3958,-37.04303],[142.39558,-37.04303],[142.39105,-37.04305],[142.39104,-37.04626],[142.39555,-37.04623],[142.39578,-37.04605],[142.40682,-37.046],[142.40682,-37.04609],[142.40682,-37.04618],[142.40693,-37.05832],[142.397,-37.0584],[142.38631,-37.05848],[142.37457,-37.05856],[142.37176,-37.06073],[142.36976,-37.06228],[142.36574,-37.06538],[142.36557,-37.06551],[142.36524,-37.06576],[142.36201,-37.06825],[142.35387,-37.07454],[142.35072,-37.07192],[142.34674,-37.06862],[142.34633,-37.06828],[142.3445,-37.06969],[142.34253,-37.06804],[142.34039,-37.06625],[142.33885,-37.06746],[142.33306,-37.07199],[142.32677,-37.07689],[142.31515,-37.08596],[142.30835,-37.08596],[142.30821,-37.09846],[142.30025,-37.09846],[142.28843,-37.08873],[142.27602,-37.09834],[142.27117,-37.10738],[142.27043,-37.10738],[142.23513,-37.10716],[142.2351,-37.11529],[142.23509,-37.11601],[142.23507,-37.12006],[142.23507,-37.12205],[142.23505,-37.12793],[142.23505,-37.12817],[142.23456,-37.12764],[142.23416,-37.12705],[142.23397,-37.12672],[142.23398,-37.12617],[142.234,-37.12586],[142.23406,-37.12533],[142.2341,-37.12479],[142.23391,-37.12433],[142.23344,-37.1238],[142.23285,-37.12338],[142.23189,-37.12311],[142.23072,-37.12294],[142.22972,-37.12274],[142.22936,-37.1226],[142.22863,-37.12212],[142.2278,-37.12141],[142.2275,-37.12122],[142.22713,-37.12112],[142.22671,-37.12106],[142.22634,-37.1211],[142.22577,-37.12116],[142.2255,-37.12118],[142.22474,-37.12119],[142.22381,-37.121],[142.22317,-37.12092],[142.22292,-37.12083],[142.22248,-37.12056],[142.22194,-37.11989],[142.22162,-37.1193],[142.22121,-37.11881],[142.22104,-37.11837],[142.22108,-37.11811],[142.22136,-37.11776],[142.22154,-37.11755],[142.22162,-37.11731],[142.22157,-37.11711],[142.22148,-37.11686],[142.22147,-37.11656],[142.22157,-37.11637],[142.22178,-37.11605],[142.22179,-37.11576],[142.22165,-37.11558],[142.22138,-37.11517],[142.22106,-37.11482],[142.22065,-37.11449],[142.22043,-37.11439],[142.22007,-37.11437],[142.21959,-37.11437],[142.21915,-37.11431],[142.2188,-37.11418],[142.21843,-37.11398],[142.2181,-37.11379],[142.21767,-37.11343],[142.21726,-37.11301],[142.2166,-37.11227],[142.21627,-37.11183],[142.216,-37.1116],[142.21571,-37.11139],[142.21554,-37.11101],[142.21554,-37.11055],[142.21575,-37.11003],[142.21589,-37.10988],[142.21621,-37.10937],[142.21626,-37.1085],[142.21638,-37.10794],[142.21661,-37.10728],[142.21664,-37.10705],[142.21645,-37.1063],[142.21616,-37.10569],[142.21604,-37.10524],[142.2161,-37.10464],[142.21623,-37.10395],[142.21636,-37.10306],[142.21631,-37.10254],[142.21622,-37.10138],[142.21612,-37.10071],[142.21559,-37.09976],[142.21486,-37.09874],[142.21453,-37.09805],[142.21417,-37.0967],[142.21402,-37.09557],[142.21381,-37.09507],[142.21325,-37.09435],[142.21282,-37.09376],[142.21257,-37.09324],[142.21238,-37.09284],[142.21212,-37.09167],[142.2119,-37.09081],[142.21168,-37.09037],[142.21108,-37.08978],[142.2106,-37.08945],[142.20938,-37.0886],[142.20857,-37.08806],[142.2074,-37.08774],[142.20626,-37.08728],[142.20541,-37.08743],[142.20409,-37.08795],[142.20269,-37.08836],[142.2023,-37.08844],[142.20208,-37.08861],[142.2019,-37.08888],[142.20191,-37.08939],[142.20191,-37.08992],[142.20199,-37.09063],[142.20206,-37.09112],[142.2021,-37.09153],[142.20196,-37.09221],[142.20188,-37.09301],[142.202,-37.09379],[142.20203,-37.09468],[142.20197,-37.09501],[142.20166,-37.09522],[142.20116,-37.09539],[142.20062,-37.09555],[142.20031,-37.09573],[142.20013,-37.09599],[142.19996,-37.09648],[142.19976,-37.09729],[142.19953,-37.09788],[142.19928,-37.09847],[142.19907,-37.0989],[142.19892,-37.09914],[142.19858,-37.09949],[142.19806,-37.09994],[142.19777,-37.10026],[142.19728,-37.10062],[142.19662,-37.10108],[142.196,-37.10152],[142.19561,-37.10182],[142.19484,-37.10237],[142.19405,-37.10306],[142.19343,-37.10361],[142.1932,-37.10397],[142.19306,-37.10436],[142.19296,-37.10483],[142.19285,-37.10533],[142.19281,-37.10582],[142.19268,-37.10624],[142.1925,-37.10679],[142.19229,-37.10743],[142.1921,-37.10783],[142.19182,-37.10819],[142.19142,-37.10854],[142.19088,-37.10879],[142.19014,-37.10908],[142.18896,-37.10921],[142.18843,-37.10931],[142.18791,-37.10955],[142.18766,-37.10995],[142.18754,-37.11022],[142.18762,-37.11038],[142.18788,-37.11043],[142.1883,-37.11037],[142.18864,-37.11029],[142.18898,-37.11034],[142.18926,-37.11053],[142.18942,-37.11076],[142.18941,-37.11116],[142.18929,-37.11149],[142.18905,-37.11175],[142.18862,-37.11208],[142.18829,-37.11216],[142.18788,-37.11235],[142.18759,-37.11267],[142.18754,-37.11278],[142.18729,-37.11274],[142.18627,-37.11162],[142.18614,-37.11145],[142.18611,-37.11141],[142.18588,-37.11122],[142.18563,-37.11095],[142.18546,-37.11059],[142.1854,-37.11022],[142.18541,-37.11008],[142.18338,-37.11088],[142.18277,-37.11107],[142.18274,-37.11108],[142.18236,-37.1111],[142.18182,-37.11099],[142.18154,-37.11085],[142.18135,-37.11076],[142.17889,-37.1085],[142.17827,-37.108],[142.17789,-37.10777],[142.17732,-37.10761],[142.17664,-37.10754],[142.17592,-37.10762],[142.17538,-37.10773],[142.17453,-37.10801],[142.17366,-37.10842],[142.17296,-37.10864],[142.17242,-37.10866],[142.17195,-37.10859],[142.16486,-37.1061],[142.16416,-37.10588],[142.16364,-37.10583],[142.16309,-37.10586],[142.15486,-37.10679],[142.15416,-37.10686],[142.15331,-37.10701],[142.15268,-37.10722],[142.15183,-37.10757],[142.14177,-37.11172],[142.14133,-37.11188],[142.14101,-37.11191],[142.13964,-37.11186],[142.13911,-37.11179],[142.13869,-37.11155],[142.13848,-37.11129],[142.13804,-37.11079],[142.13752,-37.11032],[142.1371,-37.11016],[142.13637,-37.1101],[142.13574,-37.11003],[142.13505,-37.10981],[142.13443,-37.10959],[142.13389,-37.10948],[142.13338,-37.10944],[142.13273,-37.10947],[142.13199,-37.1096],[142.13156,-37.10962],[142.13122,-37.10955],[142.13074,-37.10949],[142.13013,-37.10945],[142.12938,-37.10953],[142.12883,-37.10956],[142.12858,-37.10953],[142.12634,-37.10957],[142.12268,-37.10963],[142.12226,-37.10966],[142.12182,-37.10976],[142.12153,-37.10991],[142.12123,-37.1101],[142.12092,-37.11029],[142.12063,-37.11048],[142.12033,-37.11066],[142.11984,-37.11089],[142.11936,-37.11114],[142.11824,-37.11165],[142.11778,-37.11186],[142.11727,-37.11198],[142.11686,-37.11203],[142.11637,-37.11206],[142.11577,-37.11205],[142.11509,-37.11205],[142.11449,-37.11204],[142.11442,-37.11242],[142.11439,-37.11275],[142.11435,-37.11315],[142.11427,-37.11365],[142.11422,-37.1142],[142.11413,-37.11487],[142.11409,-37.11529],[142.11405,-37.11574],[142.11395,-37.11609],[142.11378,-37.11631],[142.11354,-37.11664],[142.11324,-37.11694],[142.11296,-37.11728],[142.11253,-37.11783],[142.11227,-37.11814],[142.11201,-37.11841],[142.11178,-37.11863],[142.11153,-37.11888],[142.1113,-37.11912],[142.11115,-37.11935],[142.11103,-37.11958],[142.11096,-37.11982],[142.11089,-37.12011],[142.11066,-37.1207],[142.11062,-37.12116],[142.11032,-37.12225],[142.10809,-37.12945],[142.10802,-37.12975],[142.10793,-37.13011],[142.10789,-37.13047],[142.10788,-37.13074],[142.10824,-37.13585],[142.10825,-37.13596],[142.10828,-37.13607],[142.10829,-37.13618],[142.10841,-37.13643],[142.10853,-37.13662],[142.10864,-37.13677],[142.10895,-37.1371],[142.10912,-37.13728],[142.10925,-37.13748],[142.10934,-37.13768],[142.10938,-37.13782],[142.10941,-37.13801],[142.10945,-37.13817],[142.10947,-37.13839],[142.10949,-37.13853],[142.10954,-37.13871],[142.11009,-37.14063],[142.11013,-37.14088],[142.11017,-37.14117],[142.11014,-37.14131],[142.11005,-37.14156],[142.10992,-37.1418],[142.10978,-37.14201],[142.10958,-37.14221],[142.10944,-37.14238],[142.10928,-37.14254],[142.10904,-37.14278],[142.10869,-37.14323],[142.10848,-37.14351],[142.10805,-37.14407],[142.10781,-37.14448],[142.10759,-37.14489],[142.10751,-37.14508],[142.10731,-37.14553],[142.1073,-37.14566],[142.10727,-37.14589],[142.10723,-37.14608],[142.10727,-37.14634],[142.10733,-37.14657],[142.1074,-37.14688],[142.10748,-37.14707],[142.10757,-37.14741],[142.10765,-37.14763],[142.10775,-37.148],[142.10785,-37.14829],[142.10794,-37.14856],[142.10806,-37.14896],[142.10813,-37.14933],[142.10816,-37.1495],[142.10817,-37.14978],[142.10813,-37.15006],[142.1081,-37.15047],[142.10787,-37.15272],[142.10789,-37.15304],[142.10787,-37.15331],[142.10789,-37.15355],[142.10793,-37.15381],[142.10799,-37.1541],[142.10806,-37.15436],[142.10818,-37.15471],[142.10836,-37.155],[142.10846,-37.15525],[142.10859,-37.15559],[142.10867,-37.1558],[142.10876,-37.1561],[142.1089,-37.1564],[142.10904,-37.1567],[142.10915,-37.15693],[142.10923,-37.15713],[142.10932,-37.15745],[142.10941,-37.15782],[142.10958,-37.15842],[142.10959,-37.15872],[142.10964,-37.15904],[142.10971,-37.15942],[142.10972,-37.15966],[142.10972,-37.15993],[142.10968,-37.16049],[142.10964,-37.16067],[142.10949,-37.16132],[142.10934,-37.16187],[142.10925,-37.16222],[142.10911,-37.16272],[142.10898,-37.16307],[142.10886,-37.16347],[142.1088,-37.16356],[142.10865,-37.16377],[142.10844,-37.16402],[142.10823,-37.16421],[142.10804,-37.16437],[142.10781,-37.16448],[142.10729,-37.16468],[142.10691,-37.16483],[142.10658,-37.16494],[142.10633,-37.16502],[142.10609,-37.16507],[142.10554,-37.16522],[142.10531,-37.16528],[142.10499,-37.16534],[142.10456,-37.16542],[142.10426,-37.16546],[142.10392,-37.1655],[142.10359,-37.16552],[142.10345,-37.16554],[142.10305,-37.16562],[142.10263,-37.1657],[142.10223,-37.16577],[142.10198,-37.16582],[142.10167,-37.16586],[142.10142,-37.16595],[142.10123,-37.16603],[142.10121,-37.16604],[142.10102,-37.16613],[142.10081,-37.1662],[142.10061,-37.16624],[142.10023,-37.16633],[142.09999,-37.16637],[142.09971,-37.16641],[142.0993,-37.16647],[142.099,-37.1665],[142.09882,-37.16653],[142.09835,-37.16666],[142.09811,-37.16674],[142.09789,-37.16689],[142.09751,-37.16717],[142.0972,-37.16744],[142.09682,-37.16776],[142.09654,-37.16798],[142.09623,-37.16823],[142.09597,-37.16844],[142.09581,-37.16857],[142.0956,-37.16874],[142.0956,-37.16875],[142.09523,-37.16902],[142.095,-37.16918],[142.09462,-37.16939],[142.09447,-37.16947],[142.09413,-37.16966],[142.09372,-37.16988],[142.09351,-37.16998],[142.09313,-37.17017],[142.09294,-37.17029],[142.09274,-37.1704],[142.09255,-37.17053],[142.0924,-37.17064],[142.09231,-37.17075],[142.09226,-37.17088],[142.09226,-37.17101],[142.09225,-37.17109],[142.09161,-37.17511],[142.09156,-37.1755],[142.09147,-37.17575],[142.09141,-37.17596],[142.09137,-37.17615],[142.09132,-37.17639],[142.09128,-37.1766],[142.09123,-37.17709],[142.0912,-37.17729],[142.09117,-37.17783],[142.09118,-37.17811],[142.09116,-37.17835],[142.09106,-37.17875],[142.09092,-37.17917],[142.09084,-37.17952],[142.09072,-37.17995],[142.09067,-37.18015],[142.09059,-37.1806],[142.09061,-37.1808],[142.09058,-37.18131],[142.0906,-37.18158],[142.0906,-37.18183],[142.09055,-37.18222],[142.09052,-37.18246],[142.09034,-37.183],[142.09019,-37.18337],[142.09006,-37.18371],[142.09002,-37.18381],[142.08992,-37.18406],[142.08982,-37.18439],[142.08966,-37.1847],[142.08951,-37.18505],[142.08944,-37.18521],[142.08932,-37.18547],[142.08906,-37.18602],[142.08893,-37.18626],[142.08882,-37.18646],[142.08856,-37.18696],[142.0884,-37.18721],[142.08824,-37.18748],[142.08803,-37.18774],[142.08787,-37.18802],[142.08768,-37.18831],[142.0876,-37.18853],[142.0875,-37.18872],[142.08732,-37.18907],[142.08726,-37.18921],[142.0871,-37.18959],[142.08698,-37.18991],[142.0869,-37.1902],[142.08685,-37.1905],[142.0868,-37.19069],[142.08678,-37.19086],[142.08675,-37.19102],[142.08642,-37.1949],[142.08642,-37.19504],[142.08643,-37.19527],[142.08644,-37.19549],[142.08648,-37.19574],[142.08655,-37.19592],[142.08664,-37.19619],[142.08677,-37.19651],[142.0869,-37.19679],[142.087,-37.19697],[142.08719,-37.19732],[142.08728,-37.1975],[142.08734,-37.1977],[142.08749,-37.19805],[142.08753,-37.19827],[142.08757,-37.19851],[142.08757,-37.1988],[142.08754,-37.1991],[142.0875,-37.19937],[142.08742,-37.19956],[142.08732,-37.19983],[142.0872,-37.20004],[142.08672,-37.20093],[142.08487,-37.2044],[142.08479,-37.20457],[142.08471,-37.20469],[142.08464,-37.20484],[142.0846,-37.20506],[142.08457,-37.20527],[142.0846,-37.20548],[142.08463,-37.20564],[142.08467,-37.2058],[142.08473,-37.20596],[142.08482,-37.2061],[142.08493,-37.2062],[142.0866,-37.20787],[142.08833,-37.20961],[142.08852,-37.20983],[142.08864,-37.21],[142.08873,-37.21014],[142.08874,-37.21017],[142.08881,-37.21034],[142.08885,-37.21056],[142.08889,-37.21069],[142.08886,-37.21122],[142.08886,-37.21134],[142.08882,-37.21181],[142.08881,-37.21208],[142.08878,-37.21225],[142.08873,-37.2126],[142.08868,-37.21277],[142.08857,-37.21306],[142.0884,-37.21324],[142.08821,-37.21344],[142.08805,-37.21355],[142.08789,-37.21362],[142.08743,-37.21385],[142.08702,-37.21402],[142.08682,-37.21416],[142.08637,-37.2144],[142.08603,-37.21462],[142.08586,-37.21474],[142.08556,-37.21497],[142.08536,-37.21519],[142.08522,-37.21537],[142.08506,-37.21563],[142.08499,-37.21584],[142.08496,-37.21597],[142.08491,-37.21617],[142.08487,-37.2165],[142.08489,-37.21671],[142.08489,-37.21674],[142.08489,-37.21689],[142.08489,-37.21697],[142.08485,-37.21732],[142.0847,-37.21786],[142.08457,-37.21823],[142.08447,-37.21853],[142.0843,-37.21887],[142.08417,-37.21919],[142.08393,-37.21958],[142.08354,-37.22007],[142.08332,-37.22034],[142.08304,-37.22074],[142.08294,-37.22086],[142.08279,-37.22109],[142.08255,-37.22142],[142.08242,-37.2216],[142.08226,-37.22175],[142.0821,-37.2219],[142.08185,-37.22215],[142.0816,-37.22233],[142.08136,-37.22252],[142.08127,-37.22259],[142.08101,-37.22273],[142.08067,-37.22291],[142.08045,-37.22304],[142.08029,-37.22312],[142.08023,-37.22316],[142.08014,-37.22323],[142.08004,-37.22333],[142.07988,-37.22348],[142.07968,-37.22358],[142.07938,-37.22363],[142.07928,-37.22363],[142.07909,-37.22361],[142.0788,-37.22357],[142.0785,-37.22351],[142.07835,-37.22345],[142.07817,-37.22334],[142.07805,-37.22324],[142.07795,-37.22315],[142.07786,-37.22307],[142.07778,-37.22301],[142.07764,-37.22295],[142.07748,-37.22289],[142.07726,-37.22285],[142.07701,-37.22285],[142.07673,-37.22284],[142.07655,-37.22281],[142.07594,-37.22263],[142.07564,-37.22249],[142.07511,-37.2223],[142.07483,-37.22216],[142.07411,-37.22182],[142.07373,-37.22171],[142.07165,-37.22087],[142.07066,-37.22051],[142.07036,-37.22047],[142.0698,-37.22034],[142.06951,-37.22022],[142.06844,-37.21982],[142.06735,-37.21938],[142.06724,-37.21933],[142.06693,-37.21919],[142.06672,-37.21909],[142.06633,-37.21895],[142.06612,-37.21885],[142.06587,-37.21877],[142.06543,-37.21863],[142.065,-37.21855],[142.06457,-37.21852],[142.06411,-37.2186],[142.06372,-37.2187],[142.06313,-37.21884],[142.06292,-37.21887],[142.06223,-37.21905],[142.06184,-37.21912],[142.06157,-37.21918],[142.06115,-37.2193],[142.0608,-37.2194],[142.06042,-37.21951],[142.06018,-37.21959],[142.05977,-37.21973],[142.05944,-37.21984],[142.0592,-37.21993],[142.05895,-37.22],[142.0588,-37.22004],[142.05845,-37.22011],[142.05817,-37.22017],[142.05788,-37.22025],[142.05767,-37.22029],[142.05749,-37.22035],[142.05736,-37.2204],[142.05695,-37.22055],[142.05675,-37.22065],[142.05642,-37.22081],[142.05619,-37.22094],[142.05588,-37.2211],[142.05567,-37.22122],[142.05504,-37.2215],[142.05468,-37.22169],[142.05439,-37.22181],[142.05423,-37.22188],[142.05375,-37.22206],[142.05351,-37.22222],[142.05328,-37.22231],[142.05288,-37.22258],[142.05271,-37.2227],[142.05251,-37.22281],[142.05234,-37.22287],[142.05207,-37.22291],[142.0518,-37.22291],[142.05151,-37.22283],[142.05125,-37.22273],[142.05093,-37.22261],[142.05088,-37.22259],[142.05057,-37.22248],[142.05035,-37.22241],[142.05021,-37.22236],[142.04992,-37.22228],[142.04968,-37.22219],[142.04935,-37.22208],[142.04908,-37.22198],[142.04892,-37.22193],[142.04864,-37.22188],[142.0483,-37.22187],[142.04812,-37.22191],[142.04788,-37.222],[142.04767,-37.22208],[142.04748,-37.22212],[142.04726,-37.22216],[142.047,-37.22218],[142.04664,-37.22218],[142.04637,-37.22218],[142.04595,-37.22212],[142.04543,-37.22207],[142.04528,-37.22208],[142.04499,-37.22211],[142.04434,-37.22224],[142.04417,-37.22228],[142.04388,-37.22236],[142.04343,-37.22251],[142.04325,-37.22265],[142.043,-37.22286],[142.04267,-37.2232],[142.04253,-37.22332],[142.04239,-37.22342],[142.04217,-37.22356],[142.04184,-37.22372],[142.04136,-37.2238],[142.04112,-37.22385],[142.0408,-37.2239],[142.04048,-37.22395],[142.0402,-37.22398],[142.03968,-37.22403],[142.03941,-37.22406],[142.03918,-37.22405],[142.03889,-37.22404],[142.03866,-37.22402],[142.03841,-37.22399],[142.03817,-37.22397],[142.03785,-37.22387],[142.03759,-37.22378],[142.0374,-37.22368],[142.03711,-37.22356],[142.03695,-37.22347],[142.03679,-37.22338],[142.03655,-37.22324],[142.0363,-37.22309],[142.03612,-37.22304],[142.0357,-37.22297],[142.03535,-37.22296],[142.03495,-37.22294],[142.03452,-37.22294],[142.0341,-37.22293],[142.03382,-37.22292],[142.03353,-37.22294],[142.03313,-37.22295],[142.03293,-37.22298],[142.03255,-37.22303],[142.03221,-37.22309],[142.03191,-37.22315],[142.03153,-37.22324],[142.03122,-37.22331],[142.03075,-37.22343],[142.03045,-37.2235],[142.03011,-37.22355],[142.02978,-37.22359],[142.02953,-37.22365],[142.02923,-37.22368],[142.02898,-37.22371],[142.02865,-37.22372],[142.0284,-37.22375],[142.02795,-37.22378],[142.02755,-37.22381],[142.02716,-37.22383],[142.0269,-37.22386],[142.02663,-37.22389],[142.02637,-37.2239],[142.0261,-37.22395],[142.02582,-37.22397],[142.02557,-37.22399],[142.02529,-37.22396],[142.02483,-37.22393],[142.02436,-37.2239],[142.02396,-37.22384],[142.02354,-37.22378],[142.02308,-37.22371],[142.02263,-37.22364],[142.02222,-37.22361],[142.02192,-37.22357],[142.02156,-37.22355],[142.02097,-37.22351],[142.02072,-37.22348],[142.02056,-37.22347],[142.02015,-37.22341],[142.01983,-37.22336],[142.01943,-37.22332],[142.0184,-37.22323],[142.01828,-37.22322],[142.01757,-37.22318],[142.01726,-37.22317],[142.01689,-37.22316],[142.01665,-37.22315],[142.01647,-37.22314],[142.01622,-37.22313],[142.01562,-37.22314],[142.01548,-37.22317],[142.01523,-37.22323],[142.01506,-37.22325],[142.01485,-37.22331],[142.01462,-37.2234],[142.0143,-37.22349],[142.0141,-37.22355],[142.01391,-37.2236],[142.01378,-37.22363],[142.01371,-37.22364],[142.01353,-37.22366],[142.01327,-37.22368],[142.01308,-37.22368],[142.01278,-37.22366],[142.01263,-37.22364],[142.01239,-37.2236],[142.01217,-37.22355],[142.012,-37.22352],[142.01178,-37.22349],[142.01143,-37.22349],[142.01113,-37.22351],[142.01063,-37.22357],[142.01016,-37.22364],[142.00964,-37.22369],[142.00932,-37.22373],[142.00881,-37.22377],[142.0085,-37.22381],[142.00788,-37.22388],[142.00726,-37.22393],[142.00693,-37.22398],[142.00677,-37.22401],[142.0064,-37.22408],[142.00588,-37.22418],[142.00574,-37.2242],[142.00541,-37.22426],[142.00465,-37.22433],[142.00441,-37.22434],[142.00382,-37.22441],[142.0034,-37.22444],[142.00283,-37.22446],[142.00251,-37.22443],[142.00231,-37.22443],[142.00207,-37.22442],[142.00171,-37.22443],[142.00151,-37.22444],[142.00134,-37.22444],[142.00106,-37.22443],[142.00059,-37.22434],[141.99977,-37.22432],[141.99946,-37.22426],[141.99804,-37.22401],[141.99715,-37.22354],[141.99644,-37.22308],[141.99578,-37.22261],[141.99558,-37.22221],[141.99544,-37.22194],[141.99538,-37.22183],[141.99518,-37.22151],[141.99499,-37.22121],[141.99487,-37.22071],[141.9946,-37.2198],[141.99366,-37.21855],[141.9932,-37.21755],[141.9926,-37.21643],[141.99216,-37.21547],[141.99179,-37.21497],[141.9914,-37.21433],[141.99125,-37.21366],[141.99114,-37.21322],[141.99091,-37.21298],[141.99035,-37.21273],[141.98954,-37.21252],[141.98925,-37.21241],[141.97912,-37.21139],[141.97052,-37.21052],[141.96924,-37.2105],[141.96907,-37.21047],[141.96839,-37.21043],[141.96674,-37.21047],[141.96626,-37.21032],[141.96585,-37.21013],[141.96523,-37.21013],[141.96452,-37.21016],[141.96398,-37.21017],[141.96338,-37.21015],[141.96265,-37.21018],[141.96202,-37.21021],[141.96114,-37.21019],[141.96081,-37.21008],[141.96007,-37.21005],[141.95959,-37.20997],[141.959,-37.20992],[141.95808,-37.20989],[141.95731,-37.20972],[141.95716,-37.20966],[141.95672,-37.20937],[141.95605,-37.20932],[141.95546,-37.20918],[141.95498,-37.20897],[141.95454,-37.20886],[141.95401,-37.20884],[141.95399,-37.20884],[141.95374,-37.20879],[141.95357,-37.20877],[141.95346,-37.20873],[141.95306,-37.20907],[141.95283,-37.20922],[141.95232,-37.20944],[141.95224,-37.20946],[141.9509,-37.20975],[141.9488,-37.21013],[141.94648,-37.21054],[141.94569,-37.21069],[141.94535,-37.21073],[141.94505,-37.2107],[141.94481,-37.21063],[141.94471,-37.21055],[141.9443,-37.21013],[141.94398,-37.20981],[141.94341,-37.209],[141.94319,-37.20865],[141.94308,-37.20849],[141.94284,-37.2081],[141.94249,-37.20762],[141.94192,-37.2073],[141.94183,-37.20726],[141.94161,-37.20717],[141.94136,-37.20706],[141.94061,-37.20695],[141.93815,-37.20668],[141.93732,-37.20656],[141.9372,-37.20653],[141.93827,-37.20007],[141.93816,-37.20005],[141.92128,-37.19829],[141.92057,-37.20319],[141.91763,-37.20277],[141.91737,-37.20271],[141.91709,-37.20265],[141.91378,-37.20234],[141.91359,-37.2023],[141.91295,-37.2022],[141.91322,-37.20196],[141.91335,-37.20183],[141.91356,-37.20159],[141.91361,-37.20123],[141.91347,-37.20093],[141.91334,-37.20078],[141.9131,-37.20063],[141.91299,-37.20049],[141.91282,-37.20021],[141.91269,-37.19991],[141.91252,-37.19979],[141.9121,-37.1996],[141.9118,-37.19951],[141.91159,-37.19945],[141.91132,-37.19928],[141.9111,-37.19911],[141.91075,-37.19873],[141.91051,-37.19848],[141.91048,-37.19827],[141.91061,-37.19805],[141.9109,-37.19777],[141.91095,-37.19749],[141.911,-37.19722],[141.91105,-37.19694],[141.911,-37.19666],[141.91103,-37.19638],[141.91106,-37.19593],[141.91106,-37.19578],[141.91106,-37.19561],[141.91103,-37.19544],[141.91097,-37.19506],[141.911,-37.19465],[141.91086,-37.19421],[141.91058,-37.19368],[141.9105,-37.19327],[141.91047,-37.19312],[141.91044,-37.19295],[141.9106,-37.19252],[141.91083,-37.19205],[141.91109,-37.19154],[141.91141,-37.19113],[141.9117,-37.19079],[141.91185,-37.19053],[141.91188,-37.19027],[141.91177,-37.1901],[141.91174,-37.18997],[141.91171,-37.18983],[141.91205,-37.18946],[141.91264,-37.18911],[141.91314,-37.18881],[141.91361,-37.18849],[141.9142,-37.18821],[141.9146,-37.18807],[141.91507,-37.18799],[141.91587,-37.18779],[141.91608,-37.18759],[141.91637,-37.18734],[141.9168,-37.18708],[141.91727,-37.18679],[141.91767,-37.1866],[141.91823,-37.18653],[141.91874,-37.18644],[141.91918,-37.18635],[141.91927,-37.18633],[141.91972,-37.18614],[141.9199,-37.18594],[141.91993,-37.18571],[141.91992,-37.18539],[141.91979,-37.18488],[141.91971,-37.18443],[141.91961,-37.1843],[141.91946,-37.18421],[141.9191,-37.18416],[141.91897,-37.18399],[141.91891,-37.1838],[141.919,-37.18337],[141.91908,-37.18301],[141.9193,-37.18281],[141.91954,-37.18274],[141.91984,-37.18263],[141.9201,-37.18244],[141.92034,-37.18225],[141.92063,-37.18207],[141.92098,-37.18207],[141.92145,-37.18194],[141.92193,-37.18174],[141.92241,-37.18163],[141.92292,-37.18157],[141.92342,-37.18148],[141.92406,-37.18126],[141.92476,-37.18117],[141.925,-37.18108],[141.92531,-37.18099],[141.92553,-37.18094],[141.92607,-37.18087],[141.92623,-37.18085],[141.92665,-37.1808],[141.92716,-37.18069],[141.92788,-37.18054],[141.92846,-37.18023],[141.92878,-37.18004],[141.92923,-37.17989],[141.9296,-37.17984],[141.92986,-37.17969],[141.93005,-37.17956],[141.93007,-37.17915],[141.92993,-37.17888],[141.9298,-37.17843],[141.92985,-37.17826],[141.93,-37.17812],[141.93033,-37.17782],[141.93048,-37.1777],[141.93053,-37.17761],[141.9305,-37.17725],[141.93037,-37.17708],[141.93007,-37.17691],[141.92988,-37.17668],[141.92985,-37.17647],[141.93001,-37.17621],[141.9303,-37.17597],[141.93062,-37.17571],[141.93077,-37.17544],[141.93096,-37.17514],[141.93106,-37.1749],[141.93121,-37.17469],[141.93135,-37.17458],[141.93163,-37.17444],[141.93173,-37.17429],[141.93177,-37.1742],[141.93178,-37.17411],[141.93181,-37.17391],[141.93193,-37.17373],[141.93204,-37.17364],[141.93224,-37.17347],[141.9324,-37.1733],[141.93246,-37.17314],[141.93246,-37.17298],[141.93256,-37.17276],[141.93267,-37.17271],[141.93301,-37.17238],[141.93306,-37.17233],[141.93309,-37.1723],[141.93312,-37.17227],[141.93315,-37.17224],[141.93318,-37.17222],[141.93322,-37.1722],[141.93325,-37.17217],[141.93328,-37.17215],[141.93331,-37.17212],[141.93333,-37.17209],[141.93336,-37.17206],[141.93339,-37.17203],[141.93342,-37.17201],[141.93346,-37.17198],[141.93349,-37.17196],[141.93353,-37.17194],[141.93356,-37.17192],[141.9336,-37.17189],[141.93363,-37.17187],[141.93367,-37.17185],[141.93371,-37.17183],[141.93374,-37.17181],[141.93378,-37.17179],[141.93382,-37.17177],[141.93386,-37.17175],[141.9339,-37.17173],[141.93394,-37.17171],[141.93398,-37.1717],[141.93402,-37.17169],[141.93406,-37.17168],[141.9341,-37.17167],[141.93415,-37.17166],[141.93419,-37.17165],[141.93424,-37.17164],[141.93428,-37.17163],[141.93432,-37.17161],[141.93436,-37.1716],[141.9344,-37.17159],[141.93445,-37.17158],[141.93449,-37.17157],[141.93453,-37.17156],[141.93458,-37.17155],[141.93462,-37.17154],[141.93467,-37.17153],[141.93471,-37.17152],[141.93475,-37.17151],[141.93479,-37.1715],[141.93483,-37.17148],[141.93487,-37.17146],[141.93491,-37.17144],[141.93495,-37.17142],[141.93498,-37.1714],[141.93501,-37.17137],[141.93504,-37.17134],[141.93506,-37.17131],[141.93508,-37.17128],[141.9351,-37.17125],[141.93512,-37.17121],[141.93514,-37.17118],[141.93517,-37.17115],[141.93519,-37.17112],[141.93521,-37.17108],[141.93523,-37.17105],[141.93524,-37.17102],[141.93526,-37.17098],[141.93527,-37.17095],[141.93528,-37.17091],[141.93528,-37.17088],[141.93529,-37.17084],[141.93529,-37.17081],[141.93529,-37.17077],[141.93529,-37.17073],[141.93528,-37.1707],[141.93527,-37.17066],[141.93526,-37.17063],[141.93525,-37.17059],[141.93524,-37.17056],[141.93523,-37.17052],[141.93522,-37.17048],[141.93521,-37.17045],[141.9352,-37.17041],[141.93519,-37.17038],[141.93516,-37.17035],[141.93514,-37.17032],[141.93511,-37.17029],[141.93509,-37.17026],[141.93506,-37.17023],[141.93503,-37.1702],[141.935,-37.17018],[141.93497,-37.17015],[141.93493,-37.17013],[141.9349,-37.1701],[141.93486,-37.17008],[141.93482,-37.17007],[141.93478,-37.17005],[141.93474,-37.17003],[141.9347,-37.17002],[141.93466,-37.17001],[141.93461,-37.17],[141.93457,-37.16998],[141.93453,-37.16997],[141.93448,-37.16996],[141.93444,-37.16996],[141.9344,-37.16995],[141.93435,-37.16994],[141.93431,-37.16994],[141.93426,-37.16994],[141.93422,-37.16994],[141.93417,-37.16994],[141.93413,-37.16994],[141.93408,-37.16994],[141.93404,-37.16994],[141.93399,-37.16994],[141.93395,-37.16995],[141.9339,-37.16995],[141.93386,-37.16996],[141.93381,-37.16997],[141.93377,-37.16998],[141.93373,-37.16999],[141.93368,-37.17],[141.93364,-37.17001],[141.9336,-37.17002],[141.93356,-37.17003],[141.93351,-37.17005],[141.93347,-37.17006],[141.93343,-37.17007],[141.93338,-37.17008],[141.93334,-37.1701],[141.9333,-37.17011],[141.93326,-37.17012],[141.93321,-37.17012],[141.93317,-37.17012],[141.93312,-37.17012],[141.93308,-37.17012],[141.93303,-37.17012],[141.93299,-37.17012],[141.93294,-37.17011],[141.9329,-37.17011],[141.93285,-37.17011],[141.93281,-37.1701],[141.93276,-37.1701],[141.93272,-37.1701],[141.93267,-37.1701],[141.93263,-37.1701],[141.93258,-37.1701],[141.93254,-37.1701],[141.93249,-37.1701],[141.93245,-37.17009],[141.9324,-37.17009],[141.93236,-37.17009],[141.93231,-37.17009],[141.93227,-37.17009],[141.93222,-37.17009],[141.93218,-37.17009],[141.93213,-37.17008],[141.93209,-37.17008],[141.93204,-37.17008],[141.932,-37.17007],[141.93195,-37.17007],[141.93191,-37.17007],[141.93186,-37.17006],[141.93182,-37.17005],[141.93177,-37.17005],[141.93173,-37.17004],[141.93169,-37.17003],[141.93164,-37.17003],[141.9316,-37.17002],[141.93155,-37.17001],[141.93151,-37.17],[141.93147,-37.16999],[141.93142,-37.16998],[141.93138,-37.16998],[141.93134,-37.16997],[141.93129,-37.16996],[141.93125,-37.16995],[141.9312,-37.16994],[141.93116,-37.16994],[141.93111,-37.16993],[141.93107,-37.16992],[141.93103,-37.16992],[141.93098,-37.16992],[141.93094,-37.16991],[141.93089,-37.16991],[141.93085,-37.16991],[141.9308,-37.16991],[141.93076,-37.16991],[141.93071,-37.16991],[141.93067,-37.16991],[141.93062,-37.16991],[141.93058,-37.16991],[141.93053,-37.16991],[141.93049,-37.1699],[141.93044,-37.1699],[141.93039,-37.1699],[141.93035,-37.1699],[141.9303,-37.1699],[141.93026,-37.1699],[141.93022,-37.1699],[141.93017,-37.16989],[141.93013,-37.16989],[141.93008,-37.16989],[141.93004,-37.16988],[141.92999,-37.16988],[141.92995,-37.16987],[141.9299,-37.16986],[141.92986,-37.16986],[141.92981,-37.16985],[141.92977,-37.16984],[141.92973,-37.16983],[141.92968,-37.16983],[141.92964,-37.16982],[141.92959,-37.16981],[141.92955,-37.16981],[141.9295,-37.16981],[141.92946,-37.1698],[141.92941,-37.1698],[141.92937,-37.1698],[141.92932,-37.16979],[141.92928,-37.16979],[141.92923,-37.16979],[141.92919,-37.16978],[141.92915,-37.16977],[141.92911,-37.16975],[141.92906,-37.16974],[141.92902,-37.16973],[141.92898,-37.16971],[141.92894,-37.1697],[141.92889,-37.16969],[141.92885,-37.16968],[141.92881,-37.1697],[141.92877,-37.16972],[141.92873,-37.16972],[141.92869,-37.16971],[141.92864,-37.16969],[141.9286,-37.16968],[141.92856,-37.16967],[141.92851,-37.16966],[141.92847,-37.16966],[141.92842,-37.16966],[141.92838,-37.16967],[141.92833,-37.16968],[141.92829,-37.16969],[141.92825,-37.16968],[141.9282,-37.16967],[141.92816,-37.16965],[141.92813,-37.16963],[141.92809,-37.16961],[141.92806,-37.16958],[141.92803,-37.16956],[141.928,-37.16953],[141.92793,-37.16945],[141.9279,-37.16926],[141.92791,-37.16894],[141.92796,-37.16871],[141.92802,-37.16858],[141.92803,-37.16849],[141.92803,-37.16845],[141.92802,-37.16842],[141.92801,-37.16838],[141.92801,-37.16834],[141.928,-37.16831],[141.92799,-37.16827],[141.92798,-37.16824],[141.92798,-37.1682],[141.92798,-37.16817],[141.92797,-37.16813],[141.92797,-37.16809],[141.92797,-37.16806],[141.92797,-37.16802],[141.92797,-37.16798],[141.92796,-37.16795],[141.92796,-37.16791],[141.92796,-37.16787],[141.92796,-37.16784],[141.92796,-37.1678],[141.92797,-37.16777],[141.92799,-37.16774],[141.92802,-37.16771],[141.92805,-37.16768],[141.92808,-37.16766],[141.92811,-37.16763],[141.92814,-37.1676],[141.92818,-37.16758],[141.92821,-37.16755],[141.92824,-37.16753],[141.92828,-37.1675],[141.92831,-37.16748],[141.92834,-37.16745],[141.92838,-37.16743],[141.92842,-37.16741],[141.92846,-37.1674],[141.9285,-37.16738],[141.92854,-37.16736],[141.92858,-37.16735],[141.92862,-37.16734],[141.92867,-37.16733],[141.92871,-37.16733],[141.92876,-37.16734],[141.9288,-37.16734],[141.92884,-37.16733],[141.92888,-37.16731],[141.92891,-37.16729],[141.92894,-37.16726],[141.92897,-37.16723],[141.929,-37.1672],[141.92903,-37.16717],[141.92906,-37.16714],[141.92908,-37.16711],[141.92912,-37.16709],[141.92915,-37.16707],[141.92919,-37.16705],[141.92924,-37.16704],[141.92928,-37.16703],[141.92932,-37.16702],[141.92937,-37.16701],[141.92941,-37.167],[141.92945,-37.16699],[141.92949,-37.16697],[141.92953,-37.16696],[141.92957,-37.16693],[141.9296,-37.16691],[141.92963,-37.16688],[141.92966,-37.16686],[141.9297,-37.16683],[141.92973,-37.16681],[141.92976,-37.16678],[141.9298,-37.16676],[141.92983,-37.16674],[141.92987,-37.16673],[141.92992,-37.16672],[141.92997,-37.16671],[141.93001,-37.16671],[141.93006,-37.16672],[141.9301,-37.16672],[141.93014,-37.16673],[141.93018,-37.16675],[141.93023,-37.16676],[141.93027,-37.16678],[141.93031,-37.16679],[141.93036,-37.1668],[141.9304,-37.1668],[141.93044,-37.16681],[141.93049,-37.16682],[141.93053,-37.16682],[141.93058,-37.16683],[141.93062,-37.16682],[141.93067,-37.16682],[141.93071,-37.16681],[141.93075,-37.16679],[141.93079,-37.16678],[141.93084,-37.16677],[141.93088,-37.16675],[141.93092,-37.16673],[141.93096,-37.16673],[141.931,-37.16672],[141.93105,-37.16672],[141.9311,-37.16672],[141.93114,-37.16672],[141.93119,-37.16671],[141.93123,-37.16671],[141.93128,-37.16671],[141.93132,-37.16671],[141.93137,-37.16671],[141.93141,-37.1667],[141.93146,-37.1667],[141.9315,-37.1667],[141.93155,-37.16671],[141.93159,-37.16671],[141.93164,-37.16671],[141.93168,-37.16671],[141.93173,-37.16671],[141.93177,-37.16672],[141.93182,-37.16672],[141.93186,-37.16672],[141.93191,-37.16672],[141.93195,-37.16672],[141.932,-37.16671],[141.93204,-37.16671],[141.93209,-37.16671],[141.93213,-37.16671],[141.93218,-37.16671],[141.93222,-37.16671],[141.93227,-37.1667],[141.93231,-37.1667],[141.93236,-37.1667],[141.9324,-37.16669],[141.93245,-37.16669],[141.93249,-37.16669],[141.93254,-37.16668],[141.93258,-37.16668],[141.93262,-37.16668],[141.93267,-37.16668],[141.93271,-37.16669],[141.93276,-37.16669],[141.9328,-37.16669],[141.93285,-37.1667],[141.93289,-37.1667],[141.93294,-37.1667],[141.93298,-37.16671],[141.93303,-37.16671],[141.93307,-37.16671],[141.93312,-37.16671],[141.93316,-37.1667],[141.93321,-37.1667],[141.93325,-37.1667],[141.9333,-37.16669],[141.93334,-37.16669],[141.93339,-37.16668],[141.93343,-37.16668],[141.93348,-37.16668],[141.93352,-37.16667],[141.93357,-37.16667],[141.93361,-37.16666],[141.93366,-37.16666],[141.9337,-37.16666],[141.93375,-37.16665],[141.93379,-37.16665],[141.93384,-37.16665],[141.93388,-37.16665],[141.93393,-37.16665],[141.93397,-37.16665],[141.93402,-37.16665],[141.93406,-37.16664],[141.93411,-37.16664],[141.93415,-37.16663],[141.93419,-37.16662],[141.93424,-37.16661],[141.93428,-37.1666],[141.93432,-37.16658],[141.93435,-37.16656],[141.93439,-37.16654],[141.93443,-37.16652],[141.93447,-37.1665],[141.9345,-37.16648],[141.93454,-37.16646],[141.93458,-37.16644],[141.93461,-37.16641],[141.93465,-37.16638],[141.93469,-37.16635],[141.93471,-37.16633],[141.93472,-37.1663],[141.93469,-37.16629],[141.93464,-37.16628],[141.93458,-37.16627],[141.93454,-37.16627],[141.93449,-37.16627],[141.93445,-37.16627],[141.9344,-37.16628],[141.93436,-37.16628],[141.93431,-37.16629],[141.93427,-37.16629],[141.93422,-37.1663],[141.93418,-37.1663],[141.93413,-37.16631],[141.93409,-37.16631],[141.93404,-37.1663],[141.934,-37.1663],[141.93395,-37.1663],[141.93391,-37.16629],[141.93387,-37.16628],[141.93383,-37.16626],[141.93379,-37.16625],[141.93375,-37.16623],[141.93371,-37.1662],[141.93368,-37.16618],[141.93365,-37.16616],[141.93361,-37.16613],[141.93358,-37.1661],[141.93355,-37.16608],[141.93352,-37.16605],[141.93349,-37.16602],[141.93346,-37.166],[141.93343,-37.16597],[141.9334,-37.16594],[141.93337,-37.16592],[141.93334,-37.16589],[141.9333,-37.16587],[141.93327,-37.16584],[141.93324,-37.16581],[141.93321,-37.16579],[141.93318,-37.16576],[141.93316,-37.16573],[141.93313,-37.1657],[141.93311,-37.16567],[141.93309,-37.16563],[141.93307,-37.1656],[141.93307,-37.16557],[141.93309,-37.16554],[141.93312,-37.1655],[141.93313,-37.16547],[141.93315,-37.16543],[141.93316,-37.1654],[141.93318,-37.16537],[141.9332,-37.16534],[141.93323,-37.16531],[141.93325,-37.16528],[141.93327,-37.16524],[141.93328,-37.16521],[141.93329,-37.16517],[141.93329,-37.16513],[141.93329,-37.1651],[141.9333,-37.16506],[141.93331,-37.16503],[141.93332,-37.165],[141.93335,-37.16498],[141.9334,-37.16496],[141.93345,-37.16495],[141.93349,-37.16494],[141.93354,-37.16493],[141.93358,-37.16492],[141.93362,-37.16491],[141.93367,-37.1649],[141.93371,-37.16489],[141.93376,-37.16488],[141.9338,-37.16487],[141.93385,-37.16486],[141.9339,-37.16485],[141.93394,-37.16484],[141.93398,-37.16482],[141.93401,-37.16479],[141.93403,-37.16475],[141.93404,-37.16472],[141.93403,-37.16468],[141.93402,-37.16465],[141.934,-37.16461],[141.93397,-37.16458],[141.93394,-37.16455],[141.9339,-37.16453],[141.93387,-37.16452],[141.93382,-37.16452],[141.93378,-37.16452],[141.93373,-37.16452],[141.93369,-37.16453],[141.93364,-37.16454],[141.93359,-37.16455],[141.93355,-37.16455],[141.93351,-37.16456],[141.93346,-37.16458],[141.93342,-37.16458],[141.93337,-37.1646],[141.93333,-37.16461],[141.93328,-37.16462],[141.93324,-37.16464],[141.9332,-37.16465],[141.93316,-37.16467],[141.93312,-37.16468],[141.93309,-37.1647],[141.93305,-37.16471],[141.93301,-37.16473],[141.93297,-37.16473],[141.93293,-37.16474],[141.93288,-37.16475],[141.93284,-37.16475],[141.93279,-37.16476],[141.93275,-37.16476],[141.9327,-37.16476],[141.93266,-37.16477],[141.93261,-37.16478],[141.93257,-37.16478],[141.93252,-37.16479],[141.93248,-37.1648],[141.93243,-37.1648],[141.93239,-37.1648],[141.93235,-37.16481],[141.9323,-37.1648],[141.93226,-37.1648],[141.93221,-37.16479],[141.93217,-37.16479],[141.93213,-37.16478],[141.93208,-37.16477],[141.93204,-37.16476],[141.93199,-37.16475],[141.93195,-37.16474],[141.93191,-37.16472],[141.93187,-37.16471],[141.93183,-37.1647],[141.93179,-37.16468],[141.93175,-37.16466],[141.93171,-37.16464],[141.93167,-37.16462],[141.93163,-37.1646],[141.93159,-37.16458],[141.93156,-37.16457],[141.93152,-37.16455],[141.93132,-37.16437],[141.93139,-37.16418],[141.93148,-37.16404],[141.93153,-37.16383],[141.93139,-37.1636],[141.93124,-37.16343],[141.93097,-37.16326],[141.93067,-37.16316],[141.93023,-37.16311],[141.92961,-37.16295],[141.9293,-37.16276],[141.92919,-37.16257],[141.92897,-37.16241],[141.92868,-37.16223],[141.92843,-37.16204],[141.92824,-37.16184],[141.92813,-37.1616],[141.92809,-37.16144],[141.92802,-37.16132],[141.92799,-37.16106],[141.92791,-37.1608],[141.92786,-37.16057],[141.92788,-37.1603],[141.92794,-37.16007],[141.92804,-37.15975],[141.928,-37.15958],[141.92809,-37.15919],[141.92822,-37.15888],[141.92829,-37.15863],[141.92831,-37.15842],[141.92829,-37.15819],[141.92821,-37.15803],[141.92787,-37.15799],[141.9277,-37.15794],[141.9276,-37.15783],[141.92755,-37.15769],[141.92749,-37.1575],[141.9274,-37.15734],[141.92721,-37.15726],[141.92706,-37.15711],[141.92683,-37.15705],[141.92682,-37.15702],[141.92676,-37.15679],[141.92667,-37.15645],[141.92655,-37.15606],[141.92645,-37.15564],[141.92632,-37.15521],[141.92626,-37.15486],[141.9262,-37.15458],[141.92609,-37.1543],[141.92585,-37.15401],[141.92563,-37.15386],[141.92541,-37.15362],[141.92537,-37.15331],[141.9254,-37.15319],[141.92543,-37.15303],[141.92539,-37.15288],[141.92537,-37.15271],[141.92522,-37.1526],[141.92503,-37.1525],[141.92469,-37.15252],[141.92439,-37.15252],[141.92418,-37.15231],[141.92415,-37.15208],[141.92425,-37.15174],[141.92436,-37.15156],[141.92433,-37.15139],[141.9244,-37.15107],[141.92445,-37.15067],[141.92456,-37.1505],[141.92468,-37.15017],[141.92484,-37.1498],[141.92496,-37.14963],[141.92503,-37.14953],[141.92521,-37.14929],[141.92542,-37.14891],[141.92555,-37.14861],[141.92586,-37.14813],[141.92597,-37.14798],[141.92608,-37.14785],[141.92617,-37.14773],[141.92626,-37.14761],[141.92632,-37.1475],[141.92648,-37.14735],[141.92662,-37.14723],[141.9267,-37.14714],[141.92683,-37.147],[141.92705,-37.14682],[141.92735,-37.14661],[141.92757,-37.14637],[141.92781,-37.14601],[141.92807,-37.14562],[141.92833,-37.1453],[141.92839,-37.14514],[141.92837,-37.14498],[141.92826,-37.14478],[141.92806,-37.14455],[141.92791,-37.14431],[141.92786,-37.14412],[141.92786,-37.14391],[141.92782,-37.14361],[141.92768,-37.14345],[141.92728,-37.1432],[141.92694,-37.14301],[141.92665,-37.14281],[141.92616,-37.14246],[141.9256,-37.14214],[141.92528,-37.14197],[141.92514,-37.14161],[141.9249,-37.14132],[141.92468,-37.14098],[141.92468,-37.14065],[141.92474,-37.14031],[141.92472,-37.13999],[141.9246,-37.13973],[141.92431,-37.13944],[141.92394,-37.13934],[141.92378,-37.13921],[141.92355,-37.1389],[141.92349,-37.13875],[141.92345,-37.13857],[141.92353,-37.13834],[141.92366,-37.13825],[141.9239,-37.13819],[141.92417,-37.13812],[141.92435,-37.13801],[141.92451,-37.13784],[141.92451,-37.13763],[141.92453,-37.13743],[141.92471,-37.13724],[141.92467,-37.13697],[141.9246,-37.13686],[141.92454,-37.13678],[141.92444,-37.13667],[141.92429,-37.13657],[141.92418,-37.1365],[141.92401,-37.13625],[141.92401,-37.13603],[141.92404,-37.13588],[141.92411,-37.13572],[141.92406,-37.1356],[141.92404,-37.13554],[141.92406,-37.13547],[141.92422,-37.1353],[141.92462,-37.135],[141.92485,-37.13474],[141.92493,-37.13448],[141.92511,-37.13423],[141.92513,-37.13376],[141.92521,-37.13327],[141.92512,-37.13269],[141.92501,-37.13228],[141.9249,-37.13179],[141.92484,-37.13143],[141.92497,-37.13111],[141.9252,-37.13085],[141.92541,-37.13066],[141.92549,-37.1303],[141.92589,-37.13004],[141.92604,-37.12965],[141.9259,-37.12908],[141.92568,-37.12861],[141.92554,-37.12814],[141.92514,-37.12776],[141.92466,-37.12744],[141.92444,-37.12708],[141.92481,-37.12676],[141.92502,-37.12631],[141.92517,-37.12595],[141.92533,-37.12569],[141.92535,-37.12545],[141.92548,-37.12513],[141.92532,-37.12488],[141.92524,-37.12464],[141.92513,-37.12447],[141.92497,-37.12443],[141.92459,-37.12424],[141.92427,-37.1241],[141.92422,-37.12387],[141.92423,-37.12353],[141.92387,-37.12325],[141.92373,-37.12284],[141.9237,-37.12253],[141.92383,-37.12216],[141.92389,-37.12183],[141.92378,-37.12155],[141.92355,-37.1213],[141.92336,-37.12124],[141.92255,-37.12082],[141.92211,-37.12058],[141.92178,-37.12041],[141.92102,-37.12017],[141.92078,-37.12015],[141.92048,-37.12014],[141.9201,-37.12007],[141.91979,-37.11989],[141.91936,-37.1194],[141.91911,-37.11888],[141.91899,-37.1186],[141.91893,-37.11836],[141.91883,-37.11797],[141.91868,-37.11781]]]}}]}