{"type":"FeatureCollection","features":[{"type":"Feature","properties":{"roads":[{"name":"Lilac Street","cls":6,"brg":99},{"name":"Brooks Avenue","cls":6,"brg":192}]},"geometry":{"type":"Point","coordinates":[142.18992,-36.71951]}},{"type":"Feature","properties":{"roads":[{"name":"Lilac Street","cls":6,"brg":99},{"name":"Iris Street","cls":6,"brg":179.9}]},"geometry":{"type":"Point","coordinates":[142.19046,-36.71958]}},{"type":"Feature","properties":{"roads":[{"name":"Lilac Street","cls":6,"brg":87.2},{"name":"Rose Street","cls":6,"brg":359.4}]},"geometry":{"type":"Point","coordinates":[142.19154,-36.71954]}},{"type":"Feature","properties":{"roads":[{"name":"Lilac Street","cls":6,"brg":89.9},{"name":"Gardenia Street","cls":6,"brg":179.8}]},"geometry":{"type":"Point","coordinates":[142.19291,-36.71954]}},{"type":"Feature","properties":{"roads":[{"name":"Firebrace Street","cls":4,"brg":0},{"name":"Roberts Avenue","cls":6,"brg":89.8}]},"geometry":{"type":"Point","coordinates":[142.19969,-36.71428]}},{"type":"Feature","properties":{"roads":[{"name":"Stawell Road","cls":1,"brg":179},{"name":"Stawell Road Service Road","cls":6,"brg":234.2}]},"geometry":{"type":"Point","coordinates":[142.20523,-36.72591]}},{"type":"Feature","properties":{"roads":[{"name":"Stawell Road","cls":1,"brg":178.9},{"name":"Williams Road","cls":1,"brg":269.8}]},"geometry":{"type":"Point","coordinates":[142.20524,-36.72607]}},{"type":"Feature","properties":{"roads":[{"name":"Stawell Road","cls":1,"brg":315.8},{"name":"Henty Highway","cls":1,"brg":221.3},{"name":"Hamilton Road","cls":1,"brg":217.3}]},"geometry":{"type":"Point","coordinates":[142.206,-36.73399]}},{"type":"Feature","properties":{"roads":[{"name":"Stawell Road","cls":1,"brg":317.5},{"name":"Hamilton Road","cls":1,"brg":39.2},{"name":"Henty Highway","cls":1,"brg":221.3}]},"geometry":{"type":"Point","coordinates":[142.20599,-36.73393]}},{"type":"Feature","properties":{"roads":[{"name":"Wimmera Highway","cls":2,"brg":72.8},{"name":"Henty Highway","cls":2,"brg":12.6},{"name":"Dooen School Road","cls":5,"brg":276.3}]},"geometry":{"type":"Point","coordinates":[142.25944,-36.63856]}},{"type":"Feature","properties":{"roads":[{"name":"Henty Highway","cls":2,"brg":19},{"name":"Chapmans Road","cls":7,"brg":269.7}]},"geometry":{"type":"Point","coordinates":[142.26523,-36.62412]}},{"type":"Feature","properties":{"roads":[{"name":"Henty Highway","cls":2,"brg":26.8},{"name":"Greenhills Road","cls":5,"brg":280.1}]},"geometry":{"type":"Point","coordinates":[142.26724,-36.61964]}},{"type":"Feature","properties":{"roads":[{"name":"Henty Highway","cls":2,"brg":18.7},{"name":"Ladlows Road","cls":5,"brg":289.6}]},"geometry":{"type":"Point","coordinates":[142.27246,-36.60804]}},{"type":"Feature","properties":{"roads":[{"name":"Henty Highway","cls":2,"brg":18.7},{"name":"Drovers Road","cls":5,"brg":90.8}]},"geometry":{"type":"Point","coordinates":[142.27494,-36.60208]}},{"type":"Feature","properties":{"roads":[{"name":"Henty Highway","cls":2,"brg":18.4},{"name":"Dogwood Road","cls":7,"brg":128.1}]},"geometry":{"type":"Point","coordinates":[142.27789,-36.59427]}},{"type":"Feature","properties":{"roads":[{"name":"Henty Highway","cls":2,"brg":19},{"name":"Johns Road","cls":7,"brg":270}]},"geometry":{"type":"Point","coordinates":[142.28042,-36.58854]}},{"type":"Feature","properties":{"roads":[{"name":"Henty Highway","cls":2,"brg":18.8},{"name":"Finlaysons Road","cls":7,"brg":109.1}]},"geometry":{"type":"Point","coordinates":[142.28206,-36.58456]}},{"type":"Feature","properties":{"roads":[{"name":"Henty Highway","cls":2,"brg":25.5},{"name":"Bells Road","cls":5,"brg":272.2}]},"geometry":{"type":"Point","coordinates":[142.2866,-36.57385]}},{"type":"Feature","properties":{"roads":[{"name":"Henty Highway","cls":2,"brg":28},{"name":"Banyena Road","cls":5,"brg":296}]},"geometry":{"type":"Point","coordinates":[142.30038,-36.55334]}},{"type":"Feature","properties":{"roads":[{"name":"Henty Highway","cls":2,"brg":29.3},{"name":"Banyena Road","cls":5,"brg":286.1}]},"geometry":{"type":"Point","coordinates":[142.30079,-36.55284]}},{"type":"Feature","properties":{"roads":[{"name":"Henty Highway","cls":2,"brg":39.2},{"name":"Smiths Road","cls":7,"brg":134.1}]},"geometry":{"type":"Point","coordinates":[142.3107,-36.53869]}},{"type":"Feature","properties":{"roads":[{"name":"Henty Highway","cls":2,"brg":38},{"name":"Shearwoods Road","cls":7,"brg":129.3}]},"geometry":{"type":"Point","coordinates":[142.31132,-36.53806]}},{"type":"Feature","properties":{"roads":[{"name":"Henty Highway","cls":2,"brg":37.6},{"name":"Mokepilly Road","cls":5,"brg":289.2}]},"geometry":{"type":"Point","coordinates":[142.32439,-36.52447]}},{"type":"Feature","properties":{"roads":[{"name":"Henty Highway","cls":2,"brg":38.5},{"name":"Kalkee East Road","cls":4,"brg":302.2}]},"geometry":{"type":"Point","coordinates":[142.32562,-36.52323]}},{"type":"Feature","properties":{"roads":[{"name":"Henty Highway","cls":2,"brg":37.9},{"name":"Jung Wheat Road","cls":5,"brg":339.4}]},"geometry":{"type":"Point","coordinates":[142.3373,-36.51117]}},{"type":"Feature","properties":{"roads":[{"name":"Henty Highway","cls":2,"brg":38.3},{"name":"Horsham-Minyip Road","cls":3,"brg":297.6}]},"geometry":{"type":"Point","coordinates":[142.34598,-36.50233]}},{"type":"Feature","properties":{"roads":[{"name":"Gates Road","cls":7,"brg":0.1},{"name":"Chalky Point Road","cls":7,"brg":89.8}]},"geometry":{"type":"Point","coordinates":[142.34046,-36.79729]}},{"type":"Feature","properties":{"roads":[{"name":"Northern Grampians Road","cls":3,"brg":149},{"name":"Roses Gap Road","cls":4,"brg":56.4}]},"geometry":{"type":"Point","coordinates":[142.34359,-37.01872]}},{"type":"Feature","properties":{"roads":[{"name":"Northern Grampians Road","cls":3,"brg":204.9},{"name":"Mackenzie River Bun-Nah Trail","cls":7,"brg":276.3}]},"geometry":{"type":"Point","coordinates":[142.34073,-37.03339]}},{"type":"Feature","properties":{"roads":[{"name":"Henty Highway","cls":1,"brg":22.3},{"name":"North East Wonwondah Road","cls":4,"brg":98.2},{"name":"Wonwondah-Toolondo Road","cls":4,"brg":97.6},{"name":"Curtis Road","cls":5,"brg":119.1}]},"geometry":{"type":"Point","coordinates":[142.13756,-36.8771]}},{"type":"Feature","properties":{"roads":[{"name":"North East Wonwondah Road","cls":4,"brg":90.2},{"name":"Mackins Road","cls":5,"brg":1.6}]},"geometry":{"type":"Point","coordinates":[142.16055,-36.87791]}},{"type":"Feature","properties":{"roads":[{"name":"North East Wonwondah Road","cls":4,"brg":90.8},{"name":"Nixsons South Road","cls":5,"brg":0.3}]},"geometry":{"type":"Point","coordinates":[142.17813,-36.87802]}},{"type":"Feature","properties":{"roads":[{"name":"Knonagels Road","cls":5,"brg":90.7},{"name":"Staehrs Road","cls":5,"brg":0.8},{"name":"Brimacombes Road","cls":5,"brg":1}]},"geometry":{"type":"Point","coordinates":[142.28436,-36.98003]}},{"type":"Feature","properties":{"roads":[{"name":"Knonagels Road","cls":5,"brg":90.7},{"name":"Barkers Lane","cls":5,"brg":188}]},"geometry":{"type":"Point","coordinates":[142.30271,-36.98021]}},{"type":"Feature","properties":{"roads":[{"name":"Northern Grampians Road","cls":3,"brg":176.3},{"name":"Knonagels Road","cls":5,"brg":90.2},{"name":"Smiths Road","cls":5,"brg":90.1}]},"geometry":{"type":"Point","coordinates":[142.32516,-36.98028]}},{"type":"Feature","properties":{"roads":[{"name":"Brimacombes Road","cls":5,"brg":359.7},{"name":"Grimble Geue Road","cls":5,"brg":123.5}]},"geometry":{"type":"Point","coordinates":[142.28444,-37.00389]}},{"type":"Feature","properties":{"roads":[{"name":"Northern Grampians Road","cls":3,"brg":169.3},{"name":"Brimpaen Laharum Road","cls":4,"brg":227.6}]},"geometry":{"type":"Point","coordinates":[142.32744,-36.98994]}},{"type":"Feature","properties":{"roads":[{"name":"Crutes Road","cls":5,"brg":193.5},{"name":"Fulbrooks Road","cls":5,"brg":170.9}]},"geometry":{"type":"Point","coordinates":[142.48411,-36.86073]}},{"type":"Feature","properties":{"roads":[{"name":"Crutes Road","cls":5,"brg":235.5},{"name":"Crutes South Road","cls":5,"brg":229.1},{"name":"Harrys Lane","cls":5,"brg":325.8}]},"geometry":{"type":"Point","coordinates":[142.48633,-36.87155]}},{"type":"Feature","properties":{"roads":[{"name":"Winfields Road","cls":5,"brg":179.7},{"name":"Mt Zero Road","cls":5,"brg":89.2}]},"geometry":{"type":"Point","coordinates":[142.35833,-36.88086]}},{"type":"Feature","properties":{"roads":[{"name":"Winfields Road","cls":5,"brg":180.3},{"name":"Reservoir Road","cls":5,"brg":90.6}]},"geometry":{"type":"Point","coordinates":[142.35828,-36.88496]}},{"type":"Feature","properties":{"roads":[{"name":"Mt Zero Road","cls":5,"brg":113.4},{"name":"Flat Rock Road","cls":5,"brg":169.3}]},"geometry":{"type":"Point","coordinates":[142.39315,-36.88199]}},{"type":"Feature","properties":{"roads":[{"name":"Wonwondah - Dadswells Bridge Road","cls":4,"brg":89.9},{"name":"Flat Rock Road","cls":5,"brg":179.9}]},"geometry":{"type":"Point","coordinates":[142.39012,-36.85583]}},{"type":"Feature","properties":{"roads":[{"name":"Western Highway","cls":1,"brg":300.4},{"name":"Flat Rock Road","cls":5,"brg":210.5}]},"geometry":{"type":"Point","coordinates":[142.39647,-36.83625]}},{"type":"Feature","properties":{"roads":[{"name":"Northern Grampians Road","cls":3,"brg":174.5},{"name":"Pohlners Road","cls":5,"brg":90.1}]},"geometry":{"type":"Point","coordinates":[142.32465,-36.90323]}},{"type":"Feature","properties":{"roads":[{"name":"Pohlners Road","cls":5,"brg":90.1},{"name":"Kiefels Road","cls":7,"brg":0.7}]},"geometry":{"type":"Point","coordinates":[142.33967,-36.90326]}},{"type":"Feature","properties":{"roads":[{"name":"Pohlners Road","cls":5,"brg":86.6},{"name":"Winfields Road","cls":5,"brg":179.9}]},"geometry":{"type":"Point","coordinates":[142.35808,-36.90327]}},{"type":"Feature","properties":{"roads":[{"name":"Roses Gap Road","cls":4,"brg":16.4},{"name":"Pohlners Road","cls":5,"brg":92.1}]},"geometry":{"type":"Point","coordinates":[142.42181,-37.02765]}},{"type":"Feature","properties":{"roads":[{"name":"Roses Gap Road","cls":4,"brg":79.9},{"name":"Augheys Road","cls":5,"brg":4}]},"geometry":{"type":"Point","coordinates":[142.38052,-37.03055]}},{"type":"Feature","properties":{"roads":[{"name":"Roses Gap Road","cls":4,"brg":87.2},{"name":"Tulloh Track","cls":7,"brg":172.3}]},"geometry":{"type":"Point","coordinates":[142.38587,-37.02986]}},{"type":"Feature","properties":{"roads":[{"name":"Roses Gap Road","cls":4,"brg":85.7},{"name":"Smiths Road","cls":5,"brg":152.2}]},"geometry":{"type":"Point","coordinates":[142.3964,-37.02822]}},{"type":"Feature","properties":{"roads":[{"name":"Roses Gap Road","cls":4,"brg":65.4},{"name":"Delahuntys Road","cls":5,"brg":0.1}]},"geometry":{"type":"Point","coordinates":[142.5414,-36.94868]}},{"type":"Feature","properties":{"roads":[{"name":"Roses Gap Road","cls":4,"brg":67.5},{"name":"Ledcourt Road","cls":5,"brg":142.2}]},"geometry":{"type":"Point","coordinates":[142.55919,-36.94279]}},{"type":"Feature","properties":{"roads":[{"name":"Western Highway","cls":1,"brg":304.8},{"name":"Jackmans Road","cls":5,"brg":359.9},{"name":"Stapledons Road","cls":5,"brg":0.4}]},"geometry":{"type":"Point","coordinates":[142.52325,-36.92271]}},{"type":"Feature","properties":{"roads":[{"name":"Western Highway","cls":1,"brg":304.7},{"name":"Delahuntys Road","cls":5,"brg":359.5}]},"geometry":{"type":"Point","coordinates":[142.54124,-36.93259]}},{"type":"Feature","properties":{"roads":[{"name":"Delahuntys Road","cls":5,"brg":344.8},{"name":"Rahleys Road","cls":5,"brg":87.6}]},"geometry":{"type":"Point","coordinates":[142.54121,-36.92532]}},{"type":"Feature","properties":{"roads":[{"name":"Western Highway","cls":1,"brg":311.2},{"name":"Stelee Park Drive","cls":5,"brg":18.1}]},"geometry":{"type":"Point","coordinates":[142.43105,-36.86123]}},{"type":"Feature","properties":{"roads":[{"name":"Western Highway","cls":1,"brg":313.5},{"name":"Fulbrooks Road","cls":5,"brg":67}]},"geometry":{"type":"Point","coordinates":[142.42379,-36.85596]}},{"type":"Feature","properties":{"roads":[{"name":"Western Highway","cls":1,"brg":312.6},{"name":"Wonwondah - Dadswells Bridge Road","cls":4,"brg":51.1}]},"geometry":{"type":"Point","coordinates":[142.42342,-36.85569]}},{"type":"Feature","properties":{"roads":[{"name":"Western Highway","cls":1,"brg":313.6},{"name":"Ross Road","cls":5,"brg":90.1}]},"geometry":{"type":"Point","coordinates":[142.40472,-36.84137]}},{"type":"Feature","properties":{"roads":[{"name":"Henty Highway","cls":2,"brg":34},{"name":"Byrneville Road","cls":5,"brg":127.8}]},"geometry":{"type":"Point","coordinates":[142.34634,-36.5019]}},{"type":"Feature","properties":{"roads":[{"name":"Henty Highway","cls":2,"brg":24},{"name":"Coffeys Road","cls":5,"brg":289.1}]},"geometry":{"type":"Point","coordinates":[142.36068,-36.48395]}},{"type":"Feature","properties":{"roads":[{"name":"Henty Highway","cls":2,"brg":24},{"name":"Old Minyip Road","cls":5,"brg":259},{"name":"Daveys Road","cls":5,"brg":88.8}]},"geometry":{"type":"Point","coordinates":[142.36821,-36.47034]}},{"type":"Feature","properties":{"roads":[{"name":"McPherson Street","cls":1,"brg":359.5},{"name":"Wilson Street","cls":2,"brg":89.4}]},"geometry":{"type":"Point","coordinates":[142.20492,-36.71657]}},{"type":"Feature","properties":{"roads":[{"name":"McPherson Street","cls":1,"brg":359.5},{"name":"Hopkins Drive","cls":6,"brg":88.6}]},"geometry":{"type":"Point","coordinates":[142.20492,-36.71613]}},{"type":"Feature","properties":{"roads":[{"name":"McPherson Street","cls":1,"brg":359.5},{"name":"Pynsent Street","cls":6,"brg":89.3}]},"geometry":{"type":"Point","coordinates":[142.20491,-36.71542]}},{"type":"Feature","properties":{"roads":[{"name":"Wimmera Highway","cls":2,"brg":283.7},{"name":"Gym Club Road","cls":5,"brg":184.7}]},"geometry":{"type":"Point","coordinates":[141.98492,-36.73126]}},{"type":"Feature","properties":{"roads":[{"name":"Wimmera Highway","cls":2,"brg":262.1},{"name":"Polkemmet Road","cls":4,"brg":171.4}]},"geometry":{"type":"Point","coordinates":[141.97043,-36.72924]}},{"type":"Feature","properties":{"roads":[{"name":"Wimmera Highway","cls":2,"brg":241.2},{"name":"Natimuk-Hamilton Road","cls":3,"brg":330.1}]},"geometry":{"type":"Point","coordinates":[141.96574,-36.7311]}},{"type":"Feature","properties":{"roads":[{"name":"Wimmera Highway","cls":2,"brg":248.7},{"name":"Natimuk - Frances Road","cls":3,"brg":338.3}]},"geometry":{"type":"Point","coordinates":[141.93224,-36.74523]}},{"type":"Feature","properties":{"roads":[{"name":"Natimuk - Frances Road","cls":3,"brg":270.5},{"name":"Wyn Wyn Road","cls":5,"brg":180.2}]},"geometry":{"type":"Point","coordinates":[141.92148,-36.74145]}},{"type":"Feature","properties":{"roads":[{"name":"Natimuk - Frances Road","cls":3,"brg":255.2},{"name":"A Keytes Road","cls":5,"brg":168.9}]},"geometry":{"type":"Point","coordinates":[141.90475,-36.74152]}},{"type":"Feature","properties":{"roads":[{"name":"Natimuk - Frances Road","cls":3,"brg":252.4},{"name":"Langes Lane","cls":5,"brg":348.2}]},"geometry":{"type":"Point","coordinates":[141.89512,-36.74667]}},{"type":"Feature","properties":{"roads":[{"name":"Natimuk - Frances Road","cls":3,"brg":269},{"name":"Arapiles School Road","cls":5,"brg":179.2}]},"geometry":{"type":"Point","coordinates":[141.87661,-36.74714]}},{"type":"Feature","properties":{"roads":[{"name":"Natimuk - Frances Road","cls":3,"brg":269.6},{"name":"Arapiles-Grass Flat Road","cls":4,"brg":359.1}]},"geometry":{"type":"Point","coordinates":[141.8561,-36.74741]}},{"type":"Feature","properties":{"roads":[{"name":"Natimuk - Frances Road","cls":3,"brg":273.7},{"name":"Centenary Park Road","cls":5,"brg":3.1}]},"geometry":{"type":"Point","coordinates":[141.85139,-36.74743]}},{"type":"Feature","properties":{"roads":[{"name":"Natimuk - Frances Road","cls":3,"brg":300.3},{"name":"McClures Road","cls":5,"brg":45.5}]},"geometry":{"type":"Point","coordinates":[141.84201,-36.74352]}},{"type":"Feature","properties":{"roads":[{"name":"Natimuk - Frances Road","cls":3,"brg":299.9},{"name":"Mitre Dam Road","cls":7,"brg":13.9}]},"geometry":{"type":"Point","coordinates":[141.83872,-36.74202]}},{"type":"Feature","properties":{"roads":[{"name":"Natimuk - Frances Road","cls":3,"brg":278.6},{"name":"Three Chain Road","cls":7,"brg":26.6}]},"geometry":{"type":"Point","coordinates":[141.81492,-36.73152]}},{"type":"Feature","properties":{"roads":[{"name":"Natimuk - Frances Road","cls":3,"brg":278.7},{"name":"Mitre - Grass Flat Road","cls":4,"brg":181.8}]},"geometry":{"type":"Point","coordinates":[141.80141,-36.73006]}},{"type":"Feature","properties":{"roads":[{"name":"Natimuk - Frances Road","cls":3,"brg":277},{"name":"Tooan - Mitre Road","cls":4,"brg":187}]},"geometry":{"type":"Point","coordinates":[141.78189,-36.72813]}},{"type":"Feature","properties":{"roads":[{"name":"Natimuk - Frances Road","cls":3,"brg":277.1},{"name":"Mitre-Nurcoung Road","cls":4,"brg":188.5}]},"geometry":{"type":"Point","coordinates":[141.78131,-36.72808]}},{"type":"Feature","properties":{"roads":[{"name":"Natimuk - Frances Road","cls":3,"brg":245.8},{"name":"Lears Road","cls":5,"brg":125}]},"geometry":{"type":"Point","coordinates":[141.76634,-36.72753]}},{"type":"Feature","properties":{"roads":[{"name":"Dogwood Road","cls":7,"brg":179.6},{"name":"Byrneville Road","cls":7,"brg":90.3}]},"geometry":{"type":"Point","coordinates":[142.27687,-36.50045]}},{"type":"Feature","properties":{"roads":[{"name":"Kalkee East Road","cls":4,"brg":269.5},{"name":"Dogwood Road","cls":7,"brg":179.6}]},"geometry":{"type":"Point","coordinates":[142.27707,-36.52315]}},{"type":"Feature","properties":{"roads":[{"name":"Dogwood Road","cls":7,"brg":179.6},{"name":"Shearwoods Road","cls":7,"brg":89.7}]},"geometry":{"type":"Point","coordinates":[142.2772,-36.53808]}},{"type":"Feature","properties":{"roads":[{"name":"Banyena Road","cls":5,"brg":269.4},{"name":"Dogwood Road","cls":7,"brg":179.6}]},"geometry":{"type":"Point","coordinates":[142.27733,-36.55357]}},{"type":"Feature","properties":{"roads":[{"name":"Dogwood Road","cls":7,"brg":179.7},{"name":"Finlaysons Road","cls":7,"brg":90}]},"geometry":{"type":"Point","coordinates":[142.27756,-36.58452]}},{"type":"Feature","properties":{"roads":[{"name":"Kalkee East Road","cls":4,"brg":270.1},{"name":"Sleeps Road","cls":5,"brg":360}]},"geometry":{"type":"Point","coordinates":[142.32051,-36.52297]}},{"type":"Feature","properties":{"roads":[{"name":"Kalkee East Road","cls":4,"brg":269.8},{"name":"Ray Mills Road","cls":5,"brg":0}]},"geometry":{"type":"Point","coordinates":[142.28973,-36.52306]}},{"type":"Feature","properties":{"roads":[{"name":"Kalkee East Road","cls":4,"brg":269.6},{"name":"Wollermanns Road","cls":5,"brg":180}]},"geometry":{"type":"Point","coordinates":[142.24306,-36.52334]}},{"type":"Feature","properties":{"roads":[{"name":"Kalkee East Road","cls":4,"brg":269.7},{"name":"Dooen North Road","cls":7,"brg":180.1}]},"geometry":{"type":"Point","coordinates":[142.2412,-36.52335]}},{"type":"Feature","properties":{"roads":[{"name":"Blue Ribbon Road","cls":3,"brg":189.7},{"name":"Kalkee East Road","cls":4,"brg":274.4}]},"geometry":{"type":"Point","coordinates":[142.21301,-36.52797]}},{"type":"Feature","properties":{"roads":[{"name":"Blue Ribbon Road","cls":3,"brg":179.8},{"name":"Dimboola-Minyip Road","cls":4,"brg":270.1}]},"geometry":{"type":"Point","coordinates":[142.22566,-36.43744]}},{"type":"Feature","properties":{"roads":[{"name":"Blue Ribbon Road","cls":3,"brg":190},{"name":"Kings Road","cls":5,"brg":91.7}]},"geometry":{"type":"Point","coordinates":[142.22431,-36.45441]}},{"type":"Feature","properties":{"roads":[{"name":"Blue Ribbon Road","cls":3,"brg":190.1},{"name":"Kings Road","cls":7,"brg":270.3}]},"geometry":{"type":"Point","coordinates":[142.22397,-36.45599]}},{"type":"Feature","properties":{"roads":[{"name":"Blue Ribbon Road","cls":3,"brg":188.1},{"name":"Old Minyip Road","cls":4,"brg":90.4}]},"geometry":{"type":"Point","coordinates":[142.22086,-36.46999]}},{"type":"Feature","properties":{"roads":[{"name":"Blue Ribbon Road","cls":3,"brg":182.4},{"name":"Wail East Road","cls":7,"brg":90}]},"geometry":{"type":"Point","coordinates":[142.22065,-36.49271]}},{"type":"Feature","properties":{"roads":[{"name":"Blue Ribbon Road","cls":3,"brg":189.9},{"name":"Wail- Kalkee Road","cls":5,"brg":90.9}]},"geometry":{"type":"Point","coordinates":[142.2167,-36.51077]}},{"type":"Feature","properties":{"roads":[{"name":"Blue Ribbon Road","cls":3,"brg":190.3},{"name":"Kalkee School Road","cls":5,"brg":90}]},"geometry":{"type":"Point","coordinates":[142.21074,-36.53796]}},{"type":"Feature","properties":{"roads":[{"name":"Blue Ribbon Road","cls":3,"brg":179.8},{"name":"Lawsons Road","cls":7,"brg":89.9}]},"geometry":{"type":"Point","coordinates":[142.20922,-36.54716]}},{"type":"Feature","properties":{"roads":[{"name":"Blue Ribbon Road","cls":3,"brg":186.7},{"name":"Banyena Road","cls":5,"brg":269.8}]},"geometry":{"type":"Point","coordinates":[142.208,-36.56277]}},{"type":"Feature","properties":{"roads":[{"name":"Blue Ribbon Road","cls":3,"brg":186.7},{"name":"Finlaysons Road","cls":7,"brg":74.4}]},"geometry":{"type":"Point","coordinates":[142.20479,-36.58458]}},{"type":"Feature","properties":{"roads":[{"name":"Blue Ribbon Road","cls":3,"brg":186.7},{"name":"Dooen Slant Road","cls":5,"brg":329.6}]},"geometry":{"type":"Point","coordinates":[142.20353,-36.59316]}},{"type":"Feature","properties":{"roads":[{"name":"Blue Ribbon Road","cls":3,"brg":176.6},{"name":"Rules East Road","cls":4,"brg":269.7},{"name":"Ladlows Road","cls":5,"brg":269.9}]},"geometry":{"type":"Point","coordinates":[142.20458,-36.6079]}},{"type":"Feature","properties":{"roads":[{"name":"Blue Ribbon Road","cls":3,"brg":179.9},{"name":"Jenkinsons Road","cls":5,"brg":269.8}]},"geometry":{"type":"Point","coordinates":[142.20475,-36.62439]}},{"type":"Feature","properties":{"roads":[{"name":"Blue Ribbon Road","cls":3,"brg":179.6},{"name":"Dooen School Road","cls":5,"brg":269.8},{"name":"Hobbs Road","cls":7,"brg":89.7}]},"geometry":{"type":"Point","coordinates":[142.20481,-36.63875]}},{"type":"Feature","properties":{"roads":[{"name":"Blue Ribbon Road","cls":3,"brg":179.9},{"name":"Francis Road","cls":5,"brg":269.6}]},"geometry":{"type":"Point","coordinates":[142.20485,-36.6533]}},{"type":"Feature","properties":{"roads":[{"name":"Blue Ribbon Road","cls":3,"brg":179.2},{"name":"Davis Drive","cls":6,"brg":273.3}]},"geometry":{"type":"Point","coordinates":[142.2022,-36.69414]}},{"type":"Feature","properties":{"roads":[{"name":"Blue Ribbon Road","cls":3,"brg":179.8},{"name":"Kalkee Road","cls":3,"brg":180.8},{"name":"Rasmussen Road","cls":4,"brg":89.5}]},"geometry":{"type":"Point","coordinates":[142.20221,-36.69696]}},{"type":"Feature","properties":{"roads":[{"name":"Rules East Road","cls":4,"brg":269.7},{"name":"Flacks Road","cls":7,"brg":180.1}]},"geometry":{"type":"Point","coordinates":[142.18655,-36.60798]}},{"type":"Feature","properties":{"roads":[{"name":"Rules East Road","cls":4,"brg":269.3},{"name":"Geodetic Road","cls":4,"brg":179.9}]},"geometry":{"type":"Point","coordinates":[142.16834,-36.60815]}},{"type":"Feature","properties":{"roads":[{"name":"Geodetic Road","cls":5,"brg":180},{"name":"O'Connors Road","cls":7,"brg":269.7}]},"geometry":{"type":"Point","coordinates":[142.16834,-36.60973]}},{"type":"Feature","properties":{"roads":[{"name":"Geodetic Road","cls":5,"brg":180},{"name":"Jenkinsons Road","cls":7,"brg":89.8}]},"geometry":{"type":"Point","coordinates":[142.16835,-36.6245]}},{"type":"Feature","properties":{"roads":[{"name":"Geodetic Road","cls":5,"brg":179.7},{"name":"Hobbs Road","cls":7,"brg":89.6}]},"geometry":{"type":"Point","coordinates":[142.16846,-36.63889]}},{"type":"Feature","properties":{"roads":[{"name":"Geodetic Road","cls":4,"brg":180.6},{"name":"Rules West Road","cls":4,"brg":269.3}]},"geometry":{"type":"Point","coordinates":[142.16831,-36.59514]}},{"type":"Feature","properties":{"roads":[{"name":"Rules West Road","cls":4,"brg":277.9},{"name":"Nine Mile Hotel Road","cls":7,"brg":321.6}]},"geometry":{"type":"Point","coordinates":[142.12649,-36.59543]}},{"type":"Feature","properties":{"roads":[{"name":"Rules West Road","cls":4,"brg":286.6},{"name":"Nine Mile Hotel Road","cls":7,"brg":8.1}]},"geometry":{"type":"Point","coordinates":[142.12552,-36.59519]}},{"type":"Feature","properties":{"roads":[{"name":"Western Highway","cls":1,"brg":359.6},{"name":"Rules West Road","cls":4,"brg":280.3}]},"geometry":{"type":"Point","coordinates":[142.12506,-36.59517]}},{"type":"Feature","properties":{"roads":[{"name":"Western Highway","cls":1,"brg":335.2},{"name":"Wail Nursery Road","cls":5,"brg":249.2}]},"geometry":{"type":"Point","coordinates":[142.10486,-36.51172]}},{"type":"Feature","properties":{"roads":[{"name":"Wail Nursery Road","cls":5,"brg":312.4},{"name":"Wail-Polkemmet Road","cls":5,"brg":216.3}]},"geometry":{"type":"Point","coordinates":[142.10278,-36.50924]}},{"type":"Feature","properties":{"roads":[{"name":"Wail Nursery Road","cls":5,"brg":294.6},{"name":"Post Office Lane","cls":6,"brg":25}]},"geometry":{"type":"Point","coordinates":[142.10074,-36.50841]}},{"type":"Feature","properties":{"roads":[{"name":"Wail Nursery Road","cls":5,"brg":294.8},{"name":"Ellen Street","cls":7,"brg":25.5}]},"geometry":{"type":"Point","coordinates":[142.09892,-36.50774]}},{"type":"Feature","properties":{"roads":[{"name":"Wail Nursery Road","cls":5,"brg":294.8},{"name":"Watson Street","cls":6,"brg":23.6}]},"geometry":{"type":"Point","coordinates":[142.09708,-36.50705]}},{"type":"Feature","properties":{"roads":[{"name":"Wail Nursery Road","cls":5,"brg":294.8},{"name":"Nursery Road","cls":7,"brg":343.9},{"name":"Boundary Track","cls":7,"brg":183.8}]},"geometry":{"type":"Point","coordinates":[142.09448,-36.5061]}},{"type":"Feature","properties":{"roads":[{"name":"Northern Grampians Road","cls":3,"brg":150.3},{"name":"Rosebrook Glenisla Road","cls":5,"brg":226.3}]},"geometry":{"type":"Point","coordinates":[142.34179,-37.04634]}},{"type":"Feature","properties":{"roads":[{"name":"Rosebrook Glenisla Road","cls":5,"brg":231.6},{"name":"Snells Road","cls":5,"brg":152.4}]},"geometry":{"type":"Point","coordinates":[142.33676,-37.05049]}},{"type":"Feature","properties":{"roads":[{"name":"Natimuk Road","cls":2,"brg":68.2},{"name":"Wimmera Highway","cls":2,"brg":70},{"name":"Curran Road","cls":5,"brg":169.1}]},"geometry":{"type":"Point","coordinates":[142.16896,-36.72565]}},{"type":"Feature","properties":{"roads":[{"name":"Wilson Street","cls":2,"brg":269.2},{"name":"Magee Court","cls":6,"brg":176.1}]},"geometry":{"type":"Point","coordinates":[142.19479,-36.71666]}},{"type":"Feature","properties":{"roads":[{"name":"B240","cls":2,"brg":36.4},{"name":"Wilson Street","cls":2,"brg":271.7},{"name":"Darlot Street","cls":6,"brg":336.3}]},"geometry":{"type":"Point","coordinates":[142.19702,-36.71668]}},{"type":"Feature","properties":{"roads":[{"name":"B240","cls":2,"brg":58.5},{"name":"Darlot Street","cls":6,"brg":350.9}]},"geometry":{"type":"Point","coordinates":[142.1971,-36.71655]}},{"type":"Feature","properties":{"roads":[{"name":"Laharum Road","cls":3,"brg":0.5},{"name":"Clynes Road","cls":5,"brg":270.5}]},"geometry":{"type":"Point","coordinates":[142.23047,-36.7824]}},{"type":"Feature","properties":{"roads":[{"name":"Clynes Road","cls":5,"brg":270.2},{"name":"Grahams Bridge Road","cls":5,"brg":180.2}]},"geometry":{"type":"Point","coordinates":[142.21229,-36.78227]}},{"type":"Feature","properties":{"roads":[{"name":"Hamilton Road","cls":1,"brg":10.6},{"name":"Henty Highway","cls":1,"brg":14.8},{"name":"Old Hamilton Road","cls":5,"brg":107.1}]},"geometry":{"type":"Point","coordinates":[142.2054,-36.73877]}},{"type":"Feature","properties":{"roads":[{"name":"McKenzie Creek Reserve Road","cls":5,"brg":270.7},{"name":"Old Hamilton Road","cls":5,"brg":174.5}]},"geometry":{"type":"Point","coordinates":[142.17995,-36.81005]}},{"type":"Feature","properties":{"roads":[{"name":"Henty Highway","cls":1,"brg":20.9},{"name":"McKenzie Creek Reserve Road","cls":5,"brg":269.5}]},"geometry":{"type":"Point","coordinates":[142.17367,-36.8101]}},{"type":"Feature","properties":{"roads":[{"name":"Northern Grampians Road","cls":3,"brg":208.4},{"name":"O'Sullivans Road","cls":7,"brg":269.4}]},"geometry":{"type":"Point","coordinates":[142.33781,-37.03804]}},{"type":"Feature","properties":{"roads":[{"name":"Northern Grampians Road","cls":3,"brg":125.5},{"name":"Samuel Drive","cls":5,"brg":35.2}]},"geometry":{"type":"Point","coordinates":[142.34906,-37.05347]}},{"type":"Feature","properties":{"roads":[{"name":"Northern Grampians Road","cls":3,"brg":113.2},{"name":"Carters Drive","cls":5,"brg":44.5}]},"geometry":{"type":"Point","coordinates":[142.35695,-37.05671]}},{"type":"Feature","properties":{"roads":[{"name":"Northern Grampians Road","cls":3,"brg":146.6},{"name":"Wartook Rise","cls":5,"brg":224.6}]},"geometry":{"type":"Point","coordinates":[142.36225,-37.0609]}},{"type":"Feature","properties":{"roads":[{"name":"Northern Grampians Road","cls":3,"brg":152.9},{"name":"Mount Victory Road","cls":3,"brg":145.5}]},"geometry":{"type":"Point","coordinates":[142.36492,-37.06487]}},{"type":"Feature","properties":{"roads":[{"name":"Brimpaen Laharum Road","cls":4,"brg":230.2},{"name":"Grimble Geue Road","cls":5,"brg":141.8}]},"geometry":{"type":"Point","coordinates":[142.31391,-37.01917]}},{"type":"Feature","properties":{"roads":[{"name":"Brimpaen Laharum Road","cls":4,"brg":228.3},{"name":"O'Sullivans Road","cls":7,"brg":284}]},"geometry":{"type":"Point","coordinates":[142.30643,-37.02821]}},{"type":"Feature","properties":{"roads":[{"name":"Brimpaen Laharum Road","cls":4,"brg":257.6},{"name":"Schmidts Road","cls":5,"brg":180.2},{"name":"Brimacombes Road","cls":5,"brg":0.1}]},"geometry":{"type":"Point","coordinates":[142.28435,-37.0341]}},{"type":"Feature","properties":{"roads":[{"name":"Baillie Street","cls":2,"brg":328.5},{"name":"Dooen Road","cls":2,"brg":45.3}]},"geometry":{"type":"Point","coordinates":[142.20553,-36.71159]}},{"type":"Feature","properties":{"roads":[{"name":"Hocking Street","cls":4,"brg":47.9},{"name":"Clark Street","cls":4,"brg":228.6},{"name":"O'Callaghans Parade","cls":4,"brg":318.7}]},"geometry":{"type":"Point","coordinates":[142.20355,-36.7219]}},{"type":"Feature","properties":{"roads":[{"name":"Hocking Street","cls":6,"brg":270.2},{"name":"Memorial Drive","cls":7,"brg":181.8}]},"geometry":{"type":"Point","coordinates":[142.203,-36.72202]}},{"type":"Feature","properties":{"roads":[{"name":"Hocking Street","cls":6,"brg":270},{"name":"Firebrace Street","cls":6,"brg":358.5}]},"geometry":{"type":"Point","coordinates":[142.19972,-36.72202]}},{"type":"Feature","properties":{"roads":[{"name":"Dixon Drive","cls":6,"brg":252},{"name":"Firebrace Street","cls":6,"brg":305.9}]},"geometry":{"type":"Point","coordinates":[142.19986,-36.72324]}},{"type":"Feature","properties":{"roads":[{"name":"Menadue Street","cls":6,"brg":65.4},{"name":"Hamilton Street","cls":6,"brg":89.8}]},"geometry":{"type":"Point","coordinates":[142.21038,-36.71779]}},{"type":"Feature","properties":{"roads":[{"name":"Menadue Street","cls":6,"brg":49.5},{"name":"Brigid Court","cls":6,"brg":323.6}]},"geometry":{"type":"Point","coordinates":[142.21193,-36.71634]}},{"type":"Feature","properties":{"roads":[{"name":"Menadue Street","cls":6,"brg":54.1},{"name":"Coughlin Court","cls":6,"brg":320.2}]},"geometry":{"type":"Point","coordinates":[142.2127,-36.7159]}},{"type":"Feature","properties":{"roads":[{"name":"Menadue Street","cls":6,"brg":34.3},{"name":"Gillespie Street","cls":6,"brg":122}]},"geometry":{"type":"Point","coordinates":[142.214,-36.71482]}},{"type":"Feature","properties":{"roads":[{"name":"Dimboola Road","cls":1,"brg":116},{"name":"Hazel Street","cls":6,"brg":27}]},"geometry":{"type":"Point","coordinates":[142.18989,-36.70738]}},{"type":"Feature","properties":{"roads":[{"name":"Hazel Street","cls":6,"brg":27},{"name":"Arnold Street","cls":6,"brg":285.7}]},"geometry":{"type":"Point","coordinates":[142.19011,-36.70704]}},{"type":"Feature","properties":{"roads":[{"name":"Arnold Street","cls":6,"brg":298.4},{"name":"Vermont Street","cls":6,"brg":180.5}]},"geometry":{"type":"Point","coordinates":[142.18827,-36.70634]}},{"type":"Feature","properties":{"roads":[{"name":"Arnold Street","cls":6,"brg":0.7},{"name":"Florence Street","cls":6,"brg":180.2}]},"geometry":{"type":"Point","coordinates":[142.18709,-36.7056]}},{"type":"Feature","properties":{"roads":[{"name":"Houston Street","cls":6,"brg":0.1},{"name":"Arnold Street","cls":6,"brg":292.2}]},"geometry":{"type":"Point","coordinates":[142.1895,-36.7068]}},{"type":"Feature","properties":{"roads":[{"name":"Houston Street","cls":6,"brg":0.1},{"name":"Edward Street","cls":6,"brg":89.5}]},"geometry":{"type":"Point","coordinates":[142.18951,-36.70464]}},{"type":"Feature","properties":{"roads":[{"name":"Houston Street","cls":6,"brg":353.6},{"name":"Wavell Street","cls":6,"brg":90.8},{"name":"De Castella Drive","cls":6,"brg":359.5}]},"geometry":{"type":"Point","coordinates":[142.18928,-36.70265]}},{"type":"Feature","properties":{"roads":[{"name":"Edward Street","cls":6,"brg":89.8},{"name":"Florence Street","cls":6,"brg":179.1}]},"geometry":{"type":"Point","coordinates":[142.1871,-36.70465]}},{"type":"Feature","properties":{"roads":[{"name":"Edward Street","cls":6,"brg":89.8},{"name":"Matthews Court","cls":6,"brg":166},{"name":"Vermont Street","cls":6,"brg":180.5}]},"geometry":{"type":"Point","coordinates":[142.18829,-36.70465]}},{"type":"Feature","properties":{"roads":[{"name":"Edward Street","cls":6,"brg":90.2},{"name":"Cecil Street","cls":6,"brg":359.7}]},"geometry":{"type":"Point","coordinates":[142.19081,-36.70464]}},{"type":"Feature","properties":{"roads":[{"name":"Clara Court","cls":6,"brg":89.2},{"name":"Florence Street","cls":6,"brg":179.6}]},"geometry":{"type":"Point","coordinates":[142.18703,-36.69937]}},{"type":"Feature","properties":{"roads":[{"name":"Riley Road","cls":4,"brg":269.5},{"name":"Flacks Road","cls":5,"brg":359.7},{"name":"Florence Street","cls":6,"brg":179.6}]},"geometry":{"type":"Point","coordinates":[142.18706,-36.69704]}},{"type":"Feature","properties":{"roads":[{"name":"Florence Street","cls":6,"brg":179.6},{"name":"Boyle Street","cls":6,"brg":267.2}]},"geometry":{"type":"Point","coordinates":[142.18704,-36.70036]}},{"type":"Feature","properties":{"roads":[{"name":"Florence Street","cls":6,"brg":179.6},{"name":"Wicklow Drive","cls":6,"brg":269.4}]},"geometry":{"type":"Point","coordinates":[142.18705,-36.70172]}},{"type":"Feature","properties":{"roads":[{"name":"Florence Street","cls":6,"brg":179.6},{"name":"Wavell Street","cls":6,"brg":89.9}]},"geometry":{"type":"Point","coordinates":[142.18706,-36.70265]}},{"type":"Feature","properties":{"roads":[{"name":"Errett Street","cls":6,"brg":179.9},{"name":"Wavell Street","cls":6,"brg":89.4}]},"geometry":{"type":"Point","coordinates":[142.19213,-36.70264]}},{"type":"Feature","properties":{"roads":[{"name":"Errett Street","cls":6,"brg":179.9},{"name":"Edward Street","cls":6,"brg":88.9}]},"geometry":{"type":"Point","coordinates":[142.19214,-36.70462]}},{"type":"Feature","properties":{"roads":[{"name":"Errett Street","cls":6,"brg":179.4},{"name":"Hazel Street","cls":6,"brg":88.7}]},"geometry":{"type":"Point","coordinates":[142.19216,-36.70657]}},{"type":"Feature","properties":{"roads":[{"name":"Lynott Street","cls":6,"brg":88.7},{"name":"Wawunna Road","cls":6,"brg":180.4}]},"geometry":{"type":"Point","coordinates":[142.19623,-36.70535]}},{"type":"Feature","properties":{"roads":[{"name":"Lynott Street","cls":6,"brg":88.7},{"name":"Francis Street","cls":6,"brg":359.4}]},"geometry":{"type":"Point","coordinates":[142.19759,-36.70532]}},{"type":"Feature","properties":{"roads":[{"name":"O'Connor Street","cls":1,"brg":210.6},{"name":"Dimboola Road","cls":1,"brg":300.8}]},"geometry":{"type":"Point","coordinates":[142.19166,-36.70828]}},{"type":"Feature","properties":{"roads":[{"name":"Burgess Street","cls":6,"brg":179.8},{"name":"O'Connor Street","cls":6,"brg":249.7}]},"geometry":{"type":"Point","coordinates":[142.18814,-36.7095]}},{"type":"Feature","properties":{"roads":[{"name":"Burgess Street","cls":6,"brg":179.8},{"name":"Baillie Street","cls":6,"brg":262}]},"geometry":{"type":"Point","coordinates":[142.18822,-36.71179]}},{"type":"Feature","properties":{"roads":[{"name":"High Street South","cls":6,"brg":179.5},{"name":"O'Connor Street","cls":6,"brg":269.4}]},"geometry":{"type":"Point","coordinates":[142.18646,-36.7098]}},{"type":"Feature","properties":{"roads":[{"name":"Edgar Street","cls":6,"brg":270.1},{"name":"Bennett Road","cls":6,"brg":180.5}]},"geometry":{"type":"Point","coordinates":[142.18726,-36.71368]}},{"type":"Feature","properties":{"roads":[{"name":"Edgar Street","cls":6,"brg":270.1},{"name":"Carter Street","cls":6,"brg":0.6}]},"geometry":{"type":"Point","coordinates":[142.18612,-36.71368]}},{"type":"Feature","properties":{"roads":[{"name":"Dougherty Street","cls":6,"brg":269.8},{"name":"Morson Street","cls":6,"brg":0.1}]},"geometry":{"type":"Point","coordinates":[142.18519,-36.71308]}},{"type":"Feature","properties":{"roads":[{"name":"Dougherty Street","cls":6,"brg":251},{"name":"Churchill Road","cls":6,"brg":161.1}]},"geometry":{"type":"Point","coordinates":[142.18287,-36.71333]}},{"type":"Feature","properties":{"roads":[{"name":"Carter Street","cls":6,"brg":0.6},{"name":"Schwarz Avenue","cls":6,"brg":90}]},"geometry":{"type":"Point","coordinates":[142.18609,-36.7156]}},{"type":"Feature","properties":{"roads":[{"name":"Carter Street","cls":6,"brg":358.4},{"name":"Dougherty Street","cls":6,"brg":270.3}]},"geometry":{"type":"Point","coordinates":[142.1861,-36.71308]}},{"type":"Feature","properties":{"roads":[{"name":"Baillie Street","cls":6,"brg":68.7},{"name":"Hillary Street","cls":6,"brg":343.9}]},"geometry":{"type":"Point","coordinates":[142.17914,-36.71254]}},{"type":"Feature","properties":{"roads":[{"name":"Baillie Street","cls":6,"brg":68.7},{"name":"Ritchie Court","cls":6,"brg":339.5}]},"geometry":{"type":"Point","coordinates":[142.18026,-36.71219]}},{"type":"Feature","properties":{"roads":[{"name":"Bodey Court","cls":6,"brg":161.9},{"name":"Baillie Street","cls":6,"brg":69}]},"geometry":{"type":"Point","coordinates":[142.18122,-36.71189]}},{"type":"Feature","properties":{"roads":[{"name":"Churchill Road","cls":6,"brg":179.9},{"name":"Baillie Street","cls":6,"brg":90.4}]},"geometry":{"type":"Point","coordinates":[142.18257,-36.71177]}},{"type":"Feature","properties":{"roads":[{"name":"Churchill Road","cls":6,"brg":167.1},{"name":"Berry Court","cls":6,"brg":69.9}]},"geometry":{"type":"Point","coordinates":[142.18329,-36.71416]}},{"type":"Feature","properties":{"roads":[{"name":"Churchill Road","cls":6,"brg":172.4},{"name":"McIntyre Street","cls":6,"brg":261.5}]},"geometry":{"type":"Point","coordinates":[142.18336,-36.71454]}},{"type":"Feature","properties":{"roads":[{"name":"Churchill Road","cls":6,"brg":143},{"name":"Schwarz Avenue","cls":6,"brg":64.1}]},"geometry":{"type":"Point","coordinates":[142.18414,-36.71572]}},{"type":"Feature","properties":{"roads":[{"name":"Churchill Road","cls":6,"brg":180.9},{"name":"Elizabeth Street","cls":6,"brg":86.8}]},"geometry":{"type":"Point","coordinates":[142.18421,-36.71644]}},{"type":"Feature","properties":{"roads":[{"name":"Pearl Street","cls":6,"brg":309.4},{"name":"Barnett Place","cls":7,"brg":287.5}]},"geometry":{"type":"Point","coordinates":[142.18318,-36.71761]}},{"type":"Feature","properties":{"roads":[{"name":"Schwarz Avenue","cls":6,"brg":90.4},{"name":"Bennett Road","cls":6,"brg":180.1}]},"geometry":{"type":"Point","coordinates":[142.18726,-36.71561]}},{"type":"Feature","properties":{"roads":[{"name":"Buckley Street","cls":6,"brg":90},{"name":"Morson Street","cls":6,"brg":0.1}]},"geometry":{"type":"Point","coordinates":[142.18518,-36.71481]}},{"type":"Feature","properties":{"roads":[{"name":"O'Callaghans Parade","cls":4,"brg":136.2},{"name":"Firebrace Street","cls":4,"brg":226.5},{"name":"Sloss Street","cls":6,"brg":62.2}]},"geometry":{"type":"Point","coordinates":[142.20116,-36.71972]}},{"type":"Feature","properties":{"roads":[{"name":"Asses Ears Road","cls":5,"brg":108.4},{"name":"Rosebrook-Glenisla Road","cls":5,"brg":72.9},{"name":"Schmidts Road","cls":5,"brg":201.5}]},"geometry":{"type":"Point","coordinates":[142.28387,-37.09205]}},{"type":"Feature","properties":{"roads":[{"name":"Western Highway","cls":1,"brg":303.5},{"name":"One Tree Road","cls":5,"brg":4}]},"geometry":{"type":"Point","coordinates":[142.26713,-36.77062]}},{"type":"Feature","properties":{"roads":[{"name":"Western Highway","cls":1,"brg":303.7},{"name":"Peuckers Road","cls":5,"brg":214.4}]},"geometry":{"type":"Point","coordinates":[142.26124,-36.76743]}},{"type":"Feature","properties":{"roads":[{"name":"Western Highway","cls":1,"brg":303.8},{"name":"Burnt Creek Drive","cls":5,"brg":213.6}]},"geometry":{"type":"Point","coordinates":[142.24364,-36.7578]}},{"type":"Feature","properties":{"roads":[{"name":"Western Highway","cls":1,"brg":303.7},{"name":"Weighbridge","cls":7,"brg":133.7}]},"geometry":{"type":"Point","coordinates":[142.24112,-36.75645]}},{"type":"Feature","properties":{"roads":[{"name":"Western Highway","cls":1,"brg":303.7},{"name":"Weighbridge","cls":7,"brg":114.9}]},"geometry":{"type":"Point","coordinates":[142.23774,-36.75465]}},{"type":"Feature","properties":{"roads":[{"name":"Western Highway","cls":1,"brg":304.1},{"name":"Laharum Road","cls":3,"brg":14.1}]},"geometry":{"type":"Point","coordinates":[142.23064,-36.75083]}},{"type":"Feature","properties":{"roads":[{"name":"Horsham-Lubeck Road","cls":3,"brg":296.8},{"name":"Drung-Jung Road","cls":4,"brg":285.7}]},"geometry":{"type":"Point","coordinates":[142.31981,-36.72402]}},{"type":"Feature","properties":{"roads":[{"name":"Horsham-Lubeck Road","cls":3,"brg":270},{"name":"East Road","cls":5,"brg":0.3}]},"geometry":{"type":"Point","coordinates":[142.30369,-36.72389]}},{"type":"Feature","properties":{"roads":[{"name":"Horsham-Lubeck Road","cls":3,"brg":270.2},{"name":"School Road","cls":4,"brg":0.1}]},"geometry":{"type":"Point","coordinates":[142.28543,-36.72384]}},{"type":"Feature","properties":{"roads":[{"name":"Horsham-Lubeck Road","cls":3,"brg":270.2},{"name":"West Road","cls":5,"brg":181.1},{"name":"Rokeskys Road","cls":5,"brg":180}]},"geometry":{"type":"Point","coordinates":[142.26721,-36.72379]}},{"type":"Feature","properties":{"roads":[{"name":"Horsham-Lubeck Road","cls":3,"brg":270},{"name":"Riverside East Road","cls":6,"brg":0.2}]},"geometry":{"type":"Point","coordinates":[142.249,-36.72375]}},{"type":"Feature","properties":{"roads":[{"name":"Horsham-Lubeck Road","cls":3,"brg":176.3},{"name":"Drung-Jung Road","cls":4,"brg":9.5}]},"geometry":{"type":"Point","coordinates":[142.32189,-36.72664]}},{"type":"Feature","properties":{"roads":[{"name":"Williams Road","cls":3,"brg":230.1},{"name":"Horsham-Lubeck Road","cls":3,"brg":243.1}]},"geometry":{"type":"Point","coordinates":[142.22503,-36.72413]}},{"type":"Feature","properties":{"roads":[{"name":"Williams Road","cls":3,"brg":219},{"name":"Cameron Road","cls":5,"brg":348.2}]},"geometry":{"type":"Point","coordinates":[142.22369,-36.72522]}},{"type":"Feature","properties":{"roads":[{"name":"Williams Road","cls":3,"brg":270.3},{"name":"Weldon Power Court","cls":6,"brg":186.5}]},"geometry":{"type":"Point","coordinates":[142.2207,-36.72623]}},{"type":"Feature","properties":{"roads":[{"name":"Horsham - Noradjuha Road","cls":3,"brg":67.6},{"name":"Natimuk - Hamilton Road","cls":3,"brg":359.2},{"name":"Natimuk-Hamilton Road","cls":3,"brg":1}]},"geometry":{"type":"Point","coordinates":[141.96405,-36.8378]}},{"type":"Feature","properties":{"roads":[{"name":"Horsham - Noradjuha Road","cls":3,"brg":66.5},{"name":"Ansons Road","cls":5,"brg":337.4}]},"geometry":{"type":"Point","coordinates":[141.96916,-36.83607]}},{"type":"Feature","properties":{"roads":[{"name":"Horsham - Noradjuha Road","cls":3,"brg":66.9},{"name":"Quick Sinclair Russells Road","cls":5,"brg":161.3}]},"geometry":{"type":"Point","coordinates":[142.00557,-36.82365]}},{"type":"Feature","properties":{"roads":[{"name":"Horsham - Noradjuha Road","cls":3,"brg":53.6},{"name":"Darragan Pit Road","cls":5,"brg":314.5}]},"geometry":{"type":"Point","coordinates":[142.04437,-36.80801]}},{"type":"Feature","properties":{"roads":[{"name":"Horsham - Noradjuha Road","cls":3,"brg":53.4},{"name":"Plush Hannans Road","cls":5,"brg":143.8}]},"geometry":{"type":"Point","coordinates":[142.06343,-36.79667]}},{"type":"Feature","properties":{"roads":[{"name":"Natimuk - Hamilton Road","cls":3,"brg":204.4},{"name":"Wonwondah - Toolondo Road","cls":4,"brg":271.2}]},"geometry":{"type":"Point","coordinates":[141.934,-36.99277]}},{"type":"Feature","properties":{"roads":[{"name":"Natimuk - Hamilton Road","cls":3,"brg":180.9},{"name":"Officer Station Road","cls":5,"brg":91.5}]},"geometry":{"type":"Point","coordinates":[141.92422,-37.02222]}},{"type":"Feature","properties":{"roads":[{"name":"Natimuk - Hamilton Road","cls":3,"brg":177.7},{"name":"Rich Millers Road","cls":5,"brg":278.5}]},"geometry":{"type":"Point","coordinates":[141.92478,-37.03665]}},{"type":"Feature","properties":{"roads":[{"name":"Wombelano Road","cls":3,"brg":288.2},{"name":"Natimuk - Hamilton Road","cls":3,"brg":188.3}]},"geometry":{"type":"Point","coordinates":[141.84382,-37.13857]}},{"type":"Feature","properties":{"roads":[{"name":"Wombelano Road","cls":3,"brg":300.1},{"name":"Lyon Road","cls":7,"brg":28.9}]},"geometry":{"type":"Point","coordinates":[141.83028,-37.13328]}},{"type":"Feature","properties":{"roads":[{"name":"Wombelano Road","cls":3,"brg":320.3},{"name":"Robertsons Road","cls":7,"brg":57}]},"geometry":{"type":"Point","coordinates":[141.80983,-37.12241]}},{"type":"Feature","properties":{"roads":[{"name":"Wombelano Road","cls":3,"brg":318.8},{"name":"Wades Road","cls":5,"brg":51.6}]},"geometry":{"type":"Point","coordinates":[141.80741,-37.12012]}},{"type":"Feature","properties":{"roads":[{"name":"Wombelano Road","cls":3,"brg":319.1},{"name":"Elliotts Road","cls":5,"brg":242.5}]},"geometry":{"type":"Point","coordinates":[141.80217,-37.1153]}},{"type":"Feature","properties":{"roads":[{"name":"Wombelano Road","cls":3,"brg":325.1},{"name":"Harrow - Kanagulk Road","cls":4,"brg":54}]},"geometry":{"type":"Point","coordinates":[141.77424,-37.09399]}},{"type":"Feature","properties":{"roads":[{"name":"Wombelano Road","cls":3,"brg":319.7},{"name":"Elliotts Back Lane","cls":5,"brg":6.7},{"name":"Mckechnies Road","cls":5,"brg":7.2}]},"geometry":{"type":"Point","coordinates":[141.77357,-37.09336]}},{"type":"Feature","properties":{"roads":[{"name":"Pimpinio Tip Road","cls":5,"brg":89.3},{"name":"Verandah Swamp Road","cls":7,"brg":34.8}]},"geometry":{"type":"Point","coordinates":[142.12577,-36.58247]}},{"type":"Feature","properties":{"roads":[{"name":"Fisher Street","cls":6,"brg":1.5},{"name":"Station Street","cls":7,"brg":269.8}]},"geometry":{"type":"Point","coordinates":[142.11503,-36.58771]}},{"type":"Feature","properties":{"roads":[{"name":"Fisher Street","cls":6,"brg":58.2},{"name":"Pimpinio School Road","cls":6,"brg":327.4}]},"geometry":{"type":"Point","coordinates":[142.11711,-36.58579]}},{"type":"Feature","properties":{"roads":[{"name":"Western Highway","cls":1,"brg":327.8},{"name":"Station Street","cls":6,"brg":235.5}]},"geometry":{"type":"Point","coordinates":[142.11991,-36.58686]}},{"type":"Feature","properties":{"roads":[{"name":"Station Street","cls":6,"brg":242.5},{"name":"Pimpinio School Road","cls":6,"brg":327.4}]},"geometry":{"type":"Point","coordinates":[142.11853,-36.58757]}},{"type":"Feature","properties":{"roads":[{"name":"Banyena Road","cls":5,"brg":238.3},{"name":"Verandah Swamp Road","cls":7,"brg":268.8}]},"geometry":{"type":"Point","coordinates":[142.12526,-36.56875]}},{"type":"Feature","properties":{"roads":[{"name":"Dooen Slant Road","cls":5,"brg":328.9},{"name":"Dooen School Road","cls":5,"brg":270.1}]},"geometry":{"type":"Point","coordinates":[142.23567,-36.63862]}},{"type":"Feature","properties":{"roads":[{"name":"Dooen Slant Road","cls":5,"brg":327},{"name":"Jenkinsons Road","cls":5,"brg":265.7},{"name":"Chapmans Road","cls":7,"brg":269.7}]},"geometry":{"type":"Point","coordinates":[142.22342,-36.6243]}},{"type":"Feature","properties":{"roads":[{"name":"Dooen Slant Road","cls":5,"brg":346.2},{"name":"Kelly Road","cls":7,"brg":214.9}]},"geometry":{"type":"Point","coordinates":[142.22276,-36.62208]}},{"type":"Feature","properties":{"roads":[{"name":"Dooen Slant Road","cls":5,"brg":311},{"name":"Flacks Road","cls":7,"brg":179.9}]},"geometry":{"type":"Point","coordinates":[142.18656,-36.57424]}},{"type":"Feature","properties":{"roads":[{"name":"Dooen Slant Road","cls":5,"brg":346.8},{"name":"Sleaters Channel Track","cls":7,"brg":65}]},"geometry":{"type":"Point","coordinates":[142.1805,-36.56841]}},{"type":"Feature","properties":{"roads":[{"name":"Dooen Slant Road","cls":5,"brg":317.1},{"name":"Banyena Road","cls":5,"brg":269.8}]},"geometry":{"type":"Point","coordinates":[142.17511,-36.56285]}},{"type":"Feature","properties":{"roads":[{"name":"Dooen Slant Road","cls":5,"brg":316.9},{"name":"Geodetic Road","cls":5,"brg":179.7}]},"geometry":{"type":"Point","coordinates":[142.16836,-36.55704]}},{"type":"Feature","properties":{"roads":[{"name":"Dooen Slant Road","cls":5,"brg":317.4},{"name":"Lawsons Road","cls":7,"brg":87.3}]},"geometry":{"type":"Point","coordinates":[142.1573,-36.54719]}},{"type":"Feature","properties":{"roads":[{"name":"Dooen Slant Road","cls":5,"brg":317.4},{"name":"Wail East School Road","cls":7,"brg":359.9}]},"geometry":{"type":"Point","coordinates":[142.15519,-36.54535]}},{"type":"Feature","properties":{"roads":[{"name":"Dooen Slant Road","cls":5,"brg":316.4},{"name":"Reynolds Road","cls":5,"brg":279.9},{"name":"Riggs Road","cls":7,"brg":89.7}]},"geometry":{"type":"Point","coordinates":[142.13575,-36.52817]}},{"type":"Feature","properties":{"roads":[{"name":"Dooen Slant Road","cls":5,"brg":302.4},{"name":"Robins Road","cls":7,"brg":28.7}]},"geometry":{"type":"Point","coordinates":[142.11818,-36.51118]}},{"type":"Feature","properties":{"roads":[{"name":"Dooen School Road","cls":5,"brg":269.5},{"name":"Dooen North Road","cls":7,"brg":179.8}]},"geometry":{"type":"Point","coordinates":[142.24146,-36.63863]}},{"type":"Feature","properties":{"roads":[{"name":"Western Highway","cls":1,"brg":324.7},{"name":"Obrees Road","cls":4,"brg":246.5}]},"geometry":{"type":"Point","coordinates":[142.16908,-36.69697]}},{"type":"Feature","properties":{"roads":[{"name":"Western Highway","cls":1,"brg":337.8},{"name":"Three Mile Road","cls":5,"brg":267.2}]},"geometry":{"type":"Point","coordinates":[142.16143,-36.68251]}},{"type":"Feature","properties":{"roads":[{"name":"Western Highway","cls":1,"brg":338.3},{"name":"Polkemmet Road","cls":4,"brg":255.7},{"name":"Moores Road","cls":5,"brg":249.3}]},"geometry":{"type":"Point","coordinates":[142.15724,-36.67417]}},{"type":"Feature","properties":{"roads":[{"name":"Western Highway","cls":1,"brg":338.8},{"name":"Pelchen Avenue","cls":7,"brg":89.8}]},"geometry":{"type":"Point","coordinates":[142.14673,-36.65352]}},{"type":"Feature","properties":{"roads":[{"name":"Western Highway","cls":1,"brg":338.3},{"name":"Dahlen Quarry Road","cls":5,"brg":89.5}]},"geometry":{"type":"Point","coordinates":[142.13939,-36.63903]}},{"type":"Feature","properties":{"roads":[{"name":"Western Highway","cls":1,"brg":337.2},{"name":"Reinheimers Road","cls":5,"brg":89.7}]},"geometry":{"type":"Point","coordinates":[142.13207,-36.62467]}},{"type":"Feature","properties":{"roads":[{"name":"Western Highway","cls":1,"brg":359.3},{"name":"Drendels Road","cls":5,"brg":89.7},{"name":"O'Connors Road","cls":7,"brg":266.7}]},"geometry":{"type":"Point","coordinates":[142.12517,-36.60991]}},{"type":"Feature","properties":{"roads":[{"name":"Western Highway","cls":1,"brg":335.9},{"name":"West Wail Road","cls":5,"brg":89.3},{"name":"Pimpinio Tip Road","cls":5,"brg":88}]},"geometry":{"type":"Point","coordinates":[142.11676,-36.58259]}},{"type":"Feature","properties":{"roads":[{"name":"Western Highway","cls":1,"brg":359.1},{"name":"Banyena Road","cls":5,"brg":269.9},{"name":"Bartletts Road","cls":5,"brg":89.5}]},"geometry":{"type":"Point","coordinates":[142.116,-36.56895]}},{"type":"Feature","properties":{"roads":[{"name":"Western Highway","cls":1,"brg":358.8},{"name":"Slaughterhouse Lane","cls":7,"brg":262.4}]},"geometry":{"type":"Point","coordinates":[142.11563,-36.55388]}},{"type":"Feature","properties":{"roads":[{"name":"Western Highway","cls":1,"brg":355.2},{"name":"Barbers Road","cls":7,"brg":269.6}]},"geometry":{"type":"Point","coordinates":[142.11466,-36.53903]}},{"type":"Feature","properties":{"roads":[{"name":"Western Highway","cls":1,"brg":355.5},{"name":"Riggs Road","cls":7,"brg":89.6}]},"geometry":{"type":"Point","coordinates":[142.11358,-36.52827]}},{"type":"Feature","properties":{"roads":[{"name":"Dimboola Road","cls":1,"brg":300.3},{"name":"High Street North","cls":6,"brg":204.3}]},"geometry":{"type":"Point","coordinates":[142.1868,-36.70605]}},{"type":"Feature","properties":{"roads":[{"name":"High Street North","cls":6,"brg":184.6},{"name":"Colin Street","cls":6,"brg":95}]},"geometry":{"type":"Point","coordinates":[142.18657,-36.70761]}},{"type":"Feature","properties":{"roads":[{"name":"High Street North","cls":6,"brg":203.6},{"name":"Remlaw Road","cls":6,"brg":39.9},{"name":"Remlaw Bus Loop","cls":7,"brg":188.9}]},"geometry":{"type":"Point","coordinates":[142.18646,-36.70891]}},{"type":"Feature","properties":{"roads":[{"name":"Dimboola Road","cls":1,"brg":299},{"name":"Baillie Street","cls":1,"brg":292.8}]},"geometry":{"type":"Point","coordinates":[142.19874,-36.71172]}},{"type":"Feature","properties":{"roads":[{"name":"Bolton Street","cls":6,"brg":90.1},{"name":"Clark Street","cls":6,"brg":359.3}]},"geometry":{"type":"Point","coordinates":[142.20364,-36.72084]}},{"type":"Feature","properties":{"roads":[{"name":"Tydeman Street","cls":6,"brg":246.3},{"name":"Bennett Road","cls":6,"brg":180.4}]},"geometry":{"type":"Point","coordinates":[142.18724,-36.72398]}},{"type":"Feature","properties":{"roads":[{"name":"Tydeman Street","cls":6,"brg":243.9},{"name":"Valentine Avenue","cls":6,"brg":178.3}]},"geometry":{"type":"Point","coordinates":[142.18602,-36.72443]}},{"type":"Feature","properties":{"roads":[{"name":"Tydeman Street","cls":6,"brg":244.6},{"name":"Kalimna Avenue","cls":6,"brg":350.1}]},"geometry":{"type":"Point","coordinates":[142.18348,-36.7254]}},{"type":"Feature","properties":{"roads":[{"name":"Landy Street","cls":6,"brg":269.8},{"name":"Wotonga Drive","cls":6,"brg":359.1}]},"geometry":{"type":"Point","coordinates":[142.19499,-36.72339]}},{"type":"Feature","properties":{"roads":[{"name":"Landy Street","cls":6,"brg":269.8},{"name":"Gardenia Court","cls":6,"brg":182.9},{"name":"Gardenia Street","cls":6,"brg":180.5}]},"geometry":{"type":"Point","coordinates":[142.19291,-36.7234]}},{"type":"Feature","properties":{"roads":[{"name":"Landy Street","cls":6,"brg":269.6},{"name":"Rose Street","cls":6,"brg":359.5}]},"geometry":{"type":"Point","coordinates":[142.19154,-36.72341]}},{"type":"Feature","properties":{"roads":[{"name":"Landy Street","cls":6,"brg":269.5},{"name":"Iris Street","cls":6,"brg":179.7}]},"geometry":{"type":"Point","coordinates":[142.19048,-36.72342]}},{"type":"Feature","properties":{"roads":[{"name":"Landy Street","cls":6,"brg":269.9},{"name":"Jackson Street","cls":6,"brg":0.5}]},"geometry":{"type":"Point","coordinates":[142.18947,-36.72342]}},{"type":"Feature","properties":{"roads":[{"name":"Landy Street","cls":6,"brg":270.3},{"name":"Olympic Street","cls":6,"brg":180.4}]},"geometry":{"type":"Point","coordinates":[142.18841,-36.72341]}},{"type":"Feature","properties":{"roads":[{"name":"Landy Street","cls":6,"brg":269.3},{"name":"Bennett Road","cls":6,"brg":180.5}]},"geometry":{"type":"Point","coordinates":[142.18725,-36.72342]}},{"type":"Feature","properties":{"roads":[{"name":"Federation Avenue","cls":6,"brg":274.6},{"name":"Kalimna Avenue","cls":6,"brg":3.6}]},"geometry":{"type":"Point","coordinates":[142.18266,-36.72177]}},{"type":"Feature","properties":{"roads":[{"name":"Federation Avenue","cls":6,"brg":245.9},{"name":"Drummond Street","cls":6,"brg":180.3}]},"geometry":{"type":"Point","coordinates":[142.17805,-36.72341]}},{"type":"Feature","properties":{"roads":[{"name":"Dawson Court","cls":6,"brg":274.3},{"name":"Windsor Crescent","cls":6,"brg":3.5}]},"geometry":{"type":"Point","coordinates":[142.17709,-36.72527]}},{"type":"Feature","properties":{"roads":[{"name":"McDowell Court","cls":6,"brg":326.4},{"name":"Federation Avenue","cls":6,"brg":236.5}]},"geometry":{"type":"Point","coordinates":[142.17607,-36.72431]}},{"type":"Feature","properties":{"roads":[{"name":"Barnes Boulevard","cls":6,"brg":250.7},{"name":"Guest Court","cls":6,"brg":326.9}]},"geometry":{"type":"Point","coordinates":[142.1709,-36.72589]}},{"type":"Feature","properties":{"roads":[{"name":"Barnes Boulevard","cls":6,"brg":234.4},{"name":"Brooke Court","cls":6,"brg":319.1}]},"geometry":{"type":"Point","coordinates":[142.16996,-36.7267]}},{"type":"Feature","properties":{"roads":[{"name":"Barnes Boulevard","cls":6,"brg":179.8},{"name":"Conn Court","cls":6,"brg":90.3}]},"geometry":{"type":"Point","coordinates":[142.16964,-36.72744]}},{"type":"Feature","properties":{"roads":[{"name":"Barnes Boulevard","cls":6,"brg":180.7},{"name":"Lawson Close","cls":6,"brg":88.7}]},"geometry":{"type":"Point","coordinates":[142.16963,-36.72841]}},{"type":"Feature","properties":{"roads":[{"name":"Hartigan Court","cls":6,"brg":335.6},{"name":"Mintern Crescent","cls":6,"brg":243.3}]},"geometry":{"type":"Point","coordinates":[142.17351,-36.72726]}},{"type":"Feature","properties":{"roads":[{"name":"Clark Street","cls":4,"brg":228.6},{"name":"O'Callaghans Parade","cls":4,"brg":137}]},"geometry":{"type":"Point","coordinates":[142.2036,-36.72181]}},{"type":"Feature","properties":{"roads":[{"name":"Clark Street","cls":6,"brg":359.3},{"name":"Voigt Lane","cls":7,"brg":90.1}]},"geometry":{"type":"Point","coordinates":[142.20365,-36.72143]}},{"type":"Feature","properties":{"roads":[{"name":"Madden Street","cls":6,"brg":358.9},{"name":"Eastgate Drive","cls":6,"brg":86.8},{"name":"Baker Street","cls":6,"brg":270.3}]},"geometry":{"type":"Point","coordinates":[142.19852,-36.72053]}},{"type":"Feature","properties":{"roads":[{"name":"Madden Street","cls":6,"brg":358.9},{"name":"Rushbrook Close","cls":6,"brg":261.9}]},"geometry":{"type":"Point","coordinates":[142.19851,-36.72011]}},{"type":"Feature","properties":{"roads":[{"name":"Natimuk Road","cls":2,"brg":245.1},{"name":"Brooks Avenue","cls":6,"brg":163.3}]},"geometry":{"type":"Point","coordinates":[142.18989,-36.71774]}},{"type":"Feature","properties":{"roads":[{"name":"Windsor Crescent","cls":6,"brg":98},{"name":"Mintern Crescent","cls":6,"brg":194.5}]},"geometry":{"type":"Point","coordinates":[142.17442,-36.72658]}},{"type":"Feature","properties":{"roads":[{"name":"Windsor Crescent","cls":6,"brg":69.6},{"name":"Fulton Avenue","cls":6,"brg":333.8}]},"geometry":{"type":"Point","coordinates":[142.17559,-36.7265]}},{"type":"Feature","properties":{"roads":[{"name":"Wotonga Drive","cls":6,"brg":359.1},{"name":"Eastgate Drive","cls":6,"brg":75.6},{"name":"Barnes Boulevard","cls":6,"brg":71.4}]},"geometry":{"type":"Point","coordinates":[142.19501,-36.7244]}},{"type":"Feature","properties":{"roads":[{"name":"Wotonga Drive","cls":6,"brg":357.9},{"name":"Brierwood Court","cls":6,"brg":268.7}]},"geometry":{"type":"Point","coordinates":[142.19494,-36.72188]}},{"type":"Feature","properties":{"roads":[{"name":"Wotonga Drive","cls":6,"brg":275.7},{"name":"Selkirk Drive","cls":6,"brg":0.6}]},"geometry":{"type":"Point","coordinates":[142.19396,-36.7211]}},{"type":"Feature","properties":{"roads":[{"name":"Wotonga Drive","cls":6,"brg":268.9},{"name":"Gardenia Street","cls":6,"brg":181.2}]},"geometry":{"type":"Point","coordinates":[142.19289,-36.72112]}},{"type":"Feature","properties":{"roads":[{"name":"Mintern Crescent","cls":6,"brg":272.6},{"name":"Lawson Close","cls":6,"brg":60.6},{"name":"Ashes Court","cls":6,"brg":324.3}]},"geometry":{"type":"Point","coordinates":[142.17177,-36.72791]}},{"type":"Feature","properties":{"roads":[{"name":"Penny Avenue","cls":6,"brg":65},{"name":"Drummond Street","cls":6,"brg":184.5}]},"geometry":{"type":"Point","coordinates":[142.17804,-36.72581]}},{"type":"Feature","properties":{"roads":[{"name":"Penny Avenue","cls":6,"brg":65},{"name":"Farrar Avenue","cls":6,"brg":329.7}]},"geometry":{"type":"Point","coordinates":[142.18172,-36.72444]}},{"type":"Feature","properties":{"roads":[{"name":"Obrees Road","cls":4,"brg":273.2},{"name":"Curran Road","cls":5,"brg":179.5}]},"geometry":{"type":"Point","coordinates":[142.16869,-36.69705]}},{"type":"Feature","properties":{"roads":[{"name":"Obrees Road","cls":4,"brg":269.7},{"name":"Keatings Road","cls":5,"brg":179.7}]},"geometry":{"type":"Point","coordinates":[142.13511,-36.69718]}},{"type":"Feature","properties":{"roads":[{"name":"Obrees Road","cls":4,"brg":269.7},{"name":"Remlaw Station Road","cls":5,"brg":359.8}]},"geometry":{"type":"Point","coordinates":[142.11707,-36.69725]}},{"type":"Feature","properties":{"roads":[{"name":"Obrees Road","cls":4,"brg":270.2},{"name":"Walshs Road","cls":7,"brg":180.6}]},"geometry":{"type":"Point","coordinates":[142.09898,-36.6973]}},{"type":"Feature","properties":{"roads":[{"name":"Obrees Road","cls":4,"brg":269.6},{"name":"Lindners Road","cls":5,"brg":359.8}]},"geometry":{"type":"Point","coordinates":[142.08094,-36.69742]}},{"type":"Feature","properties":{"roads":[{"name":"Obrees Road","cls":4,"brg":269.3},{"name":"Vectis Station Road","cls":5,"brg":179.8}]},"geometry":{"type":"Point","coordinates":[142.06287,-36.69748]}},{"type":"Feature","properties":{"roads":[{"name":"Obrees Road","cls":4,"brg":270.6},{"name":"Quantong Cemetery Road","cls":4,"brg":0.1}]},"geometry":{"type":"Point","coordinates":[142.04482,-36.6975]}},{"type":"Feature","properties":{"roads":[{"name":"Obrees Road","cls":4,"brg":269.7},{"name":"Quantong-Polkemmet Road","cls":5,"brg":165}]},"geometry":{"type":"Point","coordinates":[142.01103,-36.69764]}},{"type":"Feature","properties":{"roads":[{"name":"Fechler Avenue","cls":6,"brg":65.2},{"name":"Kalimna Avenue","cls":6,"brg":352.4}]},"geometry":{"type":"Point","coordinates":[142.18321,-36.724]}},{"type":"Feature","properties":{"roads":[{"name":"Fechler Avenue","cls":6,"brg":65.2},{"name":"Valentine Avenue","cls":6,"brg":176.1}]},"geometry":{"type":"Point","coordinates":[142.18601,-36.72296]}},{"type":"Feature","properties":{"roads":[{"name":"Acacia Street","cls":6,"brg":89.8},{"name":"Brooks Avenue","cls":6,"brg":178.6}]},"geometry":{"type":"Point","coordinates":[142.18995,-36.71864]}},{"type":"Feature","properties":{"roads":[{"name":"Acacia Street","cls":6,"brg":89.8},{"name":"Rose Street","cls":6,"brg":359.8}]},"geometry":{"type":"Point","coordinates":[142.19154,-36.71863]}},{"type":"Feature","properties":{"roads":[{"name":"Wattle Street","cls":6,"brg":89.8},{"name":"Iris Street","cls":6,"brg":179.9}]},"geometry":{"type":"Point","coordinates":[142.19046,-36.72061]}},{"type":"Feature","properties":{"roads":[{"name":"Wattle Street","cls":6,"brg":89.8},{"name":"Rose Street","cls":6,"brg":359.8}]},"geometry":{"type":"Point","coordinates":[142.19155,-36.72061]}},{"type":"Feature","properties":{"roads":[{"name":"Wattle Street","cls":6,"brg":90.3},{"name":"Gardenia Street","cls":6,"brg":179.9}]},"geometry":{"type":"Point","coordinates":[142.19291,-36.72062]}},{"type":"Feature","properties":{"roads":[{"name":"Laurel Street","cls":6,"brg":90.7},{"name":"Bennett Road","cls":6,"brg":179.4}]},"geometry":{"type":"Point","coordinates":[142.18726,-36.72199]}},{"type":"Feature","properties":{"roads":[{"name":"Laurel Street","cls":6,"brg":90.7},{"name":"Olympic Street","cls":6,"brg":179.6}]},"geometry":{"type":"Point","coordinates":[142.18842,-36.722]}},{"type":"Feature","properties":{"roads":[{"name":"Laurel Street","cls":6,"brg":89.3},{"name":"Jackson Street","cls":6,"brg":0.1}]},"geometry":{"type":"Point","coordinates":[142.18948,-36.72199]}},{"type":"Feature","properties":{"roads":[{"name":"Laurel Street","cls":6,"brg":90.1},{"name":"Iris Street","cls":6,"brg":179.9}]},"geometry":{"type":"Point","coordinates":[142.19047,-36.72199]}},{"type":"Feature","properties":{"roads":[{"name":"Laurel Street","cls":6,"brg":89.4},{"name":"Rose Street","cls":6,"brg":0.6}]},"geometry":{"type":"Point","coordinates":[142.19156,-36.72198]}},{"type":"Feature","properties":{"roads":[{"name":"Laurel Street","cls":6,"brg":90.7},{"name":"Gardenia Street","cls":6,"brg":168.5}]},"geometry":{"type":"Point","coordinates":[142.19293,-36.72199]}},{"type":"Feature","properties":{"roads":[{"name":"Curran Road","cls":5,"brg":179.5},{"name":"Remlaw Road","cls":5,"brg":89.8}]},"geometry":{"type":"Point","coordinates":[142.16886,-36.71342]}},{"type":"Feature","properties":{"roads":[{"name":"Valentine Avenue","cls":6,"brg":174.3},{"name":"Wilmoth Avenue","cls":6,"brg":240.8}]},"geometry":{"type":"Point","coordinates":[142.18597,-36.7205]}},{"type":"Feature","properties":{"roads":[{"name":"Valentine Avenue","cls":6,"brg":182.1},{"name":"Tena Avenue","cls":6,"brg":63.2}]},"geometry":{"type":"Point","coordinates":[142.18593,-36.72165]}},{"type":"Feature","properties":{"roads":[{"name":"Dollar Avenue","cls":6,"brg":250},{"name":"Kalimna Avenue","cls":6,"brg":7.7}]},"geometry":{"type":"Point","coordinates":[142.18253,-36.72303]}},{"type":"Feature","properties":{"roads":[{"name":"Dollar Avenue","cls":6,"brg":250},{"name":"Farrar Avenue","cls":6,"brg":333.1}]},"geometry":{"type":"Point","coordinates":[142.18114,-36.72344]}},{"type":"Feature","properties":{"roads":[{"name":"Dollar Avenue","cls":6,"brg":243.6},{"name":"Drummond Street","cls":6,"brg":179.8}]},"geometry":{"type":"Point","coordinates":[142.17809,-36.72465]}},{"type":"Feature","properties":{"roads":[{"name":"Farrar Avenue","cls":6,"brg":346.7},{"name":"Barnes Boulevard","cls":6,"brg":75}]},"geometry":{"type":"Point","coordinates":[142.18167,-36.72692]}},{"type":"Feature","properties":{"roads":[{"name":"Rose Street","cls":6,"brg":359.5},{"name":"Barnes Boulevard","cls":6,"brg":100.7}]},"geometry":{"type":"Point","coordinates":[142.19156,-36.72497]}},{"type":"Feature","properties":{"roads":[{"name":"Natimuk Road","cls":2,"brg":245.2},{"name":"Rose Street","cls":6,"brg":336.5}]},"geometry":{"type":"Point","coordinates":[142.19127,-36.71732]}},{"type":"Feature","properties":{"roads":[{"name":"Natimuk Road","cls":2,"brg":246.9},{"name":"Hillary Street","cls":6,"brg":334}]},"geometry":{"type":"Point","coordinates":[142.18255,-36.72051]}},{"type":"Feature","properties":{"roads":[{"name":"Hillary Street","cls":6,"brg":330.8},{"name":"Natimuk Road Service Lane","cls":6,"brg":65.1}]},"geometry":{"type":"Point","coordinates":[142.18233,-36.72024]}},{"type":"Feature","properties":{"roads":[{"name":"Remlaw Road","cls":7,"brg":269.9},{"name":"Walshs Road","cls":7,"brg":180}]},"geometry":{"type":"Point","coordinates":[142.09909,-36.71367]}},{"type":"Feature","properties":{"roads":[{"name":"Natimuk Road","cls":2,"brg":63.6},{"name":"Drummond Street","cls":6,"brg":157.5}]},"geometry":{"type":"Point","coordinates":[142.178,-36.72217]}},{"type":"Feature","properties":{"roads":[{"name":"McIntyre Street","cls":6,"brg":195.4},{"name":"Macdonald Court","cls":6,"brg":114.4}]},"geometry":{"type":"Point","coordinates":[142.1818,-36.71573]}},{"type":"Feature","properties":{"roads":[{"name":"McIntyre Street","cls":6,"brg":244.2},{"name":"Hillary Street","cls":6,"brg":336.1}]},"geometry":{"type":"Point","coordinates":[142.18032,-36.71667]}},{"type":"Feature","properties":{"roads":[{"name":"Tena Avenue","cls":6,"brg":94.2},{"name":"Kalimna Avenue","cls":6,"brg":6.7}]},"geometry":{"type":"Point","coordinates":[142.18258,-36.72266]}},{"type":"Feature","properties":{"roads":[{"name":"Jackson Street","cls":6,"brg":0.5},{"name":"Barnes Boulevard","cls":6,"brg":89.4}]},"geometry":{"type":"Point","coordinates":[142.18946,-36.7248]}},{"type":"Feature","properties":{"roads":[{"name":"Olympic Street","cls":6,"brg":179.6},{"name":"Ivy Street","cls":6,"brg":269}]},"geometry":{"type":"Point","coordinates":[142.18841,-36.72019]}},{"type":"Feature","properties":{"roads":[{"name":"Olympic Street","cls":6,"brg":179.9},{"name":"Barnes Boulevard","cls":6,"brg":72.5}]},"geometry":{"type":"Point","coordinates":[142.18841,-36.72492]}},{"type":"Feature","properties":{"roads":[{"name":"Selkirk Drive","cls":6,"brg":26.5},{"name":"Spry Court","cls":6,"brg":120.5}]},"geometry":{"type":"Point","coordinates":[142.19419,-36.72021]}},{"type":"Feature","properties":{"roads":[{"name":"Selkirk Drive","cls":6,"brg":350.7},{"name":"Lilac Street","cls":6,"brg":240.1}]},"geometry":{"type":"Point","coordinates":[142.19441,-36.71951]}},{"type":"Feature","properties":{"roads":[{"name":"Selkirk Drive","cls":6,"brg":314.6},{"name":"Lilac Street","cls":6,"brg":57.4}]},"geometry":{"type":"Point","coordinates":[142.19433,-36.71942]}},{"type":"Feature","properties":{"roads":[{"name":"Finlayson Court","cls":6,"brg":348},{"name":"Barnes Boulevard","cls":6,"brg":69.8}]},"geometry":{"type":"Point","coordinates":[142.18045,-36.72718]}},{"type":"Feature","properties":{"roads":[{"name":"Wilmoth Avenue","cls":6,"brg":269.9},{"name":"Bennett Road","cls":6,"brg":179.4}]},"geometry":{"type":"Point","coordinates":[142.18724,-36.72043]}},{"type":"Feature","properties":{"roads":[{"name":"Kooyong Street","cls":6,"brg":335.7},{"name":"Natimuk Road Service Lane","cls":6,"brg":65.4}]},"geometry":{"type":"Point","coordinates":[142.17989,-36.72114]}},{"type":"Feature","properties":{"roads":[{"name":"Kooyong Street","cls":6,"brg":335.7},{"name":"Derimal Street","cls":6,"brg":65.1}]},"geometry":{"type":"Point","coordinates":[142.17939,-36.72024]}},{"type":"Feature","properties":{"roads":[{"name":"Kooyong Street","cls":6,"brg":335.5},{"name":"Mathoura Street","cls":6,"brg":65.7}]},"geometry":{"type":"Point","coordinates":[142.17891,-36.7194]}},{"type":"Feature","properties":{"roads":[{"name":"Kirwood Street","cls":6,"brg":244.7},{"name":"Hillary Street","cls":6,"brg":336.1}]},"geometry":{"type":"Point","coordinates":[142.18081,-36.71756]}},{"type":"Feature","properties":{"roads":[{"name":"Mathoura Street","cls":6,"brg":63.9},{"name":"Banool Street","cls":6,"brg":335}]},"geometry":{"type":"Point","coordinates":[142.1767,-36.7202]}},{"type":"Feature","properties":{"roads":[{"name":"Mathoura Street","cls":6,"brg":64.9},{"name":"Hillary Street","cls":6,"brg":335.5}]},"geometry":{"type":"Point","coordinates":[142.18136,-36.71848]}},{"type":"Feature","properties":{"roads":[{"name":"Rogers Street","cls":6,"brg":72.1},{"name":"Hillary Street","cls":6,"brg":342.5}]},"geometry":{"type":"Point","coordinates":[142.17955,-36.71403]}},{"type":"Feature","properties":{"roads":[{"name":"Rogers Street","cls":6,"brg":72.1},{"name":"Karingal Crescent","cls":6,"brg":343.6}]},"geometry":{"type":"Point","coordinates":[142.18066,-36.71374]}},{"type":"Feature","properties":{"roads":[{"name":"Natimuk Road Service Lane","cls":6,"brg":64.4},{"name":"Banool Street","cls":6,"brg":335.3}]},"geometry":{"type":"Point","coordinates":[142.17765,-36.72196]}},{"type":"Feature","properties":{"roads":[{"name":"Derimal Street","cls":6,"brg":65.1},{"name":"Banool Street","cls":6,"brg":335.8}]},"geometry":{"type":"Point","coordinates":[142.1772,-36.72106]}},{"type":"Feature","properties":{"roads":[{"name":"Derimal Street","cls":6,"brg":65.6},{"name":"Hillary Street","cls":6,"brg":335.7}]},"geometry":{"type":"Point","coordinates":[142.18185,-36.71934]}},{"type":"Feature","properties":{"roads":[{"name":"Karingal Crescent","cls":6,"brg":65.5},{"name":"Hillary Street","cls":6,"brg":333.5}]},"geometry":{"type":"Point","coordinates":[142.17984,-36.71582]}},{"type":"Feature","properties":{"roads":[{"name":"Millar Street","cls":6,"brg":269.8},{"name":"Wawunna Road","cls":6,"brg":0.7}]},"geometry":{"type":"Point","coordinates":[142.19623,-36.70819]}},{"type":"Feature","properties":{"roads":[{"name":"Millar Street","cls":1,"brg":210.5},{"name":"Dimboola Road","cls":1,"brg":121}]},"geometry":{"type":"Point","coordinates":[142.19277,-36.70871]}},{"type":"Feature","properties":{"roads":[{"name":"Olga Avenue","cls":6,"brg":90},{"name":"Sunnyside Avenue","cls":6,"brg":269.4},{"name":"Cathcart Street","cls":6,"brg":0.2}]},"geometry":{"type":"Point","coordinates":[142.21214,-36.70983]}},{"type":"Feature","properties":{"roads":[{"name":"Olga Avenue","cls":6,"brg":68.9},{"name":"Culliver Street","cls":6,"brg":50.2}]},"geometry":{"type":"Point","coordinates":[142.21407,-36.70984]}},{"type":"Feature","properties":{"roads":[{"name":"Lewis Street","cls":6,"brg":89.4},{"name":"Tucker Street","cls":6,"brg":44.6}]},"geometry":{"type":"Point","coordinates":[142.21186,-36.70803]}},{"type":"Feature","properties":{"roads":[{"name":"Dooen Road","cls":2,"brg":44.5},{"name":"Carroll Street","cls":6,"brg":136.4}]},"geometry":{"type":"Point","coordinates":[142.21162,-36.70659]}},{"type":"Feature","properties":{"roads":[{"name":"Carroll Street","cls":6,"brg":90.4},{"name":"Tucker Street","cls":6,"brg":44.9}]},"geometry":{"type":"Point","coordinates":[142.21313,-36.70702]}},{"type":"Feature","properties":{"roads":[{"name":"Carroll Street","cls":6,"brg":181.5},{"name":"Lewis Street","cls":6,"brg":89.5}]},"geometry":{"type":"Point","coordinates":[142.21344,-36.70802]}},{"type":"Feature","properties":{"roads":[{"name":"Tucker Street","cls":6,"brg":1.3},{"name":"Sunnyside Avenue","cls":6,"brg":269.4}]},"geometry":{"type":"Point","coordinates":[142.2101,-36.70977]}},{"type":"Feature","properties":{"roads":[{"name":"Tucker Street","cls":6,"brg":44.8},{"name":"Johnson Street","cls":6,"brg":85.8}]},"geometry":{"type":"Point","coordinates":[142.2108,-36.7089]}},{"type":"Feature","properties":{"roads":[{"name":"Tucker Street","cls":6,"brg":44.3},{"name":"Johnson Street","cls":6,"brg":172.1}]},"geometry":{"type":"Point","coordinates":[142.2111,-36.70865]}},{"type":"Feature","properties":{"roads":[{"name":"Tucker Street","cls":6,"brg":44.7},{"name":"Lewis Street","cls":6,"brg":187.3}]},"geometry":{"type":"Point","coordinates":[142.21217,-36.70779]}},{"type":"Feature","properties":{"roads":[{"name":"Lawrence Street","cls":6,"brg":90},{"name":"Culliver Street","cls":6,"brg":27.6}]},"geometry":{"type":"Point","coordinates":[142.21441,-36.70754]}},{"type":"Feature","properties":{"roads":[{"name":"Lawrence Street","cls":6,"brg":90},{"name":"Webster Street","cls":6,"brg":359.5}]},"geometry":{"type":"Point","coordinates":[142.2165,-36.70755]}},{"type":"Feature","properties":{"roads":[{"name":"Robinson Street","cls":6,"brg":359.7},{"name":"McBryde Street","cls":6,"brg":41.7}]},"geometry":{"type":"Point","coordinates":[142.20739,-36.71938]}},{"type":"Feature","properties":{"roads":[{"name":"Robinson Street","cls":6,"brg":359.7},{"name":"Hamilton Street","cls":6,"brg":89.8}]},"geometry":{"type":"Point","coordinates":[142.20738,-36.7178]}},{"type":"Feature","properties":{"roads":[{"name":"Robinson Street","cls":6,"brg":359.7},{"name":"Hopkins Drive","cls":6,"brg":89.1}]},"geometry":{"type":"Point","coordinates":[142.20737,-36.71638]}},{"type":"Feature","properties":{"roads":[{"name":"Robinson Street","cls":6,"brg":359.7},{"name":"Cook Street","cls":6,"brg":92.5}]},"geometry":{"type":"Point","coordinates":[142.20737,-36.71578]}},{"type":"Feature","properties":{"roads":[{"name":"Robinson Street","cls":6,"brg":359.7},{"name":"Bowen Street","cls":6,"brg":89.4}]},"geometry":{"type":"Point","coordinates":[142.20736,-36.71488]}},{"type":"Feature","properties":{"roads":[{"name":"Robinson Street","cls":6,"brg":359.7},{"name":"Arnott Street","cls":6,"brg":87.4},{"name":"Evelyn Brand Court","cls":6,"brg":268.9}]},"geometry":{"type":"Point","coordinates":[142.20735,-36.71405]}},{"type":"Feature","properties":{"roads":[{"name":"Carr Street","cls":6,"brg":360},{"name":"Gillespie Street","cls":6,"brg":87.6}]},"geometry":{"type":"Point","coordinates":[142.2136,-36.71466]}},{"type":"Feature","properties":{"roads":[{"name":"Carr Street","cls":6,"brg":360},{"name":"Rennison Street","cls":6,"brg":269.9}]},"geometry":{"type":"Point","coordinates":[142.2136,-36.71258]}},{"type":"Feature","properties":{"roads":[{"name":"Dooen Road","cls":2,"brg":45.3},{"name":"Sunnyside Avenue","cls":6,"brg":317.8}]},"geometry":{"type":"Point","coordinates":[142.20846,-36.70916]}},{"type":"Feature","properties":{"roads":[{"name":"Dooen Road","cls":2,"brg":44.1},{"name":"Searle Street","cls":6,"brg":319}]},"geometry":{"type":"Point","coordinates":[142.20804,-36.7095]}},{"type":"Feature","properties":{"roads":[{"name":"Searle Street","cls":6,"brg":271.9},{"name":"Caroline Street","cls":6,"brg":42.5}]},"geometry":{"type":"Point","coordinates":[142.20778,-36.70937]}},{"type":"Feature","properties":{"roads":[{"name":"Searle Street","cls":6,"brg":269.6},{"name":"McPherson Street","cls":6,"brg":359.8}]},"geometry":{"type":"Point","coordinates":[142.20487,-36.70936]}},{"type":"Feature","properties":{"roads":[{"name":"Urquhart Street","cls":3,"brg":0.9},{"name":"Searle Street","cls":6,"brg":269.3},{"name":"Henry Street","cls":6,"brg":270.1}]},"geometry":{"type":"Point","coordinates":[142.20226,-36.70939]}},{"type":"Feature","properties":{"roads":[{"name":"Glancy Street","cls":6,"brg":0.8},{"name":"Gillespie Street","cls":6,"brg":89.4}]},"geometry":{"type":"Point","coordinates":[142.2126,-36.71469]}},{"type":"Feature","properties":{"roads":[{"name":"Glancy Street","cls":6,"brg":0.8},{"name":"Rennison Street","cls":6,"brg":269.9}]},"geometry":{"type":"Point","coordinates":[142.21263,-36.71258]}},{"type":"Feature","properties":{"roads":[{"name":"Knowles Street","cls":6,"brg":180.2},{"name":"Pryors Road","cls":6,"brg":90.4}]},"geometry":{"type":"Point","coordinates":[142.21763,-36.70435]}},{"type":"Feature","properties":{"roads":[{"name":"Knowles Street","cls":6,"brg":184.1},{"name":"Royal Court","cls":6,"brg":92}]},"geometry":{"type":"Point","coordinates":[142.21751,-36.7057]}},{"type":"Feature","properties":{"roads":[{"name":"Knowles Street","cls":6,"brg":180.9},{"name":"Regal Court","cls":6,"brg":90}]},"geometry":{"type":"Point","coordinates":[142.21749,-36.70657]}},{"type":"Feature","properties":{"roads":[{"name":"Knowles Street","cls":6,"brg":270.2},{"name":"Webster Street","cls":6,"brg":359.5}]},"geometry":{"type":"Point","coordinates":[142.21649,-36.70699]}},{"type":"Feature","properties":{"roads":[{"name":"McPherson Street","cls":1,"brg":359.5},{"name":"Smith Street","cls":6,"brg":89.3}]},"geometry":{"type":"Point","coordinates":[142.20489,-36.71343]}},{"type":"Feature","properties":{"roads":[{"name":"Smith Street","cls":6,"brg":89.3},{"name":"Appleton Court","cls":7,"brg":179.4}]},"geometry":{"type":"Point","coordinates":[142.20568,-36.71343]}},{"type":"Feature","properties":{"roads":[{"name":"Smith Street","cls":6,"brg":89.6},{"name":"Robinson Street","cls":6,"brg":359.7},{"name":"O'Brien Lane","cls":7,"brg":269.7}]},"geometry":{"type":"Point","coordinates":[142.20735,-36.71342]}},{"type":"Feature","properties":{"roads":[{"name":"Wettenhall Street","cls":6,"brg":180.6},{"name":"Arnott Street","cls":6,"brg":89.5}]},"geometry":{"type":"Point","coordinates":[142.21,-36.71391]}},{"type":"Feature","properties":{"roads":[{"name":"Wettenhall Street","cls":6,"brg":180.6},{"name":"Gillespie Street","cls":6,"brg":90.9}]},"geometry":{"type":"Point","coordinates":[142.20999,-36.71471]}},{"type":"Feature","properties":{"roads":[{"name":"Johnson Street","cls":6,"brg":90.1},{"name":"Cathcart Street","cls":6,"brg":359.8}]},"geometry":{"type":"Point","coordinates":[142.21213,-36.70889]}},{"type":"Feature","properties":{"roads":[{"name":"Johnson Street","cls":6,"brg":89.4},{"name":"Culliver Street","cls":6,"brg":360}]},"geometry":{"type":"Point","coordinates":[142.21414,-36.70887]}},{"type":"Feature","properties":{"roads":[{"name":"Palk Street","cls":6,"brg":89.7},{"name":"Caroline Street","cls":6,"brg":359.9}]},"geometry":{"type":"Point","coordinates":[142.20802,-36.70803]}},{"type":"Feature","properties":{"roads":[{"name":"Dooen Road","cls":2,"brg":44.7},{"name":"Palk Street","cls":6,"brg":115.3}]},"geometry":{"type":"Point","coordinates":[142.2098,-36.70808]}},{"type":"Feature","properties":{"roads":[{"name":"Railway Avenue","cls":6,"brg":89.9},{"name":"Wawunna Road","cls":6,"brg":351.4}]},"geometry":{"type":"Point","coordinates":[142.19624,-36.70788]}},{"type":"Feature","properties":{"roads":[{"name":"Railway Avenue","cls":6,"brg":89.9},{"name":"David Street","cls":6,"brg":0.1}]},"geometry":{"type":"Point","coordinates":[142.19849,-36.70791]}},{"type":"Feature","properties":{"roads":[{"name":"Harriett Street","cls":6,"brg":269.5},{"name":"Caroline Street","cls":6,"brg":0.7}]},"geometry":{"type":"Point","coordinates":[142.20803,-36.70866]}},{"type":"Feature","properties":{"roads":[{"name":"Harriett Street","cls":6,"brg":269.5},{"name":"McPherson Street","cls":6,"brg":1.1}]},"geometry":{"type":"Point","coordinates":[142.20488,-36.70868]}},{"type":"Feature","properties":{"roads":[{"name":"Urquhart Street","cls":3,"brg":180.7},{"name":"Harriett Street","cls":6,"brg":270},{"name":"John Street","cls":6,"brg":267.6}]},"geometry":{"type":"Point","coordinates":[142.20232,-36.7087]}},{"type":"Feature","properties":{"roads":[{"name":"Philip Street","cls":6,"brg":244.4},{"name":"Churchill Road","cls":6,"brg":158.5}]},"geometry":{"type":"Point","coordinates":[142.18445,-36.71823]}},{"type":"Feature","properties":{"roads":[{"name":"Philip Street","cls":6,"brg":335.8},{"name":"Mathoura Street","cls":6,"brg":61}]},"geometry":{"type":"Point","coordinates":[142.18237,-36.71803]}},{"type":"Feature","properties":{"roads":[{"name":"Philip Street","cls":6,"brg":335.2},{"name":"Elizabeth Street","cls":6,"brg":61.5}]},"geometry":{"type":"Point","coordinates":[142.18179,-36.71702]}},{"type":"Feature","properties":{"roads":[{"name":"May Park Terrace","cls":1,"brg":178.3},{"name":"Dimboola Road","cls":1,"brg":119.4},{"name":"Wawunna Road","cls":6,"brg":359.6}]},"geometry":{"type":"Point","coordinates":[142.19625,-36.71034]}},{"type":"Feature","properties":{"roads":[{"name":"Wawunna Road","cls":6,"brg":359.5},{"name":"Henry Street","cls":6,"brg":269.7}]},"geometry":{"type":"Point","coordinates":[142.19624,-36.70973]}},{"type":"Feature","properties":{"roads":[{"name":"Wawunna Road","cls":6,"brg":358.8},{"name":"John Street","cls":6,"brg":271.8}]},"geometry":{"type":"Point","coordinates":[142.19622,-36.70876]}},{"type":"Feature","properties":{"roads":[{"name":"Rennison Street","cls":6,"brg":269.9},{"name":"Margaret Street","cls":6,"brg":0.1}]},"geometry":{"type":"Point","coordinates":[142.21321,-36.71258]}},{"type":"Feature","properties":{"roads":[{"name":"Baillie Street","cls":4,"brg":89.8},{"name":"Charles Street","cls":6,"brg":359.3}]},"geometry":{"type":"Point","coordinates":[142.21192,-36.71168]}},{"type":"Feature","properties":{"roads":[{"name":"Charles Street","cls":6,"brg":20.8},{"name":"George Street","cls":6,"brg":290.4},{"name":"Cathcart Street","cls":6,"brg":25.2}]},"geometry":{"type":"Point","coordinates":[142.21199,-36.71073]}},{"type":"Feature","properties":{"roads":[{"name":"Read Street","cls":6,"brg":0.1},{"name":"Arnott Street","cls":6,"brg":89.8}]},"geometry":{"type":"Point","coordinates":[142.21043,-36.71391]}},{"type":"Feature","properties":{"roads":[{"name":"Read Street","cls":6,"brg":0.1},{"name":"Rennison Street","cls":6,"brg":269.9}]},"geometry":{"type":"Point","coordinates":[142.21043,-36.71258]}},{"type":"Feature","properties":{"roads":[{"name":"Centenary Avenue","cls":6,"brg":89.6},{"name":"Bennett Road","cls":6,"brg":178.2}]},"geometry":{"type":"Point","coordinates":[142.18726,-36.71929]}},{"type":"Feature","properties":{"roads":[{"name":"McPherson Street","cls":1,"brg":359.5},{"name":"Bowen Street","cls":6,"brg":89.4}]},"geometry":{"type":"Point","coordinates":[142.20491,-36.7149]}},{"type":"Feature","properties":{"roads":[{"name":"Urquhart Street","cls":3,"brg":359.6},{"name":"Andrew Street","cls":6,"brg":90},{"name":"Bowden Street","cls":6,"brg":89.7}]},"geometry":{"type":"Point","coordinates":[142.20224,-36.71057]}},{"type":"Feature","properties":{"roads":[{"name":"Murray Street","cls":6,"brg":341.2},{"name":"Remlaw Road","cls":6,"brg":70.2}]},"geometry":{"type":"Point","coordinates":[142.1852,-36.70935]}},{"type":"Feature","properties":{"roads":[{"name":"Murray Street","cls":6,"brg":4.1},{"name":"Colin Street","cls":6,"brg":92.8}]},"geometry":{"type":"Point","coordinates":[142.18506,-36.70751]}},{"type":"Feature","properties":{"roads":[{"name":"Murray Street","cls":6,"brg":299.4},{"name":"Jenkinson Avenue","cls":6,"brg":183.9}]},"geometry":{"type":"Point","coordinates":[142.18429,-36.70566]}},{"type":"Feature","properties":{"roads":[{"name":"Pioneer Court","cls":6,"brg":179.8},{"name":"Stewart Street","cls":6,"brg":179.4},{"name":"Wavell Street","cls":6,"brg":89.4}]},"geometry":{"type":"Point","coordinates":[142.19348,-36.70263]}},{"type":"Feature","properties":{"roads":[{"name":"Howard Street","cls":6,"brg":90},{"name":"Alexander Avenue","cls":6,"brg":179.3}]},"geometry":{"type":"Point","coordinates":[142.19891,-36.70025]}},{"type":"Feature","properties":{"roads":[{"name":"Kalkee Road","cls":3,"brg":195.5},{"name":"Howard Street","cls":6,"brg":90}]},"geometry":{"type":"Point","coordinates":[142.20126,-36.70025]}},{"type":"Feature","properties":{"roads":[{"name":"Colin Street","cls":6,"brg":92.8},{"name":"Jenkinson Avenue","cls":6,"brg":184.8}]},"geometry":{"type":"Point","coordinates":[142.18412,-36.70747]}},{"type":"Feature","properties":{"roads":[{"name":"Pryors Road","cls":5,"brg":91},{"name":"Cameron Road","cls":6,"brg":179.5}]},"geometry":{"type":"Point","coordinates":[142.22349,-36.70432]}},{"type":"Feature","properties":{"roads":[{"name":"Alexander Avenue","cls":6,"brg":180},{"name":"Paterson Street","cls":6,"brg":89.7}]},"geometry":{"type":"Point","coordinates":[142.1989,-36.69936]}},{"type":"Feature","properties":{"roads":[{"name":"Alexander Avenue","cls":6,"brg":179.7},{"name":"Wavell Street","cls":6,"brg":89.3}]},"geometry":{"type":"Point","coordinates":[142.19893,-36.70262]}},{"type":"Feature","properties":{"roads":[{"name":"Cecil Street","cls":6,"brg":359.9},{"name":"Hazel Street","cls":6,"brg":72.3}]},"geometry":{"type":"Point","coordinates":[142.19082,-36.70657]}},{"type":"Feature","properties":{"roads":[{"name":"Pepper Tree Lane","cls":6,"brg":0.9},{"name":"Pryors Road","cls":6,"brg":90.3}]},"geometry":{"type":"Point","coordinates":[142.21986,-36.70436]}},{"type":"Feature","properties":{"roads":[{"name":"Pepper Tree Lane","cls":6,"brg":0.1},{"name":"Willow Court","cls":6,"brg":273.2}]},"geometry":{"type":"Point","coordinates":[142.21986,-36.70356]}},{"type":"Feature","properties":{"roads":[{"name":"Pepper Tree Lane","cls":6,"brg":0.1},{"name":"Clover Court","cls":6,"brg":270.5}]},"geometry":{"type":"Point","coordinates":[142.21986,-36.7028]}},{"type":"Feature","properties":{"roads":[{"name":"Dooen Road","cls":2,"brg":45.5},{"name":"Pepper Tree Lane","cls":6,"brg":314.9}]},"geometry":{"type":"Point","coordinates":[142.21976,-36.69999]}},{"type":"Feature","properties":{"roads":[{"name":"Paterson Street","cls":6,"brg":117.3},{"name":"Wawunna Road","cls":6,"brg":194.8}]},"geometry":{"type":"Point","coordinates":[142.19634,-36.69925]}},{"type":"Feature","properties":{"roads":[{"name":"Paterson Street","cls":6,"brg":89.9},{"name":"Francis Street","cls":6,"brg":358.1}]},"geometry":{"type":"Point","coordinates":[142.19783,-36.69937]}},{"type":"Feature","properties":{"roads":[{"name":"Frederick Street","cls":6,"brg":0.1},{"name":"Hazel Street","cls":6,"brg":90.8}]},"geometry":{"type":"Point","coordinates":[142.19489,-36.70658]}},{"type":"Feature","properties":{"roads":[{"name":"Frederick Street","cls":6,"brg":0.1},{"name":"Edward Street","cls":6,"brg":90.1}]},"geometry":{"type":"Point","coordinates":[142.1949,-36.70463]}},{"type":"Feature","properties":{"roads":[{"name":"Frederick Street","cls":6,"brg":359.5},{"name":"Wavell Street","cls":6,"brg":89.6}]},"geometry":{"type":"Point","coordinates":[142.19488,-36.70262]}},{"type":"Feature","properties":{"roads":[{"name":"Frederick Street","cls":6,"brg":359.7},{"name":"Mills Avenue","cls":6,"brg":270.1}]},"geometry":{"type":"Point","coordinates":[142.19488,-36.70064]}},{"type":"Feature","properties":{"roads":[{"name":"Albert Street","cls":6,"brg":0.1},{"name":"Mill Street","cls":6,"brg":92}]},"geometry":{"type":"Point","coordinates":[142.20509,-36.70659]}},{"type":"Feature","properties":{"roads":[{"name":"Albert Street","cls":6,"brg":0.1},{"name":"Anderson Street","cls":6,"brg":89.6}]},"geometry":{"type":"Point","coordinates":[142.20509,-36.70601]}},{"type":"Feature","properties":{"roads":[{"name":"Albert Street","cls":6,"brg":359.6},{"name":"Lynott Street","cls":6,"brg":90.4}]},"geometry":{"type":"Point","coordinates":[142.20508,-36.70534]}},{"type":"Feature","properties":{"roads":[{"name":"Francis Street","cls":6,"brg":359.4},{"name":"Wavell Street","cls":6,"brg":89.2}]},"geometry":{"type":"Point","coordinates":[142.19756,-36.70261]}},{"type":"Feature","properties":{"roads":[{"name":"Francis Street","cls":6,"brg":17},{"name":"Guy Court","cls":6,"brg":292}]},"geometry":{"type":"Point","coordinates":[142.1977,-36.70039]}},{"type":"Feature","properties":{"roads":[{"name":"Riley Road","cls":4,"brg":270.5},{"name":"Wawunna Road","cls":6,"brg":179.9}]},"geometry":{"type":"Point","coordinates":[142.19614,-36.69698]}},{"type":"Feature","properties":{"roads":[{"name":"Rasmussen Road","cls":4,"brg":89.5},{"name":"Bleakley Street","cls":6,"brg":14.4}]},"geometry":{"type":"Point","coordinates":[142.2038,-36.69695]}},{"type":"Feature","properties":{"roads":[{"name":"Dimboola Road","cls":1,"brg":301.2},{"name":"Jenkinson Avenue","cls":6,"brg":227.1}]},"geometry":{"type":"Point","coordinates":[142.18449,-36.70493]}},{"type":"Feature","properties":{"roads":[{"name":"Jenkinson Avenue","cls":6,"brg":158.7},{"name":"Remlaw Road","cls":6,"brg":69.6}]},"geometry":{"type":"Point","coordinates":[142.184,-36.70971]}},{"type":"Feature","properties":{"roads":[{"name":"Geodetic Road","cls":5,"brg":179.2},{"name":"Lauries Drive","cls":7,"brg":90}]},"geometry":{"type":"Point","coordinates":[142.16859,-36.67065]}},{"type":"Feature","properties":{"roads":[{"name":"Lauries Drive","cls":7,"brg":271.9},{"name":"Harpers Way","cls":7,"brg":2.4}]},"geometry":{"type":"Point","coordinates":[142.1704,-36.67074]}},{"type":"Feature","properties":{"roads":[{"name":"Gatehouse Road","cls":5,"brg":89.8},{"name":"Geodetic Road","cls":5,"brg":179.6}]},"geometry":{"type":"Point","coordinates":[142.16868,-36.68249]}},{"type":"Feature","properties":{"roads":[{"name":"Gatehouse Road","cls":5,"brg":89.8},{"name":"Flacks Road","cls":5,"brg":359.7}]},"geometry":{"type":"Point","coordinates":[142.18693,-36.68243]}},{"type":"Feature","properties":{"roads":[{"name":"Geodetic Road","cls":5,"brg":179.4},{"name":"Harpers Way","cls":7,"brg":89.5}]},"geometry":{"type":"Point","coordinates":[142.1686,-36.67125]}},{"type":"Feature","properties":{"roads":[{"name":"Moores Road","cls":5,"brg":269.9},{"name":"Geodetic Road","cls":5,"brg":180.8}]},"geometry":{"type":"Point","coordinates":[142.16859,-36.67161]}},{"type":"Feature","properties":{"roads":[{"name":"Moores Road","cls":5,"brg":194.7},{"name":"Railway Service Track","cls":7,"brg":342.3}]},"geometry":{"type":"Point","coordinates":[142.1565,-36.67183]}},{"type":"Feature","properties":{"roads":[{"name":"Moores Road","cls":5,"brg":218.1},{"name":"Railway Service Track","cls":7,"brg":329.2}]},"geometry":{"type":"Point","coordinates":[142.15756,-36.67407]}},{"type":"Feature","properties":{"roads":[{"name":"Aerodrome Road","cls":5,"brg":89.9},{"name":"Flacks Road","cls":5,"brg":359.7}]},"geometry":{"type":"Point","coordinates":[142.18684,-36.6679]}},{"type":"Feature","properties":{"roads":[{"name":"Aerodrome Road","cls":5,"brg":89.4},{"name":"Dooen South Road","cls":5,"brg":359.5}]},"geometry":{"type":"Point","coordinates":[142.22334,-36.66769]}},{"type":"Feature","properties":{"roads":[{"name":"Henty Highway","cls":2,"brg":29.1},{"name":"Aerodrome Road","cls":5,"brg":108}]},"geometry":{"type":"Point","coordinates":[142.24555,-36.66773]}},{"type":"Feature","properties":{"roads":[{"name":"Williams Road","cls":3,"brg":270.7},{"name":"Sanderson Street","cls":6,"brg":359.1}]},"geometry":{"type":"Point","coordinates":[142.20742,-36.72609]}},{"type":"Feature","properties":{"roads":[{"name":"Sanderson Street","cls":6,"brg":359.1},{"name":"Hughes Street","cls":6,"brg":270.6}]},"geometry":{"type":"Point","coordinates":[142.2074,-36.72505]}},{"type":"Feature","properties":{"roads":[{"name":"Sanderson Street","cls":6,"brg":41.6},{"name":"Mardon Drive","cls":6,"brg":50.2}]},"geometry":{"type":"Point","coordinates":[142.20755,-36.72393]}},{"type":"Feature","properties":{"roads":[{"name":"Stawell Road","cls":1,"brg":175.1},{"name":"Derry Parade","cls":6,"brg":110.4}]},"geometry":{"type":"Point","coordinates":[142.20546,-36.73289]}},{"type":"Feature","properties":{"roads":[{"name":"Golf Course Road","cls":4,"brg":251.9},{"name":"Plumpton Road","cls":5,"brg":316.5}]},"geometry":{"type":"Point","coordinates":[142.20499,-36.73364]}},{"type":"Feature","properties":{"roads":[{"name":"Citrus Avenue","cls":6,"brg":359},{"name":"Derry Parade","cls":6,"brg":89.9}]},"geometry":{"type":"Point","coordinates":[142.20692,-36.73297]}},{"type":"Feature","properties":{"roads":[{"name":"Citrus Avenue","cls":6,"brg":359},{"name":"Tobruk Street","cls":6,"brg":271.9}]},"geometry":{"type":"Point","coordinates":[142.2069,-36.73202]}},{"type":"Feature","properties":{"roads":[{"name":"Citrus Avenue","cls":6,"brg":359.4},{"name":"Burnlea Drive","cls":6,"brg":93.1}]},"geometry":{"type":"Point","coordinates":[142.20688,-36.73104]}},{"type":"Feature","properties":{"roads":[{"name":"Horsham - Noradjuha Road","cls":3,"brg":44.2},{"name":"Carmichaels Road","cls":5,"brg":136.4}]},"geometry":{"type":"Point","coordinates":[142.10514,-36.77379]}},{"type":"Feature","properties":{"roads":[{"name":"Carmichaels Road","cls":5,"brg":75.4},{"name":"Fultons Road","cls":5,"brg":58}]},"geometry":{"type":"Point","coordinates":[142.13543,-36.7718]}},{"type":"Feature","properties":{"roads":[{"name":"Gleed Street","cls":6,"brg":82.6},{"name":"Park Drive","cls":6,"brg":177.8}]},"geometry":{"type":"Point","coordinates":[142.194,-36.71382]}},{"type":"Feature","properties":{"roads":[{"name":"Gleed Street","cls":6,"brg":89},{"name":"Wallis Street","cls":6,"brg":359.7}]},"geometry":{"type":"Point","coordinates":[142.19568,-36.71371]}},{"type":"Feature","properties":{"roads":[{"name":"Gleed Street","cls":6,"brg":89.7},{"name":"Darlot Street","cls":6,"brg":359.2}]},"geometry":{"type":"Point","coordinates":[142.19702,-36.7137]}},{"type":"Feature","properties":{"roads":[{"name":"Gleed Street","cls":6,"brg":87.5},{"name":"Darlot Street","cls":6,"brg":180.9},{"name":"Bradburys Lane","cls":7,"brg":90.7}]},"geometry":{"type":"Point","coordinates":[142.19717,-36.7137]}},{"type":"Feature","properties":{"roads":[{"name":"Birch Avenue","cls":6,"brg":1.3},{"name":"Baillie Street","cls":6,"brg":89.4}]},"geometry":{"type":"Point","coordinates":[142.19328,-36.71173]}},{"type":"Feature","properties":{"roads":[{"name":"Birch Avenue","cls":6,"brg":1.3},{"name":"Rodan Place","cls":7,"brg":88.3}]},"geometry":{"type":"Point","coordinates":[142.1933,-36.71102]}},{"type":"Feature","properties":{"roads":[{"name":"Birch Avenue","cls":6,"brg":300.4},{"name":"Oak Court","cls":6,"brg":210.3}]},"geometry":{"type":"Point","coordinates":[142.19278,-36.71019]}},{"type":"Feature","properties":{"roads":[{"name":"James Street","cls":6,"brg":180.4},{"name":"O'Connor Street","cls":6,"brg":248.3}]},"geometry":{"type":"Point","coordinates":[142.18955,-36.70908]}},{"type":"Feature","properties":{"roads":[{"name":"James Street","cls":6,"brg":180.4},{"name":"Baillie Street","cls":6,"brg":89}]},"geometry":{"type":"Point","coordinates":[142.18953,-36.71177]}},{"type":"Feature","properties":{"roads":[{"name":"Begg Street","cls":6,"brg":179.9},{"name":"Baillie Street","cls":6,"brg":89}]},"geometry":{"type":"Point","coordinates":[142.19092,-36.71175]}},{"type":"Feature","properties":{"roads":[{"name":"Wallis Street","cls":6,"brg":359.7},{"name":"Baillie Street","cls":6,"brg":89.5}]},"geometry":{"type":"Point","coordinates":[142.19567,-36.71172]}},{"type":"Feature","properties":{"roads":[{"name":"Hughes Street","cls":6,"brg":270.5},{"name":"Barton Drive","cls":6,"brg":181.2}]},"geometry":{"type":"Point","coordinates":[142.21056,-36.72467]}},{"type":"Feature","properties":{"roads":[{"name":"Williams Road","cls":3,"brg":271.6},{"name":"Stockton Drive","cls":6,"brg":356.3}]},"geometry":{"type":"Point","coordinates":[142.21732,-36.72618]}},{"type":"Feature","properties":{"roads":[{"name":"Stockton Drive","cls":6,"brg":341.5},{"name":"Latus Drive","cls":6,"brg":59.6}]},"geometry":{"type":"Point","coordinates":[142.21709,-36.72415]}},{"type":"Feature","properties":{"roads":[{"name":"Stockton Drive","cls":6,"brg":358.1},{"name":"O'Brien Court","cls":6,"brg":87.2}]},"geometry":{"type":"Point","coordinates":[142.21649,-36.72256]}},{"type":"Feature","properties":{"roads":[{"name":"Stockton Drive","cls":6,"brg":44.5},{"name":"Harfield Court","cls":6,"brg":313.2}]},"geometry":{"type":"Point","coordinates":[142.21732,-36.72086]}},{"type":"Feature","properties":{"roads":[{"name":"Barton Drive","cls":6,"brg":144.1},{"name":"Mardon Drive","cls":6,"brg":52.1}]},"geometry":{"type":"Point","coordinates":[142.21026,-36.72304]}},{"type":"Feature","properties":{"roads":[{"name":"Barton Drive","cls":6,"brg":170.7},{"name":"Fisher Square","cls":6,"brg":80.5}]},"geometry":{"type":"Point","coordinates":[142.21063,-36.72501]}},{"type":"Feature","properties":{"roads":[{"name":"Williams Road","cls":3,"brg":270.7},{"name":"Barton Drive","cls":6,"brg":179.5}]},"geometry":{"type":"Point","coordinates":[142.21067,-36.72612]}},{"type":"Feature","properties":{"roads":[{"name":"Young Street","cls":6,"brg":91},{"name":"Citrus Avenue","cls":6,"brg":359.7}]},"geometry":{"type":"Point","coordinates":[142.20687,-36.72723]}},{"type":"Feature","properties":{"roads":[{"name":"Young Street","cls":6,"brg":91},{"name":"Colla Court","cls":6,"brg":0}]},"geometry":{"type":"Point","coordinates":[142.20794,-36.72719]}},{"type":"Feature","properties":{"roads":[{"name":"Young Street","cls":6,"brg":90.9},{"name":"Casuarina Kindergarten Road","cls":7,"brg":0.8}]},"geometry":{"type":"Point","coordinates":[142.20871,-36.7272]}},{"type":"Feature","properties":{"roads":[{"name":"Young Street","cls":6,"brg":90.5},{"name":"Vine Avenue","cls":6,"brg":180.3}]},"geometry":{"type":"Point","coordinates":[142.21022,-36.72721]}},{"type":"Feature","properties":{"roads":[{"name":"West Road","cls":5,"brg":179.7},{"name":"Andrews Road","cls":5,"brg":270.2}]},"geometry":{"type":"Point","coordinates":[142.26714,-36.73844]}},{"type":"Feature","properties":{"roads":[{"name":"Riverside Road","cls":4,"brg":336.5},{"name":"Peels Road","cls":6,"brg":83.4}]},"geometry":{"type":"Point","coordinates":[142.23764,-36.6981]}},{"type":"Feature","properties":{"roads":[{"name":"Peels Road","cls":6,"brg":90.1},{"name":"Riverside East Road","cls":6,"brg":0.5}]},"geometry":{"type":"Point","coordinates":[142.24911,-36.69811]}},{"type":"Feature","properties":{"roads":[{"name":"Colla Court","cls":6,"brg":0},{"name":"Vella Street","cls":6,"brg":90.9}]},"geometry":{"type":"Point","coordinates":[142.20794,-36.72847]}},{"type":"Feature","properties":{"roads":[{"name":"Riverside Road","cls":4,"brg":359.9},{"name":"Rogersons Road","cls":6,"brg":89.9}]},"geometry":{"type":"Point","coordinates":[142.23804,-36.70374]}},{"type":"Feature","properties":{"roads":[{"name":"Riverside Road","cls":4,"brg":359.9},{"name":"Cameron Road","cls":5,"brg":59.2}]},"geometry":{"type":"Point","coordinates":[142.23803,-36.69991]}},{"type":"Feature","properties":{"roads":[{"name":"Latus Drive","cls":6,"brg":39.3},{"name":"O'Donnell Court","cls":6,"brg":129}]},"geometry":{"type":"Point","coordinates":[142.21801,-36.72355]}},{"type":"Feature","properties":{"roads":[{"name":"Rogersons Road","cls":6,"brg":90},{"name":"Riverside East Road","cls":6,"brg":0.5}]},"geometry":{"type":"Point","coordinates":[142.24905,-36.70374]}},{"type":"Feature","properties":{"roads":[{"name":"Coutts Street","cls":6,"brg":359.6},{"name":"Mardon Drive","cls":6,"brg":90.6}]},"geometry":{"type":"Point","coordinates":[142.20941,-36.72335]}},{"type":"Feature","properties":{"roads":[{"name":"Vella Street","cls":6,"brg":90.9},{"name":"Citrus Avenue","cls":6,"brg":359.6}]},"geometry":{"type":"Point","coordinates":[142.20688,-36.72846]}},{"type":"Feature","properties":{"roads":[{"name":"Williams Road","cls":3,"brg":270.7},{"name":"Vine Avenue","cls":6,"brg":180.3}]},"geometry":{"type":"Point","coordinates":[142.21022,-36.72612]}},{"type":"Feature","properties":{"roads":[{"name":"Deakin Court","cls":6,"brg":216.4},{"name":"Mardon Drive","cls":6,"brg":116.4}]},"geometry":{"type":"Point","coordinates":[142.21344,-36.72344]}},{"type":"Feature","properties":{"roads":[{"name":"Williams Road","cls":3,"brg":270.7},{"name":"Walnut Avenue","cls":6,"brg":179.6}]},"geometry":{"type":"Point","coordinates":[142.21384,-36.72615]}},{"type":"Feature","properties":{"roads":[{"name":"Walnut Avenue","cls":6,"brg":179.6},{"name":"Derry Parade","cls":6,"brg":91.5}]},"geometry":{"type":"Point","coordinates":[142.2139,-36.73304]}},{"type":"Feature","properties":{"roads":[{"name":"Kenny Road","cls":5,"brg":89.9},{"name":"Turnbull Drive","cls":5,"brg":177.7}]},"geometry":{"type":"Point","coordinates":[142.19593,-36.74088]}},{"type":"Feature","properties":{"roads":[{"name":"Kenny Road","cls":5,"brg":89.5},{"name":"Bracken Street","cls":7,"brg":179.5}]},"geometry":{"type":"Point","coordinates":[142.2018,-36.74084]}},{"type":"Feature","properties":{"roads":[{"name":"Henty Highway","cls":1,"brg":28.6},{"name":"Kenny Road","cls":5,"brg":90.1}]},"geometry":{"type":"Point","coordinates":[142.2043,-36.74085]}},{"type":"Feature","properties":{"roads":[{"name":"King Drive","cls":5,"brg":180.4},{"name":"Plumpton Road","cls":5,"brg":269.5}]},"geometry":{"type":"Point","coordinates":[142.19459,-36.7334]}},{"type":"Feature","properties":{"roads":[{"name":"Golf Course Road","cls":4,"brg":242.1},{"name":"King Drive","cls":5,"brg":149.7}]},"geometry":{"type":"Point","coordinates":[142.19504,-36.73784]}},{"type":"Feature","properties":{"roads":[{"name":"Burnett Street","cls":6,"brg":152.4},{"name":"Major Mitchell Drive","cls":6,"brg":62.4}]},"geometry":{"type":"Point","coordinates":[142.197,-36.72582]}},{"type":"Feature","properties":{"roads":[{"name":"Burnett Street","cls":6,"brg":99.6},{"name":"McTavish Boulevard","cls":6,"brg":179.3}]},"geometry":{"type":"Point","coordinates":[142.19918,-36.72762]}},{"type":"Feature","properties":{"roads":[{"name":"Ballard Street","cls":6,"brg":358.7},{"name":"McTavish Boulevard","cls":6,"brg":269.1}]},"geometry":{"type":"Point","coordinates":[142.19605,-36.72908]}},{"type":"Feature","properties":{"roads":[{"name":"Ballard Street","cls":6,"brg":319.7},{"name":"Major Mitchell Drive","cls":6,"brg":40.7}]},"geometry":{"type":"Point","coordinates":[142.195,-36.72711]}},{"type":"Feature","properties":{"roads":[{"name":"Atkins Court","cls":6,"brg":73.1},{"name":"Simpson Court","cls":6,"brg":347.4}]},"geometry":{"type":"Point","coordinates":[142.19733,-36.72825]}},{"type":"Feature","properties":{"roads":[{"name":"Burnlea Drive","cls":6,"brg":93.1},{"name":"Shiralee Crescent","cls":6,"brg":6.7}]},"geometry":{"type":"Point","coordinates":[142.20795,-36.73109]}},{"type":"Feature","properties":{"roads":[{"name":"Western Highway","cls":1,"brg":315.5},{"name":"Osborne Road","cls":6,"brg":94.5}]},"geometry":{"type":"Point","coordinates":[142.21444,-36.74078]}},{"type":"Feature","properties":{"roads":[{"name":"Osborne Road","cls":6,"brg":89.9},{"name":"Cameron Road","cls":6,"brg":359.8}]},"geometry":{"type":"Point","coordinates":[142.22367,-36.7408]}},{"type":"Feature","properties":{"roads":[{"name":"Withell Street","cls":6,"brg":159.1},{"name":"Major Mitchell Drive","cls":6,"brg":62.7}]},"geometry":{"type":"Point","coordinates":[142.20067,-36.72431]}},{"type":"Feature","properties":{"roads":[{"name":"Withell Street","cls":6,"brg":154},{"name":"McTavish Boulevard","cls":6,"brg":243.8}]},"geometry":{"type":"Point","coordinates":[142.20118,-36.72635]}},{"type":"Feature","properties":{"roads":[{"name":"Weldon Power Court","cls":6,"brg":118.3},{"name":"Ridge Court","cls":6,"brg":182.5}]},"geometry":{"type":"Point","coordinates":[142.22115,-36.73019]}},{"type":"Feature","properties":{"roads":[{"name":"Laharum Road","cls":3,"brg":0.3},{"name":"Holes Road","cls":6,"brg":269.8}]},"geometry":{"type":"Point","coordinates":[142.2306,-36.75304]}},{"type":"Feature","properties":{"roads":[{"name":"Williams Road","cls":1,"brg":269.8},{"name":"Stawell Road","cls":1,"brg":357.9},{"name":"Duff Street","cls":6,"brg":268},{"name":"Stawell Road Service Road","cls":6,"brg":178.1}]},"geometry":{"type":"Point","coordinates":[142.20495,-36.72607]}},{"type":"Feature","properties":{"roads":[{"name":"Mayfield Court","cls":6,"brg":43.1},{"name":"Shiralee Crescent","cls":6,"brg":326.6}]},"geometry":{"type":"Point","coordinates":[142.20782,-36.72997]}},{"type":"Feature","properties":{"roads":[{"name":"Pearsons Track","cls":5,"brg":170.9},{"name":"Kenny Road","cls":6,"brg":87.8}]},"geometry":{"type":"Point","coordinates":[142.16903,-36.74105]}},{"type":"Feature","properties":{"roads":[{"name":"Kenny Road","cls":6,"brg":89.6},{"name":"Velthuis Drive","cls":6,"brg":173.1}]},"geometry":{"type":"Point","coordinates":[142.17701,-36.741]}},{"type":"Feature","properties":{"roads":[{"name":"Golf Course Road","cls":4,"brg":248.6},{"name":"Kenny Road","cls":6,"brg":139.9}]},"geometry":{"type":"Point","coordinates":[142.18584,-36.74121]}},{"type":"Feature","properties":{"roads":[{"name":"Shiralee Crescent","cls":6,"brg":270},{"name":"Citrus Avenue","cls":6,"brg":359.6}]},"geometry":{"type":"Point","coordinates":[142.20689,-36.72973]}},{"type":"Feature","properties":{"roads":[{"name":"River Road","cls":6,"brg":357.3},{"name":"Mclean Drive","cls":6,"brg":269.6}]},"geometry":{"type":"Point","coordinates":[142.20254,-36.7301]}},{"type":"Feature","properties":{"roads":[{"name":"River Road","cls":6,"brg":357.3},{"name":"Trento Avenue","cls":6,"brg":88.7}]},"geometry":{"type":"Point","coordinates":[142.20245,-36.72778]}},{"type":"Feature","properties":{"roads":[{"name":"River Road","cls":6,"brg":358.6},{"name":"McTavish Boulevard","cls":6,"brg":269.7}]},"geometry":{"type":"Point","coordinates":[142.20235,-36.72616]}},{"type":"Feature","properties":{"roads":[{"name":"Agnew Court","cls":6,"brg":149},{"name":"Major Mitchell Drive","cls":6,"brg":63.1}]},"geometry":{"type":"Point","coordinates":[142.19925,-36.72489]}},{"type":"Feature","properties":{"roads":[{"name":"Heslop Court","cls":6,"brg":89.8},{"name":"Vine Avenue","cls":6,"brg":179.2}]},"geometry":{"type":"Point","coordinates":[142.21025,-36.72892]}},{"type":"Feature","properties":{"roads":[{"name":"Trento Avenue","cls":6,"brg":87.2},{"name":"Stawell Road Service Road","cls":6,"brg":357.6}]},"geometry":{"type":"Point","coordinates":[142.20494,-36.72785]}},{"type":"Feature","properties":{"roads":[{"name":"Stawell Road","cls":1,"brg":356.5},{"name":"Trento Avenue","cls":6,"brg":87.7}]},"geometry":{"type":"Point","coordinates":[142.20508,-36.72793]}},{"type":"Feature","properties":{"roads":[{"name":"Henty Highway","cls":1,"brg":28.5},{"name":"Gregory Court","cls":6,"brg":117.2}]},"geometry":{"type":"Point","coordinates":[142.19743,-36.75101]}},{"type":"Feature","properties":{"roads":[{"name":"Henty Highway","cls":1,"brg":28.5},{"name":"Hunts Road","cls":6,"brg":112.3}]},"geometry":{"type":"Point","coordinates":[142.19636,-36.7526]}},{"type":"Feature","properties":{"roads":[{"name":"Old Hamilton Road","cls":5,"brg":179.7},{"name":"Hunts Road","cls":6,"brg":78.5}]},"geometry":{"type":"Point","coordinates":[142.20551,-36.75283]}},{"type":"Feature","properties":{"roads":[{"name":"Bradshaw Street","cls":6,"brg":356.3},{"name":"Duff Street","cls":6,"brg":268}]},"geometry":{"type":"Point","coordinates":[142.20362,-36.72611]}},{"type":"Feature","properties":{"roads":[{"name":"Bradshaw Street","cls":6,"brg":356.3},{"name":"Major Mitchell Drive","cls":6,"brg":109.4}]},"geometry":{"type":"Point","coordinates":[142.20347,-36.72422]}},{"type":"Feature","properties":{"roads":[{"name":"Major Mitchell Drive","cls":6,"brg":86.9},{"name":"McCombe Court","cls":6,"brg":158.9}]},"geometry":{"type":"Point","coordinates":[142.19418,-36.7276]}},{"type":"Feature","properties":{"roads":[{"name":"Grahams Bridge Road","cls":5,"brg":180.3},{"name":"Kokoda Drive","cls":6,"brg":90.1}]},"geometry":{"type":"Point","coordinates":[142.21243,-36.75183]}},{"type":"Feature","properties":{"roads":[{"name":"Grahams Bridge Road","cls":5,"brg":180},{"name":"Kokoda Drive","cls":6,"brg":265.7}]},"geometry":{"type":"Point","coordinates":[142.21247,-36.74398]}},{"type":"Feature","properties":{"roads":[{"name":"Plumpton Road","cls":5,"brg":270.1},{"name":"River Road","cls":6,"brg":358.3}]},"geometry":{"type":"Point","coordinates":[142.20272,-36.73337]}},{"type":"Feature","properties":{"roads":[{"name":"Grahams Bridge Road","cls":5,"brg":180},{"name":"Osborne Road","cls":5,"brg":89.5}]},"geometry":{"type":"Point","coordinates":[142.21247,-36.74081]}},{"type":"Feature","properties":{"roads":[{"name":"Grahams Bridge Road","cls":5,"brg":179.8},{"name":"Hunts Road","cls":6,"brg":270.2},{"name":"Holes Road","cls":6,"brg":270.1}]},"geometry":{"type":"Point","coordinates":[142.21244,-36.75304]}},{"type":"Feature","properties":{"roads":[{"name":"Simpson Court","cls":6,"brg":358.2},{"name":"McTavish Boulevard","cls":6,"brg":270.1}]},"geometry":{"type":"Point","coordinates":[142.19739,-36.72906]}},{"type":"Feature","properties":{"roads":[{"name":"Ballinger Street","cls":5,"brg":179.6},{"name":"Plumpton Road","cls":5,"brg":269.7}]},"geometry":{"type":"Point","coordinates":[142.18729,-36.73343]}},{"type":"Feature","properties":{"roads":[{"name":"Major Mitchell Drive","cls":6,"brg":112.3},{"name":"River Road","cls":6,"brg":357.2}]},"geometry":{"type":"Point","coordinates":[142.20225,-36.72386]}},{"type":"Feature","properties":{"roads":[{"name":"Golf Course Road","cls":4,"brg":241.9},{"name":"Turnbull Drive","cls":5,"brg":153.2}]},"geometry":{"type":"Point","coordinates":[142.19425,-36.73818]}},{"type":"Feature","properties":{"roads":[{"name":"Turnbull Drive","cls":5,"brg":139.9},{"name":"Kendal Drive","cls":5,"brg":241.9}]},"geometry":{"type":"Point","coordinates":[142.19561,-36.73977]}},{"type":"Feature","properties":{"roads":[{"name":"Church Street","cls":6,"brg":359.8},{"name":"Main Street","cls":6,"brg":268.9},{"name":"Jung West Road","cls":6,"brg":269.3}]},"geometry":{"type":"Point","coordinates":[142.35762,-36.60785]}},{"type":"Feature","properties":{"roads":[{"name":"Baker Street","cls":5,"brg":0.4},{"name":"Church Street","cls":6,"brg":89.6}]},"geometry":{"type":"Point","coordinates":[142.36009,-36.60674]}},{"type":"Feature","properties":{"roads":[{"name":"Baker Street","cls":5,"brg":359},{"name":"Main Street","cls":6,"brg":268.8}]},"geometry":{"type":"Point","coordinates":[142.3601,-36.6078]}},{"type":"Feature","properties":{"roads":[{"name":"Main Street","cls":6,"brg":268.5},{"name":"Railway Street","cls":6,"brg":358.6}]},"geometry":{"type":"Point","coordinates":[142.35817,-36.60784]}},{"type":"Feature","properties":{"roads":[{"name":"Western Highway","cls":1,"brg":299.6},{"name":"Taylors Road","cls":5,"brg":192.8}]},"geometry":{"type":"Point","coordinates":[142.30369,-36.78906]}},{"type":"Feature","properties":{"roads":[{"name":"Laharum Road","cls":3,"brg":280.3},{"name":"Northern Grampians Road","cls":3,"brg":287.2},{"name":"Wonwondah - Dadswells Bridge Road","cls":4,"brg":19.3}]},"geometry":{"type":"Point","coordinates":[142.31646,-36.87555]}},{"type":"Feature","properties":{"roads":[{"name":"Laharum Road","cls":3,"brg":270},{"name":"Green Lake Road","cls":4,"brg":0.9},{"name":"Staehrs Road","cls":5,"brg":0.3}]},"geometry":{"type":"Point","coordinates":[142.28494,-36.87801]}},{"type":"Feature","properties":{"roads":[{"name":"Laharum Road","cls":3,"brg":270.1},{"name":"One Tree Road","cls":5,"brg":179.7}]},"geometry":{"type":"Point","coordinates":[142.26673,-36.87832]}},{"type":"Feature","properties":{"roads":[{"name":"Laharum Road","cls":3,"brg":270.1},{"name":"Franciscos Road","cls":5,"brg":180.2}]},"geometry":{"type":"Point","coordinates":[142.25982,-36.87831]}},{"type":"Feature","properties":{"roads":[{"name":"Laharum Road","cls":3,"brg":269.7},{"name":"Dunns Road","cls":5,"brg":28.6}]},"geometry":{"type":"Point","coordinates":[142.23777,-36.87831]}},{"type":"Feature","properties":{"roads":[{"name":"Laharum Road","cls":3,"brg":303.4},{"name":"North East Wonwondah Road","cls":4,"brg":38.6}]},"geometry":{"type":"Point","coordinates":[142.23254,-36.87721]}},{"type":"Feature","properties":{"roads":[{"name":"Kalkee Road","cls":3,"brg":355.6},{"name":"Urquhart Street","cls":3,"brg":356.9},{"name":"Railway Avenue","cls":6,"brg":25.4}]},"geometry":{"type":"Point","coordinates":[142.20227,-36.70767]}},{"type":"Feature","properties":{"roads":[{"name":"Railway Avenue","cls":6,"brg":308.2},{"name":"Urquhart Street","cls":6,"brg":333.4}]},"geometry":{"type":"Point","coordinates":[142.20211,-36.70793]}},{"type":"Feature","properties":{"roads":[{"name":"Kalkee Road","cls":3,"brg":163.7},{"name":"Mill Street","cls":6,"brg":357.4}]},"geometry":{"type":"Point","coordinates":[142.201,-36.70615]}},{"type":"Feature","properties":{"roads":[{"name":"Kalkee Road","cls":3,"brg":89.8},{"name":"Mill Street","cls":6,"brg":78.1}]},"geometry":{"type":"Point","coordinates":[142.20115,-36.70643]}},{"type":"Feature","properties":{"roads":[{"name":"Kalkee Road","cls":3,"brg":175.2},{"name":"Lynott Street","cls":6,"brg":90.2}]},"geometry":{"type":"Point","coordinates":[142.20095,-36.70533]}},{"type":"Feature","properties":{"roads":[{"name":"Mill Street","cls":6,"brg":89.5},{"name":"Gertrude Street","cls":6,"brg":359.9}]},"geometry":{"type":"Point","coordinates":[142.20309,-36.7066]}},{"type":"Feature","properties":{"roads":[{"name":"Lynott Street","cls":6,"brg":90.2},{"name":"Gertrude Street","cls":6,"brg":359.9}]},"geometry":{"type":"Point","coordinates":[142.20309,-36.70533]}},{"type":"Feature","properties":{"roads":[{"name":"Kalkee Road","cls":3,"brg":0.9},{"name":"Lynott Street","cls":6,"brg":90.3}]},"geometry":{"type":"Point","coordinates":[142.20083,-36.70533]}},{"type":"Feature","properties":{"roads":[{"name":"John Street","cls":6,"brg":269.7},{"name":"David Street","cls":6,"brg":359.5}]},"geometry":{"type":"Point","coordinates":[142.19849,-36.70881]}},{"type":"Feature","properties":{"roads":[{"name":"Henry Street","cls":6,"brg":269.6},{"name":"David Street","cls":6,"brg":359.6}]},"geometry":{"type":"Point","coordinates":[142.1985,-36.70972]}},{"type":"Feature","properties":{"roads":[{"name":"McPherson Street","cls":1,"brg":178.9},{"name":"O'Callaghans Parade","cls":4,"brg":164.7}]},"geometry":{"type":"Point","coordinates":[142.20512,-36.72312]}},{"type":"Feature","properties":{"roads":[{"name":"McPherson Street","cls":1,"brg":205.9},{"name":"Stawell Road","cls":1,"brg":232.1},{"name":"O'Callaghans Parade","cls":4,"brg":172.5}]},"geometry":{"type":"Point","coordinates":[142.2051,-36.72336]}},{"type":"Feature","properties":{"roads":[{"name":"O'Callaghans Parade","cls":4,"brg":144.8},{"name":"Firebrace Street","cls":4,"brg":216.9}]},"geometry":{"type":"Point","coordinates":[142.2,-36.71872]}},{"type":"Feature","properties":{"roads":[{"name":"O'Callaghans Parade","cls":4,"brg":137},{"name":"Baker Street","cls":4,"brg":45.8}]},"geometry":{"type":"Point","coordinates":[142.20185,-36.72038]}},{"type":"Feature","properties":{"roads":[{"name":"O'Callaghans Parade","cls":4,"brg":137},{"name":"Urquhart Street","cls":4,"brg":250}]},"geometry":{"type":"Point","coordinates":[142.2023,-36.7207]}},{"type":"Feature","properties":{"roads":[{"name":"Urquhart Street","cls":4,"brg":250},{"name":"O'Callaghans Parade","cls":4,"brg":316.5}]},"geometry":{"type":"Point","coordinates":[142.20223,-36.72077]}},{"type":"Feature","properties":{"roads":[{"name":"Wilson Street","cls":2,"brg":254.9},{"name":"B240","cls":2,"brg":213.4},{"name":"Urquhart Street","cls":4,"brg":189.2}]},"geometry":{"type":"Point","coordinates":[142.20241,-36.71672]}},{"type":"Feature","properties":{"roads":[{"name":"Urquhart Street","cls":4,"brg":179.5},{"name":"Hamilton Street","cls":6,"brg":249.4}]},"geometry":{"type":"Point","coordinates":[142.20241,-36.71779]}},{"type":"Feature","properties":{"roads":[{"name":"Urquhart Street","cls":4,"brg":0.1},{"name":"Sloss Street","cls":4,"brg":269.4}]},"geometry":{"type":"Point","coordinates":[142.2023,-36.7197]}},{"type":"Feature","properties":{"roads":[{"name":"O'Callaghans Parade","cls":4,"brg":137},{"name":"Bolton Street","cls":6,"brg":185.3}]},"geometry":{"type":"Point","coordinates":[142.20264,-36.72098]}},{"type":"Feature","properties":{"roads":[{"name":"O'Callaghans Parade","cls":4,"brg":137.2},{"name":"Bolton Street","cls":6,"brg":92.6}]},"geometry":{"type":"Point","coordinates":[142.20245,-36.72082]}},{"type":"Feature","properties":{"roads":[{"name":"Stawell Road","cls":1,"brg":336.8},{"name":"McPherson Street","cls":1,"brg":354.6},{"name":"O'Callaghans Parade","cls":4,"brg":308.7}]},"geometry":{"type":"Point","coordinates":[142.20477,-36.72326]}},{"type":"Feature","properties":{"roads":[{"name":"Stawell Road","cls":1,"brg":357.9},{"name":"Harders Street","cls":6,"brg":266.7},{"name":"Stawell Road Service Road","cls":6,"brg":357.6}]},"geometry":{"type":"Point","coordinates":[142.20514,-36.73004]}},{"type":"Feature","properties":{"roads":[{"name":"Stawell Road","cls":1,"brg":179.6},{"name":"Stawell Road Service Road","cls":6,"brg":337.4}]},"geometry":{"type":"Point","coordinates":[142.20514,-36.72704]}},{"type":"Feature","properties":{"roads":[{"name":"Stawell Road","cls":1,"brg":178.5},{"name":"Harders Street","cls":6,"brg":87.8}]},"geometry":{"type":"Point","coordinates":[142.20534,-36.73004]}},{"type":"Feature","properties":{"roads":[{"name":"Harders Street","cls":6,"brg":87.8},{"name":"Stawell Road Service Road","cls":6,"brg":177.8}]},"geometry":{"type":"Point","coordinates":[142.20548,-36.73003]}},{"type":"Feature","properties":{"roads":[{"name":"Stawell Road","cls":1,"brg":178.5},{"name":"Stawell Road Service Road","cls":6,"brg":139.6}]},"geometry":{"type":"Point","coordinates":[142.20532,-36.72943]}},{"type":"Feature","properties":{"roads":[{"name":"Stawell Road","cls":1,"brg":357.8},{"name":"Stawell Road Service Road","cls":6,"brg":39.4}]},"geometry":{"type":"Point","coordinates":[142.20503,-36.72685]}},{"type":"Feature","properties":{"roads":[{"name":"Stawell Road","cls":1,"brg":357.7},{"name":"Stawell Road Service Road","cls":5,"brg":87.7}]},"geometry":{"type":"Point","coordinates":[142.20529,-36.73229]}},{"type":"Feature","properties":{"roads":[{"name":"Stawell Road","cls":1,"brg":351.9},{"name":"Stawell Road Service Road","cls":6,"brg":316}]},"geometry":{"type":"Point","coordinates":[142.20536,-36.73308]}},{"type":"Feature","properties":{"roads":[{"name":"Stawell Road","cls":1,"brg":323.7},{"name":"Golf Course Road","cls":4,"brg":254.1}]},"geometry":{"type":"Point","coordinates":[142.20563,-36.7336]}},{"type":"Feature","properties":{"roads":[{"name":"Stawell Road","cls":1,"brg":334.8},{"name":"Golf Course Road","cls":4,"brg":70.7}]},"geometry":{"type":"Point","coordinates":[142.20553,-36.73347]}},{"type":"Feature","properties":{"roads":[{"name":"Hamilton Road","cls":1,"brg":1.2},{"name":"Old Hamilton Road","cls":5,"brg":178.8}]},"geometry":{"type":"Point","coordinates":[142.20554,-36.73764]}},{"type":"Feature","properties":{"roads":[{"name":"Stawell Road","cls":1,"brg":135.1},{"name":"Peach Avenue","cls":4,"brg":43.3}]},"geometry":{"type":"Point","coordinates":[142.20923,-36.7365]}},{"type":"Feature","properties":{"roads":[{"name":"Old Hamilton Road","cls":5,"brg":180.1},{"name":"Bushby Road","cls":6,"brg":269.9}]},"geometry":{"type":"Point","coordinates":[142.20512,-36.77555]}},{"type":"Feature","properties":{"roads":[{"name":"Old Hamilton Road","cls":5,"brg":180.9},{"name":"Clynes Road","cls":5,"brg":268.1},{"name":"Bakers Road","cls":5,"brg":82.3}]},"geometry":{"type":"Point","coordinates":[142.2051,-36.78213]}},{"type":"Feature","properties":{"roads":[{"name":"Old Hamilton Road","cls":5,"brg":178.8},{"name":"Gilbert Crescent","cls":7,"brg":270.8}]},"geometry":{"type":"Point","coordinates":[142.20556,-36.73835]}},{"type":"Feature","properties":{"roads":[{"name":"Old Hamilton Road","cls":5,"brg":227.4},{"name":"Pennys Road","cls":5,"brg":145}]},"geometry":{"type":"Point","coordinates":[142.19372,-36.79845]}},{"type":"Feature","properties":{"roads":[{"name":"McPherson Street","cls":1,"brg":359.5},{"name":"Hamilton Street","cls":6,"brg":89.8}]},"geometry":{"type":"Point","coordinates":[142.20494,-36.7178]}},{"type":"Feature","properties":{"roads":[{"name":"Lake Road","cls":4,"brg":192.2},{"name":"Mitchell Street","cls":6,"brg":101.4}]},"geometry":{"type":"Point","coordinates":[141.94499,-36.73844]}},{"type":"Feature","properties":{"roads":[{"name":"Mitchell Street","cls":6,"brg":149.9},{"name":"Main Street","cls":6,"brg":61.5}]},"geometry":{"type":"Point","coordinates":[141.94654,-36.73934]}},{"type":"Feature","properties":{"roads":[{"name":"Regent Street","cls":6,"brg":258},{"name":"Old Noradjuha Road","cls":6,"brg":358.9}]},"geometry":{"type":"Point","coordinates":[141.951,-36.73906]}},{"type":"Feature","properties":{"roads":[{"name":"Regent Street","cls":6,"brg":241.3},{"name":"Mitchell Street","cls":6,"brg":153.4}]},"geometry":{"type":"Point","coordinates":[141.94726,-36.74068]}},{"type":"Feature","properties":{"roads":[{"name":"Regent Street","cls":6,"brg":241.2},{"name":"Jory Street","cls":6,"brg":90},{"name":"Lovel Road","cls":7,"brg":152.1}]},"geometry":{"type":"Point","coordinates":[141.94492,-36.74173]}},{"type":"Feature","properties":{"roads":[{"name":"Main Street","cls":2,"brg":241.3},{"name":"Mitchell Street","cls":6,"brg":154.3}]},"geometry":{"type":"Point","coordinates":[141.94669,-36.7397]}},{"type":"Feature","properties":{"roads":[{"name":"Sisson Street","cls":6,"brg":329.7},{"name":"Station Street","cls":6,"brg":241.2}]},"geometry":{"type":"Point","coordinates":[141.94008,-36.74436]}},{"type":"Feature","properties":{"roads":[{"name":"Sisson Street","cls":6,"brg":331.9},{"name":"Depot Lane","cls":6,"brg":61.6}]},"geometry":{"type":"Point","coordinates":[141.93967,-36.74375]}},{"type":"Feature","properties":{"roads":[{"name":"Main Street","cls":2,"brg":239.6},{"name":"Sisson Street","cls":6,"brg":331.2}]},"geometry":{"type":"Point","coordinates":[141.93918,-36.74304]}},{"type":"Feature","properties":{"roads":[{"name":"Sisson Street","cls":6,"brg":333.5},{"name":"Main Street","cls":6,"brg":61.2}]},"geometry":{"type":"Point","coordinates":[141.93896,-36.74268]}},{"type":"Feature","properties":{"roads":[{"name":"Schurmann Street","cls":6,"brg":331.2},{"name":"Station Street","cls":6,"brg":241.2}]},"geometry":{"type":"Point","coordinates":[141.93786,-36.74533]}},{"type":"Feature","properties":{"roads":[{"name":"Schurmann Street","cls":6,"brg":331.2},{"name":"Depot Lane","cls":6,"brg":61.1}]},"geometry":{"type":"Point","coordinates":[141.93744,-36.74471]}},{"type":"Feature","properties":{"roads":[{"name":"Hammond-McCuish Road","cls":4,"brg":316.8},{"name":"Keytes Road","cls":5,"brg":33.5}]},"geometry":{"type":"Point","coordinates":[141.93109,-36.80697]}},{"type":"Feature","properties":{"roads":[{"name":"Keytes Road","cls":5,"brg":0.1},{"name":"Northfields Road","cls":5,"brg":93}]},"geometry":{"type":"Point","coordinates":[141.93126,-36.80392]}},{"type":"Feature","properties":{"roads":[{"name":"Keytes Road","cls":5,"brg":0.2},{"name":"K Sudholzs Road","cls":5,"brg":90.2}]},"geometry":{"type":"Point","coordinates":[141.93423,-36.79053]}},{"type":"Feature","properties":{"roads":[{"name":"Keytes Road","cls":5,"brg":0},{"name":"Werners Lane","cls":5,"brg":100.4}]},"geometry":{"type":"Point","coordinates":[141.93428,-36.77608]}},{"type":"Feature","properties":{"roads":[{"name":"Keytes Road","cls":5,"brg":39.8},{"name":"Browns Road","cls":5,"brg":89.3}]},"geometry":{"type":"Point","coordinates":[141.9424,-36.76813]}},{"type":"Feature","properties":{"roads":[{"name":"Keytes Road","cls":5,"brg":57},{"name":"J Sudholz Road","cls":5,"brg":269.5},{"name":"J Sudholzs Road","cls":7,"brg":269.2}]},"geometry":{"type":"Point","coordinates":[141.94244,-36.756]}},{"type":"Feature","properties":{"roads":[{"name":"Cooack Road","cls":4,"brg":97.1},{"name":"Quades Road","cls":5,"brg":187.3}]},"geometry":{"type":"Point","coordinates":[141.86118,-36.63209]}},{"type":"Feature","properties":{"roads":[{"name":"Cooack Road","cls":4,"brg":98.1},{"name":"Arapiles-Grass Flat Road","cls":4,"brg":7.1}]},"geometry":{"type":"Point","coordinates":[141.87022,-36.63304]}},{"type":"Feature","properties":{"roads":[{"name":"Cooack Road","cls":4,"brg":97.1},{"name":"Wyn Wyn Road","cls":5,"brg":181}]},"geometry":{"type":"Point","coordinates":[141.89055,-36.63505]}},{"type":"Feature","properties":{"roads":[{"name":"Lake Road","cls":4,"brg":155.8},{"name":"Main Street","cls":6,"brg":61.5}]},"geometry":{"type":"Point","coordinates":[141.94469,-36.74015]}},{"type":"Feature","properties":{"roads":[{"name":"Main Street","cls":2,"brg":242},{"name":"Sudholz Street","cls":6,"brg":329.9}]},"geometry":{"type":"Point","coordinates":[141.9373,-36.74381]}},{"type":"Feature","properties":{"roads":[{"name":"Sudholz Street","cls":6,"brg":357.6},{"name":"Elmes Street","cls":6,"brg":41.6}]},"geometry":{"type":"Point","coordinates":[141.93591,-36.74177]}},{"type":"Feature","properties":{"roads":[{"name":"Main Street","cls":2,"brg":240.4},{"name":"Jory Street","cls":6,"brg":143.5}]},"geometry":{"type":"Point","coordinates":[141.94219,-36.74167]}},{"type":"Feature","properties":{"roads":[{"name":"Jory Street","cls":6,"brg":89.6},{"name":"Mitchell Street","cls":6,"brg":177.3}]},"geometry":{"type":"Point","coordinates":[141.94741,-36.74176]}},{"type":"Feature","properties":{"roads":[{"name":"Berry Lane","cls":5,"brg":306.1},{"name":"Depot Lane","cls":5,"brg":293.6}]},"geometry":{"type":"Point","coordinates":[141.95253,-36.7289]}},{"type":"Feature","properties":{"roads":[{"name":"Wyn Wyn Road","cls":5,"brg":180.3},{"name":"Meyers Lane","cls":5,"brg":89.9}]},"geometry":{"type":"Point","coordinates":[141.91617,-36.68294]}},{"type":"Feature","properties":{"roads":[{"name":"Main Street","cls":2,"brg":241.6},{"name":"Lake Avenue","cls":6,"brg":324.3}]},"geometry":{"type":"Point","coordinates":[141.94316,-36.74123]}},{"type":"Feature","properties":{"roads":[{"name":"Lake Avenue","cls":5,"brg":19.1},{"name":"Berry Lane","cls":5,"brg":271.3}]},"geometry":{"type":"Point","coordinates":[141.95246,-36.72731]}},{"type":"Feature","properties":{"roads":[{"name":"Berry Lane","cls":5,"brg":271.3},{"name":"Wyn Wyn Road","cls":5,"brg":179.6}]},"geometry":{"type":"Point","coordinates":[141.92158,-36.72718]}},{"type":"Feature","properties":{"roads":[{"name":"Lake Road","cls":4,"brg":172.1},{"name":"Meyers Lane","cls":5,"brg":89.7}]},"geometry":{"type":"Point","coordinates":[141.93222,-36.67762]}},{"type":"Feature","properties":{"roads":[{"name":"Polkemmet Road","cls":4,"brg":180},{"name":"Meyers Lane","cls":5,"brg":89},{"name":"Forts Lane","cls":7,"brg":89.8}]},"geometry":{"type":"Point","coordinates":[141.95714,-36.67764]}},{"type":"Feature","properties":{"roads":[{"name":"Baillie Street","cls":4,"brg":89.8},{"name":"Davey Street","cls":7,"brg":179.8}]},"geometry":{"type":"Point","coordinates":[142.20643,-36.7117]}},{"type":"Feature","properties":{"roads":[{"name":"Baillie Street","cls":4,"brg":89.7},{"name":"George Street","cls":6,"brg":0.8}]},"geometry":{"type":"Point","coordinates":[142.20674,-36.7117]}},{"type":"Feature","properties":{"roads":[{"name":"George Street","cls":6,"brg":269.8},{"name":"Percy Street","cls":6,"brg":179.8}]},"geometry":{"type":"Point","coordinates":[142.20989,-36.71068]}},{"type":"Feature","properties":{"roads":[{"name":"Baillie Street","cls":4,"brg":89.8},{"name":"Percy Street","cls":6,"brg":180}]},"geometry":{"type":"Point","coordinates":[142.2099,-36.71169]}},{"type":"Feature","properties":{"roads":[{"name":"Baillie Street","cls":4,"brg":89.8},{"name":"George Street","cls":6,"brg":177.8}]},"geometry":{"type":"Point","coordinates":[142.20683,-36.7117]}},{"type":"Feature","properties":{"roads":[{"name":"Urquhart Street","cls":4,"brg":9.1},{"name":"Roberts Avenue","cls":6,"brg":289.3}]},"geometry":{"type":"Point","coordinates":[142.20223,-36.71425]}},{"type":"Feature","properties":{"roads":[{"name":"Urquhart Street","cls":4,"brg":351.1},{"name":"McLachlan Street","cls":6,"brg":284.3}]},"geometry":{"type":"Point","coordinates":[142.2022,-36.71316]}},{"type":"Feature","properties":{"roads":[{"name":"Urquhart Street","cls":4,"brg":192.9},{"name":"Roberts Avenue","cls":6,"brg":252.5}]},"geometry":{"type":"Point","coordinates":[142.20242,-36.71433]}},{"type":"Feature","properties":{"roads":[{"name":"Urquhart Street","cls":4,"brg":175.1},{"name":"Pynsent Street","cls":6,"brg":73.4}]},"geometry":{"type":"Point","coordinates":[142.2023,-36.71537]}},{"type":"Feature","properties":{"roads":[{"name":"McPherson Street","cls":1,"brg":359.5},{"name":"Roberts Avenue","cls":6,"brg":89.9}]},"geometry":{"type":"Point","coordinates":[142.2049,-36.71425]}},{"type":"Feature","properties":{"roads":[{"name":"Baillie Street","cls":1,"brg":269.7},{"name":"Urquhart Street","cls":3,"brg":179.6}]},"geometry":{"type":"Point","coordinates":[142.20228,-36.7118]}},{"type":"Feature","properties":{"roads":[{"name":"Urquhart Street","cls":4,"brg":171},{"name":"McLachlan Street","cls":6,"brg":81.2}]},"geometry":{"type":"Point","coordinates":[142.20229,-36.713]}},{"type":"Feature","properties":{"roads":[{"name":"Urquhart Street","cls":4,"brg":185.7},{"name":"McLachlan Street","cls":6,"brg":254.5}]},"geometry":{"type":"Point","coordinates":[142.2024,-36.71316]}},{"type":"Feature","properties":{"roads":[{"name":"McPherson Street","cls":1,"brg":359.5},{"name":"McLachlan Street","cls":6,"brg":87.4}]},"geometry":{"type":"Point","coordinates":[142.20489,-36.71305]}},{"type":"Feature","properties":{"roads":[{"name":"Firebrace Street","cls":4,"brg":185.3},{"name":"McLachlan Street","cls":6,"brg":268.9}]},"geometry":{"type":"Point","coordinates":[142.19984,-36.71317]}},{"type":"Feature","properties":{"roads":[{"name":"Urquhart Street","cls":4,"brg":188.7},{"name":"Pynsent Street","cls":6,"brg":286.6}]},"geometry":{"type":"Point","coordinates":[142.2023,-36.71552]}},{"type":"Feature","properties":{"roads":[{"name":"B240","cls":2,"brg":48.3},{"name":"Wilson Street","cls":2,"brg":68.4},{"name":"Urquhart Street","cls":4,"brg":179.7}]},"geometry":{"type":"Point","coordinates":[142.20226,-36.71649]}},{"type":"Feature","properties":{"roads":[{"name":"Wilson Street","cls":2,"brg":100.7},{"name":"B240","cls":2,"brg":137.2},{"name":"Urquhart Street","cls":4,"brg":171}]},"geometry":{"type":"Point","coordinates":[142.20242,-36.71655]}},{"type":"Feature","properties":{"roads":[{"name":"Williams Road","cls":3,"brg":270.7},{"name":"Mardon Drive","cls":6,"brg":181}]},"geometry":{"type":"Point","coordinates":[142.21513,-36.72616]}},{"type":"Feature","properties":{"roads":[{"name":"Hamilton Street","cls":6,"brg":270},{"name":"Madden Street","cls":6,"brg":357.3}]},"geometry":{"type":"Point","coordinates":[142.19817,-36.71782]}},{"type":"Feature","properties":{"roads":[{"name":"Hamilton Street","cls":6,"brg":270.1},{"name":"Darlot Street","cls":6,"brg":0.7}]},"geometry":{"type":"Point","coordinates":[142.19709,-36.71782]}},{"type":"Feature","properties":{"roads":[{"name":"Firebrace Street","cls":4,"brg":9.3},{"name":"Pynsent Street","cls":6,"brg":89.8}]},"geometry":{"type":"Point","coordinates":[142.19963,-36.71543]}},{"type":"Feature","properties":{"roads":[{"name":"Wilson Street","cls":2,"brg":89.6},{"name":"Firebrace Street","cls":2,"brg":181.6}]},"geometry":{"type":"Point","coordinates":[142.19976,-36.7166]}},{"type":"Feature","properties":{"roads":[{"name":"Firebrace Street","cls":4,"brg":12},{"name":"McLachlan Street","cls":6,"brg":89.5}]},"geometry":{"type":"Point","coordinates":[142.1996,-36.71303]}},{"type":"Feature","properties":{"roads":[{"name":"Firebrace Street","cls":4,"brg":358.8},{"name":"Bradburys Lane","cls":7,"brg":90.2}]},"geometry":{"type":"Point","coordinates":[142.19967,-36.71369]}},{"type":"Feature","properties":{"roads":[{"name":"Firebrace Street","cls":4,"brg":334.7},{"name":"McLachlan Street","cls":6,"brg":284.7}]},"geometry":{"type":"Point","coordinates":[142.19959,-36.71317]}},{"type":"Feature","properties":{"roads":[{"name":"Firebrace Street","cls":4,"brg":178.2},{"name":"Roberts Avenue","cls":6,"brg":89.2}]},"geometry":{"type":"Point","coordinates":[142.19977,-36.71428]}},{"type":"Feature","properties":{"roads":[{"name":"Roberts Avenue","cls":6,"brg":257.2},{"name":"Darlot Street","cls":6,"brg":186.9}]},"geometry":{"type":"Point","coordinates":[142.19719,-36.71434]}},{"type":"Feature","properties":{"roads":[{"name":"Darlot Street","cls":6,"brg":296.9},{"name":"McLachlan Street","cls":6,"brg":267.7}]},"geometry":{"type":"Point","coordinates":[142.19718,-36.71316]}},{"type":"Feature","properties":{"roads":[{"name":"Firebrace Street","cls":1,"brg":182.3},{"name":"Baillie Street","cls":1,"brg":271.3}]},"geometry":{"type":"Point","coordinates":[142.19976,-36.71182]}},{"type":"Feature","properties":{"roads":[{"name":"Firebrace Street","cls":4,"brg":170.9},{"name":"Pynsent Street","cls":6,"brg":90.1}]},"geometry":{"type":"Point","coordinates":[142.19981,-36.71542]}},{"type":"Feature","properties":{"roads":[{"name":"Firebrace Street","cls":4,"brg":160.7},{"name":"Hamilton Street","cls":6,"brg":95.6}]},"geometry":{"type":"Point","coordinates":[142.19978,-36.71771]}},{"type":"Feature","properties":{"roads":[{"name":"McPherson Street","cls":1,"brg":179.1},{"name":"Baillie Street","cls":1,"brg":90.1}]},"geometry":{"type":"Point","coordinates":[142.20489,-36.71169]}},{"type":"Feature","properties":{"roads":[{"name":"Baillie Street","cls":1,"brg":89.9},{"name":"Urquhart Street","cls":3,"brg":359.6}]},"geometry":{"type":"Point","coordinates":[142.20221,-36.7117]}},{"type":"Feature","properties":{"roads":[{"name":"Oliver Court","cls":6,"brg":339.4},{"name":"Barnes Boulevard","cls":6,"brg":333.5}]},"geometry":{"type":"Point","coordinates":[142.17165,-36.7255]}},{"type":"Feature","properties":{"roads":[{"name":"Fulton Avenue","cls":6,"brg":11.6},{"name":"Hayes Drive","cls":6,"brg":89.5}]},"geometry":{"type":"Point","coordinates":[142.17582,-36.72747]}},{"type":"Feature","properties":{"roads":[{"name":"Hayes Drive","cls":6,"brg":358.2},{"name":"Barnes Boulevard","cls":6,"brg":92.1}]},"geometry":{"type":"Point","coordinates":[142.1722,-36.72966]}},{"type":"Feature","properties":{"roads":[{"name":"Henderson Avenue","cls":6,"brg":249.9},{"name":"Oliver Court","cls":6,"brg":136.1}]},"geometry":{"type":"Point","coordinates":[142.17185,-36.72565]}},{"type":"Feature","properties":{"roads":[{"name":"Henderson Avenue","cls":6,"brg":65.6},{"name":"Mintern Crescent","cls":6,"brg":156}]},"geometry":{"type":"Point","coordinates":[142.17391,-36.72484]}},{"type":"Feature","properties":{"roads":[{"name":"Wimmera Rise","cls":6,"brg":331.9},{"name":"Barnes Boulevard","cls":6,"brg":49}]},"geometry":{"type":"Point","coordinates":[142.17595,-36.72885]}},{"type":"Feature","properties":{"roads":[{"name":"Oliver Court","cls":6,"brg":342.4},{"name":"Barnes Boulevard","cls":6,"brg":68.8}]},"geometry":{"type":"Point","coordinates":[142.17171,-36.72567]}},{"type":"Feature","properties":{"roads":[{"name":"River Park Rise","cls":6,"brg":333},{"name":"Barnes Boulevard","cls":6,"brg":66.3}]},"geometry":{"type":"Point","coordinates":[142.17491,-36.72947]}},{"type":"Feature","properties":{"roads":[{"name":"Natimuk Road","cls":2,"brg":63.1},{"name":"Barnes Boulevard","cls":6,"brg":333.5}]},"geometry":{"type":"Point","coordinates":[142.17127,-36.72482]}},{"type":"Feature","properties":{"roads":[{"name":"Dixon Court","cls":6,"brg":349.1},{"name":"Barnes Boulevard","cls":6,"brg":83.5}]},"geometry":{"type":"Point","coordinates":[142.17111,-36.72963]}},{"type":"Feature","properties":{"roads":[{"name":"Sayer Court","cls":6,"brg":358.2},{"name":"Barnes Boulevard","cls":6,"brg":90.5}]},"geometry":{"type":"Point","coordinates":[142.17343,-36.72967]}},{"type":"Feature","properties":{"roads":[{"name":"Drung-Jung Road","cls":4,"brg":42.5},{"name":"Gross Road","cls":5,"brg":303.6}]},"geometry":{"type":"Point","coordinates":[142.32767,-36.72143]}},{"type":"Feature","properties":{"roads":[{"name":"Drung-Jung Road","cls":4,"brg":45.1},{"name":"Gross Road","cls":5,"brg":328.2}]},"geometry":{"type":"Point","coordinates":[142.328,-36.72117]}},{"type":"Feature","properties":{"roads":[{"name":"Drung-Jung Road","cls":4,"brg":356.1},{"name":"Delahuntys Road","cls":7,"brg":269.5}]},"geometry":{"type":"Point","coordinates":[142.3307,-36.70127]}},{"type":"Feature","properties":{"roads":[{"name":"Drung-Jung Road","cls":4,"brg":2.5},{"name":"Tralee Lane","cls":5,"brg":319.1}]},"geometry":{"type":"Point","coordinates":[142.33063,-36.68648]}},{"type":"Feature","properties":{"roads":[{"name":"McPherson Street","cls":1,"brg":178.4},{"name":"Baillie Street","cls":1,"brg":273.5}]},"geometry":{"type":"Point","coordinates":[142.20494,-36.71181]}},{"type":"Feature","properties":{"roads":[{"name":"McPherson Street","cls":1,"brg":355.3},{"name":"A8","cls":1,"brg":345.5}]},"geometry":{"type":"Point","coordinates":[142.20485,-36.71211]}},{"type":"Feature","properties":{"roads":[{"name":"Baillie Street","cls":4,"brg":301.1},{"name":"Menadue Street","cls":6,"brg":23}]},"geometry":{"type":"Point","coordinates":[142.21621,-36.7118]}},{"type":"Feature","properties":{"roads":[{"name":"Baillie Street","cls":6,"brg":244.6},{"name":"Menadue Street","cls":6,"brg":224}]},"geometry":{"type":"Point","coordinates":[142.21641,-36.71178]}},{"type":"Feature","properties":{"roads":[{"name":"Firebrace Street","cls":4,"brg":330.5},{"name":"O'Callaghans Parade","cls":4,"brg":316.5}]},"geometry":{"type":"Point","coordinates":[142.19993,-36.71883]}},{"type":"Feature","properties":{"roads":[{"name":"Hamilton Street","cls":6,"brg":89.9},{"name":"Clark Street","cls":6,"brg":0.3}]},"geometry":{"type":"Point","coordinates":[142.20365,-36.7178]}},{"type":"Feature","properties":{"roads":[{"name":"Sloss Street","cls":4,"brg":89.8},{"name":"Urquhart Street","cls":4,"brg":359.4}]},"geometry":{"type":"Point","coordinates":[142.2023,-36.71964]}},{"type":"Feature","properties":{"roads":[{"name":"Sloss Street","cls":6,"brg":90.4},{"name":"Clark Street","cls":6,"brg":359.9}]},"geometry":{"type":"Point","coordinates":[142.20364,-36.71967]}},{"type":"Feature","properties":{"roads":[{"name":"McPherson Street","cls":1,"brg":359.5},{"name":"Sloss Street","cls":6,"brg":89.3},{"name":"McBryde Street","cls":6,"brg":75.4}]},"geometry":{"type":"Point","coordinates":[142.20493,-36.71966]}},{"type":"Feature","properties":{"roads":[{"name":"Sloss Street","cls":4,"brg":269.4},{"name":"Urquhart Street","cls":4,"brg":180.5}]},"geometry":{"type":"Point","coordinates":[142.20239,-36.7197]}},{"type":"Feature","properties":{"roads":[{"name":"Urquhart Street","cls":4,"brg":18},{"name":"Hamilton Street","cls":6,"brg":75.7}]},"geometry":{"type":"Point","coordinates":[142.20223,-36.71772]}},{"type":"Feature","properties":{"roads":[{"name":"Firebrace Street","cls":1,"brg":182.3},{"name":"Baillie Street","cls":1,"brg":89.9}]},"geometry":{"type":"Point","coordinates":[142.19976,-36.71171]}},{"type":"Feature","properties":{"roads":[{"name":"Firebrace Street","cls":1,"brg":3.5},{"name":"Baillie Street","cls":1,"brg":90.5}]},"geometry":{"type":"Point","coordinates":[142.19966,-36.71171]}},{"type":"Feature","properties":{"roads":[{"name":"Wilson Street","cls":2,"brg":295.4},{"name":"B240","cls":2,"brg":297.8},{"name":"Urquhart Street","cls":4,"brg":342.2}]},"geometry":{"type":"Point","coordinates":[142.20222,-36.71672]}},{"type":"Feature","properties":{"roads":[{"name":"May Park Terrace","cls":6,"brg":0},{"name":"Rodan Place","cls":7,"brg":88.4}]},"geometry":{"type":"Point","coordinates":[142.19625,-36.711]}},{"type":"Feature","properties":{"roads":[{"name":"May Park Terrace","cls":1,"brg":178.3},{"name":"Dimboola Road","cls":1,"brg":299.1}]},"geometry":{"type":"Point","coordinates":[142.19626,-36.71046]}},{"type":"Feature","properties":{"roads":[{"name":"May Park Terrace","cls":6,"brg":346.7},{"name":"Baillie Street","cls":6,"brg":124}]},"geometry":{"type":"Point","coordinates":[142.19627,-36.71169]}},{"type":"Feature","properties":{"roads":[{"name":"Baillie Street","cls":6,"brg":279},{"name":"Darlot Street","cls":6,"brg":175.1}]},"geometry":{"type":"Point","coordinates":[142.19714,-36.71184]}},{"type":"Feature","properties":{"roads":[{"name":"Baillie Street","cls":6,"brg":298.1},{"name":"Darlot Street","cls":6,"brg":353.7}]},"geometry":{"type":"Point","coordinates":[142.19702,-36.71183]}},{"type":"Feature","properties":{"roads":[{"name":"Dimboola Road","cls":1,"brg":121.6},{"name":"David Street","cls":6,"brg":176.6}]},"geometry":{"type":"Point","coordinates":[142.19851,-36.71144]}},{"type":"Feature","properties":{"roads":[{"name":"Baillie Street","cls":1,"brg":124.5},{"name":"Dimboola Road","cls":1,"brg":123.8},{"name":"David Street","cls":6,"brg":165.3}]},"geometry":{"type":"Point","coordinates":[142.19858,-36.71155]}},{"type":"Feature","properties":{"roads":[{"name":"Alfred Street","cls":5,"brg":269.6},{"name":"David Street","cls":6,"brg":358.9}]},"geometry":{"type":"Point","coordinates":[142.1985,-36.71041]}},{"type":"Feature","properties":{"roads":[{"name":"Millar Street","cls":1,"brg":210.5},{"name":"Dimboola Road","cls":1,"brg":300.8}]},"geometry":{"type":"Point","coordinates":[142.19271,-36.70878]}},{"type":"Feature","properties":{"roads":[{"name":"Small Street","cls":1,"brg":30},{"name":"Dimboola Road","cls":1,"brg":300.4}]},"geometry":{"type":"Point","coordinates":[142.19384,-36.70933]}},{"type":"Feature","properties":{"roads":[{"name":"O'Connor Street","cls":1,"brg":33.4},{"name":"Dimboola Road","cls":1,"brg":299.3}]},"geometry":{"type":"Point","coordinates":[142.19153,-36.70822]}},{"type":"Feature","properties":{"roads":[{"name":"O'Connor Street","cls":1,"brg":33.4},{"name":"Dimboola Road","cls":1,"brg":120.5}]},"geometry":{"type":"Point","coordinates":[142.19159,-36.70815]}},{"type":"Feature","properties":{"roads":[{"name":"Saul Crescent","cls":1,"brg":209.6},{"name":"Dimboola Road","cls":1,"brg":120.8}]},"geometry":{"type":"Point","coordinates":[142.19216,-36.70842]}},{"type":"Feature","properties":{"roads":[{"name":"Saul Crescent","cls":1,"brg":209.6},{"name":"Dimboola Road","cls":1,"brg":300.8}]},"geometry":{"type":"Point","coordinates":[142.1921,-36.70849]}},{"type":"Feature","properties":{"roads":[{"name":"O'Connor Street","cls":1,"brg":210.6},{"name":"Dimboola Road","cls":1,"brg":120.8}]},"geometry":{"type":"Point","coordinates":[142.19169,-36.70819]}},{"type":"Feature","properties":{"roads":[{"name":"Mitre-Nurcoung Road","cls":4,"brg":106.5},{"name":"G Webbs Road","cls":5,"brg":281}]},"geometry":{"type":"Point","coordinates":[141.77914,-36.70456]}},{"type":"Feature","properties":{"roads":[{"name":"G Webbs Road","cls":5,"brg":96},{"name":"Mccreddens Road","cls":5,"brg":187}]},"geometry":{"type":"Point","coordinates":[141.78073,-36.70468]}},{"type":"Feature","properties":{"roads":[{"name":"Mitre - Grass Flat Road","cls":4,"brg":187.1},{"name":"G Webbs Road","cls":5,"brg":97.2}]},"geometry":{"type":"Point","coordinates":[141.80495,-36.70708]}},{"type":"Feature","properties":{"roads":[{"name":"Henty Highway","cls":2,"brg":31.3},{"name":"River Heights Road","cls":6,"brg":121.8}]},"geometry":{"type":"Point","coordinates":[142.23801,-36.67768]}},{"type":"Feature","properties":{"roads":[{"name":"River Heights Road","cls":6,"brg":121.8},{"name":"Brighton Drive","cls":6,"brg":31.8}]},"geometry":{"type":"Point","coordinates":[142.24306,-36.68018]}},{"type":"Feature","properties":{"roads":[{"name":"Gertrude Street","cls":6,"brg":359.6},{"name":"Robin Street","cls":6,"brg":89.5}]},"geometry":{"type":"Point","coordinates":[142.20308,-36.70422]}},{"type":"Feature","properties":{"roads":[{"name":"Western Highway","cls":1,"brg":306.3},{"name":"Horsham-Drung South Road","cls":3,"brg":13.7}]},"geometry":{"type":"Point","coordinates":[142.32182,-36.79801]}},{"type":"Feature","properties":{"roads":[{"name":"Horsham-Drung South Road","cls":3,"brg":0.2},{"name":"Chalky Point Road","cls":7,"brg":89.8}]},"geometry":{"type":"Point","coordinates":[142.32187,-36.79733]}},{"type":"Feature","properties":{"roads":[{"name":"Horsham-Drung South Road","cls":3,"brg":359.8},{"name":"Dock Lake Road","cls":4,"brg":90.1}]},"geometry":{"type":"Point","coordinates":[142.32179,-36.78259]}},{"type":"Feature","properties":{"roads":[{"name":"Horsham-Drung South Road","cls":3,"brg":0.4},{"name":"Blakes Road","cls":5,"brg":270.1}]},"geometry":{"type":"Point","coordinates":[142.32187,-36.76793]}},{"type":"Feature","properties":{"roads":[{"name":"Horsham-Drung South Road","cls":3,"brg":359.8},{"name":"Horsham-Lubeck Road","cls":4,"brg":199.6}]},"geometry":{"type":"Point","coordinates":[142.32186,-36.76614]}},{"type":"Feature","properties":{"roads":[{"name":"Horsham-Drung South Road","cls":3,"brg":0.4},{"name":"Horsham-Lubeck Road","cls":3,"brg":359.8}]},"geometry":{"type":"Point","coordinates":[142.32186,-36.76555]}},{"type":"Feature","properties":{"roads":[{"name":"Western Highway","cls":1,"brg":299.5},{"name":"Horsham-Wal Wal Road","cls":5,"brg":48.3}]},"geometry":{"type":"Point","coordinates":[142.37537,-36.82649]}},{"type":"Feature","properties":{"roads":[{"name":"Horsham-Wal Wal Road","cls":5,"brg":28.4},{"name":"Fishers Road","cls":5,"brg":315.8}]},"geometry":{"type":"Point","coordinates":[142.39526,-36.81302]}},{"type":"Feature","properties":{"roads":[{"name":"Horsham-Wal Wal Road","cls":5,"brg":78.2},{"name":"Watsons Road","cls":5,"brg":272}]},"geometry":{"type":"Point","coordinates":[142.39743,-36.81202]}},{"type":"Feature","properties":{"roads":[{"name":"Horsham-Wal Wal Road","cls":5,"brg":90.2},{"name":"St Helens Road","cls":5,"brg":180.1}]},"geometry":{"type":"Point","coordinates":[142.41302,-36.81203]}},{"type":"Feature","properties":{"roads":[{"name":"Fishers Road","cls":5,"brg":357.2},{"name":"Watsons Road","cls":5,"brg":295.8}]},"geometry":{"type":"Point","coordinates":[142.39474,-36.81197]}},{"type":"Feature","properties":{"roads":[{"name":"Horsham-Lubeck Road","cls":4,"brg":231.9},{"name":"Fishers Road","cls":5,"brg":0}]},"geometry":{"type":"Point","coordinates":[142.39478,-36.76038]}},{"type":"Feature","properties":{"roads":[{"name":"Gerlach Street","cls":6,"brg":89.4},{"name":"Albert Street","cls":6,"brg":12.4}]},"geometry":{"type":"Point","coordinates":[142.20568,-36.69848]}},{"type":"Feature","properties":{"roads":[{"name":"Gerlach Street","cls":6,"brg":89.4},{"name":"Hennessy Street","cls":6,"brg":1.6}]},"geometry":{"type":"Point","coordinates":[142.20719,-36.69847]}},{"type":"Feature","properties":{"roads":[{"name":"Winifred Street","cls":6,"brg":0.1},{"name":"Anderson Street","cls":6,"brg":89.3}]},"geometry":{"type":"Point","coordinates":[142.20776,-36.70599]}},{"type":"Feature","properties":{"roads":[{"name":"Winifred Street","cls":6,"brg":0.1},{"name":"Mary Street","cls":6,"brg":89.5}]},"geometry":{"type":"Point","coordinates":[142.20776,-36.70499]}},{"type":"Feature","properties":{"roads":[{"name":"Winifred Street","cls":6,"brg":359.3},{"name":"Edith Street","cls":6,"brg":89.7}]},"geometry":{"type":"Point","coordinates":[142.20775,-36.70441]}},{"type":"Feature","properties":{"roads":[{"name":"Forsyth Avenue","cls":6,"brg":91.3},{"name":"Felstead Avenue","cls":6,"brg":178.6}]},"geometry":{"type":"Point","coordinates":[142.2088,-36.70153]}},{"type":"Feature","properties":{"roads":[{"name":"Forsyth Avenue","cls":6,"brg":119},{"name":"Creek Crescent","cls":6,"brg":55.1}]},"geometry":{"type":"Point","coordinates":[142.2105,-36.7018]}},{"type":"Feature","properties":{"roads":[{"name":"Forsyth Avenue","cls":6,"brg":146.5},{"name":"Shirley Street","cls":6,"brg":44}]},"geometry":{"type":"Point","coordinates":[142.21108,-36.7025]}},{"type":"Feature","properties":{"roads":[{"name":"Hutchesson Street","cls":6,"brg":89.9},{"name":"Albert Street","cls":6,"brg":0.3}]},"geometry":{"type":"Point","coordinates":[142.20503,-36.70253]}},{"type":"Feature","properties":{"roads":[{"name":"Hutchesson Street","cls":6,"brg":89.9},{"name":"Winifred Street","cls":6,"brg":0.2}]},"geometry":{"type":"Point","coordinates":[142.20775,-36.70252]}},{"type":"Feature","properties":{"roads":[{"name":"Bowler Street","cls":6,"brg":88.7},{"name":"Winifred Street","cls":6,"brg":0.2}]},"geometry":{"type":"Point","coordinates":[142.20775,-36.70204]}},{"type":"Feature","properties":{"roads":[{"name":"Bowler Street","cls":6,"brg":88.7},{"name":"Felstead Avenue","cls":6,"brg":179.7}]},"geometry":{"type":"Point","coordinates":[142.20881,-36.70202]}},{"type":"Feature","properties":{"roads":[{"name":"Calder Court","cls":6,"brg":218.6},{"name":"Forsyth Avenue","cls":6,"brg":143.4}]},"geometry":{"type":"Point","coordinates":[142.21166,-36.70313]}},{"type":"Feature","properties":{"roads":[{"name":"Noske Place","cls":6,"brg":88.8},{"name":"Bleakley Street","cls":6,"brg":15.2}]},"geometry":{"type":"Point","coordinates":[142.20289,-36.69958]}},{"type":"Feature","properties":{"roads":[{"name":"Dooen Road","cls":2,"brg":44},{"name":"Perry Drive","cls":6,"brg":129.1}]},"geometry":{"type":"Point","coordinates":[142.21688,-36.7023]}},{"type":"Feature","properties":{"roads":[{"name":"Perry Drive","cls":6,"brg":129.2},{"name":"Ladlow Court","cls":6,"brg":193.3}]},"geometry":{"type":"Point","coordinates":[142.21753,-36.70273]}},{"type":"Feature","properties":{"roads":[{"name":"Kalkee Road","cls":3,"brg":194.4},{"name":"Bleakley Street","cls":6,"brg":88.9}]},"geometry":{"type":"Point","coordinates":[142.20114,-36.70062]}},{"type":"Feature","properties":{"roads":[{"name":"Bleakley Street","cls":6,"brg":19.2},{"name":"Crump Street","cls":6,"brg":90.1}]},"geometry":{"type":"Point","coordinates":[142.20265,-36.70029]}},{"type":"Feature","properties":{"roads":[{"name":"Bleakley Street","cls":6,"brg":16.7},{"name":"Delta Street","cls":6,"brg":89},{"name":"Jones Street","cls":6,"brg":125.3}]},"geometry":{"type":"Point","coordinates":[142.20316,-36.69872]}},{"type":"Feature","properties":{"roads":[{"name":"Creek Crescent","cls":6,"brg":86.3},{"name":"Landt Place","cls":6,"brg":180.2}]},"geometry":{"type":"Point","coordinates":[142.21167,-36.7015]}},{"type":"Feature","properties":{"roads":[{"name":"Shirley Street","cls":6,"brg":5.6},{"name":"Felstead Avenue","cls":6,"brg":96.3}]},"geometry":{"type":"Point","coordinates":[142.21028,-36.70348]}},{"type":"Feature","properties":{"roads":[{"name":"Shirley Street","cls":6,"brg":23.2},{"name":"McMillan Court","cls":6,"brg":301.7}]},"geometry":{"type":"Point","coordinates":[142.21057,-36.70293]}},{"type":"Feature","properties":{"roads":[{"name":"Anderson Street","cls":6,"brg":89.6},{"name":"Austin Street","cls":6,"brg":179.5}]},"geometry":{"type":"Point","coordinates":[142.20646,-36.70601]}},{"type":"Feature","properties":{"roads":[{"name":"Queen Street","cls":6,"brg":0.2},{"name":"Wavell Street","cls":6,"brg":89.3}]},"geometry":{"type":"Point","coordinates":[142.19979,-36.70261]}},{"type":"Feature","properties":{"roads":[{"name":"Kalkee Road","cls":3,"brg":197},{"name":"Delta Street","cls":6,"brg":89}]},"geometry":{"type":"Point","coordinates":[142.20181,-36.69872]}},{"type":"Feature","properties":{"roads":[{"name":"Hennessy Street","cls":6,"brg":89.6},{"name":"Albert Street","cls":6,"brg":356.7}]},"geometry":{"type":"Point","coordinates":[142.20503,-36.7008]}},{"type":"Feature","properties":{"roads":[{"name":"Knight Place","cls":6,"brg":89.1},{"name":"Albert Street","cls":6,"brg":16.5}]},"geometry":{"type":"Point","coordinates":[142.20537,-36.69925]}},{"type":"Feature","properties":{"roads":[{"name":"Crump Street","cls":6,"brg":90.1},{"name":"Albert Street","cls":6,"brg":356.7}]},"geometry":{"type":"Point","coordinates":[142.205,-36.70029]}},{"type":"Feature","properties":{"roads":[{"name":"Jones Street","cls":6,"brg":104},{"name":"Albert Street","cls":6,"brg":16.1}]},"geometry":{"type":"Point","coordinates":[142.20548,-36.69895]}},{"type":"Feature","properties":{"roads":[{"name":"Watts Street","cls":6,"brg":90.3},{"name":"Albert Street","cls":6,"brg":0.3}]},"geometry":{"type":"Point","coordinates":[142.20503,-36.70163]}},{"type":"Feature","properties":{"roads":[{"name":"Langlands Street","cls":6,"brg":89},{"name":"Albert Street","cls":6,"brg":358.7}]},"geometry":{"type":"Point","coordinates":[142.20504,-36.70346]}},{"type":"Feature","properties":{"roads":[{"name":"Langlands Street","cls":6,"brg":89},{"name":"Winifred Street","cls":6,"brg":358.8}]},"geometry":{"type":"Point","coordinates":[142.20776,-36.70343]}},{"type":"Feature","properties":{"roads":[{"name":"Mill Street","cls":6,"brg":90.1},{"name":"Hazel Street","cls":6,"brg":95.7},{"name":"Wawunna Road","cls":6,"brg":181.6}]},"geometry":{"type":"Point","coordinates":[142.19622,-36.70662]}},{"type":"Feature","properties":{"roads":[{"name":"Natimuk Road","cls":2,"brg":64.4},{"name":"Banool Street","cls":6,"brg":335.7}]},"geometry":{"type":"Point","coordinates":[142.17785,-36.72222]}},{"type":"Feature","properties":{"roads":[{"name":"Wimmera Highway","cls":2,"brg":46.8},{"name":"Jung North Road","cls":5,"brg":328.7}]},"geometry":{"type":"Point","coordinates":[142.36009,-36.62261]}},{"type":"Feature","properties":{"roads":[{"name":"Jung North Road","cls":5,"brg":0.3},{"name":"Jung Tip Road","cls":5,"brg":91.6},{"name":"Baker Street","cls":5,"brg":358}]},"geometry":{"type":"Point","coordinates":[142.36008,-36.60971]}},{"type":"Feature","properties":{"roads":[{"name":"Wheat Road","cls":5,"brg":148.6},{"name":"Domaschenz Road","cls":5,"brg":100.7}]},"geometry":{"type":"Point","coordinates":[142.43122,-36.73863]}},{"type":"Feature","properties":{"roads":[{"name":"Horsham-Lubeck Road","cls":4,"brg":187.6},{"name":"Wheat Road","cls":5,"brg":178.5}]},"geometry":{"type":"Point","coordinates":[142.43128,-36.74777]}},{"type":"Feature","properties":{"roads":[{"name":"Horsham-Lubeck Road","cls":3,"brg":0.3},{"name":"Domaschenz Road","cls":5,"brg":90.1},{"name":"North Road","cls":5,"brg":90.1}]},"geometry":{"type":"Point","coordinates":[142.32184,-36.73851]}},{"type":"Feature","properties":{"roads":[{"name":"Domaschenz Road","cls":5,"brg":90.1},{"name":"Pine Lake Road","cls":5,"brg":0.1}]},"geometry":{"type":"Point","coordinates":[142.34008,-36.73855]}},{"type":"Feature","properties":{"roads":[{"name":"Domaschenz Road","cls":5,"brg":90.1},{"name":"Taylors Lake North Road","cls":5,"brg":359.9}]},"geometry":{"type":"Point","coordinates":[142.37653,-36.73857]}},{"type":"Feature","properties":{"roads":[{"name":"Domaschenz Road","cls":5,"brg":90},{"name":"Saint Helens Road","cls":5,"brg":0}]},"geometry":{"type":"Point","coordinates":[142.41304,-36.73859]}},{"type":"Feature","properties":{"roads":[{"name":"Gross Road","cls":5,"brg":0.2},{"name":"McIntyres Road","cls":5,"brg":270.1},{"name":"Pine Lake Road","cls":7,"brg":180}]},"geometry":{"type":"Point","coordinates":[142.34009,-36.72387]}},{"type":"Feature","properties":{"roads":[{"name":"Varley Road","cls":5,"brg":0},{"name":"Uebergangs Road","cls":5,"brg":90.2}]},"geometry":{"type":"Point","coordinates":[142.32169,-36.82669]}},{"type":"Feature","properties":{"roads":[{"name":"Western Highway","cls":1,"brg":303.8},{"name":"Varley Road","cls":5,"brg":15.2}]},"geometry":{"type":"Point","coordinates":[142.32196,-36.79809]}},{"type":"Feature","properties":{"roads":[{"name":"Northern Grampians Road","cls":3,"brg":189.5},{"name":"McTavishs Road","cls":4,"brg":271.4},{"name":"Laharum-Grahams Bridge Road","cls":5,"brg":259.1}]},"geometry":{"type":"Point","coordinates":[142.32384,-36.9467]}},{"type":"Feature","properties":{"roads":[{"name":"Northern Grampians Road","cls":3,"brg":176.9},{"name":"Camerons Road","cls":7,"brg":91.9}]},"geometry":{"type":"Point","coordinates":[142.32394,-36.9655]}},{"type":"Feature","properties":{"roads":[{"name":"Northern Grampians Road","cls":3,"brg":176.2},{"name":"Carter Road","cls":7,"brg":269.9}]},"geometry":{"type":"Point","coordinates":[142.32404,-36.96667]}},{"type":"Feature","properties":{"roads":[{"name":"Smiths Road","cls":4,"brg":294.6},{"name":"Flagstaff Track","cls":7,"brg":350.5}]},"geometry":{"type":"Point","coordinates":[142.37067,-36.98123]}},{"type":"Feature","properties":{"roads":[{"name":"Smiths Road","cls":4,"brg":270.6},{"name":"Winfields Road","cls":4,"brg":0.5}]},"geometry":{"type":"Point","coordinates":[142.3581,-36.98026]}},{"type":"Feature","properties":{"roads":[{"name":"Winfields Road","cls":4,"brg":359.8},{"name":"Camerons Road","cls":7,"brg":85.7}]},"geometry":{"type":"Point","coordinates":[142.35808,-36.96562]}},{"type":"Feature","properties":{"roads":[{"name":"Winfields Road","cls":4,"brg":356.4},{"name":"McTavishs Road","cls":4,"brg":272.7}]},"geometry":{"type":"Point","coordinates":[142.35812,-36.94677]}},{"type":"Feature","properties":{"roads":[{"name":"Longerenong Road","cls":4,"brg":251.4},{"name":"River Wheat Road","cls":7,"brg":359.4}]},"geometry":{"type":"Point","coordinates":[142.31938,-36.69152]}},{"type":"Feature","properties":{"roads":[{"name":"Horsham-Lubeck Road","cls":4,"brg":269.2},{"name":"Saint Helens Road","cls":5,"brg":0},{"name":"St Helens Road","cls":5,"brg":180}]},"geometry":{"type":"Point","coordinates":[142.41303,-36.75329]}},{"type":"Feature","properties":{"roads":[{"name":"Andrews Road","cls":5,"brg":269.5},{"name":"Riverside East Road","cls":6,"brg":0.2}]},"geometry":{"type":"Point","coordinates":[142.24894,-36.73845]}},{"type":"Feature","properties":{"roads":[{"name":"Longerenong Road","cls":4,"brg":316.2},{"name":"Magees Road","cls":5,"brg":38.4}]},"geometry":{"type":"Point","coordinates":[142.29794,-36.68024]}},{"type":"Feature","properties":{"roads":[{"name":"West Road","cls":5,"brg":180.5},{"name":"Centre Road","cls":7,"brg":90.1}]},"geometry":{"type":"Point","coordinates":[142.2671,-36.75313]}},{"type":"Feature","properties":{"roads":[{"name":"School Road","cls":4,"brg":0.1},{"name":"Centre Road","cls":7,"brg":90.1}]},"geometry":{"type":"Point","coordinates":[142.28536,-36.75315]}},{"type":"Feature","properties":{"roads":[{"name":"East Road","cls":5,"brg":0.2},{"name":"Centre Road","cls":7,"brg":90.1}]},"geometry":{"type":"Point","coordinates":[142.30364,-36.75316]}},{"type":"Feature","properties":{"roads":[{"name":"Francis Road","cls":5,"brg":269.6},{"name":"Dooen Slant Road","cls":7,"brg":145.5}]},"geometry":{"type":"Point","coordinates":[142.24819,-36.65309]}},{"type":"Feature","properties":{"roads":[{"name":"Wail - Dooen Road","cls":5,"brg":324.9},{"name":"Dooen Slant Road","cls":7,"brg":145.2}]},"geometry":{"type":"Point","coordinates":[142.25299,-36.65863]}},{"type":"Feature","properties":{"roads":[{"name":"Western Highway","cls":1,"brg":144.7},{"name":"Patterson Road","cls":5,"brg":264.9}]},"geometry":{"type":"Point","coordinates":[142.10314,-36.50615]}},{"type":"Feature","properties":{"roads":[{"name":"Patterson Road","cls":5,"brg":315.6},{"name":"Conn Road","cls":7,"brg":270.1}]},"geometry":{"type":"Point","coordinates":[142.07574,-36.49287]}},{"type":"Feature","properties":{"roads":[{"name":"Fishers Road","cls":7,"brg":359.5},{"name":"Schneiders Road","cls":7,"brg":90.3}]},"geometry":{"type":"Point","coordinates":[142.39471,-36.75332]}},{"type":"Feature","properties":{"roads":[{"name":"Blakes Road","cls":5,"brg":270.1},{"name":"East Road","cls":5,"brg":76.8}]},"geometry":{"type":"Point","coordinates":[142.30357,-36.76789]}},{"type":"Feature","properties":{"roads":[{"name":"Dock Lake Road","cls":4,"brg":93.1},{"name":"East Road","cls":5,"brg":359.6}]},"geometry":{"type":"Point","coordinates":[142.30357,-36.78258]}},{"type":"Feature","properties":{"roads":[{"name":"Austin Street","cls":6,"brg":179.5},{"name":"Edith Street","cls":6,"brg":89.7}]},"geometry":{"type":"Point","coordinates":[142.20644,-36.70442]}},{"type":"Feature","properties":{"roads":[{"name":"Palm Avenue","cls":6,"brg":225.6},{"name":"Mary Street","cls":6,"brg":89.5}]},"geometry":{"type":"Point","coordinates":[142.21274,-36.70496]}},{"type":"Feature","properties":{"roads":[{"name":"Plant Avenue","cls":6,"brg":268.6},{"name":"Stawell Road Service Road","cls":6,"brg":180}]},"geometry":{"type":"Point","coordinates":[142.20534,-36.72444]}},{"type":"Feature","properties":{"roads":[{"name":"Edmonds Court","cls":6,"brg":268.6},{"name":"Mardon Drive","cls":6,"brg":181}]},"geometry":{"type":"Point","coordinates":[142.21515,-36.72518]}},{"type":"Feature","properties":{"roads":[{"name":"Mardon Drive","cls":6,"brg":50.2},{"name":"Natoli Court","cls":6,"brg":142.7}]},"geometry":{"type":"Point","coordinates":[142.2079,-36.7237]}},{"type":"Feature","properties":{"roads":[{"name":"Watson Court","cls":6,"brg":188.2},{"name":"Mardon Drive","cls":6,"brg":95.4}]},"geometry":{"type":"Point","coordinates":[142.21187,-36.72274]}},{"type":"Feature","properties":{"roads":[{"name":"Rahley Court","cls":6,"brg":248.1},{"name":"Mardon Drive","cls":6,"brg":157.3}]},"geometry":{"type":"Point","coordinates":[142.21483,-36.72412]}},{"type":"Feature","properties":{"roads":[{"name":"Newton Court","cls":6,"brg":139.2},{"name":"Major Mitchell Drive","cls":6,"brg":51}]},"geometry":{"type":"Point","coordinates":[142.19581,-36.72645]}},{"type":"Feature","properties":{"roads":[{"name":"Nunn Court","cls":6,"brg":269.9},{"name":"De Castella Drive","cls":6,"brg":359.5}]},"geometry":{"type":"Point","coordinates":[142.18925,-36.70172]}},{"type":"Feature","properties":{"roads":[{"name":"Boyle Street","cls":6,"brg":267.2},{"name":"De Castella Drive","cls":6,"brg":359.2}]},"geometry":{"type":"Point","coordinates":[142.1888,-36.70029]}},{"type":"Feature","properties":{"roads":[{"name":"Darlot Street","cls":6,"brg":45.6},{"name":"Selkirk Drive","cls":6,"brg":68.3}]},"geometry":{"type":"Point","coordinates":[142.19699,-36.71869]}},{"type":"Feature","properties":{"roads":[{"name":"Ivy Street","cls":6,"brg":182.2},{"name":"Brooks Avenue","cls":6,"brg":193.6}]},"geometry":{"type":"Point","coordinates":[142.18985,-36.71968]}},{"type":"Feature","properties":{"roads":[{"name":"Ivy Street","cls":6,"brg":270.3},{"name":"Bennett Road","cls":6,"brg":177.5}]},"geometry":{"type":"Point","coordinates":[142.18727,-36.72019]}},{"type":"Feature","properties":{"roads":[{"name":"Lukin Court","cls":6,"brg":69.4},{"name":"De Castella Drive","cls":6,"brg":353.1}]},"geometry":{"type":"Point","coordinates":[142.18921,-36.70122]}},{"type":"Feature","properties":{"roads":[{"name":"Culliver Street","cls":6,"brg":359.8},{"name":"Trinity Drive","cls":7,"brg":92.6}]},"geometry":{"type":"Point","coordinates":[142.21414,-36.70851]}},{"type":"Feature","properties":{"roads":[{"name":"Culliver Street","cls":6,"brg":359},{"name":"Lewis Street","cls":6,"brg":90.3}]},"geometry":{"type":"Point","coordinates":[142.21413,-36.70802]}},{"type":"Feature","properties":{"roads":[{"name":"Old Hamilton Road","cls":5,"brg":179.7},{"name":"Hunts Road","cls":6,"brg":270.2}]},"geometry":{"type":"Point","coordinates":[142.20551,-36.75302]}},{"type":"Feature","properties":{"roads":[{"name":"Wimmera Highway","cls":2,"brg":258.4},{"name":"Horsham - Noradjuha Road","cls":3,"brg":0.2},{"name":"Remlaw Station Road","cls":5,"brg":0.2}]},"geometry":{"type":"Point","coordinates":[142.11731,-36.73898]}},{"type":"Feature","properties":{"roads":[{"name":"Wimmera Highway","cls":2,"brg":269.9},{"name":"Tuckers Road","cls":5,"brg":359.7}]},"geometry":{"type":"Point","coordinates":[142.09923,-36.73914]}},{"type":"Feature","properties":{"roads":[{"name":"Wimmera Highway","cls":2,"brg":275.8},{"name":"Lindners Road","cls":5,"brg":359.7}]},"geometry":{"type":"Point","coordinates":[142.08115,-36.73904]}},{"type":"Feature","properties":{"roads":[{"name":"Wimmera Highway","cls":2,"brg":270},{"name":"Vectis Station Road","cls":5,"brg":179.8},{"name":"Pelchens Road","cls":5,"brg":179.8}]},"geometry":{"type":"Point","coordinates":[142.06304,-36.73889]}},{"type":"Feature","properties":{"roads":[{"name":"Wimmera Highway","cls":2,"brg":272.9},{"name":"Quantong Cemetery Road","cls":4,"brg":0.5},{"name":"Hutchinsons Road","cls":4,"brg":0.5}]},"geometry":{"type":"Point","coordinates":[142.04498,-36.739]}},{"type":"Feature","properties":{"roads":[{"name":"Wimmera Highway","cls":2,"brg":274.5},{"name":"Asplins Road","cls":5,"brg":0.7}]},"geometry":{"type":"Point","coordinates":[142.02832,-36.73803]}},{"type":"Feature","properties":{"roads":[{"name":"Wimmera Highway","cls":2,"brg":274.5},{"name":"Quantong-Polkemmet Road","cls":5,"brg":150.6}]},"geometry":{"type":"Point","coordinates":[142.02158,-36.73759]}},{"type":"Feature","properties":{"roads":[{"name":"Wimmera Highway","cls":2,"brg":274.3},{"name":"Hughes Road","cls":5,"brg":178.7}]},"geometry":{"type":"Point","coordinates":[142.01885,-36.73742]}},{"type":"Feature","properties":{"roads":[{"name":"Wimmera Highway","cls":2,"brg":269.3},{"name":"Blocks Road","cls":5,"brg":180.2}]},"geometry":{"type":"Point","coordinates":[142.01316,-36.73719]}},{"type":"Feature","properties":{"roads":[{"name":"Byrne Street","cls":6,"brg":270},{"name":"Webster Street","cls":6,"brg":0.6}]},"geometry":{"type":"Point","coordinates":[142.21648,-36.7057]}},{"type":"Feature","properties":{"roads":[{"name":"Gillespie Street","cls":6,"brg":89.4},{"name":"Bank Street","cls":6,"brg":179.9}]},"geometry":{"type":"Point","coordinates":[142.21168,-36.7147]}},{"type":"Feature","properties":{"roads":[{"name":"Sinclair Place","cls":6,"brg":176.8},{"name":"Elizabeth Street","cls":6,"brg":89.4}]},"geometry":{"type":"Point","coordinates":[142.18597,-36.71644]}},{"type":"Feature","properties":{"roads":[{"name":"Sinclair Place","cls":6,"brg":180.9},{"name":"Pearl Street","cls":6,"brg":88.9}]},"geometry":{"type":"Point","coordinates":[142.18597,-36.71737]}},{"type":"Feature","properties":{"roads":[{"name":"Sinclair Place","cls":6,"brg":355.6},{"name":"Pearl Street","cls":6,"brg":90.6}]},"geometry":{"type":"Point","coordinates":[142.18537,-36.71738]}},{"type":"Feature","properties":{"roads":[{"name":"Puls Place","cls":6,"brg":88.7},{"name":"Albert Street","cls":6,"brg":356.3}]},"geometry":{"type":"Point","coordinates":[142.20565,-36.69772]}},{"type":"Feature","properties":{"roads":[{"name":"Obrees Road","cls":4,"brg":287.5},{"name":"Polkemmet Road","cls":4,"brg":189.7}]},"geometry":{"type":"Point","coordinates":[141.96371,-36.70129]}},{"type":"Feature","properties":{"roads":[{"name":"Dooen Road","cls":2,"brg":44.4},{"name":"Edith Street","cls":6,"brg":135.3}]},"geometry":{"type":"Point","coordinates":[142.21385,-36.70477]}},{"type":"Feature","properties":{"roads":[{"name":"Riverside Road","cls":4,"brg":267.1},{"name":"Pryors Road","cls":5,"brg":285.8}]},"geometry":{"type":"Point","coordinates":[142.23432,-36.69672]}},{"type":"Feature","properties":{"roads":[{"name":"Delville Street","cls":6,"brg":90.5},{"name":"Darlot Street","cls":6,"brg":0.4}]},"geometry":{"type":"Point","coordinates":[142.19702,-36.71465]}},{"type":"Feature","properties":{"roads":[{"name":"Ward Street","cls":6,"brg":180.1},{"name":"Roberts Avenue","cls":6,"brg":90}]},"geometry":{"type":"Point","coordinates":[142.19833,-36.71428]}},{"type":"Feature","properties":{"roads":[{"name":"Wilson Street","cls":2,"brg":99.7},{"name":"B240","cls":2,"brg":147.1},{"name":"Darlot Street","cls":6,"brg":195.2}]},"geometry":{"type":"Point","coordinates":[142.19725,-36.71663]}},{"type":"Feature","properties":{"roads":[{"name":"Golton Road","cls":5,"brg":0.2},{"name":"St Helens School Road","cls":5,"brg":269.8}]},"geometry":{"type":"Point","coordinates":[142.44958,-36.78215]}},{"type":"Feature","properties":{"roads":[{"name":"Golton Road","cls":5,"brg":0.1},{"name":"Taylors Lake East Road","cls":5,"brg":89.9}]},"geometry":{"type":"Point","coordinates":[142.44959,-36.76746]}},{"type":"Feature","properties":{"roads":[{"name":"Horsham-Lubeck Road","cls":4,"brg":269.8},{"name":"Golton Road","cls":5,"brg":0}]},"geometry":{"type":"Point","coordinates":[142.44957,-36.74538]}},{"type":"Feature","properties":{"roads":[{"name":"Horsham-Lubeck Road","cls":4,"brg":270.1},{"name":"Wheat Road","cls":5,"brg":91.1}]},"geometry":{"type":"Point","coordinates":[142.43475,-36.74536]}},{"type":"Feature","properties":{"roads":[{"name":"Horsham-Lubeck Road","cls":4,"brg":270.9},{"name":"Joys Road","cls":5,"brg":293.9}]},"geometry":{"type":"Point","coordinates":[142.46152,-36.74533]}},{"type":"Feature","properties":{"roads":[{"name":"Horsham-Lubeck Road","cls":4,"brg":179.9},{"name":"St Helens Wheat Road","cls":5,"brg":1}]},"geometry":{"type":"Point","coordinates":[142.43129,-36.75132]}},{"type":"Feature","properties":{"roads":[{"name":"Horsham-Lubeck Road","cls":4,"brg":265.3},{"name":"St Helens Wheat Road","cls":5,"brg":90.9}]},"geometry":{"type":"Point","coordinates":[142.42834,-36.75328]}},{"type":"Feature","properties":{"roads":[{"name":"Horsham-Lubeck Road","cls":4,"brg":184.5},{"name":"Taylors Lake North Road","cls":5,"brg":358.7}]},"geometry":{"type":"Point","coordinates":[142.37653,-36.76442]}},{"type":"Feature","properties":{"roads":[{"name":"Horsham-Lubeck Road","cls":4,"brg":269.9},{"name":"Schneiders Road","cls":7,"brg":0.2}]},"geometry":{"type":"Point","coordinates":[142.35829,-36.76794]}},{"type":"Feature","properties":{"roads":[{"name":"Horsham-Lubeck Road","cls":4,"brg":274.7},{"name":"Pine Lake Road","cls":5,"brg":0.1}]},"geometry":{"type":"Point","coordinates":[142.34002,-36.76451]}},{"type":"Feature","properties":{"roads":[{"name":"Stawell Road","cls":1,"brg":135.3},{"name":"Apricot Avenue","cls":4,"brg":45.6}]},"geometry":{"type":"Point","coordinates":[142.20683,-36.73453]}},{"type":"Feature","properties":{"roads":[{"name":"Peach Avenue","cls":4,"brg":43.3},{"name":"Vine South Avenue","cls":4,"brg":46.2}]},"geometry":{"type":"Point","coordinates":[142.21014,-36.73572]}},{"type":"Feature","properties":{"roads":[{"name":"McBryde Street","cls":6,"brg":90.7},{"name":"MacBain Street","cls":6,"brg":180.3}]},"geometry":{"type":"Point","coordinates":[142.20985,-36.71941]}},{"type":"Feature","properties":{"roads":[{"name":"Dooen Road","cls":2,"brg":44.3},{"name":"Rasmussen Road","cls":4,"brg":131}]},"geometry":{"type":"Point","coordinates":[142.2234,-36.69698]}},{"type":"Feature","properties":{"roads":[{"name":"Butlers Road","cls":6,"brg":270.2},{"name":"Riverside East Road","cls":6,"brg":0}]},"geometry":{"type":"Point","coordinates":[142.24904,-36.71256]}},{"type":"Feature","properties":{"roads":[{"name":"Cameron Road","cls":5,"brg":359.2},{"name":"Saunders Road","cls":5,"brg":269.7}]},"geometry":{"type":"Point","coordinates":[142.22354,-36.71783]}},{"type":"Feature","properties":{"roads":[{"name":"Browns Road","cls":5,"brg":90.2},{"name":"Riverside East Road","cls":6,"brg":0}]},"geometry":{"type":"Point","coordinates":[142.24904,-36.70904]}},{"type":"Feature","properties":{"roads":[{"name":"Robins Road","cls":7,"brg":355.2},{"name":"Hennessys Road","cls":7,"brg":268.5},{"name":"Beddisons Road","cls":7,"brg":176.5}]},"geometry":{"type":"Point","coordinates":[142.11493,-36.53644]}},{"type":"Feature","properties":{"roads":[{"name":"Robins Road","cls":7,"brg":355.3},{"name":"Riggs Road","cls":7,"brg":87.6}]},"geometry":{"type":"Point","coordinates":[142.11408,-36.52825]}},{"type":"Feature","properties":{"roads":[{"name":"Polkemmet Road","cls":4,"brg":292.9},{"name":"Remlaw Station Road","cls":5,"brg":359.7},{"name":"Beddisons Road","cls":5,"brg":359.9}]},"geometry":{"type":"Point","coordinates":[142.11687,-36.66383]}},{"type":"Feature","properties":{"roads":[{"name":"Polkemmet Road","cls":4,"brg":275},{"name":"Walshs Road","cls":5,"brg":179.7}]},"geometry":{"type":"Point","coordinates":[142.0988,-36.66186]}},{"type":"Feature","properties":{"roads":[{"name":"Wail-Polkemmet Road","cls":5,"brg":16.5},{"name":"Riggs Road","cls":7,"brg":89.5}]},"geometry":{"type":"Point","coordinates":[142.08271,-36.52837]}},{"type":"Feature","properties":{"roads":[{"name":"Old Minyip Road","cls":4,"brg":89.9},{"name":"Katyil-Wail Road","cls":5,"brg":179.8}]},"geometry":{"type":"Point","coordinates":[142.11831,-36.47016]}},{"type":"Feature","properties":{"roads":[{"name":"Katyil-Wail Road","cls":5,"brg":179.6},{"name":"Wail East Road","cls":7,"brg":89.8}]},"geometry":{"type":"Point","coordinates":[142.11845,-36.49279]}},{"type":"Feature","properties":{"roads":[{"name":"Katyil-Wail Road","cls":5,"brg":219.4},{"name":"Wail- Kalkee Road","cls":5,"brg":90.6},{"name":"Dooen Slant Road","cls":5,"brg":185.7}]},"geometry":{"type":"Point","coordinates":[142.1182,-36.511]}},{"type":"Feature","properties":{"roads":[{"name":"Geodetic Road","cls":5,"brg":179.8},{"name":"Mason Drive","cls":7,"brg":89.4}]},"geometry":{"type":"Point","coordinates":[142.1686,-36.67316]}},{"type":"Feature","properties":{"roads":[{"name":"Riley Road","cls":4,"brg":280.1},{"name":"Geodetic Road","cls":5,"brg":148.2}]},"geometry":{"type":"Point","coordinates":[142.16976,-36.6969]}},{"type":"Feature","properties":{"roads":[{"name":"Western Highway","cls":1,"brg":314.9},{"name":"Geodetic Road","cls":5,"brg":232.8}]},"geometry":{"type":"Point","coordinates":[142.16933,-36.69721]}},{"type":"Feature","properties":{"roads":[{"name":"Culliver Place","cls":6,"brg":133.5},{"name":"Tucker Street","cls":6,"brg":43.6}]},"geometry":{"type":"Point","coordinates":[142.214,-36.70628]}},{"type":"Feature","properties":{"roads":[{"name":"Culliver Place","cls":6,"brg":133.5},{"name":"Culliver Street","cls":6,"brg":28.2}]},"geometry":{"type":"Point","coordinates":[142.21468,-36.70679]}},{"type":"Feature","properties":{"roads":[{"name":"Francis Road","cls":5,"brg":269.8},{"name":"Dooen South Road","cls":5,"brg":359.9}]},"geometry":{"type":"Point","coordinates":[142.22329,-36.65321]}},{"type":"Feature","properties":{"roads":[{"name":"Francis Road","cls":5,"brg":269.8},{"name":"Flacks Road","cls":7,"brg":179.8}]},"geometry":{"type":"Point","coordinates":[142.18677,-36.65336]}},{"type":"Feature","properties":{"roads":[{"name":"West Wail Road","cls":5,"brg":74.5},{"name":"Mervyn Road","cls":5,"brg":164.1}]},"geometry":{"type":"Point","coordinates":[142.01951,-36.57472]}},{"type":"Feature","properties":{"roads":[{"name":"West Wail Road","cls":5,"brg":94.8},{"name":"Walter Road","cls":7,"brg":187.5}]},"geometry":{"type":"Point","coordinates":[142.04081,-36.57212]}},{"type":"Feature","properties":{"roads":[{"name":"West Wail Road","cls":5,"brg":90},{"name":"Ellis Road","cls":5,"brg":359.3}]},"geometry":{"type":"Point","coordinates":[142.05884,-36.57673]}},{"type":"Feature","properties":{"roads":[{"name":"West Wail Road","cls":5,"brg":89.9},{"name":"Wail-Polkemmet Road","cls":5,"brg":28.3}]},"geometry":{"type":"Point","coordinates":[142.07782,-36.57676]}},{"type":"Feature","properties":{"roads":[{"name":"West Wail Road","cls":5,"brg":90},{"name":"Frew Road","cls":7,"brg":179.7}]},"geometry":{"type":"Point","coordinates":[142.09231,-36.57667]}},{"type":"Feature","properties":{"roads":[{"name":"West Wail Road","cls":5,"brg":89.9},{"name":"Lignum Lane","cls":7,"brg":359.7}]},"geometry":{"type":"Point","coordinates":[142.09487,-36.57667]}},{"type":"Feature","properties":{"roads":[{"name":"West Wail Road","cls":5,"brg":89.4},{"name":"Buloke Lane","cls":7,"brg":359.9}]},"geometry":{"type":"Point","coordinates":[142.11177,-36.58264]}},{"type":"Feature","properties":{"roads":[{"name":"West Wail Road","cls":5,"brg":89.3},{"name":"Pimpinio School Road","cls":6,"brg":357.4}]},"geometry":{"type":"Point","coordinates":[142.11485,-36.58261]}},{"type":"Feature","properties":{"roads":[{"name":"Chapmans Road","cls":7,"brg":269.7},{"name":"Dooen North Road","cls":7,"brg":179.8}]},"geometry":{"type":"Point","coordinates":[142.2414,-36.62423]}},{"type":"Feature","properties":{"roads":[{"name":"Kalkee School Road","cls":5,"brg":90},{"name":"Dooen North Road","cls":7,"brg":180.1}]},"geometry":{"type":"Point","coordinates":[142.24118,-36.53796]}},{"type":"Feature","properties":{"roads":[{"name":"Dooen North Road","cls":7,"brg":180},{"name":"Finlaysons Road","cls":7,"brg":89.9}]},"geometry":{"type":"Point","coordinates":[142.24126,-36.58452]}},{"type":"Feature","properties":{"roads":[{"name":"Ladlows Road","cls":5,"brg":270.1},{"name":"Dooen North Road","cls":7,"brg":179.8}]},"geometry":{"type":"Point","coordinates":[142.24134,-36.60788]}},{"type":"Feature","properties":{"roads":[{"name":"O'Connors Road","cls":7,"brg":269.7},{"name":"Nine Mile Hotel Road","cls":7,"brg":359.7}]},"geometry":{"type":"Point","coordinates":[142.13232,-36.60986]}},{"type":"Feature","properties":{"roads":[{"name":"Ivess Road","cls":7,"brg":180},{"name":"Pimpinio West Road","cls":7,"brg":270.8}]},"geometry":{"type":"Point","coordinates":[142.08937,-36.59642]}},{"type":"Feature","properties":{"roads":[{"name":"Drendels Road","cls":5,"brg":90.1},{"name":"Ivess Road","cls":7,"brg":180}]},"geometry":{"type":"Point","coordinates":[142.08938,-36.61007]}},{"type":"Feature","properties":{"roads":[{"name":"Miller Street","cls":6,"brg":115.9},{"name":"Bakers Road","cls":7,"brg":112.4}]},"geometry":{"type":"Point","coordinates":[142.12311,-36.58763]}},{"type":"Feature","properties":{"roads":[{"name":"Geodetic Road","cls":5,"brg":180},{"name":"Bakers Road","cls":7,"brg":89.5},{"name":"Finlaysons Road","cls":7,"brg":90}]},"geometry":{"type":"Point","coordinates":[142.16834,-36.5857]}},{"type":"Feature","properties":{"roads":[{"name":"Banyena Road","cls":5,"brg":269.8},{"name":"Flacks Road","cls":7,"brg":179.9}]},"geometry":{"type":"Point","coordinates":[142.18655,-36.56282]}},{"type":"Feature","properties":{"roads":[{"name":"Flacks Road","cls":7,"brg":179.9},{"name":"Sleaters Channel Track","cls":7,"brg":91}]},"geometry":{"type":"Point","coordinates":[142.18656,-36.56833]}},{"type":"Feature","properties":{"roads":[{"name":"Flacks Road","cls":7,"brg":179.9},{"name":"Finlaysons Road","cls":7,"brg":90}]},"geometry":{"type":"Point","coordinates":[142.18659,-36.5857]}},{"type":"Feature","properties":{"roads":[{"name":"Flacks Road","cls":7,"brg":179.8},{"name":"Jenkinsons Road","cls":7,"brg":89.8}]},"geometry":{"type":"Point","coordinates":[142.18663,-36.62444]}},{"type":"Feature","properties":{"roads":[{"name":"Flacks Road","cls":7,"brg":179.8},{"name":"Hobbs Road","cls":7,"brg":89.8}]},"geometry":{"type":"Point","coordinates":[142.1867,-36.63883]}},{"type":"Feature","properties":{"roads":[{"name":"Banyena Road","cls":5,"brg":270.2},{"name":"Geodetic Road","cls":5,"brg":180.1}]},"geometry":{"type":"Point","coordinates":[142.16836,-36.56283]}},{"type":"Feature","properties":{"roads":[{"name":"Banyena Road","cls":5,"brg":269.6},{"name":"Wail East School Road","cls":7,"brg":359.9}]},"geometry":{"type":"Point","coordinates":[142.15524,-36.56291]}},{"type":"Feature","properties":{"roads":[{"name":"Banyena Road","cls":5,"brg":224.6},{"name":"Verandah Swamp Road","cls":7,"brg":31.4}]},"geometry":{"type":"Point","coordinates":[142.12688,-36.56773]}},{"type":"Feature","properties":{"roads":[{"name":"Frew Road","cls":7,"brg":179.7},{"name":"Pimpinio West Road","cls":7,"brg":269.9}]},"geometry":{"type":"Point","coordinates":[142.09242,-36.59563]}},{"type":"Feature","properties":{"roads":[{"name":"Wail-Polkemmet Road","cls":5,"brg":36.2},{"name":"Quantong-Polkemmet Road","cls":5,"brg":340.5}]},"geometry":{"type":"Point","coordinates":[141.99059,-36.65387]}},{"type":"Feature","properties":{"roads":[{"name":"Wail-Polkemmet Road","cls":5,"brg":44.7},{"name":"Reinheimers Road","cls":5,"brg":90.1}]},"geometry":{"type":"Point","coordinates":[142.02523,-36.6249]}},{"type":"Feature","properties":{"roads":[{"name":"Wail-Polkemmet Road","cls":5,"brg":44},{"name":"Drendels Road","cls":7,"brg":96.4}]},"geometry":{"type":"Point","coordinates":[142.04308,-36.61012]}},{"type":"Feature","properties":{"roads":[{"name":"Wail-Polkemmet Road","cls":5,"brg":31.9},{"name":"Pimpinio West Road","cls":7,"brg":270}]},"geometry":{"type":"Point","coordinates":[142.0592,-36.5965]}},{"type":"Feature","properties":{"roads":[{"name":"Wail-Polkemmet Road","cls":5,"brg":5.4},{"name":"Hinnebergs Road","cls":7,"brg":270.3}]},"geometry":{"type":"Point","coordinates":[142.07957,-36.56167]}},{"type":"Feature","properties":{"roads":[{"name":"Wail-Polkemmet Road","cls":5,"brg":5.4},{"name":"Bartletts Road","cls":5,"brg":91.9}]},"geometry":{"type":"Point","coordinates":[142.0797,-36.56054]}},{"type":"Feature","properties":{"roads":[{"name":"Wail-Polkemmet Road","cls":5,"brg":4.9},{"name":"Hutchinsons Road","cls":5,"brg":270.9}]},"geometry":{"type":"Point","coordinates":[142.0805,-36.54617]}},{"type":"Feature","properties":{"roads":[{"name":"Wail-Polkemmet Road","cls":5,"brg":4.7},{"name":"Barbers Road","cls":7,"brg":270.1}]},"geometry":{"type":"Point","coordinates":[142.08118,-36.53951]}},{"type":"Feature","properties":{"roads":[{"name":"Remlaw Station Road","cls":5,"brg":359.6},{"name":"Rudolphs Road","cls":5,"brg":89.7}]},"geometry":{"type":"Point","coordinates":[142.11736,-36.72636]}},{"type":"Feature","properties":{"roads":[{"name":"Remlaw Station Road","cls":5,"brg":0},{"name":"Three Mile Road","cls":5,"brg":270.2}]},"geometry":{"type":"Point","coordinates":[142.117,-36.68269]}},{"type":"Feature","properties":{"roads":[{"name":"Reinheimers Road","cls":5,"brg":89.9},{"name":"Sampsons Road","cls":5,"brg":179.7}]},"geometry":{"type":"Point","coordinates":[142.01898,-36.62487]}},{"type":"Feature","properties":{"roads":[{"name":"Reinheimers Road","cls":5,"brg":89.2},{"name":"Quantong Cemetery Road","cls":5,"brg":359.3}]},"geometry":{"type":"Point","coordinates":[142.04447,-36.62496]}},{"type":"Feature","properties":{"roads":[{"name":"Reinheimers Road","cls":5,"brg":89.9},{"name":"Ellis Road","cls":5,"brg":180.1}]},"geometry":{"type":"Point","coordinates":[142.05923,-36.62485]}},{"type":"Feature","properties":{"roads":[{"name":"Reinheimers Road","cls":5,"brg":88.6},{"name":"Courtneys Road","cls":5,"brg":179.4}]},"geometry":{"type":"Point","coordinates":[142.06254,-36.62478]}},{"type":"Feature","properties":{"roads":[{"name":"Banyena Road","cls":5,"brg":255.4},{"name":"Kelly Road","cls":7,"brg":179.9}]},"geometry":{"type":"Point","coordinates":[142.22305,-36.56075]}},{"type":"Feature","properties":{"roads":[{"name":"Beddisons Road","cls":5,"brg":359.9},{"name":"Pelchen Avenue","cls":7,"brg":89.8}]},"geometry":{"type":"Point","coordinates":[142.11684,-36.65362]}},{"type":"Feature","properties":{"roads":[{"name":"Vectis Station Road","cls":5,"brg":179.8},{"name":"Boehms Road","cls":7,"brg":90}]},"geometry":{"type":"Point","coordinates":[142.06273,-36.66837]}},{"type":"Feature","properties":{"roads":[{"name":"Boehms Road","cls":7,"brg":89.8},{"name":"Lindners Road","cls":7,"brg":178.9}]},"geometry":{"type":"Point","coordinates":[142.08079,-36.66833]}},{"type":"Feature","properties":{"roads":[{"name":"Bartletts Road","cls":5,"brg":90.1},{"name":"Lignum Lane","cls":7,"brg":359.7}]},"geometry":{"type":"Point","coordinates":[142.09476,-36.56059]}},{"type":"Feature","properties":{"roads":[{"name":"Ladlows Road","cls":5,"brg":270},{"name":"Kelly Road","cls":7,"brg":179.9}]},"geometry":{"type":"Point","coordinates":[142.2231,-36.60789]}},{"type":"Feature","properties":{"roads":[{"name":"Jenkinsons Road","cls":5,"brg":89.7},{"name":"Reinheimers Road","cls":5,"brg":84.8},{"name":"Nine Mile Hotel Road","cls":7,"brg":355.1},{"name":"Railway Service Track","cls":7,"brg":337}]},"geometry":{"type":"Point","coordinates":[142.13254,-36.62465]}},{"type":"Feature","properties":{"roads":[{"name":"Beddisons Road","cls":7,"brg":89.6},{"name":"Wail East School Road","cls":7,"brg":359.9}]},"geometry":{"type":"Point","coordinates":[142.15521,-36.55365]}},{"type":"Feature","properties":{"roads":[{"name":"Finlaysons Road","cls":7,"brg":89.9},{"name":"Kelly Road","cls":7,"brg":179.9}]},"geometry":{"type":"Point","coordinates":[142.22308,-36.58455]}},{"type":"Feature","properties":{"roads":[{"name":"Pimpinio Tip Road","cls":5,"brg":88.1},{"name":"Miller Street","cls":6,"brg":149.5}]},"geometry":{"type":"Point","coordinates":[142.11855,-36.58254]}},{"type":"Feature","properties":{"roads":[{"name":"Miller Street","cls":6,"brg":149.5},{"name":"Fisher Street","cls":6,"brg":57.6}]},"geometry":{"type":"Point","coordinates":[142.11989,-36.58437]}},{"type":"Feature","properties":{"roads":[{"name":"Miller Street","cls":6,"brg":147.7},{"name":"Station Street","cls":6,"brg":58.3},{"name":"Station Street Extension","cls":6,"brg":56.6}]},"geometry":{"type":"Point","coordinates":[142.12127,-36.58612]}},{"type":"Feature","properties":{"roads":[{"name":"Wail East School Road","cls":7,"brg":359.9},{"name":"Lawsons Road","cls":7,"brg":87.3}]},"geometry":{"type":"Point","coordinates":[142.15519,-36.54727]}},{"type":"Feature","properties":{"roads":[{"name":"Reynolds Road","cls":5,"brg":269.8},{"name":"Wail East School Road","cls":7,"brg":353.5}]},"geometry":{"type":"Point","coordinates":[142.15498,-36.52831]}},{"type":"Feature","properties":{"roads":[{"name":"Drendels Road","cls":5,"brg":89.7},{"name":"Ellis Road","cls":5,"brg":179.8}]},"geometry":{"type":"Point","coordinates":[142.05918,-36.6101]}},{"type":"Feature","properties":{"roads":[{"name":"Dooen South Road","cls":5,"brg":359.5},{"name":"Gatehouse Road","cls":5,"brg":269.5}]},"geometry":{"type":"Point","coordinates":[142.2235,-36.68228]}},{"type":"Feature","properties":{"roads":[{"name":"Dooen South Road","cls":5,"brg":359.7},{"name":"Dooen School Road","cls":5,"brg":269.5}]},"geometry":{"type":"Point","coordinates":[142.2232,-36.6387]}},{"type":"Feature","properties":{"roads":[{"name":"Hobbs Road","cls":7,"brg":89.7},{"name":"Railway Service Track","cls":7,"brg":337.9}]},"geometry":{"type":"Point","coordinates":[142.13986,-36.63903]}},{"type":"Feature","properties":{"roads":[{"name":"Reinheimers Road","cls":5,"brg":89.9},{"name":"Walshs Road","cls":7,"brg":179.8}]},"geometry":{"type":"Point","coordinates":[142.09865,-36.62478]}},{"type":"Feature","properties":{"roads":[{"name":"Dahlen Quarry Road","cls":5,"brg":269.8},{"name":"Walshs Road","cls":7,"brg":179.8}]},"geometry":{"type":"Point","coordinates":[142.09872,-36.63925]}},{"type":"Feature","properties":{"roads":[{"name":"Dahlen Quarry Road","cls":5,"brg":89.5},{"name":"Beddisons Road","cls":5,"brg":359.8}]},"geometry":{"type":"Point","coordinates":[142.11677,-36.6392]}},{"type":"Feature","properties":{"roads":[{"name":"Drendels Road","cls":5,"brg":89.7},{"name":"Manson Road","cls":7,"brg":179.7}]},"geometry":{"type":"Point","coordinates":[142.09293,-36.61006]}},{"type":"Feature","properties":{"roads":[{"name":"Reinheimers Road","cls":5,"brg":89.9},{"name":"Manson Road","cls":7,"brg":179.7}]},"geometry":{"type":"Point","coordinates":[142.09302,-36.62479]}},{"type":"Feature","properties":{"roads":[{"name":"Station Street","cls":7,"brg":268.7},{"name":"Buloke Lane","cls":7,"brg":0}]},"geometry":{"type":"Point","coordinates":[142.11179,-36.58775]}},{"type":"Feature","properties":{"roads":[{"name":"Fisher Street","cls":6,"brg":57.6},{"name":"Church Street","cls":7,"brg":147.8}]},"geometry":{"type":"Point","coordinates":[142.11869,-36.58498]}},{"type":"Feature","properties":{"roads":[{"name":"Reynolds Road","cls":5,"brg":89.7},{"name":"Tonkins Road","cls":7,"brg":0.1}]},"geometry":{"type":"Point","coordinates":[142.18848,-36.52819]}},{"type":"Feature","properties":{"roads":[{"name":"Tonkins Road","cls":7,"brg":359.7},{"name":"Lawsons Road","cls":7,"brg":90}]},"geometry":{"type":"Point","coordinates":[142.18849,-36.54718]}},{"type":"Feature","properties":{"roads":[{"name":"Geodetic Road","cls":5,"brg":179.7},{"name":"Lawsons Road","cls":7,"brg":89.9}]},"geometry":{"type":"Point","coordinates":[142.16829,-36.54717]}},{"type":"Feature","properties":{"roads":[{"name":"Reynolds Road","cls":5,"brg":90.1},{"name":"Geodetic Road","cls":7,"brg":0}]},"geometry":{"type":"Point","coordinates":[142.16831,-36.52829]}},{"type":"Feature","properties":{"roads":[{"name":"Wail- Kalkee Road","cls":5,"brg":89.9},{"name":"Geodetic Road","cls":7,"brg":360}]},"geometry":{"type":"Point","coordinates":[142.1683,-36.51086]}},{"type":"Feature","properties":{"roads":[{"name":"Geodetic Road","cls":7,"brg":358.1},{"name":"Wail East Road","cls":7,"brg":89.7}]},"geometry":{"type":"Point","coordinates":[142.16833,-36.4926]}},{"type":"Feature","properties":{"roads":[{"name":"Dahlen Quarry Road","cls":5,"brg":270.1},{"name":"Nattrass Road","cls":5,"brg":359.3}]},"geometry":{"type":"Point","coordinates":[142.08064,-36.63923]}},{"type":"Feature","properties":{"roads":[{"name":"Dahlen Quarry Road","cls":5,"brg":270.3},{"name":"Quantong Cemetery Road","cls":5,"brg":359.9}]},"geometry":{"type":"Point","coordinates":[142.0446,-36.63933]}},{"type":"Feature","properties":{"roads":[{"name":"Dahlen Quarry Road","cls":5,"brg":269.4},{"name":"Polkemmet East School Road","cls":5,"brg":0.3}]},"geometry":{"type":"Point","coordinates":[142.0255,-36.63933]}},{"type":"Feature","properties":{"roads":[{"name":"Green Lake Road","cls":4,"brg":359.7},{"name":"Coombes Road","cls":5,"brg":88.9}]},"geometry":{"type":"Point","coordinates":[142.28503,-36.85952]}},{"type":"Feature","properties":{"roads":[{"name":"Green Lake Road","cls":4,"brg":0.1},{"name":"Arnotts Road","cls":5,"brg":270.8}]},"geometry":{"type":"Point","coordinates":[142.28515,-36.84122]}},{"type":"Feature","properties":{"roads":[{"name":"Green Lake Road","cls":4,"brg":0.1},{"name":"Mibus Lane","cls":5,"brg":90.3}]},"geometry":{"type":"Point","coordinates":[142.28525,-36.81189]}},{"type":"Feature","properties":{"roads":[{"name":"Green Lake Road","cls":4,"brg":0},{"name":"Reynolds Road","cls":7,"brg":90.2}]},"geometry":{"type":"Point","coordinates":[142.28529,-36.7972]}},{"type":"Feature","properties":{"roads":[{"name":"Green Lake Road","cls":4,"brg":359.9},{"name":"Clynes Road","cls":5,"brg":90}]},"geometry":{"type":"Point","coordinates":[142.28531,-36.78251]}},{"type":"Feature","properties":{"roads":[{"name":"Western Highway","cls":1,"brg":304.9},{"name":"Green Lake Road","cls":4,"brg":13.2}]},"geometry":{"type":"Point","coordinates":[142.28542,-36.78035]}},{"type":"Feature","properties":{"roads":[{"name":"East Road","cls":5,"brg":13},{"name":"South Road","cls":7,"brg":321}]},"geometry":{"type":"Point","coordinates":[142.30267,-36.76837]}},{"type":"Feature","properties":{"roads":[{"name":"School Road","cls":4,"brg":359.9},{"name":"South Road","cls":7,"brg":269.8}]},"geometry":{"type":"Point","coordinates":[142.28533,-36.76785]}},{"type":"Feature","properties":{"roads":[{"name":"West Road","cls":5,"brg":180.3},{"name":"South Road","cls":7,"brg":270.2}]},"geometry":{"type":"Point","coordinates":[142.26706,-36.7678]}},{"type":"Feature","properties":{"roads":[{"name":"Northern Grampians Road","cls":3,"brg":180.6},{"name":"Uebergangs Road","cls":5,"brg":88.9}]},"geometry":{"type":"Point","coordinates":[142.33994,-36.82666]}},{"type":"Feature","properties":{"roads":[{"name":"North East Wonwondah Road","cls":4,"brg":88.7},{"name":"Grahams Bridge Road","cls":5,"brg":356.1}]},"geometry":{"type":"Point","coordinates":[142.21398,-36.87804]}},{"type":"Feature","properties":{"roads":[{"name":"Flintoff Close","cls":6,"brg":257.3},{"name":"Fraser Drive","cls":6,"brg":343}]},"geometry":{"type":"Point","coordinates":[142.19221,-36.70173]}},{"type":"Feature","properties":{"roads":[{"name":"Fraser Drive","cls":6,"brg":15.3},{"name":"Perkins Court","cls":6,"brg":102.2}]},"geometry":{"type":"Point","coordinates":[142.1923,-36.70091]}},{"type":"Feature","properties":{"roads":[{"name":"Fraser Drive","cls":6,"brg":357.4},{"name":"Hickson Street","cls":6,"brg":269.2}]},"geometry":{"type":"Point","coordinates":[142.19249,-36.69998]}},{"type":"Feature","properties":{"roads":[{"name":"Ashwin Close","cls":6,"brg":304.3},{"name":"Selkirk Drive","cls":6,"brg":216.4}]},"geometry":{"type":"Point","coordinates":[142.1946,-36.7189]}},{"type":"Feature","properties":{"roads":[{"name":"Uebergang Court","cls":6,"brg":353.8},{"name":"Wavell Street","cls":6,"brg":90.8}]},"geometry":{"type":"Point","coordinates":[142.19036,-36.70266]}},{"type":"Feature","properties":{"roads":[{"name":"Kalkee Road","cls":3,"brg":197},{"name":"Motavu Drive","cls":6,"brg":287.3}]},"geometry":{"type":"Point","coordinates":[142.20155,-36.6994]}},{"type":"Feature","properties":{"roads":[{"name":"Thornley Street","cls":6,"brg":260.9},{"name":"Hillary Street","cls":6,"brg":348.2}]},"geometry":{"type":"Point","coordinates":[142.17936,-36.71334]}},{"type":"Feature","properties":{"roads":[{"name":"Thornley Street","cls":6,"brg":294.1},{"name":"Arthur Drive","cls":6,"brg":27.3}]},"geometry":{"type":"Point","coordinates":[142.17639,-36.71374]}},{"type":"Feature","properties":{"roads":[{"name":"Dumesny Street","cls":6,"brg":259.4},{"name":"Hillary Street","cls":6,"brg":347.3}]},"geometry":{"type":"Point","coordinates":[142.17965,-36.71544]}},{"type":"Feature","properties":{"roads":[{"name":"Dumesny Street","cls":6,"brg":259.4},{"name":"Victoria Boulevard","cls":6,"brg":170.4}]},"geometry":{"type":"Point","coordinates":[142.17863,-36.71559]}},{"type":"Feature","properties":{"roads":[{"name":"Dumesny Street","cls":6,"brg":243.5},{"name":"Luker Street","cls":6,"brg":336.7}]},"geometry":{"type":"Point","coordinates":[142.17678,-36.71621]}},{"type":"Feature","properties":{"roads":[{"name":"Stewart Street","cls":6,"brg":179.4},{"name":"Edward Street","cls":6,"brg":90.1}]},"geometry":{"type":"Point","coordinates":[142.19351,-36.70463]}},{"type":"Feature","properties":{"roads":[{"name":"Jardwa Court","cls":6,"brg":337.4},{"name":"Barnes Boulevard","cls":6,"brg":71.7}]},"geometry":{"type":"Point","coordinates":[142.19425,-36.72458]}},{"type":"Feature","properties":{"roads":[{"name":"School Road","cls":4,"brg":0.1},{"name":"North Road","cls":5,"brg":90.2}]},"geometry":{"type":"Point","coordinates":[142.28539,-36.73845]}},{"type":"Feature","properties":{"roads":[{"name":"North Road","cls":5,"brg":90.2},{"name":"East Road","cls":5,"brg":359.9}]},"geometry":{"type":"Point","coordinates":[142.3036,-36.7385]}},{"type":"Feature","properties":{"roads":[{"name":"One Tree Road","cls":7,"brg":0.3},{"name":"Eagles Road","cls":7,"brg":89.3}]},"geometry":{"type":"Point","coordinates":[142.26695,-36.82649]}},{"type":"Feature","properties":{"roads":[{"name":"One Tree Road","cls":5,"brg":0.2},{"name":"Reynolds Road","cls":7,"brg":90}]},"geometry":{"type":"Point","coordinates":[142.26703,-36.79715]}},{"type":"Feature","properties":{"roads":[{"name":"Pynsent Street","cls":6,"brg":109},{"name":"Darlot Street","cls":6,"brg":173.9}]},"geometry":{"type":"Point","coordinates":[142.1972,-36.71537]}},{"type":"Feature","properties":{"roads":[{"name":"Pynsent Street","cls":6,"brg":262.9},{"name":"Darlot Street","cls":6,"brg":182.8}]},"geometry":{"type":"Point","coordinates":[142.1972,-36.7155]}},{"type":"Feature","properties":{"roads":[{"name":"B240","cls":2,"brg":112.2},{"name":"Darlot Street","cls":6,"brg":177.1}]},"geometry":{"type":"Point","coordinates":[142.19723,-36.71652]}},{"type":"Feature","properties":{"roads":[{"name":"Heards Road","cls":5,"brg":90.1},{"name":"Riverside East Road","cls":6,"brg":359.6}]},"geometry":{"type":"Point","coordinates":[142.24908,-36.69438]}},{"type":"Feature","properties":{"roads":[{"name":"Clynes Road","cls":5,"brg":89.9},{"name":"Peuckers Road","cls":5,"brg":180.2}]},"geometry":{"type":"Point","coordinates":[142.24879,-36.78242]}},{"type":"Feature","properties":{"roads":[{"name":"Clynes Road","cls":5,"brg":90},{"name":"One Tree Road","cls":5,"brg":0.2}]},"geometry":{"type":"Point","coordinates":[142.26708,-36.78243]}},{"type":"Feature","properties":{"roads":[{"name":"Ballinger Street","cls":6,"brg":7.5},{"name":"Carine Street","cls":6,"brg":67.4}]},"geometry":{"type":"Point","coordinates":[142.18723,-36.73542]}},{"type":"Feature","properties":{"roads":[{"name":"Henty Highway","cls":1,"brg":28.5},{"name":"Plozzas Road","cls":4,"brg":270.2}]},"geometry":{"type":"Point","coordinates":[142.19611,-36.75297]}},{"type":"Feature","properties":{"roads":[{"name":"Plozzas Road","cls":4,"brg":270.2},{"name":"Watsons Lane","cls":5,"brg":360}]},"geometry":{"type":"Point","coordinates":[142.18742,-36.75295]}},{"type":"Feature","properties":{"roads":[{"name":"Plozzas Road","cls":4,"brg":270.6},{"name":"Lock Road","cls":6,"brg":167}]},"geometry":{"type":"Point","coordinates":[142.18418,-36.75292]}},{"type":"Feature","properties":{"roads":[{"name":"Plozzas Road","cls":4,"brg":269.9},{"name":"Colonial Drive","cls":6,"brg":179.7}]},"geometry":{"type":"Point","coordinates":[142.17921,-36.75293]}},{"type":"Feature","properties":{"roads":[{"name":"Plozzas Road","cls":4,"brg":310},{"name":"Golf Course Road","cls":4,"brg":213},{"name":"Three Bridges Road","cls":4,"brg":225.9}]},"geometry":{"type":"Point","coordinates":[142.17535,-36.75282]}},{"type":"Feature","properties":{"roads":[{"name":"Old Minyip Road","cls":5,"brg":270},{"name":"Excells Road","cls":5,"brg":180.1}]},"geometry":{"type":"Point","coordinates":[142.35193,-36.47045]}},{"type":"Feature","properties":{"roads":[{"name":"Old Minyip Road","cls":5,"brg":270.1},{"name":"Byrnes Road","cls":5,"brg":359.9},{"name":"Ailsa Wheat Road","cls":5,"brg":293}]},"geometry":{"type":"Point","coordinates":[142.32862,-36.47041]}},{"type":"Feature","properties":{"roads":[{"name":"Old Minyip Road","cls":5,"brg":270.8},{"name":"Exells Quarry Road","cls":5,"brg":180.1}]},"geometry":{"type":"Point","coordinates":[142.30919,-36.47021]}},{"type":"Feature","properties":{"roads":[{"name":"Old Minyip Road","cls":5,"brg":270.3},{"name":"Dogwood Road","cls":5,"brg":180.2}]},"geometry":{"type":"Point","coordinates":[142.29092,-36.47013]}},{"type":"Feature","properties":{"roads":[{"name":"Old Minyip Road","cls":5,"brg":269.8},{"name":"Hermans Road","cls":7,"brg":180.1}]},"geometry":{"type":"Point","coordinates":[142.26964,-36.4702]}},{"type":"Feature","properties":{"roads":[{"name":"Old Minyip Road","cls":5,"brg":270.3},{"name":"Greenaways Road","cls":5,"brg":180}]},"geometry":{"type":"Point","coordinates":[142.24388,-36.47009]}},{"type":"Feature","properties":{"roads":[{"name":"Dimboola-Minyip Road","cls":4,"brg":269.8},{"name":"Dogwood Road","cls":5,"brg":180.3}]},"geometry":{"type":"Point","coordinates":[142.29107,-36.44032]}},{"type":"Feature","properties":{"roads":[{"name":"Dogwood Road","cls":5,"brg":180.3},{"name":"Kings Road","cls":7,"brg":90.1}]},"geometry":{"type":"Point","coordinates":[142.29097,-36.45524]}},{"type":"Feature","properties":{"roads":[{"name":"Dogwood Road","cls":5,"brg":180},{"name":"Byrneville West Road","cls":5,"brg":180.5}]},"geometry":{"type":"Point","coordinates":[142.29092,-36.4811]}},{"type":"Feature","properties":{"roads":[{"name":"Sleeps Road","cls":5,"brg":0.1},{"name":"Byrneville Road","cls":5,"brg":90}]},"geometry":{"type":"Point","coordinates":[142.32053,-36.50564]}},{"type":"Feature","properties":{"roads":[{"name":"Firebrace Street","cls":6,"brg":9},{"name":"Baker Street","cls":6,"brg":80.9}]},"geometry":{"type":"Point","coordinates":[142.19974,-36.72048]}},{"type":"Feature","properties":{"roads":[{"name":"Wavell Street","cls":6,"brg":89.2},{"name":"Cecil Street","cls":6,"brg":359.5}]},"geometry":{"type":"Point","coordinates":[142.19079,-36.70265]}},{"type":"Feature","properties":{"roads":[{"name":"De Castella Drive","cls":6,"brg":359.3},{"name":"Hickson Street","cls":6,"brg":271.5}]},"geometry":{"type":"Point","coordinates":[142.18879,-36.69968]}},{"type":"Feature","properties":{"roads":[{"name":"Geranium Springs Road","cls":5,"brg":90.3},{"name":"Brimpaen Road","cls":5,"brg":322.8}]},"geometry":{"type":"Point","coordinates":[142.23502,-37.10693]}},{"type":"Feature","properties":{"roads":[{"name":"Grahams Bridge Road","cls":5,"brg":0.4},{"name":"Macinnes Road","cls":5,"brg":90.5}]},"geometry":{"type":"Point","coordinates":[142.23595,-36.92601]}},{"type":"Feature","properties":{"roads":[{"name":"Grahams Bridge Road","cls":5,"brg":336.8},{"name":"Hickeys Road","cls":5,"brg":88.6}]},"geometry":{"type":"Point","coordinates":[142.22423,-36.90121]}},{"type":"Feature","properties":{"roads":[{"name":"Baillie Street","cls":4,"brg":89.8},{"name":"Margaret Street","cls":6,"brg":0.1}]},"geometry":{"type":"Point","coordinates":[142.21321,-36.71168]}},{"type":"Feature","properties":{"roads":[{"name":"Gordon Street","cls":6,"brg":357.7},{"name":"Harders Street","cls":6,"brg":268.3}]},"geometry":{"type":"Point","coordinates":[142.20387,-36.73008]}},{"type":"Feature","properties":{"roads":[{"name":"Eagles Road","cls":5,"brg":270.1},{"name":"Peuckers Road","cls":5,"brg":180}]},"geometry":{"type":"Point","coordinates":[142.24867,-36.82646]}},{"type":"Feature","properties":{"roads":[{"name":"Laharum Road","cls":3,"brg":0.5},{"name":"Eagles Road","cls":5,"brg":270.3}]},"geometry":{"type":"Point","coordinates":[142.23035,-36.82639]}},{"type":"Feature","properties":{"roads":[{"name":"Western Highway","cls":1,"brg":314.5},{"name":"Golton Road","cls":5,"brg":49.6}]},"geometry":{"type":"Point","coordinates":[142.44917,-36.87458]}},{"type":"Feature","properties":{"roads":[{"name":"Peuckers Road","cls":5,"brg":241.4},{"name":"Mackies Road","cls":7,"brg":290.4}]},"geometry":{"type":"Point","coordinates":[142.24882,-36.76776]}},{"type":"Feature","properties":{"roads":[{"name":"Laharum Road","cls":3,"brg":360},{"name":"Mackies Road","cls":5,"brg":270.2}]},"geometry":{"type":"Point","coordinates":[142.23055,-36.76771]}},{"type":"Feature","properties":{"roads":[{"name":"Mackies Road","cls":5,"brg":268.7},{"name":"Grahams Bridge Road","cls":5,"brg":180.1}]},"geometry":{"type":"Point","coordinates":[142.21236,-36.76769]}},{"type":"Feature","properties":{"roads":[{"name":"Mackies Road","cls":5,"brg":270.2},{"name":"Old Hamilton Road","cls":5,"brg":180.2}]},"geometry":{"type":"Point","coordinates":[142.20514,-36.76767]}},{"type":"Feature","properties":{"roads":[{"name":"Mackies Road","cls":5,"brg":270.5},{"name":"Bushby Road","cls":6,"brg":0.6}]},"geometry":{"type":"Point","coordinates":[142.19304,-36.76762]}},{"type":"Feature","properties":{"roads":[{"name":"Peuckers Road","cls":5,"brg":180.2},{"name":"Reynolds Road","cls":5,"brg":90.3}]},"geometry":{"type":"Point","coordinates":[142.24873,-36.7971]}},{"type":"Feature","properties":{"roads":[{"name":"Peuckers Road","cls":5,"brg":179.7},{"name":"Millers Road","cls":7,"brg":89.6}]},"geometry":{"type":"Point","coordinates":[142.24877,-36.81182]}},{"type":"Feature","properties":{"roads":[{"name":"Peuckers Road","cls":5,"brg":180.3},{"name":"Mackenzies Road","cls":7,"brg":266}]},"geometry":{"type":"Point","coordinates":[142.2486,-36.84114]}},{"type":"Feature","properties":{"roads":[{"name":"Peuckers Road","cls":5,"brg":180.2},{"name":"Zippels Road","cls":5,"brg":270.4}]},"geometry":{"type":"Point","coordinates":[142.24855,-36.85942]}},{"type":"Feature","properties":{"roads":[{"name":"Stelee Park Drive","cls":5,"brg":337.9},{"name":"Fulbrooks Road","cls":5,"brg":96.4}]},"geometry":{"type":"Point","coordinates":[142.43097,-36.8558]}},{"type":"Feature","properties":{"roads":[{"name":"Wonwondah - Dadswells Bridge Road","cls":4,"brg":81},{"name":"Old Wartook Road","cls":5,"brg":159.6}]},"geometry":{"type":"Point","coordinates":[142.31828,-36.87507]}},{"type":"Feature","properties":{"roads":[{"name":"Northern Grampians Road","cls":3,"brg":187.2},{"name":"Wonwondah - Dadswells Bridge Road","cls":4,"brg":80.7}]},"geometry":{"type":"Point","coordinates":[142.32369,-36.87436]}},{"type":"Feature","properties":{"roads":[{"name":"Wonwondah - Dadswells Bridge Road","cls":4,"brg":80.6},{"name":"Kiefels Road","cls":5,"brg":351.9}]},"geometry":{"type":"Point","coordinates":[142.33978,-36.87222]}},{"type":"Feature","properties":{"roads":[{"name":"Wonwondah - Dadswells Bridge Road","cls":4,"brg":89.8},{"name":"Flat Rock Road","cls":5,"brg":180}]},"geometry":{"type":"Point","coordinates":[142.39475,-36.85582]}},{"type":"Feature","properties":{"roads":[{"name":"Laharum Road","cls":3,"brg":359.2},{"name":"Zippels Road","cls":5,"brg":269.5}]},"geometry":{"type":"Point","coordinates":[142.23023,-36.8594]}},{"type":"Feature","properties":{"roads":[{"name":"Arnotts Road","cls":5,"brg":270},{"name":"Tramline Track","cls":5,"brg":348.1}]},"geometry":{"type":"Point","coordinates":[142.37652,-36.84141]}},{"type":"Feature","properties":{"roads":[{"name":"Arnotts Road","cls":5,"brg":270.4},{"name":"Winfields Road","cls":5,"brg":351.6}]},"geometry":{"type":"Point","coordinates":[142.35812,-36.84136]}},{"type":"Feature","properties":{"roads":[{"name":"Northern Grampians Road","cls":3,"brg":175.4},{"name":"Arnotts Road","cls":5,"brg":270}]},"geometry":{"type":"Point","coordinates":[142.34002,-36.8414]}},{"type":"Feature","properties":{"roads":[{"name":"Arnotts Road","cls":5,"brg":291.8},{"name":"Old Wartook Road","cls":5,"brg":148.4}]},"geometry":{"type":"Point","coordinates":[142.30345,-36.84167]}},{"type":"Feature","properties":{"roads":[{"name":"Arnotts Road","cls":5,"brg":286.8},{"name":"Eagles Road","cls":5,"brg":141.6}]},"geometry":{"type":"Point","coordinates":[142.3022,-36.84136]}},{"type":"Feature","properties":{"roads":[{"name":"Arnotts Road","cls":5,"brg":227.1},{"name":"One Tree Road","cls":5,"brg":192.1}]},"geometry":{"type":"Point","coordinates":[142.26803,-36.84127]}},{"type":"Feature","properties":{"roads":[{"name":"Arnotts Road","cls":7,"brg":251.8},{"name":"Mackenzies Road","cls":7,"brg":268.1},{"name":"One Tree Road","cls":7,"brg":352.1}]},"geometry":{"type":"Point","coordinates":[142.26717,-36.8414]}},{"type":"Feature","properties":{"roads":[{"name":"Henty Highway","cls":1,"brg":28.6},{"name":"Hardinghams Road","cls":5,"brg":135.4}]},"geometry":{"type":"Point","coordinates":[142.18693,-36.76646]}},{"type":"Feature","properties":{"roads":[{"name":"Grahams Bridge Road","cls":5,"brg":180.2},{"name":"Eagles Road","cls":7,"brg":270.3}]},"geometry":{"type":"Point","coordinates":[142.21204,-36.82641]}},{"type":"Feature","properties":{"roads":[{"name":"Eagles Road","cls":7,"brg":281.7},{"name":"McKenzie Creek Reserve Road","cls":7,"brg":222.9}]},"geometry":{"type":"Point","coordinates":[142.18283,-36.82624]}},{"type":"Feature","properties":{"roads":[{"name":"Exells Road","cls":5,"brg":133.7},{"name":"McKenzie Creek Reserve Road","cls":5,"brg":137.9}]},"geometry":{"type":"Point","coordinates":[142.18077,-36.81104]}},{"type":"Feature","properties":{"roads":[{"name":"Exells Road","cls":5,"brg":90.5},{"name":"Pennys Road","cls":5,"brg":179.7}]},"geometry":{"type":"Point","coordinates":[142.19388,-36.81168]}},{"type":"Feature","properties":{"roads":[{"name":"Exells Road","cls":5,"brg":90.2},{"name":"Grahams Bridge Road","cls":5,"brg":180.3}]},"geometry":{"type":"Point","coordinates":[142.21213,-36.81173]}},{"type":"Feature","properties":{"roads":[{"name":"Laharum Road","cls":3,"brg":0.1},{"name":"Exells Road","cls":5,"brg":90.3},{"name":"Millers Road","cls":5,"brg":90.6}]},"geometry":{"type":"Point","coordinates":[142.23041,-36.81178]}},{"type":"Feature","properties":{"roads":[{"name":"Grahams Bridge Road","cls":5,"brg":180.6},{"name":"Reynolds Road","cls":5,"brg":89.9}]},"geometry":{"type":"Point","coordinates":[142.2122,-36.79702]}},{"type":"Feature","properties":{"roads":[{"name":"Grahams Bridge Road","cls":7,"brg":179.5},{"name":"Mackenzies Road","cls":7,"brg":282.7}]},"geometry":{"type":"Point","coordinates":[142.21204,-36.84104]}},{"type":"Feature","properties":{"roads":[{"name":"Zippels Road","cls":5,"brg":90.4},{"name":"Grahams Bridge Road","cls":7,"brg":157.6}]},"geometry":{"type":"Point","coordinates":[142.21304,-36.85936]}},{"type":"Feature","properties":{"roads":[{"name":"Grahams Bridge Road","cls":7,"brg":193.4},{"name":"Nixons Road","cls":7,"brg":83.7}]},"geometry":{"type":"Point","coordinates":[142.21301,-36.86296]}},{"type":"Feature","properties":{"roads":[{"name":"Hardinghams Road","cls":5,"brg":91.2},{"name":"Reynolds Road","cls":5,"brg":89.9}]},"geometry":{"type":"Point","coordinates":[142.19563,-36.79705]}},{"type":"Feature","properties":{"roads":[{"name":"Hardinghams Road","cls":5,"brg":183.4},{"name":"Bakers Road","cls":5,"brg":117.4}]},"geometry":{"type":"Point","coordinates":[142.18734,-36.77473]}},{"type":"Feature","properties":{"roads":[{"name":"Hardinghams Road","cls":5,"brg":179.9},{"name":"Clynes Road West","cls":5,"brg":270}]},"geometry":{"type":"Point","coordinates":[142.18723,-36.78224]}},{"type":"Feature","properties":{"roads":[{"name":"Laharum Road","cls":3,"brg":0.1},{"name":"Mackenzies Road","cls":7,"brg":270.4}]},"geometry":{"type":"Point","coordinates":[142.23032,-36.84116]}},{"type":"Feature","properties":{"roads":[{"name":"Laharum Road","cls":3,"brg":0.4},{"name":"Reynolds Road","cls":5,"brg":90.2}]},"geometry":{"type":"Point","coordinates":[142.23049,-36.79708]}},{"type":"Feature","properties":{"roads":[{"name":"Mackenzies Road","cls":7,"brg":268.4},{"name":"Pennys Road","cls":7,"brg":178.7}]},"geometry":{"type":"Point","coordinates":[142.19372,-36.84098]}},{"type":"Feature","properties":{"roads":[{"name":"Mackenzies Road","cls":7,"brg":244.8},{"name":"McKenzie Creek Reserve Road","cls":7,"brg":143.5}]},"geometry":{"type":"Point","coordinates":[142.18209,-36.84114]}},{"type":"Feature","properties":{"roads":[{"name":"Mackies Road","cls":5,"brg":266.1},{"name":"Hardinghams Road","cls":5,"brg":180.3}]},"geometry":{"type":"Point","coordinates":[142.18735,-36.76729]}},{"type":"Feature","properties":{"roads":[{"name":"Henty Highway","cls":1,"brg":28.6},{"name":"Mackies Road","cls":5,"brg":270.8},{"name":"Wards Road","cls":5,"brg":270.4}]},"geometry":{"type":"Point","coordinates":[142.18615,-36.76761]}},{"type":"Feature","properties":{"roads":[{"name":"Old Wartook Road","cls":5,"brg":160.5},{"name":"Coombes Road","cls":5,"brg":70.6}]},"geometry":{"type":"Point","coordinates":[142.31143,-36.85947]}},{"type":"Feature","properties":{"roads":[{"name":"Northern Grampians Road","cls":3,"brg":342},{"name":"Old Wartook Road","cls":5,"brg":163.8}]},"geometry":{"type":"Point","coordinates":[142.31941,-36.87761]}},{"type":"Feature","properties":{"roads":[{"name":"Old Hamilton Road","cls":5,"brg":186.8},{"name":"Schier Drive","cls":6,"brg":100.1}]},"geometry":{"type":"Point","coordinates":[142.20534,-36.75517]}},{"type":"Feature","properties":{"roads":[{"name":"Taylors Road","cls":5,"brg":180.3},{"name":"Uebergangs Road","cls":5,"brg":90.6}]},"geometry":{"type":"Point","coordinates":[142.30354,-36.82658]}},{"type":"Feature","properties":{"roads":[{"name":"Western Highway","cls":1,"brg":299.9},{"name":"Tramline Track","cls":5,"brg":3}]},"geometry":{"type":"Point","coordinates":[142.37646,-36.82698]}},{"type":"Feature","properties":{"roads":[{"name":"Beddisons Road","cls":5,"brg":359.8},{"name":"Reinheimers Road","cls":5,"brg":89.7}]},"geometry":{"type":"Point","coordinates":[142.11672,-36.62474]}},{"type":"Feature","properties":{"roads":[{"name":"Ellis Road","cls":5,"brg":0.8},{"name":"Hinnebergs Road","cls":7,"brg":268.4}]},"geometry":{"type":"Point","coordinates":[142.05894,-36.56167]}},{"type":"Feature","properties":{"roads":[{"name":"Hutchinsons Road","cls":5,"brg":258.2},{"name":"Ellis Road","cls":7,"brg":15.9},{"name":"Boundary Track","cls":7,"brg":162.8}]},"geometry":{"type":"Point","coordinates":[142.05888,-36.54622]}},{"type":"Feature","properties":{"roads":[{"name":"Keatings Road","cls":5,"brg":179.7},{"name":"Three Mile Road","cls":5,"brg":269.6}]},"geometry":{"type":"Point","coordinates":[142.13503,-36.68262]}},{"type":"Feature","properties":{"roads":[{"name":"Northern Grampians Road","cls":3,"brg":194.8},{"name":"Kiefels Road","cls":5,"brg":336.8}]},"geometry":{"type":"Point","coordinates":[142.33988,-36.84343]}},{"type":"Feature","properties":{"roads":[{"name":"Northern Grampians Road","cls":3,"brg":172.1},{"name":"Reservoir Road","cls":5,"brg":90.4}]},"geometry":{"type":"Point","coordinates":[142.32249,-36.88494]}},{"type":"Feature","properties":{"roads":[{"name":"Northern Grampians Road","cls":3,"brg":174.6},{"name":"Bunworths Road","cls":5,"brg":90.3}]},"geometry":{"type":"Point","coordinates":[142.32622,-36.91633]}},{"type":"Feature","properties":{"roads":[{"name":"Northern Grampians Road","cls":3,"brg":173.7},{"name":"Macinnes Road","cls":5,"brg":87.9},{"name":"Olive Plantation Road","cls":5,"brg":90.1}]},"geometry":{"type":"Point","coordinates":[142.32741,-36.9262]}},{"type":"Feature","properties":{"roads":[{"name":"Polkemmet Road","cls":4,"brg":275},{"name":"Polkemmet East School Road","cls":5,"brg":0.7},{"name":"Sanders Road","cls":5,"brg":179.5}]},"geometry":{"type":"Point","coordinates":[142.02545,-36.6565]}},{"type":"Feature","properties":{"roads":[{"name":"Hutchinsons Road","cls":4,"brg":359.8},{"name":"Netherway Drive","cls":5,"brg":271.4}]},"geometry":{"type":"Point","coordinates":[142.04514,-36.76869]}},{"type":"Feature","properties":{"roads":[{"name":"Quantong Cemetery Road","cls":4,"brg":359.2},{"name":"Polkemmet Road","cls":4,"brg":274.3}]},"geometry":{"type":"Point","coordinates":[142.04466,-36.65724]}},{"type":"Feature","properties":{"roads":[{"name":"Reinheimers Road","cls":5,"brg":89.9},{"name":"Nattrass Road","cls":7,"brg":1.3}]},"geometry":{"type":"Point","coordinates":[142.08058,-36.6248]}},{"type":"Feature","properties":{"roads":[{"name":"Remlaw Road","cls":6,"brg":68.7},{"name":"Hillary Street","cls":6,"brg":340.8}]},"geometry":{"type":"Point","coordinates":[142.17858,-36.71133]}},{"type":"Feature","properties":{"roads":[{"name":"Remlaw Road","cls":6,"brg":68.8},{"name":"Remlaw Bus Loop","cls":7,"brg":292.5}]},"geometry":{"type":"Point","coordinates":[142.18472,-36.70949]}},{"type":"Feature","properties":{"roads":[{"name":"Remlaw Road","cls":5,"brg":269.8},{"name":"Vectis Station Road","cls":5,"brg":179.9}]},"geometry":{"type":"Point","coordinates":[142.06291,-36.7138]}},{"type":"Feature","properties":{"roads":[{"name":"Quantong Cemetery Road","cls":4,"brg":359.6},{"name":"Remlaw Road","cls":5,"brg":269.5}]},"geometry":{"type":"Point","coordinates":[142.04486,-36.71389]}},{"type":"Feature","properties":{"roads":[{"name":"Three Mile Road","cls":5,"brg":269.3},{"name":"Vectis Station Road","cls":5,"brg":179.8}]},"geometry":{"type":"Point","coordinates":[142.0628,-36.68292]}},{"type":"Feature","properties":{"roads":[{"name":"Quantong Cemetery Road","cls":4,"brg":0.1},{"name":"Three Mile Road","cls":5,"brg":269.5}]},"geometry":{"type":"Point","coordinates":[142.04476,-36.68299]}},{"type":"Feature","properties":{"roads":[{"name":"Lindners Road","cls":5,"brg":2.9},{"name":"Three Mile Road","cls":7,"brg":269.8}]},"geometry":{"type":"Point","coordinates":[142.08087,-36.68284]}},{"type":"Feature","properties":{"roads":[{"name":"Western Highway","cls":1,"brg":304},{"name":"Winfields Road","cls":5,"brg":217.7}]},"geometry":{"type":"Point","coordinates":[142.35832,-36.8178]}},{"type":"Feature","properties":{"roads":[{"name":"Western Highway","cls":1,"brg":305.8},{"name":"Northern Grampians Road","cls":3,"brg":63.5}]},"geometry":{"type":"Point","coordinates":[142.3405,-36.80809]}},{"type":"Feature","properties":{"roads":[{"name":"Western Highway","cls":1,"brg":178.9},{"name":"Conn Road","cls":7,"brg":269.8}]},"geometry":{"type":"Point","coordinates":[142.09988,-36.49283]}},{"type":"Feature","properties":{"roads":[{"name":"Conn Road","cls":7,"brg":270},{"name":"Settlement Road","cls":7,"brg":324.7}]},"geometry":{"type":"Point","coordinates":[142.08784,-36.49287]}},{"type":"Feature","properties":{"roads":[{"name":"Old Minyip Road","cls":4,"brg":89.5},{"name":"Geodetic Road","cls":7,"brg":359.8}]},"geometry":{"type":"Point","coordinates":[142.16593,-36.46959]}},{"type":"Feature","properties":{"roads":[{"name":"Geodetic Road","cls":7,"brg":360},{"name":"Kornheim Road","cls":7,"brg":89.6}]},"geometry":{"type":"Point","coordinates":[142.16595,-36.45206]}},{"type":"Feature","properties":{"roads":[{"name":"Dimboola-Minyip Road","cls":4,"brg":269.8},{"name":"Geodetic Road","cls":7,"brg":359.8}]},"geometry":{"type":"Point","coordinates":[142.16587,-36.43269]}},{"type":"Feature","properties":{"roads":[{"name":"Old Minyip Road","cls":4,"brg":86.7},{"name":"Geodetic Road","cls":5,"brg":359.3}]},"geometry":{"type":"Point","coordinates":[142.16455,-36.46963]}},{"type":"Feature","properties":{"roads":[{"name":"Hinnebergs Road","cls":7,"brg":271.8},{"name":"Walter Road","cls":7,"brg":180.7}]},"geometry":{"type":"Point","coordinates":[142.04086,-36.56179]}},{"type":"Feature","properties":{"roads":[{"name":"Mervyn Road","cls":5,"brg":168},{"name":"Hinnebergs Road","cls":7,"brg":270.8}]},"geometry":{"type":"Point","coordinates":[142.01946,-36.56179]}},{"type":"Feature","properties":{"roads":[{"name":"Kornheim Road","cls":7,"brg":89.7},{"name":"Thomas Road","cls":7,"brg":0.5}]},"geometry":{"type":"Point","coordinates":[142.19307,-36.45206]}},{"type":"Feature","properties":{"roads":[{"name":"Nursery Road","cls":5,"brg":295},{"name":"Wail Nursery Road","cls":5,"brg":7.8}]},"geometry":{"type":"Point","coordinates":[142.08192,-36.49981]}},{"type":"Feature","properties":{"roads":[{"name":"Old Minyip Road","cls":4,"brg":95.1},{"name":"Tonkins Road","cls":5,"brg":192}]},"geometry":{"type":"Point","coordinates":[142.18845,-36.47012]}},{"type":"Feature","properties":{"roads":[{"name":"Old Minyip Road","cls":4,"brg":90.3},{"name":"Thomas Road","cls":7,"brg":0}]},"geometry":{"type":"Point","coordinates":[142.19317,-36.47016]}},{"type":"Feature","properties":{"roads":[{"name":"Pietsch Road","cls":7,"brg":180.6},{"name":"Wail East Road","cls":7,"brg":89}]},"geometry":{"type":"Point","coordinates":[142.15181,-36.49263]}},{"type":"Feature","properties":{"roads":[{"name":"Thomas Road","cls":7,"brg":358.9},{"name":"Kings Road","cls":7,"brg":269.8}]},"geometry":{"type":"Point","coordinates":[142.19304,-36.45591]}},{"type":"Feature","properties":{"roads":[{"name":"Dimboola-Minyip Road","cls":4,"brg":284.7},{"name":"Feerys Road","cls":5,"brg":359.6},{"name":"Thomas Road","cls":7,"brg":359.9}]},"geometry":{"type":"Point","coordinates":[142.19281,-36.43648]}},{"type":"Feature","properties":{"roads":[{"name":"Tonkins Road","cls":7,"brg":179.7},{"name":"Wail East Road","cls":7,"brg":89.9}]},"geometry":{"type":"Point","coordinates":[142.1885,-36.49257]}},{"type":"Feature","properties":{"roads":[{"name":"Wail- Kalkee Road","cls":5,"brg":89.7},{"name":"Tonkins Road","cls":7,"brg":180.1}]},"geometry":{"type":"Point","coordinates":[142.18844,-36.51076]}},{"type":"Feature","properties":{"roads":[{"name":"Wail East Road","cls":7,"brg":90},{"name":"Wail East School Road","cls":7,"brg":180.5}]},"geometry":{"type":"Point","coordinates":[142.15479,-36.49263]}},{"type":"Feature","properties":{"roads":[{"name":"Wollermanns Road","cls":5,"brg":180},{"name":"Wail East Road","cls":7,"brg":90.3}]},"geometry":{"type":"Point","coordinates":[142.24304,-36.49257]}},{"type":"Feature","properties":{"roads":[{"name":"Greenaways Road","cls":5,"brg":179.7},{"name":"Wail East Road","cls":7,"brg":90.3}]},"geometry":{"type":"Point","coordinates":[142.24392,-36.49258]}},{"type":"Feature","properties":{"roads":[{"name":"Wail East Road","cls":7,"brg":90.3},{"name":"Hermans Road","cls":7,"brg":180.1}]},"geometry":{"type":"Point","coordinates":[142.26957,-36.4926]}},{"type":"Feature","properties":{"roads":[{"name":"Wail East Road","cls":7,"brg":90.1},{"name":"Dogwood Road","cls":7,"brg":213.1}]},"geometry":{"type":"Point","coordinates":[142.28302,-36.49254]}},{"type":"Feature","properties":{"roads":[{"name":"Wail- Kalkee Road","cls":5,"brg":89.9},{"name":"Wail East School Road","cls":7,"brg":359.6}]},"geometry":{"type":"Point","coordinates":[142.15491,-36.51089]}},{"type":"Feature","properties":{"roads":[{"name":"Bothes Road","cls":5,"brg":187.3},{"name":"Plush Hannans Road","cls":5,"brg":98.1}]},"geometry":{"type":"Point","coordinates":[142.12138,-36.80987]}},{"type":"Feature","properties":{"roads":[{"name":"Bothes Road","cls":5,"brg":171.6},{"name":"Tyers Road","cls":5,"brg":97.1}]},"geometry":{"type":"Point","coordinates":[142.11792,-36.83976]}},{"type":"Feature","properties":{"roads":[{"name":"Bothes South Road","cls":5,"brg":187.4},{"name":"Tyers Road","cls":5,"brg":277.6}]},"geometry":{"type":"Point","coordinates":[142.12365,-36.8404]}},{"type":"Feature","properties":{"roads":[{"name":"Bothes South Road","cls":5,"brg":187.4},{"name":"Rifle Butts Road","cls":5,"brg":96.4}]},"geometry":{"type":"Point","coordinates":[142.12043,-36.86011]}},{"type":"Feature","properties":{"roads":[{"name":"Curtis Road","cls":5,"brg":128.2},{"name":"Mackins Road","cls":5,"brg":12.1}]},"geometry":{"type":"Point","coordinates":[142.16034,-36.89037]}},{"type":"Feature","properties":{"roads":[{"name":"Curtis Road","cls":5,"brg":129.8},{"name":"Nixsons South Road","cls":5,"brg":0.5}]},"geometry":{"type":"Point","coordinates":[142.17797,-36.90135]}},{"type":"Feature","properties":{"roads":[{"name":"Curtis Road","cls":5,"brg":144.3},{"name":"Kingcout Swamp Road","cls":5,"brg":169.1}]},"geometry":{"type":"Point","coordinates":[142.18485,-36.90556]}},{"type":"Feature","properties":{"roads":[{"name":"Donald Swamp Road","cls":5,"brg":340.7},{"name":"Obiernes Road","cls":5,"brg":50.2}]},"geometry":{"type":"Point","coordinates":[142.17127,-36.96276]}},{"type":"Feature","properties":{"roads":[{"name":"Donald Swamp Road","cls":5,"brg":0.3},{"name":"Hammonds Woolshed Road","cls":5,"brg":90.3}]},"geometry":{"type":"Point","coordinates":[142.17135,-36.94157]}},{"type":"Feature","properties":{"roads":[{"name":"Donald Swamp Road","cls":5,"brg":0.2},{"name":"Tuilleys Lane","cls":5,"brg":90.1}]},"geometry":{"type":"Point","coordinates":[142.17613,-36.9258]}},{"type":"Feature","properties":{"roads":[{"name":"Hammonds Woolshed Road","cls":5,"brg":90.1},{"name":"Kingcout Swamp Road","cls":5,"brg":180}]},"geometry":{"type":"Point","coordinates":[142.19745,-36.94165]}},{"type":"Feature","properties":{"roads":[{"name":"Henty Highway","cls":1,"brg":0.4},{"name":"Heards Road","cls":5,"brg":267.1}]},"geometry":{"type":"Point","coordinates":[142.13978,-36.91996]}},{"type":"Feature","properties":{"roads":[{"name":"Hills Road","cls":5,"brg":181.1},{"name":"Heards Road","cls":5,"brg":277}]},"geometry":{"type":"Point","coordinates":[142.11571,-36.92088]}},{"type":"Feature","properties":{"roads":[{"name":"Hills Road","cls":5,"brg":181.1},{"name":"Howards Road","cls":5,"brg":271.3}]},"geometry":{"type":"Point","coordinates":[142.11522,-36.94075]}},{"type":"Feature","properties":{"roads":[{"name":"Hills Road","cls":5,"brg":181.2},{"name":"Jallumba-Mockinya Road","cls":5,"brg":117.5},{"name":"Dip Swamp Road","cls":5,"brg":207}]},"geometry":{"type":"Point","coordinates":[142.11479,-36.95739]}},{"type":"Feature","properties":{"roads":[{"name":"Henty Highway","cls":1,"brg":338.2},{"name":"Howards Road","cls":5,"brg":270.8},{"name":"Irrigation Lane","cls":5,"brg":81.4}]},"geometry":{"type":"Point","coordinates":[142.14158,-36.94154]}},{"type":"Feature","properties":{"roads":[{"name":"Natimuk - Hamilton Road","cls":3,"brg":31.8},{"name":"Jallumba - Clear Lake Road","cls":4,"brg":277.1},{"name":"Jallumba-Mockinya Road","cls":5,"brg":96.3}]},"geometry":{"type":"Point","coordinates":[141.94372,-36.93225]}},{"type":"Feature","properties":{"roads":[{"name":"Jallumba-Mockinya Road","cls":5,"brg":97.2},{"name":"Quick Sinclair Russells Road","cls":5,"brg":187.7}]},"geometry":{"type":"Point","coordinates":[141.98829,-36.93667]}},{"type":"Feature","properties":{"roads":[{"name":"Jallumba-Mockinya Road","cls":5,"brg":96.9},{"name":"Hutchinsons Road","cls":7,"brg":10.3}]},"geometry":{"type":"Point","coordinates":[142.01123,-36.93888]}},{"type":"Feature","properties":{"roads":[{"name":"Wonwondah - Toolondo Road","cls":4,"brg":194.8},{"name":"Jallumba-Mockinya Road","cls":5,"brg":99}]},"geometry":{"type":"Point","coordinates":[142.02938,-36.94077]}},{"type":"Feature","properties":{"roads":[{"name":"Jallumba-Mockinya Road","cls":5,"brg":84.6},{"name":"Connangorach Road","cls":5,"brg":186.9}]},"geometry":{"type":"Point","coordinates":[142.03151,-36.94069]}},{"type":"Feature","properties":{"roads":[{"name":"Jallumba-Mockinya Road","cls":5,"brg":123.7},{"name":"Cozens Road","cls":5,"brg":34}]},"geometry":{"type":"Point","coordinates":[142.0639,-36.94165]}},{"type":"Feature","properties":{"roads":[{"name":"Jallumba-Mockinya Road","cls":5,"brg":123.1},{"name":"Mount Talbot Road","cls":5,"brg":186.9}]},"geometry":{"type":"Point","coordinates":[142.06947,-36.94455]}},{"type":"Feature","properties":{"roads":[{"name":"Jallumba-Mockinya Road","cls":5,"brg":100.5},{"name":"Clarkes Lane","cls":5,"brg":7}]},"geometry":{"type":"Point","coordinates":[142.12557,-36.95916]}},{"type":"Feature","properties":{"roads":[{"name":"Jallumba-Mockinya Road","cls":5,"brg":100.5},{"name":"Mockinya-Brimpaen Road","cls":5,"brg":7}]},"geometry":{"type":"Point","coordinates":[142.14388,-36.96187]}},{"type":"Feature","properties":{"roads":[{"name":"Henty Highway","cls":1,"brg":296.9},{"name":"Jallumba-Mockinya Road","cls":5,"brg":32.3}]},"geometry":{"type":"Point","coordinates":[142.15394,-36.96201]}},{"type":"Feature","properties":{"roads":[{"name":"Wonwondah - Toolondo Road","cls":4,"brg":255.3},{"name":"Lanes Road","cls":5,"brg":17.3}]},"geometry":{"type":"Point","coordinates":[142.10986,-36.87888]}},{"type":"Feature","properties":{"roads":[{"name":"Lanes Road","cls":5,"brg":7.5},{"name":"Rifle Butts Road","cls":5,"brg":97.6}]},"geometry":{"type":"Point","coordinates":[142.11262,-36.86228]}},{"type":"Feature","properties":{"roads":[{"name":"Lower Norton-Nurrabiel Road","cls":4,"brg":16},{"name":"Nurrabiel Church Road","cls":5,"brg":96.7}]},"geometry":{"type":"Point","coordinates":[142.03848,-36.91322]}},{"type":"Feature","properties":{"roads":[{"name":"Lower Norton-Nurrabiel Road","cls":4,"brg":16},{"name":"Government Road","cls":7,"brg":280.1}]},"geometry":{"type":"Point","coordinates":[142.04209,-36.90315]}},{"type":"Feature","properties":{"roads":[{"name":"Lower Norton-Nurrabiel Road","cls":4,"brg":16},{"name":"Cooks Lane","cls":5,"brg":97.2}]},"geometry":{"type":"Point","coordinates":[142.04849,-36.8853]}},{"type":"Feature","properties":{"roads":[{"name":"Lower Norton-Nurrabiel Road","cls":4,"brg":16.1},{"name":"Wilson Lane","cls":7,"brg":60.7}]},"geometry":{"type":"Point","coordinates":[142.05552,-36.8658]}},{"type":"Feature","properties":{"roads":[{"name":"Lower Norton-Nurrabiel Road","cls":4,"brg":16.1},{"name":"Rifle Butts Road","cls":5,"brg":55.4}]},"geometry":{"type":"Point","coordinates":[142.05874,-36.85684]}},{"type":"Feature","properties":{"roads":[{"name":"Lower Norton-Nurrabiel Road","cls":4,"brg":16},{"name":"Plush Hannans Road","cls":5,"brg":96.9}]},"geometry":{"type":"Point","coordinates":[142.07858,-36.80129]}},{"type":"Feature","properties":{"roads":[{"name":"Motts Road","cls":5,"brg":186.7},{"name":"Rifle Butts Road","cls":5,"brg":96.6}]},"geometry":{"type":"Point","coordinates":[142.07677,-36.85852]}},{"type":"Feature","properties":{"roads":[{"name":"Motts Road","cls":5,"brg":98},{"name":"O'connors Road","cls":5,"brg":7.5}]},"geometry":{"type":"Point","coordinates":[142.08668,-36.88013]}},{"type":"Feature","properties":{"roads":[{"name":"Nixons Road","cls":5,"brg":299.8},{"name":"Nixsons South Road","cls":5,"brg":342.5}]},"geometry":{"type":"Point","coordinates":[142.17809,-36.86322]}},{"type":"Feature","properties":{"roads":[{"name":"Henty Highway","cls":1,"brg":24.8},{"name":"Nixons Road","cls":5,"brg":292.7},{"name":"Rifle Butts Road","cls":5,"brg":118}]},"geometry":{"type":"Point","coordinates":[142.14577,-36.86302]}},{"type":"Feature","properties":{"roads":[{"name":"O'connors Road","cls":5,"brg":7.5},{"name":"Rifle Butts Road","cls":5,"brg":97.2}]},"geometry":{"type":"Point","coordinates":[142.09001,-36.85993]}},{"type":"Feature","properties":{"roads":[{"name":"Henty Highway","cls":1,"brg":289.9},{"name":"Obiernes Road","cls":5,"brg":23.4}]},"geometry":{"type":"Point","coordinates":[142.16897,-36.96648]}},{"type":"Feature","properties":{"roads":[{"name":"Obiernes Road","cls":5,"brg":90.1},{"name":"Grahams Bridge Road","cls":5,"brg":359.9}]},"geometry":{"type":"Point","coordinates":[142.23526,-36.96274]}},{"type":"Feature","properties":{"roads":[{"name":"Plush Hannans Road","cls":5,"brg":92.5},{"name":"Smiths Reserve Road","cls":5,"brg":192.9}]},"geometry":{"type":"Point","coordinates":[142.09614,-36.803]}},{"type":"Feature","properties":{"roads":[{"name":"Wonwondah - Toolondo Road","cls":4,"brg":254.6},{"name":"Plush Lane","cls":5,"brg":358.9}]},"geometry":{"type":"Point","coordinates":[142.10372,-36.88023]}},{"type":"Feature","properties":{"roads":[{"name":"Horsham - Noradjuha Road","cls":3,"brg":55.9},{"name":"Smiths Reserve Road","cls":5,"brg":172.5},{"name":"Tuckers Road","cls":5,"brg":338.2}]},"geometry":{"type":"Point","coordinates":[142.09951,-36.77705]}},{"type":"Feature","properties":{"roads":[{"name":"Henty Highway","cls":1,"brg":0.2},{"name":"Tuilleys Lane","cls":5,"brg":90}]},"geometry":{"type":"Point","coordinates":[142.13972,-36.92579]}},{"type":"Feature","properties":{"roads":[{"name":"Tuilleys Lane","cls":5,"brg":90},{"name":"Irrigation Lane","cls":7,"brg":180.5}]},"geometry":{"type":"Point","coordinates":[142.15808,-36.92577]}},{"type":"Feature","properties":{"roads":[{"name":"Henty Highway","cls":1,"brg":26.5},{"name":"Tyers Road","cls":5,"brg":288}]},"geometry":{"type":"Point","coordinates":[142.15927,-36.84167]}},{"type":"Feature","properties":{"roads":[{"name":"Tyers Road","cls":5,"brg":272.8},{"name":"McGenniskens Road","cls":7,"brg":164.9}]},"geometry":{"type":"Point","coordinates":[142.13979,-36.84147]}},{"type":"Feature","properties":{"roads":[{"name":"Henty Highway","cls":1,"brg":352.7},{"name":"Rocklands-Cherrypool Road","cls":5,"brg":82}]},"geometry":{"type":"Point","coordinates":[142.18553,-37.11016]}},{"type":"Feature","properties":{"roads":[{"name":"Henty Highway","cls":1,"brg":355.2},{"name":"Old Adelaide Road","cls":5,"brg":267.5}]},"geometry":{"type":"Point","coordinates":[142.1884,-37.07968]}},{"type":"Feature","properties":{"roads":[{"name":"Henty Highway","cls":1,"brg":3.6},{"name":"Langlands Road","cls":7,"brg":229.5}]},"geometry":{"type":"Point","coordinates":[142.18769,-37.07327]}},{"type":"Feature","properties":{"roads":[{"name":"Henty Highway","cls":1,"brg":6.9},{"name":"Brimpaen Laharum Road","cls":4,"brg":277.4}]},"geometry":{"type":"Point","coordinates":[142.19565,-37.03386]}},{"type":"Feature","properties":{"roads":[{"name":"Henty Highway","cls":1,"brg":337.9},{"name":"Byrnes Road","cls":5,"brg":247.4}]},"geometry":{"type":"Point","coordinates":[142.18845,-36.99196]}},{"type":"Feature","properties":{"roads":[{"name":"Henty Highway","cls":1,"brg":337.9},{"name":"Langs Road","cls":7,"brg":270.1}]},"geometry":{"type":"Point","coordinates":[142.18082,-36.97694]}},{"type":"Feature","properties":{"roads":[{"name":"Telangatuk East-Rocklands Road","cls":4,"brg":288.8},{"name":"Rocklands Road","cls":5,"brg":318.6}]},"geometry":{"type":"Point","coordinates":[141.94485,-37.21072]}},{"type":"Feature","properties":{"roads":[{"name":"Rocklands Road","cls":5,"brg":275.3},{"name":"Smiths Road","cls":7,"brg":4}]},"geometry":{"type":"Point","coordinates":[141.93717,-37.20669]}},{"type":"Feature","properties":{"roads":[{"name":"Harrow-Clear Lake Road","cls":4,"brg":242.7},{"name":"Harrow - Clear Lake Road","cls":4,"brg":182.4},{"name":"Jallumba - Douglas Road","cls":4,"brg":242.7},{"name":"Officer Station Road","cls":5,"brg":182.8}]},"geometry":{"type":"Point","coordinates":[141.86857,-36.96765]}},{"type":"Feature","properties":{"roads":[{"name":"Clear Lake - Sherwoods Dam Road","cls":4,"brg":7.3},{"name":"Emmersons Road","cls":5,"brg":97.1}]},"geometry":{"type":"Point","coordinates":[141.85461,-36.88609]}},{"type":"Feature","properties":{"roads":[{"name":"Clear Lake - Sherwoods Dam Road","cls":4,"brg":349.5},{"name":"K Emmersons Road","cls":5,"brg":89.5}]},"geometry":{"type":"Point","coordinates":[141.85182,-36.86576]}},{"type":"Feature","properties":{"roads":[{"name":"Clear Lake - Sherwoods Dam Road","cls":4,"brg":349.4},{"name":"Ti-Tree Lane","cls":5,"brg":97.1},{"name":"Lowan School Road","cls":5,"brg":97.1}]},"geometry":{"type":"Point","coordinates":[141.84842,-36.85081]}},{"type":"Feature","properties":{"roads":[{"name":"Clear Lake - Sherwoods Dam Road","cls":4,"brg":10.5},{"name":"Jacka Jacka Road","cls":5,"brg":124.6}]},"geometry":{"type":"Point","coordinates":[141.84709,-36.84387]}},{"type":"Feature","properties":{"roads":[{"name":"Clear Lake - Sherwoods Dam Road","cls":4,"brg":7},{"name":"Basin Road","cls":5,"brg":96.9}]},"geometry":{"type":"Point","coordinates":[141.85885,-36.82993]}},{"type":"Feature","properties":{"roads":[{"name":"Clear Lake - Sherwoods Dam Road","cls":4,"brg":7},{"name":"Noradjuha-Tooan East Road","cls":4,"brg":277}]},"geometry":{"type":"Point","coordinates":[141.86006,-36.82247]}},{"type":"Feature","properties":{"roads":[{"name":"Clear Lake - Sherwoods Dam Road","cls":4,"brg":7},{"name":"Geberts Road","cls":5,"brg":277.2}]},"geometry":{"type":"Point","coordinates":[141.86228,-36.80806]}},{"type":"Feature","properties":{"roads":[{"name":"Clear Lake - Sherwoods Dam Road","cls":4,"brg":7},{"name":"Ryan Road","cls":5,"brg":90.1}]},"geometry":{"type":"Point","coordinates":[141.86595,-36.78427]}},{"type":"Feature","properties":{"roads":[{"name":"Clear Lake - Sherwoods Dam Road","cls":4,"brg":2.9},{"name":"Taylor Lane","cls":7,"brg":96.7}]},"geometry":{"type":"Point","coordinates":[141.86663,-36.77928]}},{"type":"Feature","properties":{"roads":[{"name":"Wimmera Highway","cls":2,"brg":241.2},{"name":"Clear Lake - Sherwoods Dam Road","cls":4,"brg":0.5}]},"geometry":{"type":"Point","coordinates":[141.86679,-36.77397]}},{"type":"Feature","properties":{"roads":[{"name":"Clear Lake - Sherwoods Dam Road","cls":4,"brg":168.9},{"name":"J Emmersons Road","cls":5,"brg":276.9}]},"geometry":{"type":"Point","coordinates":[141.85546,-36.90826]}},{"type":"Feature","properties":{"roads":[{"name":"Clear Lake - Sherwoods Dam Road","cls":4,"brg":168.5},{"name":"Scott Heard Lights Road","cls":5,"brg":277.1}]},"geometry":{"type":"Point","coordinates":[141.85556,-36.90865]}},{"type":"Feature","properties":{"roads":[{"name":"Clear Lake - Sherwoods Dam Road","cls":4,"brg":168.9},{"name":"Jallumba - Clear Lake Road","cls":4,"brg":259.4},{"name":"Harrow - Clear Lake Road","cls":4,"brg":173.6},{"name":"Bow Lake road","cls":5,"brg":261}]},"geometry":{"type":"Point","coordinates":[141.85965,-36.92528]}},{"type":"Feature","properties":{"roads":[{"name":"Wimmera Highway","cls":2,"brg":241.4},{"name":"Taylor Lane","cls":7,"brg":160.5}]},"geometry":{"type":"Point","coordinates":[141.8572,-36.77818]}},{"type":"Feature","properties":{"roads":[{"name":"Station Street","cls":6,"brg":257.8},{"name":"Duncan Street","cls":6,"brg":288.6}]},"geometry":{"type":"Point","coordinates":[141.9426,-36.74359]}},{"type":"Feature","properties":{"roads":[{"name":"Station Street","cls":6,"brg":267.6},{"name":"Schmidt Street","cls":6,"brg":184.6}]},"geometry":{"type":"Point","coordinates":[141.94168,-36.74368]}},{"type":"Feature","properties":{"roads":[{"name":"Main Street","cls":2,"brg":242.1},{"name":"Schmidt Street","cls":6,"brg":137.5},{"name":"Elmes Street","cls":6,"brg":144.7}]},"geometry":{"type":"Point","coordinates":[141.94135,-36.742]}},{"type":"Feature","properties":{"roads":[{"name":"Duncan Street","cls":6,"brg":62},{"name":"Knight Street","cls":6,"brg":331.9}]},"geometry":{"type":"Point","coordinates":[141.94187,-36.74461]}},{"type":"Feature","properties":{"roads":[{"name":"Tooan - Mitre Road","cls":4,"brg":212.8},{"name":"McClures Road","cls":5,"brg":125.9}]},"geometry":{"type":"Point","coordinates":[141.77929,-36.74094]}},{"type":"Feature","properties":{"roads":[{"name":"Tooan - Mitre Road","cls":4,"brg":179.7},{"name":"Duffholme Road","cls":7,"brg":260.9}]},"geometry":{"type":"Point","coordinates":[141.76405,-36.7688]}},{"type":"Feature","properties":{"roads":[{"name":"Tooan - Mitre Road","cls":4,"brg":145.4},{"name":"Worthys Road","cls":5,"brg":149.6}]},"geometry":{"type":"Point","coordinates":[141.76599,-36.77177]}},{"type":"Feature","properties":{"roads":[{"name":"Tooan - Mitre Road","cls":4,"brg":144.3},{"name":"Natimuk Golf Links Road","cls":5,"brg":276.5}]},"geometry":{"type":"Point","coordinates":[141.76902,-36.77515]}},{"type":"Feature","properties":{"roads":[{"name":"Tooan - Mitre Road","cls":4,"brg":130.5},{"name":"Worthys Road","cls":5,"brg":95.2}]},"geometry":{"type":"Point","coordinates":[141.78302,-36.78908]}},{"type":"Feature","properties":{"roads":[{"name":"Wimmera Highway","cls":2,"brg":272.1},{"name":"Tooan - Mitre Road","cls":4,"brg":172.3}]},"geometry":{"type":"Point","coordinates":[141.79975,-36.80306]}},{"type":"Feature","properties":{"roads":[{"name":"Mitre - Grass Flat Road","cls":4,"brg":277.3},{"name":"Arapiles-Grass Flat Road","cls":4,"brg":7}]},"geometry":{"type":"Point","coordinates":[141.86241,-36.68369]}},{"type":"Feature","properties":{"roads":[{"name":"Mitre - Grass Flat Road","cls":4,"brg":277.3},{"name":"Barnes Road","cls":5,"brg":181.8}]},"geometry":{"type":"Point","coordinates":[141.83594,-36.68097]}},{"type":"Feature","properties":{"roads":[{"name":"Mitre - Grass Flat Road","cls":4,"brg":277.2},{"name":"Combes Road","cls":5,"brg":98.5},{"name":"Cooack Mitre Road","cls":5,"brg":188.1}]},"geometry":{"type":"Point","coordinates":[141.80776,-36.6889]}},{"type":"Feature","properties":{"roads":[{"name":"Wonwondah - Toolondo Road","cls":4,"brg":273.7},{"name":"Wonwondah-Toolondo Road","cls":4,"brg":98.9}]},"geometry":{"type":"Point","coordinates":[142.12673,-36.87593]}},{"type":"Feature","properties":{"roads":[{"name":"Wonwondah - Toolondo Road","cls":4,"brg":227.9},{"name":"Heards Road","cls":5,"brg":342.5}]},"geometry":{"type":"Point","coordinates":[142.04039,-36.912]}},{"type":"Feature","properties":{"roads":[{"name":"Wonwondah - Toolondo Road","cls":4,"brg":194.8},{"name":"Gills Road","cls":5,"brg":95.8}]},"geometry":{"type":"Point","coordinates":[142.0349,-36.92405]}},{"type":"Feature","properties":{"roads":[{"name":"Wonwondah - Toolondo Road","cls":4,"brg":215.9},{"name":"Russells Road","cls":5,"brg":276.8}]},"geometry":{"type":"Point","coordinates":[142.01791,-36.95383]}},{"type":"Feature","properties":{"roads":[{"name":"Wonwondah - Toolondo Road","cls":4,"brg":216.1},{"name":"White Swamp Road","cls":5,"brg":100.9}]},"geometry":{"type":"Point","coordinates":[142.01369,-36.95851]}},{"type":"Feature","properties":{"roads":[{"name":"Wonwondah - Toolondo Road","cls":4,"brg":227},{"name":"Miss Williamsons Road","cls":5,"brg":106.3}]},"geometry":{"type":"Point","coordinates":[141.99547,-36.97599]}},{"type":"Feature","properties":{"roads":[{"name":"Wonwondah - Toolondo Road","cls":4,"brg":236},{"name":"Quick Sinclair Russells Road","cls":5,"brg":159}]},"geometry":{"type":"Point","coordinates":[141.98083,-36.98627]}},{"type":"Feature","properties":{"roads":[{"name":"Wonwondah - Toolondo Road","cls":4,"brg":263.7},{"name":"Telangatuk East-Rocklands Road","cls":5,"brg":186.5}]},"geometry":{"type":"Point","coordinates":[141.97156,-36.98794]}},{"type":"Feature","properties":{"roads":[{"name":"Wonwondah - Toolondo Road","cls":4,"brg":257.2},{"name":"McKenry Lane","cls":7,"brg":155.1}]},"geometry":{"type":"Point","coordinates":[141.93608,-36.99206]}},{"type":"Feature","properties":{"roads":[{"name":"Natimuk - Hamilton Road","cls":3,"brg":196.7},{"name":"Jeffries Road","cls":5,"brg":97},{"name":"Derwent Lane","cls":5,"brg":278}]},"geometry":{"type":"Point","coordinates":[141.92038,-37.06907]}},{"type":"Feature","properties":{"roads":[{"name":"Polkemmet Road","cls":4,"brg":275.5},{"name":"Vectis Station Road","cls":5,"brg":179.8},{"name":"Courtneys Road","cls":5,"brg":175.4}]},"geometry":{"type":"Point","coordinates":[142.06269,-36.65927]}},{"type":"Feature","properties":{"roads":[{"name":"Vectis Station Road","cls":5,"brg":179.7},{"name":"Rudolphs Road","cls":5,"brg":89.8}]},"geometry":{"type":"Point","coordinates":[142.06298,-36.72658]}},{"type":"Feature","properties":{"roads":[{"name":"Horsham-Wal Wal Road","cls":5,"brg":270.9},{"name":"Crutes North Road","cls":5,"brg":184.5}]},"geometry":{"type":"Point","coordinates":[142.48068,-36.81181]}},{"type":"Feature","properties":{"roads":[{"name":"Western Highway","cls":1,"brg":302.6},{"name":"Rahleys Road","cls":5,"brg":39}]},"geometry":{"type":"Point","coordinates":[142.52816,-36.92538]}},{"type":"Feature","properties":{"roads":[{"name":"Western Highway","cls":1,"brg":313.7},{"name":"Crutes South Road","cls":5,"brg":223.7}]},"geometry":{"type":"Point","coordinates":[142.46693,-36.88808]}},{"type":"Feature","properties":{"roads":[{"name":"Daveys Road","cls":5,"brg":95.8},{"name":"Jung Cemetery Road","cls":7,"brg":0}]},"geometry":{"type":"Point","coordinates":[142.37964,-36.47036]}},{"type":"Feature","properties":{"roads":[{"name":"Jung North Road","cls":5,"brg":0.3},{"name":"Greenhills Road","cls":5,"brg":270.1}]},"geometry":{"type":"Point","coordinates":[142.3602,-36.5909]}},{"type":"Feature","properties":{"roads":[{"name":"Jung North Road","cls":5,"brg":0.4},{"name":"Bells Road","cls":5,"brg":102}]},"geometry":{"type":"Point","coordinates":[142.36035,-36.57443]}},{"type":"Feature","properties":{"roads":[{"name":"Jung North Road","cls":5,"brg":280.7},{"name":"Lierschs Road","cls":5,"brg":80.7}]},"geometry":{"type":"Point","coordinates":[142.35793,-36.56081]}},{"type":"Feature","properties":{"roads":[{"name":"Jung North Road","cls":5,"brg":1.1},{"name":"Banyena Road","cls":5,"brg":270.3}]},"geometry":{"type":"Point","coordinates":[142.35423,-36.55285]}},{"type":"Feature","properties":{"roads":[{"name":"Jung North Road","cls":5,"brg":0.1},{"name":"Smiths Road","cls":5,"brg":270}]},"geometry":{"type":"Point","coordinates":[142.35369,-36.5391]}},{"type":"Feature","properties":{"roads":[{"name":"Jung North Road","cls":5,"brg":0.6},{"name":"Mokepilly Road","cls":5,"brg":270.7}]},"geometry":{"type":"Point","coordinates":[142.35545,-36.52456]}},{"type":"Feature","properties":{"roads":[{"name":"Horsham-Minyip Road","cls":3,"brg":270},{"name":"Jung North Road","cls":5,"brg":0.9}]},"geometry":{"type":"Point","coordinates":[142.35345,-36.50249]}},{"type":"Feature","properties":{"roads":[{"name":"Taylors Road","cls":5,"brg":179.5},{"name":"Jung West Road","cls":5,"brg":270.3}]},"geometry":{"type":"Point","coordinates":[142.321,-36.60767]}},{"type":"Feature","properties":{"roads":[{"name":"Wimmera Highway","cls":2,"brg":88.7},{"name":"Taylors Road","cls":5,"brg":179.2},{"name":"Tuckers Road","cls":5,"brg":358.9}]},"geometry":{"type":"Point","coordinates":[142.32127,-36.63249]}},{"type":"Feature","properties":{"roads":[{"name":"Drung-Jung Road","cls":5,"brg":179.7},{"name":"Jung West Road","cls":5,"brg":270.2}]},"geometry":{"type":"Point","coordinates":[142.33731,-36.60775]}},{"type":"Feature","properties":{"roads":[{"name":"Wimmera Highway","cls":2,"brg":90},{"name":"Drung-Jung Road","cls":5,"brg":180.3}]},"geometry":{"type":"Point","coordinates":[142.3373,-36.63251]}},{"type":"Feature","properties":{"roads":[{"name":"Wimmera Highway","cls":2,"brg":89.7},{"name":"Max Johns Road","cls":5,"brg":359.4}]},"geometry":{"type":"Point","coordinates":[142.30305,-36.63267]}},{"type":"Feature","properties":{"roads":[{"name":"Max Johns Road","cls":5,"brg":359.5},{"name":"Jung West Road","cls":5,"brg":270.6}]},"geometry":{"type":"Point","coordinates":[142.30285,-36.60753]}},{"type":"Feature","properties":{"roads":[{"name":"Natimuk - Hamilton Road","cls":3,"brg":198.8},{"name":"Telangatuk East Road","cls":5,"brg":277.2}]},"geometry":{"type":"Point","coordinates":[141.91121,-37.09033]}},{"type":"Feature","properties":{"roads":[{"name":"Natimuk - Hamilton Road","cls":3,"brg":140.5},{"name":"Walcott Road","cls":5,"brg":234}]},"geometry":{"type":"Point","coordinates":[141.847,-37.14716]}},{"type":"Feature","properties":{"roads":[{"name":"Natimuk - Hamilton Road","cls":3,"brg":186.9},{"name":"Toolondo Gun Club Road","cls":5,"brg":97.2},{"name":"Carchap Lane","cls":5,"brg":276.9}]},"geometry":{"type":"Point","coordinates":[141.9403,-36.95674]}},{"type":"Feature","properties":{"roads":[{"name":"Natimuk-Hamilton Road","cls":3,"brg":7},{"name":"Northfields Road","cls":5,"brg":97.5}]},"geometry":{"type":"Point","coordinates":[141.96859,-36.8076]}},{"type":"Feature","properties":{"roads":[{"name":"Natimuk-Hamilton Road","cls":3,"brg":7},{"name":"Darragan Pit Road","cls":5,"brg":277.2},{"name":"K Sudholzs Road","cls":5,"brg":90.2}]},"geometry":{"type":"Point","coordinates":[141.97119,-36.79062]}},{"type":"Feature","properties":{"roads":[{"name":"Natimuk-Hamilton Road","cls":3,"brg":349.2},{"name":"Moody School Road","cls":5,"brg":270.1}]},"geometry":{"type":"Point","coordinates":[141.96988,-36.77124]}},{"type":"Feature","properties":{"roads":[{"name":"Natimuk-Hamilton Road","cls":3,"brg":349.2},{"name":"Browns Road","cls":5,"brg":89.3}]},"geometry":{"type":"Point","coordinates":[141.96906,-36.76779]}},{"type":"Feature","properties":{"roads":[{"name":"Natimuk-Hamilton Road","cls":3,"brg":350.4},{"name":"Hateleys Road","cls":5,"brg":89.1},{"name":"J Sudholz Road","cls":5,"brg":269.6}]},"geometry":{"type":"Point","coordinates":[141.96624,-36.75587]}},{"type":"Feature","properties":{"roads":[{"name":"Natimuk-Hamilton Road","cls":3,"brg":359.8},{"name":"Natimuk East Road","cls":5,"brg":269.8}]},"geometry":{"type":"Point","coordinates":[141.96606,-36.7377]}},{"type":"Feature","properties":{"roads":[{"name":"Polkemmet Road","cls":4,"brg":229},{"name":"Forts Lane","cls":5,"brg":144.3}]},"geometry":{"type":"Point","coordinates":[141.97438,-36.65635]}},{"type":"Feature","properties":{"roads":[{"name":"Polkemmet Road","cls":4,"brg":223.3},{"name":"Meyers Road","cls":4,"brg":123.3}]},"geometry":{"type":"Point","coordinates":[141.95801,-36.66603]}},{"type":"Feature","properties":{"roads":[{"name":"Polkemmet Road","cls":4,"brg":165.5},{"name":"Gitshams Lane","cls":5,"brg":268.9}]},"geometry":{"type":"Point","coordinates":[141.95942,-36.6852]}},{"type":"Feature","properties":{"roads":[{"name":"Polkemmet Road","cls":4,"brg":167.3},{"name":"Natimuk Lake School Road","cls":5,"brg":77}]},"geometry":{"type":"Point","coordinates":[141.96048,-36.68917]}},{"type":"Feature","properties":{"roads":[{"name":"Polkemmet Road","cls":4,"brg":167.2},{"name":"Natimuk Cemetery Road","cls":5,"brg":80.9}]},"geometry":{"type":"Point","coordinates":[141.96737,-36.71292]}},{"type":"Feature","properties":{"roads":[{"name":"Polkemmet Road","cls":4,"brg":172.2},{"name":"Depot Lane","cls":5,"brg":263.6}]},"geometry":{"type":"Point","coordinates":[141.97,-36.72696]}},{"type":"Feature","properties":{"roads":[{"name":"Shade Court","cls":6,"brg":73.3},{"name":"Evans Way","cls":6,"brg":163.7}]},"geometry":{"type":"Point","coordinates":[142.20081,-36.72838]}},{"type":"Feature","properties":{"roads":[{"name":"Williams Road","cls":3,"brg":270.7},{"name":"Casuarina Kindergarten Road","cls":7,"brg":360}]},"geometry":{"type":"Point","coordinates":[142.2086,-36.7261]}},{"type":"Feature","properties":{"roads":[{"name":"Weight Close","cls":6,"brg":213.1},{"name":"Evans Way","cls":6,"brg":190.2}]},"geometry":{"type":"Point","coordinates":[142.20037,-36.72779]}},{"type":"Feature","properties":{"roads":[{"name":"Hovey Court","cls":6,"brg":335.6},{"name":"McTavish Boulevard","cls":6,"brg":245.2}]},"geometry":{"type":"Point","coordinates":[142.19402,-36.7296]}},{"type":"Feature","properties":{"roads":[{"name":"Natimuk Road","cls":2,"brg":259.3},{"name":"Wilson Street","cls":2,"brg":264.1},{"name":"Gardenia Street","cls":6,"brg":177.1}]},"geometry":{"type":"Point","coordinates":[142.19288,-36.7167]}},{"type":"Feature","properties":{"roads":[{"name":"Rushbrook Close","cls":6,"brg":268},{"name":"Jardwadjalibar-Ring","cls":6,"brg":179.2}]},"geometry":{"type":"Point","coordinates":[142.19692,-36.72024]}},{"type":"Feature","properties":{"roads":[{"name":"Tuckers Road","cls":5,"brg":359.7},{"name":"Lanes Avenue","cls":5,"brg":89.8}]},"geometry":{"type":"Point","coordinates":[142.09933,-36.75554]}},{"type":"Feature","properties":{"roads":[{"name":"Hughes Road","cls":5,"brg":180.5},{"name":"Robertson Avenue","cls":5,"brg":89.8}]},"geometry":{"type":"Point","coordinates":[142.01883,-36.74073]}},{"type":"Feature","properties":{"roads":[{"name":"Hughes Road","cls":5,"brg":179.9},{"name":"Overall Avenue","cls":5,"brg":89.7}]},"geometry":{"type":"Point","coordinates":[142.01883,-36.74253]}},{"type":"Feature","properties":{"roads":[{"name":"Hughes Road","cls":5,"brg":179.6},{"name":"Jahn Avenue","cls":5,"brg":89.9}]},"geometry":{"type":"Point","coordinates":[142.01887,-36.74698]}},{"type":"Feature","properties":{"roads":[{"name":"Hughes Road","cls":5,"brg":179.8},{"name":"Struthers Avenue","cls":5,"brg":90}]},"geometry":{"type":"Point","coordinates":[142.01889,-36.75159]}},{"type":"Feature","properties":{"roads":[{"name":"Hughes Road","cls":5,"brg":152},{"name":"Lanes Avenue","cls":5,"brg":118.5}]},"geometry":{"type":"Point","coordinates":[142.01895,-36.75577]}},{"type":"Feature","properties":{"roads":[{"name":"Lindners Road","cls":5,"brg":359.7},{"name":"Rudolphs Road","cls":5,"brg":89.7}]},"geometry":{"type":"Point","coordinates":[142.08108,-36.7265]}},{"type":"Feature","properties":{"roads":[{"name":"Quantong Cemetery Road","cls":4,"brg":359.9},{"name":"Rudolphs Road","cls":5,"brg":89.8}]},"geometry":{"type":"Point","coordinates":[142.04493,-36.72662]}},{"type":"Feature","properties":{"roads":[{"name":"Pelchens Road","cls":5,"brg":179.7},{"name":"Laroona Drive","cls":5,"brg":89.7}]},"geometry":{"type":"Point","coordinates":[142.06312,-36.75349]}},{"type":"Feature","properties":{"roads":[{"name":"Pelchens Road","cls":5,"brg":179.5},{"name":"Lanes Avenue","cls":5,"brg":89.4}]},"geometry":{"type":"Point","coordinates":[142.06314,-36.75565]}},{"type":"Feature","properties":{"roads":[{"name":"Pelchens Road","cls":5,"brg":179.8},{"name":"Jost Avenue","cls":5,"brg":89.8}]},"geometry":{"type":"Point","coordinates":[142.06317,-36.76272]}},{"type":"Feature","properties":{"roads":[{"name":"Quantong Cemetery Road","cls":4,"brg":359.9},{"name":"Three Mile Road","cls":7,"brg":270}]},"geometry":{"type":"Point","coordinates":[142.04476,-36.68378]}},{"type":"Feature","properties":{"roads":[{"name":"Quantong Cemetery Road","cls":4,"brg":359.5},{"name":"Old Vectis Quarry Road","cls":7,"brg":90.3}]},"geometry":{"type":"Point","coordinates":[142.04472,-36.67307]}},{"type":"Feature","properties":{"roads":[{"name":"Asplins Road","cls":5,"brg":359.7},{"name":"Eltze Drive","cls":5,"brg":85.9}]},"geometry":{"type":"Point","coordinates":[142.02843,-36.7698]}},{"type":"Feature","properties":{"roads":[{"name":"Asplins Road","cls":5,"brg":359.7},{"name":"Lanes Avenue","cls":5,"brg":89.7}]},"geometry":{"type":"Point","coordinates":[142.02835,-36.75577]}},{"type":"Feature","properties":{"roads":[{"name":"Asplins Road","cls":5,"brg":359.8},{"name":"Jahn Avenue","cls":5,"brg":89.7}]},"geometry":{"type":"Point","coordinates":[142.02831,-36.74696]}},{"type":"Feature","properties":{"roads":[{"name":"Asplins Road","cls":5,"brg":359.6},{"name":"Jones Lane","cls":5,"brg":90}]},"geometry":{"type":"Point","coordinates":[142.02828,-36.74177]}},{"type":"Feature","properties":{"roads":[{"name":"Asplins Road","cls":5,"brg":0.2},{"name":"Robertson Avenue","cls":5,"brg":89.8}]},"geometry":{"type":"Point","coordinates":[142.02828,-36.7407]}},{"type":"Feature","properties":{"roads":[{"name":"Jahn Avenue","cls":5,"brg":89.9},{"name":"Chequers Road","cls":5,"brg":359.7}]},"geometry":{"type":"Point","coordinates":[142.02503,-36.74698]}},{"type":"Feature","properties":{"roads":[{"name":"Chequers Road","cls":5,"brg":359.8},{"name":"Lanes Avenue","cls":5,"brg":89.7}]},"geometry":{"type":"Point","coordinates":[142.02508,-36.75579]}},{"type":"Feature","properties":{"roads":[{"name":"Blocks Road","cls":5,"brg":180.2},{"name":"Overall Avenue","cls":5,"brg":89.7}]},"geometry":{"type":"Point","coordinates":[142.01313,-36.74256]}},{"type":"Feature","properties":{"roads":[{"name":"Blocks Road","cls":5,"brg":179.8},{"name":"Struthers Avenue","cls":5,"brg":119.2}]},"geometry":{"type":"Point","coordinates":[142.01259,-36.75148]}},{"type":"Feature","properties":{"roads":[{"name":"Hutchinsons Road","cls":4,"brg":359.8},{"name":"Lanes Avenue","cls":5,"brg":89.8}]},"geometry":{"type":"Point","coordinates":[142.04507,-36.75573]}},{"type":"Feature","properties":{"roads":[{"name":"Quantong-Polkemmet Road","cls":5,"brg":158.8},{"name":"Old Vectis Quarry Road","cls":5,"brg":92.9}]},"geometry":{"type":"Point","coordinates":[141.9998,-36.67307]}},{"type":"Feature","properties":{"roads":[{"name":"Quantong-Polkemmet Road","cls":5,"brg":159.5},{"name":"Three Mile Road","cls":7,"brg":255.7}]},"geometry":{"type":"Point","coordinates":[142.00495,-36.68397]}},{"type":"Feature","properties":{"roads":[{"name":"Wimmera Highway","cls":2,"brg":235.3},{"name":"Main Street","cls":2,"brg":236.1},{"name":"Natimuk East Road","cls":5,"brg":304.4}]},"geometry":{"type":"Point","coordinates":[141.95117,-36.73763]}},{"type":"Feature","properties":{"roads":[{"name":"Natimuk-Hamilton Road","cls":3,"brg":7.2},{"name":"Noradjuha-Tooan East Road","cls":4,"brg":249}]},"geometry":{"type":"Point","coordinates":[141.96496,-36.83143]}},{"type":"Feature","properties":{"roads":[{"name":"Noradjuha-Tooan East Road","cls":4,"brg":277.3},{"name":"Hammondd-McCuish Road","cls":4,"brg":134.2},{"name":"Hammond-Mccuish Road","cls":5,"brg":145.1}]},"geometry":{"type":"Point","coordinates":[141.95801,-36.83126]}},{"type":"Feature","properties":{"roads":[{"name":"Noradjuha-Tooan East Road","cls":4,"brg":277.1},{"name":"Hammond-McCuish Road","cls":4,"brg":7.2}]},"geometry":{"type":"Point","coordinates":[141.94103,-36.82956]}},{"type":"Feature","properties":{"roads":[{"name":"Noradjuha-Tooan East Road","cls":4,"brg":276.9},{"name":"Clarkes Lane","cls":7,"brg":7}]},"geometry":{"type":"Point","coordinates":[141.93159,-36.82864]}},{"type":"Feature","properties":{"roads":[{"name":"Noradjuha-Tooan East Road","cls":4,"brg":278.3},{"name":"Scott Heard Lights Road","cls":5,"brg":187.1}]},"geometry":{"type":"Point","coordinates":[141.91131,-36.82627]}},{"type":"Feature","properties":{"roads":[{"name":"Noradjuha-Tooan East Road","cls":4,"brg":242.5},{"name":"Fergusons Sandhill Road","cls":5,"brg":186.5}]},"geometry":{"type":"Point","coordinates":[141.89286,-36.82485]}},{"type":"Feature","properties":{"roads":[{"name":"Noradjuha-Tooan East Road","cls":4,"brg":277},{"name":"H H Scotts Road","cls":5,"brg":6.9}]},"geometry":{"type":"Point","coordinates":[141.87818,-36.82424]}},{"type":"Feature","properties":{"roads":[{"name":"Hammond-McCuish Road","cls":4,"brg":354.4},{"name":"Hammond-Mccuish Road","cls":5,"brg":138.5}]},"geometry":{"type":"Point","coordinates":[141.94265,-36.81683]}},{"type":"Feature","properties":{"roads":[{"name":"Hammond-McCuish Road","cls":4,"brg":316.1},{"name":"Hammonds Road","cls":5,"brg":254.6}]},"geometry":{"type":"Point","coordinates":[141.91942,-36.79708]}},{"type":"Feature","properties":{"roads":[{"name":"Hammond-McCuish Road","cls":4,"brg":307.4},{"name":"Fergusons Sandhill Road","cls":5,"brg":224.7}]},"geometry":{"type":"Point","coordinates":[141.90683,-36.78932]}},{"type":"Feature","properties":{"roads":[{"name":"Hammond-McCuish Road","cls":4,"brg":332.1},{"name":"Creek Road","cls":4,"brg":61.1},{"name":"Ryan Road","cls":5,"brg":61}]},"geometry":{"type":"Point","coordinates":[141.89674,-36.78198]}},{"type":"Feature","properties":{"roads":[{"name":"Creek Road","cls":4,"brg":356.7},{"name":"Browns Road","cls":5,"brg":85}]},"geometry":{"type":"Point","coordinates":[141.91109,-36.77038]}},{"type":"Feature","properties":{"roads":[{"name":"Creek Road","cls":4,"brg":42.7},{"name":"Gladigau Road","cls":5,"brg":270.4}]},"geometry":{"type":"Point","coordinates":[141.9208,-36.7571]}},{"type":"Feature","properties":{"roads":[{"name":"Creek Road","cls":4,"brg":45.8},{"name":"J Sudholzs Road","cls":7,"brg":281.7}]},"geometry":{"type":"Point","coordinates":[141.92135,-36.75667]}},{"type":"Feature","properties":{"roads":[{"name":"Rifle Butts Road","cls":5,"brg":277.2},{"name":"Scott Heard Lights Road","cls":5,"brg":275.2}]},"geometry":{"type":"Point","coordinates":[141.89638,-36.8409]}},{"type":"Feature","properties":{"roads":[{"name":"Rifle Butts Road","cls":5,"brg":277.2},{"name":"L Heards Road","cls":5,"brg":5.9}]},"geometry":{"type":"Point","coordinates":[141.87821,-36.83905]}},{"type":"Feature","properties":{"roads":[{"name":"Rifle Butts Road","cls":5,"brg":276.9},{"name":"H H Scotts Road","cls":5,"brg":307.3}]},"geometry":{"type":"Point","coordinates":[141.87626,-36.83886]}},{"type":"Feature","properties":{"roads":[{"name":"L Heards Road","cls":5,"brg":84.7},{"name":"Lowan School Road","cls":5,"brg":97.1}]},"geometry":{"type":"Point","coordinates":[141.87505,-36.85346]}},{"type":"Feature","properties":{"roads":[{"name":"Geberts Road","cls":5,"brg":316.3},{"name":"Fergusons Sandhill Road","cls":5,"brg":152.1}]},"geometry":{"type":"Point","coordinates":[141.89483,-36.81138]}},{"type":"Feature","properties":{"roads":[{"name":"Ryan Road","cls":5,"brg":90.1},{"name":"Cooktown Road","cls":5,"brg":154}]},"geometry":{"type":"Point","coordinates":[141.87762,-36.78429]}},{"type":"Feature","properties":{"roads":[{"name":"Bunworths Road","cls":5,"brg":90.3},{"name":"Kiefels Road","cls":7,"brg":358.7}]},"geometry":{"type":"Point","coordinates":[142.33956,-36.91639]}},{"type":"Feature","properties":{"roads":[{"name":"Laharum-Grahams Bridge Road","cls":5,"brg":269.9},{"name":"Barkers Lane","cls":5,"brg":180.2}]},"geometry":{"type":"Point","coordinates":[142.30294,-36.94671]}},{"type":"Feature","properties":{"roads":[{"name":"Laharum-Grahams Bridge Road","cls":5,"brg":270.4},{"name":"Staehrs Road","cls":5,"brg":0.6}]},"geometry":{"type":"Point","coordinates":[142.28468,-36.94664]}},{"type":"Feature","properties":{"roads":[{"name":"O'Sullivans Road","cls":7,"brg":304.1},{"name":"Old Adelaide Road","cls":7,"brg":243.9}]},"geometry":{"type":"Point","coordinates":[142.32574,-37.03803]}},{"type":"Feature","properties":{"roads":[{"name":"Staehrs Road","cls":5,"brg":0.5},{"name":"Geue Lane","cls":5,"brg":270.1}]},"geometry":{"type":"Point","coordinates":[142.28451,-36.96546]}},{"type":"Feature","properties":{"roads":[{"name":"Staehrs Road","cls":5,"brg":0.5},{"name":"Laharum-Grahams Bridge Road","cls":5,"brg":270.2}]},"geometry":{"type":"Point","coordinates":[142.28464,-36.94942]}},{"type":"Feature","properties":{"roads":[{"name":"Staehrs Road","cls":5,"brg":359.6},{"name":"Macinnes Road","cls":5,"brg":90.8}]},"geometry":{"type":"Point","coordinates":[142.28468,-36.9261]}},{"type":"Feature","properties":{"roads":[{"name":"Staehrs Road","cls":5,"brg":0.2},{"name":"Hickeys Road","cls":5,"brg":90.2}]},"geometry":{"type":"Point","coordinates":[142.28481,-36.9011]}},{"type":"Feature","properties":{"roads":[{"name":"Barkers Lane","cls":5,"brg":180.2},{"name":"Geue Lane","cls":5,"brg":295.6}]},"geometry":{"type":"Point","coordinates":[142.30285,-36.96561]}},{"type":"Feature","properties":{"roads":[{"name":"Olive Plantation Road","cls":5,"brg":90.1},{"name":"Kiefels Road","cls":7,"brg":359.8}]},"geometry":{"type":"Point","coordinates":[142.33969,-36.92622]}},{"type":"Feature","properties":{"roads":[{"name":"Rosebrook Glenisla Road","cls":7,"brg":220.6},{"name":"Wattle Road","cls":7,"brg":311.4}]},"geometry":{"type":"Point","coordinates":[142.32173,-37.06234]}},{"type":"Feature","properties":{"roads":[{"name":"Old Adelaide Road","cls":5,"brg":238},{"name":"Schmidts Road","cls":5,"brg":183.8}]},"geometry":{"type":"Point","coordinates":[142.28422,-37.06255]}},{"type":"Feature","properties":{"roads":[{"name":"Old Adelaide Road","cls":5,"brg":266.3},{"name":"Victoria Valley Road","cls":5,"brg":178.2}]},"geometry":{"type":"Point","coordinates":[142.23494,-37.07922]}},{"type":"Feature","properties":{"roads":[{"name":"Golton Road","cls":5,"brg":359.9},{"name":"Fulbrooks Road","cls":5,"brg":90}]},"geometry":{"type":"Point","coordinates":[142.44953,-36.85576]}},{"type":"Feature","properties":{"roads":[{"name":"Golton Road","cls":5,"brg":0.1},{"name":"Horsham-Wal Wal Road","cls":5,"brg":269.8}]},"geometry":{"type":"Point","coordinates":[142.44959,-36.81159]}},{"type":"Feature","properties":{"roads":[{"name":"Golton Road","cls":5,"brg":359.9},{"name":"Whyatts Road","cls":5,"brg":270}]},"geometry":{"type":"Point","coordinates":[142.44958,-36.79689]}},{"type":"Feature","properties":{"roads":[{"name":"Western Highway","cls":1,"brg":313.5},{"name":"Golton South Road","cls":5,"brg":181.4}]},"geometry":{"type":"Point","coordinates":[142.44966,-36.87497]}},{"type":"Feature","properties":{"roads":[{"name":"Western Highway","cls":1,"brg":313.1},{"name":"Golton South Road","cls":5,"brg":196.3}]},"geometry":{"type":"Point","coordinates":[142.48017,-36.8982]}},{"type":"Feature","properties":{"roads":[{"name":"Western Highway","cls":1,"brg":313.1},{"name":"Crutes Track","cls":7,"brg":64.1}]},"geometry":{"type":"Point","coordinates":[142.47937,-36.8976]}},{"type":"Feature","properties":{"roads":[{"name":"Golton South Road","cls":5,"brg":180.2},{"name":"Golton Track","cls":7,"brg":188.2}]},"geometry":{"type":"Point","coordinates":[142.44958,-36.89757]}},{"type":"Feature","properties":{"roads":[{"name":"Harrow - Kanagulk Road","cls":4,"brg":57.5},{"name":"Elliotts Back Lane","cls":5,"brg":347.5}]},"geometry":{"type":"Point","coordinates":[141.77333,-37.09443]}},{"type":"Feature","properties":{"roads":[{"name":"Wimmera Highway","cls":2,"brg":241.3},{"name":"Langes Lane","cls":5,"brg":338.1}]},"geometry":{"type":"Point","coordinates":[141.89571,-36.76128]}},{"type":"Feature","properties":{"roads":[{"name":"Wimmera Highway","cls":2,"brg":241.6},{"name":"Arapiles Lane","cls":7,"brg":97.6}]},"geometry":{"type":"Point","coordinates":[141.89428,-36.76186]}},{"type":"Feature","properties":{"roads":[{"name":"Wimmera Highway","cls":2,"brg":241.3},{"name":"Hammond-McCuish Road","cls":5,"brg":329.6}]},"geometry":{"type":"Point","coordinates":[141.88579,-36.76562]}},{"type":"Feature","properties":{"roads":[{"name":"Wimmera Highway","cls":2,"brg":241.3},{"name":"Arapiles School Road","cls":5,"brg":159.8}]},"geometry":{"type":"Point","coordinates":[141.87709,-36.76944]}},{"type":"Feature","properties":{"roads":[{"name":"Wimmera Highway","cls":2,"brg":241.1},{"name":"Centenary Park Road","cls":5,"brg":332.5}]},"geometry":{"type":"Point","coordinates":[141.85969,-36.77709]}},{"type":"Feature","properties":{"roads":[{"name":"Wimmera Highway","cls":2,"brg":241.1},{"name":"Natimuk Golf Links Road","cls":5,"brg":329.5}]},"geometry":{"type":"Point","coordinates":[141.85605,-36.77868]}},{"type":"Feature","properties":{"roads":[{"name":"Wimmera Highway","cls":2,"brg":246.4},{"name":"Jacka Jacka Road","cls":5,"brg":156.2}]},"geometry":{"type":"Point","coordinates":[141.80378,-36.80273]}},{"type":"Feature","properties":{"roads":[{"name":"Wimmera Highway","cls":2,"brg":237.3},{"name":"Black Swan Lane","cls":7,"brg":323.4}]},"geometry":{"type":"Point","coordinates":[141.78063,-36.80775]}},{"type":"Feature","properties":{"roads":[{"name":"Wimmera Highway","cls":2,"brg":237.3},{"name":"Chapmans Lane","cls":7,"brg":156.4}]},"geometry":{"type":"Point","coordinates":[141.77981,-36.80817]}},{"type":"Feature","properties":{"roads":[{"name":"Wimmera Highway","cls":2,"brg":236},{"name":"Dickersons Road","cls":5,"brg":96.9}]},"geometry":{"type":"Point","coordinates":[141.75284,-36.82313]}},{"type":"Feature","properties":{"roads":[{"name":"Wimmera Highway","cls":2,"brg":214.7},{"name":"Blakes Road","cls":5,"brg":121}]},"geometry":{"type":"Point","coordinates":[141.73068,-36.84359]}},{"type":"Feature","properties":{"roads":[{"name":"Wimmera Highway","cls":2,"brg":243.3},{"name":"Jilpanger Road","cls":5,"brg":168.4}]},"geometry":{"type":"Point","coordinates":[141.72007,-36.85183]}},{"type":"Feature","properties":{"roads":[{"name":"McPherson Street","cls":1,"brg":359.5},{"name":"Bolton Street","cls":6,"brg":90.3}]},"geometry":{"type":"Point","coordinates":[142.20492,-36.72085]}},{"type":"Feature","properties":{"roads":[{"name":"McPherson Street","cls":1,"brg":31.3},{"name":"O'Callaghans Parade","cls":4,"brg":123.4}]},"geometry":{"type":"Point","coordinates":[142.20482,-36.72281]}},{"type":"Feature","properties":{"roads":[{"name":"Arnott Street","cls":6,"brg":0.3},{"name":"Rennison Street","cls":6,"brg":269.9}]},"geometry":{"type":"Point","coordinates":[142.21162,-36.71258]}},{"type":"Feature","properties":{"roads":[{"name":"Baillie Street","cls":4,"brg":89.8},{"name":"Read Street","cls":6,"brg":359.7}]},"geometry":{"type":"Point","coordinates":[142.21044,-36.71168]}},{"type":"Feature","properties":{"roads":[{"name":"Baillie Street","cls":4,"brg":89.8},{"name":"Robinson Street","cls":6,"brg":359.7}]},"geometry":{"type":"Point","coordinates":[142.20734,-36.7117]}},{"type":"Feature","properties":{"roads":[{"name":"Kalkee Road","cls":3,"brg":181},{"name":"Wavell Street","cls":6,"brg":89.5}]},"geometry":{"type":"Point","coordinates":[142.20088,-36.70261]}},{"type":"Feature","properties":{"roads":[{"name":"Alexander Avenue","cls":6,"brg":180},{"name":"Oatlands Court","cls":6,"brg":90}]},"geometry":{"type":"Point","coordinates":[142.19892,-36.70441]}},{"type":"Feature","properties":{"roads":[{"name":"Alexander Avenue","cls":6,"brg":180},{"name":"Lynott Street","cls":6,"brg":90.3}]},"geometry":{"type":"Point","coordinates":[142.19892,-36.70532]}},{"type":"Feature","properties":{"roads":[{"name":"Rasmussen Road","cls":4,"brg":89.3},{"name":"Albert Street","cls":6,"brg":359.4}]},"geometry":{"type":"Point","coordinates":[142.20564,-36.69693]}},{"type":"Feature","properties":{"roads":[{"name":"Edith Street","cls":6,"brg":89.7},{"name":"Albert Street","cls":6,"brg":358.7}]},"geometry":{"type":"Point","coordinates":[142.20507,-36.70442]}},{"type":"Feature","properties":{"roads":[{"name":"Tucker Street","cls":6,"brg":44.9},{"name":"Carroll Street","cls":6,"brg":25.2}]},"geometry":{"type":"Point","coordinates":[142.21277,-36.7073]}},{"type":"Feature","properties":{"roads":[{"name":"Webster Street","cls":6,"brg":358.1},{"name":"Culliver Street","cls":6,"brg":91}]},"geometry":{"type":"Point","coordinates":[142.21647,-36.70646]}},{"type":"Feature","properties":{"roads":[{"name":"Dooen Road","cls":2,"brg":44.2},{"name":"Riverside Road","cls":4,"brg":124.2}]},"geometry":{"type":"Point","coordinates":[142.22382,-36.69663]}},{"type":"Feature","properties":{"roads":[{"name":"Dooen Road","cls":2,"brg":28.7},{"name":"Henty Highway","cls":2,"brg":33.6}]},"geometry":{"type":"Point","coordinates":[142.22476,-36.69548]}},{"type":"Feature","properties":{"roads":[{"name":"Dooen Road","cls":2,"brg":45.2},{"name":"Pryors Road","cls":6,"brg":106}]},"geometry":{"type":"Point","coordinates":[142.21443,-36.7043]}},{"type":"Feature","properties":{"roads":[{"name":"Hazel Street","cls":6,"brg":90.8},{"name":"Stewart Street","cls":6,"brg":179.9}]},"geometry":{"type":"Point","coordinates":[142.19351,-36.70656]}},{"type":"Feature","properties":{"roads":[{"name":"Wawunna Road","cls":6,"brg":180.1},{"name":"Mills Avenue","cls":6,"brg":270.1}]},"geometry":{"type":"Point","coordinates":[142.19622,-36.70063]}},{"type":"Feature","properties":{"roads":[{"name":"Edward Street","cls":6,"brg":90.8},{"name":"Wawunna Road","cls":6,"brg":180}]},"geometry":{"type":"Point","coordinates":[142.19622,-36.70464]}},{"type":"Feature","properties":{"roads":[{"name":"Wavell Street","cls":6,"brg":90.3},{"name":"Wawunna Road","cls":6,"brg":180.1}]},"geometry":{"type":"Point","coordinates":[142.19622,-36.70263]}},{"type":"Feature","properties":{"roads":[{"name":"Stawell Road","cls":1,"brg":353.4},{"name":"Stawell Road Service Road","cls":6,"brg":268.7}]},"geometry":{"type":"Point","coordinates":[142.20492,-36.72547]}},{"type":"Feature","properties":{"roads":[{"name":"Golf Course Road","cls":4,"brg":242.1},{"name":"Kendal Drive","cls":5,"brg":140.2}]},"geometry":{"type":"Point","coordinates":[142.20126,-36.73521]}},{"type":"Feature","properties":{"roads":[{"name":"Golf Course Road","cls":4,"brg":242.3},{"name":"Jervis Street","cls":5,"brg":332.4}]},"geometry":{"type":"Point","coordinates":[142.19918,-36.73608]}},{"type":"Feature","properties":{"roads":[{"name":"Golf Course Road","cls":4,"brg":241.2},{"name":"Kenny Road","cls":5,"brg":144.4}]},"geometry":{"type":"Point","coordinates":[142.18882,-36.7405]}},{"type":"Feature","properties":{"roads":[{"name":"Golf Course Road","cls":4,"brg":257},{"name":"Ballinger Street","cls":5,"brg":180}]},"geometry":{"type":"Point","coordinates":[142.18733,-36.74088]}},{"type":"Feature","properties":{"roads":[{"name":"Golf Course Road","cls":4,"brg":214.5},{"name":"Velthuis Drive","cls":6,"brg":126.3}]},"geometry":{"type":"Point","coordinates":[142.18063,-36.74556]}},{"type":"Feature","properties":{"roads":[{"name":"Golf Course Road","cls":4,"brg":209.8},{"name":"Colonial Drive","cls":6,"brg":119.7}]},"geometry":{"type":"Point","coordinates":[142.17897,-36.74788]}},{"type":"Feature","properties":{"roads":[{"name":"Stawell Road","cls":1,"brg":163.5},{"name":"Derry Parade","cls":6,"brg":226}]},"geometry":{"type":"Point","coordinates":[142.20551,-36.73308]}},{"type":"Feature","properties":{"roads":[{"name":"Williams Road","cls":3,"brg":270.7},{"name":"Citrus Avenue","cls":6,"brg":358.8}]},"geometry":{"type":"Point","coordinates":[142.20684,-36.72608]}},{"type":"Feature","properties":{"roads":[{"name":"Williams Road","cls":3,"brg":270.6},{"name":"Stawell Road Service Road","cls":6,"brg":179.4}]},"geometry":{"type":"Point","coordinates":[142.20542,-36.72612]}},{"type":"Feature","properties":{"roads":[{"name":"Plumpton Road","cls":5,"brg":270},{"name":"Jervis Street","cls":5,"brg":359.8}]},"geometry":{"type":"Point","coordinates":[142.19894,-36.73337]}},{"type":"Feature","properties":{"roads":[{"name":"Plumpton Road","cls":5,"brg":270},{"name":"Hanson Street","cls":6,"brg":359.4}]},"geometry":{"type":"Point","coordinates":[142.19823,-36.73337]}},{"type":"Feature","properties":{"roads":[{"name":"Vine Avenue","cls":6,"brg":180},{"name":"Burnlea Drive","cls":6,"brg":82.5}]},"geometry":{"type":"Point","coordinates":[142.21025,-36.72979]}},{"type":"Feature","properties":{"roads":[{"name":"Vine Avenue","cls":6,"brg":179.4},{"name":"Derry Parade","cls":6,"brg":89.6}]},"geometry":{"type":"Point","coordinates":[142.21029,-36.73296]}},{"type":"Feature","properties":{"roads":[{"name":"Young Street","cls":6,"brg":90.3},{"name":"Hogan Court","cls":6,"brg":180.4}]},"geometry":{"type":"Point","coordinates":[142.21108,-36.72722]}},{"type":"Feature","properties":{"roads":[{"name":"Stawell Road","cls":1,"brg":178.3},{"name":"Stawell Road Service Road","cls":6,"brg":242.4}]},"geometry":{"type":"Point","coordinates":[142.20545,-36.73273]}},{"type":"Feature","properties":{"roads":[{"name":"Wilmoth Avenue","cls":6,"brg":276.2},{"name":"Kalimna Avenue","cls":6,"brg":6.5}]},"geometry":{"type":"Point","coordinates":[142.18271,-36.72137]}},{"type":"Feature","properties":{"roads":[{"name":"Windsor Crescent","cls":6,"brg":358},{"name":"Federation Avenue","cls":6,"brg":244}]},"geometry":{"type":"Point","coordinates":[142.17703,-36.72381]}},{"type":"Feature","properties":{"roads":[{"name":"Natimuk Road","cls":2,"brg":245.5},{"name":"Bennett Road","cls":6,"brg":182.8}]},"geometry":{"type":"Point","coordinates":[142.18726,-36.71877]}},{"type":"Feature","properties":{"roads":[{"name":"Barnes Boulevard","cls":6,"brg":48.7},{"name":"Hayes Drive","cls":6,"brg":140.3}]},"geometry":{"type":"Point","coordinates":[142.17692,-36.72817]}},{"type":"Feature","properties":{"roads":[{"name":"Barnes Boulevard","cls":6,"brg":4},{"name":"Drummond Street","cls":6,"brg":178.5}]},"geometry":{"type":"Point","coordinates":[142.1781,-36.72759]}},{"type":"Feature","properties":{"roads":[{"name":"Federation Avenue","cls":6,"brg":240.4},{"name":"Mintern Crescent","cls":6,"brg":150.4}]},"geometry":{"type":"Point","coordinates":[142.17418,-36.72522]}},{"type":"Feature","properties":{"roads":[{"name":"Bennett Road","cls":6,"brg":180.1},{"name":"Pearl Street","cls":6,"brg":94.1}]},"geometry":{"type":"Point","coordinates":[142.18727,-36.71745]}},{"type":"Feature","properties":{"roads":[{"name":"Churchill Road","cls":6,"brg":177.2},{"name":"Pearl Street","cls":6,"brg":90.6}]},"geometry":{"type":"Point","coordinates":[142.18422,-36.71737]}},{"type":"Feature","properties":{"roads":[{"name":"Churchill Road","cls":6,"brg":155.4},{"name":"Natimuk Road Service Lane","cls":6,"brg":72.6}]},"geometry":{"type":"Point","coordinates":[142.18502,-36.71922]}},{"type":"Feature","properties":{"roads":[{"name":"Natimuk Road","cls":2,"brg":63.7},{"name":"Mintern Crescent","cls":6,"brg":153.2}]},"geometry":{"type":"Point","coordinates":[142.17342,-36.72397]}},{"type":"Feature","properties":{"roads":[{"name":"Baillie Street","cls":6,"brg":90.6},{"name":"High Street South","cls":6,"brg":179.8}]},"geometry":{"type":"Point","coordinates":[142.18647,-36.71177]}},{"type":"Feature","properties":{"roads":[{"name":"Baillie Street","cls":6,"brg":55.9},{"name":"Bennett Road","cls":6,"brg":49.9}]},"geometry":{"type":"Point","coordinates":[142.18773,-36.71191]}},{"type":"Feature","properties":{"roads":[{"name":"Baillie Street","cls":6,"brg":90.8},{"name":"Park Drive","cls":6,"brg":180.7}]},"geometry":{"type":"Point","coordinates":[142.19396,-36.71174]}},{"type":"Feature","properties":{"roads":[{"name":"Old Hamilton Road","cls":5,"brg":178.4},{"name":"Haven Park Drive","cls":6,"brg":88.5}]},"geometry":{"type":"Point","coordinates":[142.20555,-36.74269]}},{"type":"Feature","properties":{"roads":[{"name":"Western Highway","cls":1,"brg":312.5},{"name":"Stawell Road","cls":1,"brg":315.9},{"name":"Osborne Road","cls":5,"brg":43.6}]},"geometry":{"type":"Point","coordinates":[142.21409,-36.74052]}},{"type":"Feature","properties":{"roads":[{"name":"Old Hamilton Road","cls":5,"brg":180.4},{"name":"Schier Drive","cls":6,"brg":288.5}]},"geometry":{"type":"Point","coordinates":[142.20516,-36.76434]}},{"type":"Feature","properties":{"roads":[{"name":"Three Bridges Road","cls":4,"brg":227},{"name":"Wards Road","cls":5,"brg":353.5}]},"geometry":{"type":"Point","coordinates":[142.16886,-36.75775]}},{"type":"Feature","properties":{"roads":[{"name":"Centenary Park Road","cls":5,"brg":359.8},{"name":"Arapiles Lane","cls":7,"brg":88.4}]},"geometry":{"type":"Point","coordinates":[141.85138,-36.76213]}},{"type":"Feature","properties":{"roads":[{"name":"Bottlebrush Track","cls":7,"brg":257.9},{"name":"Plantation Track","cls":7,"brg":280.9}]},"geometry":{"type":"Point","coordinates":[142.0788,-36.50439]}},{"type":"Feature","properties":{"roads":[{"name":"Rocklands-Cherrypool Road","cls":5,"brg":187.6},{"name":"Muirfoot Track","cls":7,"brg":77.2}]},"geometry":{"type":"Point","coordinates":[142.1096,-37.1603]}},{"type":"Feature","properties":{"roads":[{"name":"Dimboola-Minyip Road","cls":4,"brg":270.1},{"name":"Crafters Road","cls":5,"brg":180.2}]},"geometry":{"type":"Point","coordinates":[142.35503,-36.44906]}},{"type":"Feature","properties":{"roads":[{"name":"Byrnes Road","cls":5,"brg":0.4},{"name":"Byrneville Road","cls":5,"brg":90.3}]},"geometry":{"type":"Point","coordinates":[142.32851,-36.50169]}},{"type":"Feature","properties":{"roads":[{"name":"Byrnes Road","cls":5,"brg":0.4},{"name":"Byrneville West Road","cls":5,"brg":90.2}]},"geometry":{"type":"Point","coordinates":[142.32864,-36.48515]}},{"type":"Feature","properties":{"roads":[{"name":"Byrnes Road","cls":5,"brg":359.9},{"name":"Coffeys Road","cls":5,"brg":270.9}]},"geometry":{"type":"Point","coordinates":[142.32864,-36.48389]}},{"type":"Feature","properties":{"roads":[{"name":"Ailsa Wheat Road","cls":5,"brg":0.2},{"name":"Kings Road","cls":7,"brg":270}]},"geometry":{"type":"Point","coordinates":[142.32741,-36.45527]}},{"type":"Feature","properties":{"roads":[{"name":"Dimboola-Minyip Road","cls":4,"brg":281.7},{"name":"Ailsa Wheat Road","cls":5,"brg":0.2}]},"geometry":{"type":"Point","coordinates":[142.32747,-36.44022]}},{"type":"Feature","properties":{"roads":[{"name":"Dimboola-Minyip Road","cls":4,"brg":270.1},{"name":"Exells Quarry Road","cls":5,"brg":179.9}]},"geometry":{"type":"Point","coordinates":[142.30933,-36.43988]}},{"type":"Feature","properties":{"roads":[{"name":"Exells Quarry Road","cls":5,"brg":180.1},{"name":"Byrneville West Road","cls":5,"brg":90.1}]},"geometry":{"type":"Point","coordinates":[142.30916,-36.4851]}},{"type":"Feature","properties":{"roads":[{"name":"Exells Quarry Road","cls":5,"brg":180.2},{"name":"Byrneville Road","cls":5,"brg":89.8}]},"geometry":{"type":"Point","coordinates":[142.30907,-36.50564]}},{"type":"Feature","properties":{"roads":[{"name":"Southern Break","cls":7,"brg":258.7},{"name":"Dahlenburgs Mill Track","cls":7,"brg":8.5}]},"geometry":{"type":"Point","coordinates":[141.86474,-36.60158]}},{"type":"Feature","properties":{"roads":[{"name":"Mitre Road","cls":4,"brg":147.5},{"name":"Cooack Fire Access Road","cls":5,"brg":197.4}]},"geometry":{"type":"Point","coordinates":[141.73664,-36.67912]}},{"type":"Feature","properties":{"roads":[{"name":"Mitre-Nurcoung Road","cls":4,"brg":137.6},{"name":"Mitre Road","cls":4,"brg":140},{"name":"Mccreddens Road","cls":5,"brg":43.3}]},"geometry":{"type":"Point","coordinates":[141.73856,-36.68132]}},{"type":"Feature","properties":{"roads":[{"name":"Lake Road","cls":5,"brg":258.6},{"name":"Wades Road","cls":5,"brg":82.7}]},"geometry":{"type":"Point","coordinates":[141.84145,-37.07822]}},{"type":"Feature","properties":{"roads":[{"name":"Telangatuk East-Rocklands Road","cls":5,"brg":187},{"name":"Wash Tomorrow Road","cls":5,"brg":277}]},"geometry":{"type":"Point","coordinates":[141.98533,-37.01704]}},{"type":"Feature","properties":{"roads":[{"name":"Telangatuk East-Rocklands Road","cls":5,"brg":187},{"name":"John McPhees Road","cls":5,"brg":89.4}]},"geometry":{"type":"Point","coordinates":[141.98406,-37.02526]}},{"type":"Feature","properties":{"roads":[{"name":"Telangatuk East-Rocklands Road","cls":5,"brg":186.8},{"name":"Dyers Road","cls":5,"brg":296.7}]},"geometry":{"type":"Point","coordinates":[141.97898,-37.05844]}},{"type":"Feature","properties":{"roads":[{"name":"Telangatuk East-Rocklands Road","cls":5,"brg":187.8},{"name":"Dyers Road","cls":5,"brg":52.5}]},"geometry":{"type":"Point","coordinates":[141.9784,-37.06206]}},{"type":"Feature","properties":{"roads":[{"name":"Telangatuk East-Rocklands Road","cls":5,"brg":186.3},{"name":"Brennans Road","cls":5,"brg":277.1},{"name":"Derwent Lane","cls":5,"brg":277.6}]},"geometry":{"type":"Point","coordinates":[141.97647,-37.07474]}},{"type":"Feature","properties":{"roads":[{"name":"Telangatuk East-Rocklands Road","cls":5,"brg":187},{"name":"Rees Road","cls":5,"brg":276.6}]},"geometry":{"type":"Point","coordinates":[141.974,-37.09065]}},{"type":"Feature","properties":{"roads":[{"name":"Telangatuk East-Rocklands Road","cls":5,"brg":186.9},{"name":"Telangatuk East Road","cls":5,"brg":277.1}]},"geometry":{"type":"Point","coordinates":[141.9731,-37.09655]}},{"type":"Feature","properties":{"roads":[{"name":"Telangatuk East-Rocklands Road","cls":5,"brg":186.8},{"name":"Robertsons Road","cls":5,"brg":277.6}]},"geometry":{"type":"Point","coordinates":[141.972,-37.10391]}},{"type":"Feature","properties":{"roads":[{"name":"Telangatuk East-Rocklands Road","cls":5,"brg":187.2},{"name":"Scholfields Road","cls":5,"brg":98.6}]},"geometry":{"type":"Point","coordinates":[141.9704,-37.11404]}},{"type":"Feature","properties":{"roads":[{"name":"Natimuk - Hamilton Road","cls":3,"brg":7},{"name":"Nurrabiel Church Road","cls":5,"brg":97.3},{"name":"Peaches Flat Lane","cls":7,"brg":276.8}]},"geometry":{"type":"Point","coordinates":[141.95631,-36.90516]}},{"type":"Feature","properties":{"roads":[{"name":"Natimuk - Hamilton Road","cls":3,"brg":6.9},{"name":"Cooks Lane","cls":5,"brg":97.1}]},"geometry":{"type":"Point","coordinates":[141.96059,-36.87663]}},{"type":"Feature","properties":{"roads":[{"name":"Natimuk - Hamilton Road","cls":3,"brg":7},{"name":"Rifle Butts Road","cls":5,"brg":277.1}]},"geometry":{"type":"Point","coordinates":[141.96504,-36.84769]}},{"type":"Feature","properties":{"roads":[{"name":"Nurrabiel Church Road","cls":5,"brg":97.1},{"name":"Quick Sinclair Russells Road","cls":5,"brg":186.8}]},"geometry":{"type":"Point","coordinates":[141.99255,-36.90875]}},{"type":"Feature","properties":{"roads":[{"name":"Nurrabiel Church Road","cls":5,"brg":97.1},{"name":"Nurrabiel Cemetery Road","cls":5,"brg":7.1}]},"geometry":{"type":"Point","coordinates":[142.02194,-36.91166]}},{"type":"Feature","properties":{"roads":[{"name":"Quick Sinclair Russells Road","cls":5,"brg":187},{"name":"Rifle Butts Road","cls":5,"brg":97.1}]},"geometry":{"type":"Point","coordinates":[142.00139,-36.8513]}},{"type":"Feature","properties":{"roads":[{"name":"Quick Sinclair Russells Road","cls":5,"brg":187},{"name":"Cooks Lane","cls":5,"brg":96.9}]},"geometry":{"type":"Point","coordinates":[141.99695,-36.88021]}},{"type":"Feature","properties":{"roads":[{"name":"Arapiles-Grass Flat Road","cls":4,"brg":3.7},{"name":"Three Chain Road","cls":4,"brg":70.8}]},"geometry":{"type":"Point","coordinates":[141.85574,-36.72727]}},{"type":"Feature","properties":{"roads":[{"name":"Lake Road","cls":4,"brg":171.9},{"name":"Lake Avenue","cls":5,"brg":34.9}]},"geometry":{"type":"Point","coordinates":[141.9323,-36.68681]}},{"type":"Feature","properties":{"roads":[{"name":"Lake Road","cls":4,"brg":149.1},{"name":"Natimuk Lake School Road","cls":5,"brg":77}]},"geometry":{"type":"Point","coordinates":[141.94223,-36.69254]}},{"type":"Feature","properties":{"roads":[{"name":"Lake Road","cls":4,"brg":169.8},{"name":"Natimuk Cemetery Road","cls":5,"brg":80.5}]},"geometry":{"type":"Point","coordinates":[141.94249,-36.71612]}},{"type":"Feature","properties":{"roads":[{"name":"Lake Road","cls":4,"brg":178.9},{"name":"Cooack Road","cls":4,"brg":162.7}]},"geometry":{"type":"Point","coordinates":[141.92028,-36.6402]}},{"type":"Feature","properties":{"roads":[{"name":"Lake Road","cls":4,"brg":180.1},{"name":"Meyers Road","cls":4,"brg":90.2}]},"geometry":{"type":"Point","coordinates":[141.93227,-36.66111]}},{"type":"Feature","properties":{"roads":[{"name":"Railway Service Track","cls":7,"brg":337.9},{"name":"Pelchen Avenue","cls":7,"brg":89.4}]},"geometry":{"type":"Point","coordinates":[142.14721,-36.65352]}},{"type":"Feature","properties":{"roads":[{"name":"Dimboola Road","cls":1,"brg":300.7},{"name":"Western Highway","cls":1,"brg":303.7}]},"geometry":{"type":"Point","coordinates":[142.17341,-36.69962]}},{"type":"Feature","properties":{"roads":[{"name":"Henty Highway","cls":2,"brg":27.6},{"name":"Gatehouse Road","cls":5,"brg":305.1}]},"geometry":{"type":"Point","coordinates":[142.23447,-36.68234]}},{"type":"Feature","properties":{"roads":[{"name":"Colonial Drive","cls":6,"brg":207.5},{"name":"Settlers Way","cls":6,"brg":123.7}]},"geometry":{"type":"Point","coordinates":[142.18046,-36.75014]}},{"type":"Feature","properties":{"roads":[{"name":"Velthuis Drive","cls":6,"brg":146.8},{"name":"Tulgany Court","cls":6,"brg":64.9}]},"geometry":{"type":"Point","coordinates":[142.17879,-36.74336]}},{"type":"Feature","properties":{"roads":[{"name":"Henty Highway","cls":2,"brg":359.6},{"name":"Freight Terminal Road","cls":5,"brg":272.4}]},"geometry":{"type":"Point","coordinates":[142.25933,-36.64561]}},{"type":"Feature","properties":{"roads":[{"name":"Henty Highway","cls":2,"brg":359.6},{"name":"Freight Terminal Road","cls":5,"brg":187.8}]},"geometry":{"type":"Point","coordinates":[142.25934,-36.64654]}},{"type":"Feature","properties":{"roads":[{"name":"Wimmera Highway","cls":2,"brg":82.7},{"name":"Molyneaux Road","cls":5,"brg":359.5}]},"geometry":{"type":"Point","coordinates":[142.27795,-36.63283]}},{"type":"Feature","properties":{"roads":[{"name":"Baker Street","cls":5,"brg":359},{"name":"Store Street","cls":7,"brg":90.3}]},"geometry":{"type":"Point","coordinates":[142.36009,-36.60739]}},{"type":"Feature","properties":{"roads":[{"name":"Jung West Road","cls":5,"brg":270.7},{"name":"Jung Wheat Road","cls":7,"brg":0.5}]},"geometry":{"type":"Point","coordinates":[142.34204,-36.60776]}},{"type":"Feature","properties":{"roads":[{"name":"Jung West Road","cls":5,"brg":262.4},{"name":"Greenhills Road","cls":5,"brg":241.6}]},"geometry":{"type":"Point","coordinates":[142.29584,-36.60756]}},{"type":"Feature","properties":{"roads":[{"name":"Henty Highway","cls":2,"brg":9.5},{"name":"Creamery Road","cls":5,"brg":269.7}]},"geometry":{"type":"Point","coordinates":[142.25928,-36.65307]}},{"type":"Feature","properties":{"roads":[{"name":"Henty Highway","cls":2,"brg":46.8},{"name":"Longerenong Road","cls":4,"brg":117.3}]},"geometry":{"type":"Point","coordinates":[142.25506,-36.6612]}},{"type":"Feature","properties":{"roads":[{"name":"Longerenong Road","cls":4,"brg":301.6},{"name":"College Avenue","cls":5,"brg":35}]},"geometry":{"type":"Point","coordinates":[142.27802,-36.67095]}},{"type":"Feature","properties":{"roads":[{"name":"College Avenue","cls":5,"brg":35},{"name":"Freds Road","cls":5,"brg":337.1}]},"geometry":{"type":"Point","coordinates":[142.27827,-36.67063]}},{"type":"Feature","properties":{"roads":[{"name":"College Avenue","cls":5,"brg":89.1},{"name":"West Road","cls":5,"brg":179}]},"geometry":{"type":"Point","coordinates":[142.29999,-36.66964]}},{"type":"Feature","properties":{"roads":[{"name":"College Avenue","cls":5,"brg":89.9},{"name":"Front Drive","cls":5,"brg":179.6}]},"geometry":{"type":"Point","coordinates":[142.30318,-36.66963]}},{"type":"Feature","properties":{"roads":[{"name":"College Avenue","cls":5,"brg":61.6},{"name":"Irrigation Road","cls":5,"brg":113.1},{"name":"Orchard Drive","cls":5,"brg":26.5}]},"geometry":{"type":"Point","coordinates":[142.30559,-36.66958]}},{"type":"Feature","properties":{"roads":[{"name":"Front Drive","cls":5,"brg":347.1},{"name":"Campus Drive","cls":5,"brg":321.5}]},"geometry":{"type":"Point","coordinates":[142.30307,-36.66726]}},{"type":"Feature","properties":{"roads":[{"name":"Front Drive","cls":5,"brg":193.5},{"name":"Campus Drive","cls":5,"brg":226.3}]},"geometry":{"type":"Point","coordinates":[142.30329,-36.66725]}},{"type":"Feature","properties":{"roads":[{"name":"Campus Drive","cls":5,"brg":88.6},{"name":"Farm Road","cls":5,"brg":179.8}]},"geometry":{"type":"Point","coordinates":[142.30396,-36.66709]}},{"type":"Feature","properties":{"roads":[{"name":"Campus Drive","cls":5,"brg":88.6},{"name":"Poultry Cres","cls":5,"brg":91}]},"geometry":{"type":"Point","coordinates":[142.30561,-36.66706]}},{"type":"Feature","properties":{"roads":[{"name":"Centre Road","cls":5,"brg":269.6},{"name":"Orchard Drive","cls":5,"brg":359.4}]},"geometry":{"type":"Point","coordinates":[142.3056,-36.66628]}},{"type":"Feature","properties":{"roads":[{"name":"Centre Road","cls":5,"brg":269.6},{"name":"East Lane","cls":5,"brg":179.1}]},"geometry":{"type":"Point","coordinates":[142.30476,-36.66628]}},{"type":"Feature","properties":{"roads":[{"name":"Centre Road","cls":5,"brg":269.6},{"name":"Farm Road","cls":5,"brg":206.8}]},"geometry":{"type":"Point","coordinates":[142.30395,-36.66629]}},{"type":"Feature","properties":{"roads":[{"name":"Centre Road","cls":5,"brg":269.3},{"name":"West Road","cls":5,"brg":210.4}]},"geometry":{"type":"Point","coordinates":[142.3001,-36.66631]}},{"type":"Feature","properties":{"roads":[{"name":"Farm Road","cls":5,"brg":269.1},{"name":"Orchard Drive","cls":5,"brg":306}]},"geometry":{"type":"Point","coordinates":[142.30539,-36.66455]}},{"type":"Feature","properties":{"roads":[{"name":"Farm Road","cls":5,"brg":195.2},{"name":"East Lane","cls":5,"brg":136.9}]},"geometry":{"type":"Point","coordinates":[142.3045,-36.66542]}},{"type":"Feature","properties":{"roads":[{"name":"Tuckers Road","cls":5,"brg":269.8},{"name":"Orchard Drive","cls":5,"brg":359.7}]},"geometry":{"type":"Point","coordinates":[142.30534,-36.66327]}},{"type":"Feature","properties":{"roads":[{"name":"Tuckers Road","cls":5,"brg":269.6},{"name":"Freds Road","cls":5,"brg":359.7}]},"geometry":{"type":"Point","coordinates":[142.27816,-36.6634]}},{"type":"Feature","properties":{"roads":[{"name":"Drung-Jung Road","cls":5,"brg":0.3},{"name":"Drung - Jung Road","cls":5,"brg":359.8}]},"geometry":{"type":"Point","coordinates":[142.33088,-36.66681]}},{"type":"Feature","properties":{"roads":[{"name":"Drung-Jung Road","cls":5,"brg":45.8},{"name":"Drung - Jung Road","cls":5,"brg":71.8}]},"geometry":{"type":"Point","coordinates":[142.33585,-36.66127]}},{"type":"Feature","properties":{"roads":[{"name":"Drung-Jung Road","cls":5,"brg":337.2},{"name":"Molyneaux Road","cls":5,"brg":212.1}]},"geometry":{"type":"Point","coordinates":[142.33737,-36.6463]}},{"type":"Feature","properties":{"roads":[{"name":"Waterlink Esplanade","cls":6,"brg":309.6},{"name":"Walpole Terrace","cls":6,"brg":221.5}]},"geometry":{"type":"Point","coordinates":[142.21297,-36.72044]}},{"type":"Feature","properties":{"roads":[{"name":"Waterlink Esplanade","cls":6,"brg":90.2},{"name":"Rissmann Drive","cls":6,"brg":179.5}]},"geometry":{"type":"Point","coordinates":[142.21533,-36.71801]}},{"type":"Feature","properties":{"roads":[{"name":"Weight Close","cls":6,"brg":151.6},{"name":"McTavish Boulevard","cls":6,"brg":241.9}]},"geometry":{"type":"Point","coordinates":[142.20072,-36.72653]}},{"type":"Feature","properties":{"roads":[{"name":"Ballinger Street","cls":5,"brg":180},{"name":"Pohlner Street","cls":5,"brg":269.6}]},"geometry":{"type":"Point","coordinates":[142.18733,-36.7393]}},{"type":"Feature","properties":{"roads":[{"name":"Hickson Street","cls":6,"brg":269.2},{"name":"Lyons Court","cls":6,"brg":178.3}]},"geometry":{"type":"Point","coordinates":[142.19363,-36.69997]}},{"type":"Feature","properties":{"roads":[{"name":"Hickson Street","cls":6,"brg":269},{"name":"Logan Street","cls":6,"brg":359.3}]},"geometry":{"type":"Point","coordinates":[142.19176,-36.69999]}},{"type":"Feature","properties":{"roads":[{"name":"Hickson Street","cls":6,"brg":286.9},{"name":"Garrard Street","cls":6,"brg":197.5}]},"geometry":{"type":"Point","coordinates":[142.18978,-36.69979]}},{"type":"Feature","properties":{"roads":[{"name":"Brimpaen Laharum Road","cls":4,"brg":277},{"name":"Tom Smiths Road","cls":7,"brg":186.8}]},"geometry":{"type":"Point","coordinates":[142.21391,-37.03576]}},{"type":"Feature","properties":{"roads":[{"name":"Brim Springs West Lane","cls":5,"brg":94.9},{"name":"Justins Lane","cls":5,"brg":58}]},"geometry":{"type":"Point","coordinates":[142.1653,-37.04593]}},{"type":"Feature","properties":{"roads":[{"name":"Brim Springs West Lane","cls":5,"brg":108.4},{"name":"Slaters Road","cls":7,"brg":118}]},"geometry":{"type":"Point","coordinates":[142.1931,-37.04853]}},{"type":"Feature","properties":{"roads":[{"name":"Brimpaen Laharum Road","cls":4,"brg":277},{"name":"Roberts Road","cls":5,"brg":342.8}]},"geometry":{"type":"Point","coordinates":[142.21672,-37.03603]}},{"type":"Feature","properties":{"roads":[{"name":"Roberts Road","cls":5,"brg":360},{"name":"H H Smiths Road","cls":7,"brg":90.4}]},"geometry":{"type":"Point","coordinates":[142.21614,-37.01308]}},{"type":"Feature","properties":{"roads":[{"name":"Roberts Road","cls":5,"brg":317.7},{"name":"Byrnes Road","cls":5,"brg":302.3}]},"geometry":{"type":"Point","coordinates":[142.21619,-36.9913]}},{"type":"Feature","properties":{"roads":[{"name":"Campbells Lane","cls":5,"brg":275.7},{"name":"Downies Lane","cls":5,"brg":345.3},{"name":"Black Range Road","cls":5,"brg":216.1}]},"geometry":{"type":"Point","coordinates":[142.15653,-37.02987]}},{"type":"Feature","properties":{"roads":[{"name":"Downies Lane","cls":5,"brg":341.1},{"name":"Richards Road","cls":5,"brg":248.5},{"name":"Maggies Lane","cls":5,"brg":75.7}]},"geometry":{"type":"Point","coordinates":[142.15163,-37.01788]}},{"type":"Feature","properties":{"roads":[{"name":"Downies Lane","cls":5,"brg":8.2},{"name":"Red Rock Road","cls":5,"brg":320.6}]},"geometry":{"type":"Point","coordinates":[142.13956,-36.9903]}},{"type":"Feature","properties":{"roads":[{"name":"Downies Lane","cls":5,"brg":10.7},{"name":"Mockinya-Brimpaen Road","cls":5,"brg":45},{"name":"Bells Road","cls":7,"brg":296.5}]},"geometry":{"type":"Point","coordinates":[142.14123,-36.97598]}},{"type":"Feature","properties":{"roads":[{"name":"Red Rock Road","cls":5,"brg":276.8},{"name":"Clarkes Lane","cls":5,"brg":6.9}]},"geometry":{"type":"Point","coordinates":[142.12111,-36.98837]}},{"type":"Feature","properties":{"roads":[{"name":"Red Rock Road","cls":5,"brg":186.5},{"name":"Mount Talbot Reserve Road","cls":5,"brg":276.5}]},"geometry":{"type":"Point","coordinates":[142.08952,-37.02457]}},{"type":"Feature","properties":{"roads":[{"name":"Mount Talbot Reserve Road","cls":5,"brg":275.5},{"name":"Mount Talbot Road","cls":5,"brg":186.6}]},"geometry":{"type":"Point","coordinates":[142.05206,-37.02096]}},{"type":"Feature","properties":{"roads":[{"name":"Clarkes Lane","cls":5,"brg":8.8},{"name":"Bells Road","cls":5,"brg":277.1}]},"geometry":{"type":"Point","coordinates":[142.1233,-36.97407]}},{"type":"Feature","properties":{"roads":[{"name":"Black Range Road","cls":5,"brg":242.6},{"name":"Stubgate Road","cls":5,"brg":257.4}]},"geometry":{"type":"Point","coordinates":[142.09294,-37.05927]}},{"type":"Feature","properties":{"roads":[{"name":"Black Range Road","cls":5,"brg":183.1},{"name":"Rocklands-Cherrypool Road","cls":5,"brg":183.8}]},"geometry":{"type":"Point","coordinates":[142.11451,-37.11199]}},{"type":"Feature","properties":{"roads":[{"name":"Rocklands-Cherrypool Road","cls":5,"brg":192.4},{"name":"McRae Track","cls":7,"brg":329.6}]},"geometry":{"type":"Point","coordinates":[142.10881,-37.16354]}},{"type":"Feature","properties":{"roads":[{"name":"Stubgate Road","cls":5,"brg":274.4},{"name":"Mount Talbot Road","cls":5,"brg":187.2}]},"geometry":{"type":"Point","coordinates":[142.04651,-37.05731]}},{"type":"Feature","properties":{"roads":[{"name":"Mount Talbot Road","cls":5,"brg":187},{"name":"Bells Road","cls":7,"brg":277}]},"geometry":{"type":"Point","coordinates":[142.06696,-36.96937]}},{"type":"Feature","properties":{"roads":[{"name":"Mount Talbot Road","cls":5,"brg":277.1},{"name":"White Swamp Road","cls":5,"brg":177.8}]},"geometry":{"type":"Point","coordinates":[142.06,-36.96868]}},{"type":"Feature","properties":{"roads":[{"name":"Mount Talbot Road","cls":5,"brg":186.8},{"name":"Speirs Road","cls":7,"brg":97.2}]},"geometry":{"type":"Point","coordinates":[142.0579,-36.98303]}},{"type":"Feature","properties":{"roads":[{"name":"Mount Talbot Road","cls":5,"brg":186.8},{"name":"Camerons Road","cls":5,"brg":97.2}]},"geometry":{"type":"Point","coordinates":[142.05541,-36.99924]}},{"type":"Feature","properties":{"roads":[{"name":"Brennans Road","cls":5,"brg":240.7},{"name":"Mount Talbot Road","cls":5,"brg":237.7}]},"geometry":{"type":"Point","coordinates":[142.04281,-37.08126]}},{"type":"Feature","properties":{"roads":[{"name":"Brennans Road","cls":5,"brg":276.8},{"name":"Dunstans Road","cls":5,"brg":187},{"name":"Northshields Woolshed Road","cls":7,"brg":187.1}]},"geometry":{"type":"Point","coordinates":[142.00809,-37.07791]}},{"type":"Feature","properties":{"roads":[{"name":"Bells Road","cls":5,"brg":276.9},{"name":"Dip Swamp Road","cls":5,"brg":187}]},"geometry":{"type":"Point","coordinates":[142.10269,-36.97205]}},{"type":"Feature","properties":{"roads":[{"name":"Bells Road","cls":7,"brg":277.8},{"name":"Clements Road","cls":7,"brg":2.2}]},"geometry":{"type":"Point","coordinates":[142.08393,-36.97101]}},{"type":"Feature","properties":{"roads":[{"name":"Connangorach Road","cls":5,"brg":186.9},{"name":"White Swamp Road","cls":5,"brg":99.8}]},"geometry":{"type":"Point","coordinates":[142.0285,-36.96075]}},{"type":"Feature","properties":{"roads":[{"name":"Connangorach Road","cls":5,"brg":186.9},{"name":"White Swamp Road","cls":5,"brg":96.9}]},"geometry":{"type":"Point","coordinates":[142.02844,-36.96114]}},{"type":"Feature","properties":{"roads":[{"name":"Connangorach Road","cls":5,"brg":187.5},{"name":"Miss Williamsons Road","cls":5,"brg":97}]},"geometry":{"type":"Point","coordinates":[142.02579,-36.97827]}},{"type":"Feature","properties":{"roads":[{"name":"Miss Williamsons Road","cls":5,"brg":11.7},{"name":"Holmes Road","cls":5,"brg":186.9}]},"geometry":{"type":"Point","coordinates":[142.00988,-36.97746]}},{"type":"Feature","properties":{"roads":[{"name":"Dunstans Road","cls":5,"brg":187},{"name":"Scholfields Road","cls":5,"brg":97.1}]},"geometry":{"type":"Point","coordinates":[142.00205,-37.11727]}},{"type":"Feature","properties":{"roads":[{"name":"Dunstans Road","cls":5,"brg":187},{"name":"Roy Blakes Road","cls":5,"brg":91.4}]},"geometry":{"type":"Point","coordinates":[141.9997,-37.13247]}},{"type":"Feature","properties":{"roads":[{"name":"Jaspers Lane","cls":5,"brg":61.2},{"name":"Turrel Road","cls":5,"brg":163.4}]},"geometry":{"type":"Point","coordinates":[141.81987,-37.15377]}},{"type":"Feature","properties":{"roads":[{"name":"Clarkes Lake Road","cls":5,"brg":277.1},{"name":"Cooks Lane","cls":5,"brg":97.1},{"name":"Scott Heard Lights Road","cls":5,"brg":187}]},"geometry":{"type":"Point","coordinates":[141.88873,-36.8695]}},{"type":"Feature","properties":{"roads":[{"name":"Cooks Lane","cls":5,"brg":97},{"name":"Clarkes Lane","cls":7,"brg":7.3}]},"geometry":{"type":"Point","coordinates":[141.92478,-36.87307]}},{"type":"Feature","properties":{"roads":[{"name":"Cooks Lane","cls":5,"brg":97.1},{"name":"McDonalds Road","cls":5,"brg":7}]},"geometry":{"type":"Point","coordinates":[142.01682,-36.88218]}},{"type":"Feature","properties":{"roads":[{"name":"Cooks Lane","cls":5,"brg":97},{"name":"Nurrabiel Cemetery Road","cls":5,"brg":316.7}]},"geometry":{"type":"Point","coordinates":[142.03259,-36.88372]}},{"type":"Feature","properties":{"roads":[{"name":"McDonalds Road","cls":5,"brg":6.8},{"name":"Rifle Butts Road","cls":5,"brg":97.1}]},"geometry":{"type":"Point","coordinates":[142.0212,-36.85325]}},{"type":"Feature","properties":{"roads":[{"name":"Rifle Butts Road","cls":5,"brg":277},{"name":"Clarkes Lane","cls":7,"brg":6.7}]},"geometry":{"type":"Point","coordinates":[141.92921,-36.84413]}},{"type":"Feature","properties":{"roads":[{"name":"Scott Heard Lights Road","cls":5,"brg":187},{"name":"McRaes Road","cls":5,"brg":277.1},{"name":"Peaches Flat Lane","cls":7,"brg":277.5}]},"geometry":{"type":"Point","coordinates":[141.88435,-36.89807]}},{"type":"Feature","properties":{"roads":[{"name":"Scott Heard Lights Road","cls":5,"brg":277.2},{"name":"Jackmans Road","cls":5,"brg":187}]},"geometry":{"type":"Point","coordinates":[141.87651,-36.91073]}},{"type":"Feature","properties":{"roads":[{"name":"Jallumba-Clear Lake Road","cls":4,"brg":247.3},{"name":"Jallumba - Clear Lake Road","cls":4,"brg":259.3}]},"geometry":{"type":"Point","coordinates":[141.86106,-36.92507]}},{"type":"Feature","properties":{"roads":[{"name":"Jallumba-Clear Lake Road","cls":4,"brg":183.8},{"name":"Harrow - Clear Lake Road","cls":4,"brg":173.6}]},"geometry":{"type":"Point","coordinates":[141.85982,-36.9265]}},{"type":"Feature","properties":{"roads":[{"name":"Harrow - Clear Lake Road","cls":4,"brg":166.1},{"name":"Scott Hair Watsons Road","cls":6,"brg":97.1}]},"geometry":{"type":"Point","coordinates":[141.86184,-36.9381]}},{"type":"Feature","properties":{"roads":[{"name":"Speirs Road","cls":7,"brg":83.1},{"name":"Clements Road","cls":7,"brg":39.8}]},"geometry":{"type":"Point","coordinates":[142.08155,-36.98531]}},{"type":"Feature","properties":{"roads":[{"name":"Quick Sinclair Russells Road","cls":5,"brg":160.6},{"name":"Mitchells Road","cls":5,"brg":300.1}]},"geometry":{"type":"Point","coordinates":[141.98297,-36.97096]}},{"type":"Feature","properties":{"roads":[{"name":"Carchap Lane","cls":7,"brg":277.3},{"name":"Jenzs Lane","cls":7,"brg":185.8}]},"geometry":{"type":"Point","coordinates":[141.91246,-36.95401]}},{"type":"Feature","properties":{"roads":[{"name":"Jallumba - Douglas Road","cls":4,"brg":239.4},{"name":"Carchap Lane","cls":7,"brg":304.4}]},"geometry":{"type":"Point","coordinates":[141.9004,-36.95269]}},{"type":"Feature","properties":{"roads":[{"name":"Jallumba - Douglas Road","cls":4,"brg":239.4},{"name":"Jenzs Lane","cls":7,"brg":153.7}]},"geometry":{"type":"Point","coordinates":[141.91341,-36.94655]}},{"type":"Feature","properties":{"roads":[{"name":"Peppertree Lane","cls":5,"brg":96.5},{"name":"Jenzs Lane","cls":7,"brg":186.9}]},"geometry":{"type":"Point","coordinates":[141.90842,-36.98029]}},{"type":"Feature","properties":{"roads":[{"name":"Officer Station Road","cls":5,"brg":182.8},{"name":"Peppertree Lane","cls":5,"brg":97.1}]},"geometry":{"type":"Point","coordinates":[141.86805,-36.97626]}},{"type":"Feature","properties":{"roads":[{"name":"Officer Station Road","cls":5,"brg":137.3},{"name":"Digger Jims Road","cls":5,"brg":97.3}]},"geometry":{"type":"Point","coordinates":[141.89344,-37.00792]}},{"type":"Feature","properties":{"roads":[{"name":"Natimuk - Hamilton Road","cls":3,"brg":187},{"name":"Peppertree Lane","cls":5,"brg":96.3}]},"geometry":{"type":"Point","coordinates":[141.93634,-36.98288]}},{"type":"Feature","properties":{"roads":[{"name":"Mount Talbot Road","cls":5,"brg":186.6},{"name":"Dyers Road","cls":7,"brg":277.1}]},"geometry":{"type":"Point","coordinates":[142.04455,-37.07041]}},{"type":"Feature","properties":{"roads":[{"name":"Dyers Road","cls":7,"brg":277.2},{"name":"Northshields Woolshed Road","cls":7,"brg":171.2}]},"geometry":{"type":"Point","coordinates":[142.01036,-37.06342]}},{"type":"Feature","properties":{"roads":[{"name":"Holmes Road","cls":5,"brg":186.9},{"name":"Camerons Road","cls":5,"brg":277}]},"geometry":{"type":"Point","coordinates":[142.00761,-36.9924]}},{"type":"Feature","properties":{"roads":[{"name":"Holmes Road","cls":5,"brg":184.9},{"name":"Camerons Road","cls":5,"brg":99}]},"geometry":{"type":"Point","coordinates":[142.00754,-36.99302]}},{"type":"Feature","properties":{"roads":[{"name":"Camerons Road","cls":5,"brg":111.7},{"name":"Ten Mile Road","cls":5,"brg":175.7}]},"geometry":{"type":"Point","coordinates":[142.03799,-36.99602]}},{"type":"Feature","properties":{"roads":[{"name":"Holmes Road","cls":5,"brg":186.9},{"name":"Wash Tomorrow Road","cls":5,"brg":277.4}]},"geometry":{"type":"Point","coordinates":[142.00883,-37.01938]}},{"type":"Feature","properties":{"roads":[{"name":"Ten Mile Road","cls":5,"brg":160.2},{"name":"Camerons Road","cls":5,"brg":117.1}]},"geometry":{"type":"Point","coordinates":[142.03788,-36.99745]}},{"type":"Feature","properties":{"roads":[{"name":"Wash Tomorrow Road","cls":5,"brg":277.4},{"name":"Northshields Woolshed Road","cls":7,"brg":187.3}]},"geometry":{"type":"Point","coordinates":[142.00413,-37.01889]}},{"type":"Feature","properties":{"roads":[{"name":"Northshields Woolshed Road","cls":7,"brg":186.8},{"name":"Pargeters Road","cls":7,"brg":95.8}]},"geometry":{"type":"Point","coordinates":[142.00187,-37.03338]}},{"type":"Feature","properties":{"roads":[{"name":"Mount Talbot Road","cls":5,"brg":186.9},{"name":"Pargeters Road","cls":7,"brg":77.5}]},"geometry":{"type":"Point","coordinates":[142.04959,-37.03738]}},{"type":"Feature","properties":{"roads":[{"name":"Hickeys Road","cls":5,"brg":90},{"name":"Dunns Road","cls":5,"brg":328.6}]},"geometry":{"type":"Point","coordinates":[142.23989,-36.901]}},{"type":"Feature","properties":{"roads":[{"name":"Hickeys Road","cls":5,"brg":90.2},{"name":"Franciscos Road","cls":5,"brg":180.2}]},"geometry":{"type":"Point","coordinates":[142.25973,-36.90102]}},{"type":"Feature","properties":{"roads":[{"name":"Jung Recreation Reserve Road","cls":5,"brg":89.9},{"name":"Baker Street","cls":5,"brg":0.4},{"name":"Jung North Road","cls":5,"brg":0.2}]},"geometry":{"type":"Point","coordinates":[142.36013,-36.60187]}},{"type":"Feature","properties":{"roads":[{"name":"Jung Cemetery Road","cls":5,"brg":58.1},{"name":"Greenhills Road","cls":5,"brg":270.1}]},"geometry":{"type":"Point","coordinates":[142.37182,-36.59091]}},{"type":"Feature","properties":{"roads":[{"name":"Jung Cemetery Road","cls":5,"brg":330.2},{"name":"Bells Road","cls":5,"brg":90.2}]},"geometry":{"type":"Point","coordinates":[142.37191,-36.57652]}},{"type":"Feature","properties":{"roads":[{"name":"Jung Cemetery Road","cls":5,"brg":0},{"name":"Lierschs Road","cls":5,"brg":90.2}]},"geometry":{"type":"Point","coordinates":[142.37185,-36.56077]}},{"type":"Feature","properties":{"roads":[{"name":"Jung Cemetery Road","cls":5,"brg":0},{"name":"Banyena Road","cls":5,"brg":270.1}]},"geometry":{"type":"Point","coordinates":[142.37186,-36.55304]}},{"type":"Feature","properties":{"roads":[{"name":"Bells Road","cls":5,"brg":270.3},{"name":"Jung Wheat Road","cls":5,"brg":180.4}]},"geometry":{"type":"Point","coordinates":[142.34236,-36.5742]}},{"type":"Feature","properties":{"roads":[{"name":"Bells Road","cls":5,"brg":270.4},{"name":"Jung Wheat Road","cls":5,"brg":180.2}]},"geometry":{"type":"Point","coordinates":[142.33657,-36.57416]}},{"type":"Feature","properties":{"roads":[{"name":"Bells Road","cls":5,"brg":270.4},{"name":"Whytes Road","cls":7,"brg":180.3}]},"geometry":{"type":"Point","coordinates":[142.32137,-36.57407]}},{"type":"Feature","properties":{"roads":[{"name":"Bells Road","cls":5,"brg":270.5},{"name":"Max Johns Road","cls":5,"brg":180.5}]},"geometry":{"type":"Point","coordinates":[142.30304,-36.57395]}},{"type":"Feature","properties":{"roads":[{"name":"Peaches Flat Lane","cls":7,"brg":277.1},{"name":"Clarkes Lane","cls":7,"brg":6.6}]},"geometry":{"type":"Point","coordinates":[141.92038,-36.90165]}},{"type":"Feature","properties":{"roads":[{"name":"Jallumba - Clear Lake Road","cls":4,"brg":277.1},{"name":"Jackmans Road","cls":5,"brg":187}]},"geometry":{"type":"Point","coordinates":[141.87427,-36.92533]}},{"type":"Feature","properties":{"roads":[{"name":"Horsham - Noradjuha Road","cls":3,"brg":3},{"name":"Creasey Court","cls":6,"brg":91.7}]},"geometry":{"type":"Point","coordinates":[142.11737,-36.75088]}},{"type":"Feature","properties":{"roads":[{"name":"Plush Hannans Road","cls":5,"brg":92.8},{"name":"Walshs Road","cls":7,"brg":0}]},"geometry":{"type":"Point","coordinates":[142.15483,-36.81128]}},{"type":"Feature","properties":{"roads":[{"name":"Henty Highway","cls":1,"brg":35.6},{"name":"Plush Hannans Road","cls":5,"brg":100.2}]},"geometry":{"type":"Point","coordinates":[142.17302,-36.81126]}},{"type":"Feature","properties":{"roads":[{"name":"B Ross Road","cls":5,"brg":332.2},{"name":"E Ross Road","cls":5,"brg":306.4}]},"geometry":{"type":"Point","coordinates":[141.93374,-37.1155]}},{"type":"Feature","properties":{"roads":[{"name":"Derwent Lane","cls":5,"brg":276.9},{"name":"Tonkins Road","cls":5,"brg":7.3}]},"geometry":{"type":"Point","coordinates":[141.94056,-37.0711]}},{"type":"Feature","properties":{"roads":[{"name":"E Ross Road","cls":5,"brg":278.1},{"name":"Ross Road","cls":5,"brg":187.1}]},"geometry":{"type":"Point","coordinates":[141.95161,-37.11731]}},{"type":"Feature","properties":{"roads":[{"name":"Murrays Road","cls":5,"brg":7.2},{"name":"Telangatuk East Road","cls":5,"brg":277}]},"geometry":{"type":"Point","coordinates":[141.91938,-37.09118]}},{"type":"Feature","properties":{"roads":[{"name":"Roy Blakes Road","cls":5,"brg":97.2},{"name":"Telangatuk East-Rocklands Road","cls":5,"brg":6.9}]},"geometry":{"type":"Point","coordinates":[141.96802,-37.12942]}},{"type":"Feature","properties":{"roads":[{"name":"Telangatuk East Road","cls":5,"brg":276.9},{"name":"Ross Road","cls":7,"brg":186.9}]},"geometry":{"type":"Point","coordinates":[141.95509,-37.09476]}},{"type":"Feature","properties":{"roads":[{"name":"Telangatuk East Road","cls":5,"brg":277.1},{"name":"Tonkins Road","cls":5,"brg":7.4},{"name":"B Ross Road","cls":5,"brg":6.7}]},"geometry":{"type":"Point","coordinates":[141.9371,-37.09297]}},{"type":"Feature","properties":{"roads":[{"name":"Telangatuk East-Rocklands Road","cls":4,"brg":198.4},{"name":"Yulong East West Road","cls":5,"brg":342.3}]},"geometry":{"type":"Point","coordinates":[141.97478,-37.17429]}},{"type":"Feature","properties":{"roads":[{"name":"Telangatuk East-Rocklands Road","cls":4,"brg":188.3},{"name":"Yulong East West Road","cls":5,"brg":16.5}]},"geometry":{"type":"Point","coordinates":[141.97428,-37.17594]}},{"type":"Feature","properties":{"roads":[{"name":"Walcott Road","cls":5,"brg":210.5},{"name":"Fullham Road","cls":7,"brg":179}]},"geometry":{"type":"Point","coordinates":[141.85582,-37.1444]}},{"type":"Feature","properties":{"roads":[{"name":"Telangatuk East-Rocklands Road","cls":4,"brg":190},{"name":"Silcocks Road","cls":5,"brg":359.7}]},"geometry":{"type":"Point","coordinates":[141.97145,-37.1948]}},{"type":"Feature","properties":{"roads":[{"name":"Elliotts Back Lane","cls":5,"brg":333.8},{"name":"Jaspers Lane","cls":5,"brg":101.5}]},"geometry":{"type":"Point","coordinates":[141.76825,-37.15035]}},{"type":"Feature","properties":{"roads":[{"name":"Hobbs And Flynns Road","cls":5,"brg":8.1},{"name":"Mckechnies Road","cls":5,"brg":6.4}]},"geometry":{"type":"Point","coordinates":[141.77882,-37.05861]}},{"type":"Feature","properties":{"roads":[{"name":"John McPhees Road","cls":5,"brg":84.5},{"name":"John McPhees Drive","cls":5,"brg":96.3}]},"geometry":{"type":"Point","coordinates":[141.9751,-37.02632]}},{"type":"Feature","properties":{"roads":[{"name":"Telangatuk East-Rocklands Road","cls":4,"brg":186.4},{"name":"Les Mutchs Road","cls":5,"brg":276.8},{"name":"Wilsons Road","cls":5,"brg":276.8}]},"geometry":{"type":"Point","coordinates":[141.96432,-37.15372]}},{"type":"Feature","properties":{"roads":[{"name":"Les Mutchs Road","cls":5,"brg":302.3},{"name":"Channel Road","cls":5,"brg":73.4}]},"geometry":{"type":"Point","coordinates":[141.93137,-37.15026]}},{"type":"Feature","properties":{"roads":[{"name":"Barnes Road","cls":5,"brg":187.9},{"name":"Telfers Road","cls":5,"brg":148.7}]},"geometry":{"type":"Point","coordinates":[141.83658,-36.67688]}},{"type":"Feature","properties":{"roads":[{"name":"Arapiles-Grass Flat Road","cls":4,"brg":7.1},{"name":"Black Swamp Road","cls":5,"brg":98.6}]},"geometry":{"type":"Point","coordinates":[141.86073,-36.69469]}},{"type":"Feature","properties":{"roads":[{"name":"Black Swamp Road","cls":5,"brg":96.9},{"name":"Red Gum Swamp Road","cls":5,"brg":187.1}]},"geometry":{"type":"Point","coordinates":[141.8849,-36.69714]}},{"type":"Feature","properties":{"roads":[{"name":"Oliver Schmidts Road","cls":5,"brg":97.1},{"name":"Cooack Mitre Road","cls":5,"brg":187.1}]},"geometry":{"type":"Point","coordinates":[141.81237,-36.65943]}},{"type":"Feature","properties":{"roads":[{"name":"Arapiles-Grass Flat Road","cls":4,"brg":7},{"name":"Oliver Schmidts Road","cls":5,"brg":97.3}]},"geometry":{"type":"Point","coordinates":[141.86529,-36.66494]}},{"type":"Feature","properties":{"roads":[{"name":"Arapiles-Grass Flat Road","cls":4,"brg":7},{"name":"Rasmussens Road","cls":5,"brg":89.4}]},"geometry":{"type":"Point","coordinates":[141.86332,-36.67768]}},{"type":"Feature","properties":{"roads":[{"name":"Rasmussens Road","cls":5,"brg":90.4},{"name":"Wyn Wyn Road","cls":5,"brg":175.6}]},"geometry":{"type":"Point","coordinates":[141.88414,-36.6777]}},{"type":"Feature","properties":{"roads":[{"name":"Arapiles-Grass Flat Road","cls":4,"brg":5.7},{"name":"Schmidts Lane","cls":7,"brg":100.1}]},"geometry":{"type":"Point","coordinates":[141.86079,-36.69423]}},{"type":"Feature","properties":{"roads":[{"name":"Arapiles-Grass Flat Road","cls":4,"brg":7},{"name":"Scrub Road","cls":5,"brg":96.7}]},"geometry":{"type":"Point","coordinates":[141.86616,-36.65927]}},{"type":"Feature","properties":{"roads":[{"name":"Scrub Road","cls":5,"brg":98.8},{"name":"Wyn Wyn Road","cls":5,"brg":187.6}]},"geometry":{"type":"Point","coordinates":[141.88508,-36.66109]}},{"type":"Feature","properties":{"roads":[{"name":"Telfers Road","cls":5,"brg":101},{"name":"Cooack Mitre Road","cls":5,"brg":187.1}]},"geometry":{"type":"Point","coordinates":[141.81053,-36.67131]}},{"type":"Feature","properties":{"roads":[{"name":"Telfers Road","cls":5,"brg":100.1},{"name":"Barnes Road","cls":7,"brg":167.9}]},"geometry":{"type":"Point","coordinates":[141.83086,-36.67461]}},{"type":"Feature","properties":{"roads":[{"name":"Three Chain Road","cls":4,"brg":70},{"name":"A Keytes Road","cls":5,"brg":179.2}]},"geometry":{"type":"Point","coordinates":[141.89904,-36.7146]}},{"type":"Feature","properties":{"roads":[{"name":"A Keytes Road","cls":5,"brg":179.4},{"name":"Berry Lane","cls":5,"brg":87.2}]},"geometry":{"type":"Point","coordinates":[141.8992,-36.72701]}},{"type":"Feature","properties":{"roads":[{"name":"A Keytes Road","cls":5,"brg":179.4},{"name":"West Langes Road","cls":5,"brg":268.5}]},"geometry":{"type":"Point","coordinates":[141.89927,-36.73209]}},{"type":"Feature","properties":{"roads":[{"name":"Arapiles School Road","cls":5,"brg":179},{"name":"West Langes Road","cls":5,"brg":266.1}]},"geometry":{"type":"Point","coordinates":[141.88075,-36.73238]}},{"type":"Feature","properties":{"roads":[{"name":"Arapiles School Road","cls":5,"brg":179},{"name":"Arapiles Lane","cls":7,"brg":89.7}]},"geometry":{"type":"Point","coordinates":[141.87688,-36.76197]}},{"type":"Feature","properties":{"roads":[{"name":"Duchembegarra Road","cls":5,"brg":236.5},{"name":"Charcoal Flat Track","cls":5,"brg":37.7},{"name":"Southern Break","cls":7,"brg":144.1}]},"geometry":{"type":"Point","coordinates":[141.94573,-36.58214]}},{"type":"Feature","properties":{"roads":[{"name":"Duchembegarra Road","cls":5,"brg":184.2},{"name":"Wiles Road","cls":5,"brg":277.1}]},"geometry":{"type":"Point","coordinates":[141.94273,-36.60293]}},{"type":"Feature","properties":{"roads":[{"name":"Duchembegarra Road","cls":5,"brg":147.9},{"name":"Mackleys Road","cls":5,"brg":103.5}]},"geometry":{"type":"Point","coordinates":[141.9489,-36.6237]}},{"type":"Feature","properties":{"roads":[{"name":"Duchembegarra Road","cls":5,"brg":180},{"name":"Old Duchembegarra School Road","cls":5,"brg":81.9}]},"geometry":{"type":"Point","coordinates":[141.94888,-36.64294]}},{"type":"Feature","properties":{"roads":[{"name":"Meyers Road","cls":4,"brg":129},{"name":"Duchembegarra Road","cls":5,"brg":238}]},"geometry":{"type":"Point","coordinates":[141.9475,-36.66447]}},{"type":"Feature","properties":{"roads":[{"name":"Ellis Road","cls":5,"brg":186},{"name":"Southern Break","cls":7,"brg":189.2}]},"geometry":{"type":"Point","coordinates":[141.97079,-36.58481]}},{"type":"Feature","properties":{"roads":[{"name":"Red Gum Swamp Road","cls":5,"brg":187.1},{"name":"B Hateleys Road","cls":5,"brg":281.7}]},"geometry":{"type":"Point","coordinates":[141.88235,-36.71357]}},{"type":"Feature","properties":{"roads":[{"name":"Arapiles-Grass Flat Road","cls":4,"brg":7.1},{"name":"Vinegar Hill Road","cls":5,"brg":97.7},{"name":"B Hateleys Road","cls":5,"brg":277.8}]},"geometry":{"type":"Point","coordinates":[141.85817,-36.71118]}},{"type":"Feature","properties":{"roads":[{"name":"Cooack Mitre Road","cls":5,"brg":187.4},{"name":"Schmidts Swamp Road","cls":5,"brg":97.4}]},"geometry":{"type":"Point","coordinates":[141.81023,-36.67316]}},{"type":"Feature","properties":{"roads":[{"name":"Mitre-Nurcoung Road","cls":4,"brg":184.6},{"name":"Mccreddens Road","cls":5,"brg":187.4}]},"geometry":{"type":"Point","coordinates":[141.7805,-36.70612]}},{"type":"Feature","properties":{"roads":[{"name":"Darragan Pit Road","cls":5,"brg":274.9},{"name":"Moody School Road","cls":5,"brg":6.8}]},"geometry":{"type":"Point","coordinates":[142.00762,-36.79423]}},{"type":"Feature","properties":{"roads":[{"name":"Hateleys Road","cls":5,"brg":89.5},{"name":"Gym Club Road","cls":5,"brg":178.7}]},"geometry":{"type":"Point","coordinates":[141.98434,-36.75573]}},{"type":"Feature","properties":{"roads":[{"name":"Harrow-Clear Lake Road","cls":4,"brg":238.3},{"name":"Digger Jims Road","cls":5,"brg":105.7}]},"geometry":{"type":"Point","coordinates":[141.79306,-36.99828]}},{"type":"Feature","properties":{"roads":[{"name":"McClures Road","cls":5,"brg":103.7},{"name":"Centenary Park Access Track","cls":7,"brg":17.9}]},"geometry":{"type":"Point","coordinates":[141.83643,-36.74311]}},{"type":"Feature","properties":{"roads":[{"name":"Three Chain Road","cls":4,"brg":61.5},{"name":"Arapiles School Road","cls":5,"brg":162.4}]},"geometry":{"type":"Point","coordinates":[141.88039,-36.71986]}},{"type":"Feature","properties":{"roads":[{"name":"Three Chain Road","cls":4,"brg":90.2},{"name":"Wyn Wyn Road","cls":5,"brg":160.6}]},"geometry":{"type":"Point","coordinates":[141.92129,-36.71173]}},{"type":"Feature","properties":{"roads":[{"name":"Mitre Dam Road","cls":7,"brg":9.9},{"name":"Three Chain Road","cls":7,"brg":74.3}]},"geometry":{"type":"Point","coordinates":[141.8404,-36.73172]}},{"type":"Feature","properties":{"roads":[{"name":"Smiths Road","cls":5,"brg":256.9},{"name":"Jung Cemetery Road","cls":7,"brg":360}]},"geometry":{"type":"Point","coordinates":[142.37186,-36.53914]}},{"type":"Feature","properties":{"roads":[{"name":"Mokepilly Road","cls":5,"brg":270.1},{"name":"Jung Cemetery Road","cls":7,"brg":0.6}]},"geometry":{"type":"Point","coordinates":[142.37371,-36.52473]}},{"type":"Feature","properties":{"roads":[{"name":"Byrneville Road","cls":7,"brg":90.1},{"name":"Ray Mills Road","cls":7,"brg":179.9}]},"geometry":{"type":"Point","coordinates":[142.28972,-36.50564]}},{"type":"Feature","properties":{"roads":[{"name":"Three Chain Road","cls":5,"brg":137.4},{"name":"Lake Avenue","cls":5,"brg":346.1}]},"geometry":{"type":"Point","coordinates":[141.93132,-36.71187]}},{"type":"Feature","properties":{"roads":[{"name":"Kuhnes Road","cls":5,"brg":332.8},{"name":"Stapledons Road","cls":5,"brg":78.5}]},"geometry":{"type":"Point","coordinates":[142.52139,-36.84497]}},{"type":"Feature","properties":{"roads":[{"name":"Kuhnes Road","cls":5,"brg":356.2},{"name":"Horsham-Wal Wal Road","cls":5,"brg":268.1}]},"geometry":{"type":"Point","coordinates":[142.5075,-36.81185]}},{"type":"Feature","properties":{"roads":[{"name":"Joys Road","cls":5,"brg":358.2},{"name":"Taylors Lake East Road","cls":5,"brg":100.4}]},"geometry":{"type":"Point","coordinates":[142.46431,-36.76755]}},{"type":"Feature","properties":{"roads":[{"name":"St Helens Wheat Road","cls":5,"brg":0},{"name":"Horsham-Wal Wal Road","cls":5,"brg":257.3}]},"geometry":{"type":"Point","coordinates":[142.4313,-36.81176]}},{"type":"Feature","properties":{"roads":[{"name":"St Helens Wheat Road","cls":5,"brg":360},{"name":"St Helens School Road","cls":5,"brg":90}]},"geometry":{"type":"Point","coordinates":[142.43128,-36.78263]}},{"type":"Feature","properties":{"roads":[{"name":"St Helens Wheat Road","cls":5,"brg":3.2},{"name":"St Helens School Road","cls":5,"brg":269.8}]},"geometry":{"type":"Point","coordinates":[142.43131,-36.78222]}},{"type":"Feature","properties":{"roads":[{"name":"St Helens Wheat Road","cls":5,"brg":359.8},{"name":"Taylors Lake East Road","cls":5,"brg":270}]},"geometry":{"type":"Point","coordinates":[142.43125,-36.768]}},{"type":"Feature","properties":{"roads":[{"name":"St Helens Wheat Road","cls":5,"brg":4.1},{"name":"Taylors Lake East Road","cls":5,"brg":90.2}]},"geometry":{"type":"Point","coordinates":[142.4313,-36.76747]}},{"type":"Feature","properties":{"roads":[{"name":"Taylors Lake East Road","cls":5,"brg":270},{"name":"St Helens Road","cls":5,"brg":180}]},"geometry":{"type":"Point","coordinates":[142.41302,-36.768]}},{"type":"Feature","properties":{"roads":[{"name":"St Helens School Road","cls":5,"brg":90},{"name":"St Helens Road","cls":5,"brg":179.9}]},"geometry":{"type":"Point","coordinates":[142.41307,-36.78264]}},{"type":"Feature","properties":{"roads":[{"name":"Ross Road","cls":5,"brg":90.1},{"name":"St Helens Road","cls":7,"brg":179.9}]},"geometry":{"type":"Point","coordinates":[142.41305,-36.84138]}},{"type":"Feature","properties":{"roads":[{"name":"Taylors Lake North Road","cls":5,"brg":0.1},{"name":"Schneiders Road","cls":7,"brg":89.8}]},"geometry":{"type":"Point","coordinates":[142.37655,-36.75325]}},{"type":"Feature","properties":{"roads":[{"name":"Wards Road","cls":5,"brg":270.4},{"name":"Mackleys Road","cls":5,"brg":150.3}]},"geometry":{"type":"Point","coordinates":[142.17107,-36.76752]}},{"type":"Feature","properties":{"roads":[{"name":"Henty Highway","cls":1,"brg":28.9},{"name":"Mackleys Road","cls":5,"brg":85}]},"geometry":{"type":"Point","coordinates":[142.18186,-36.774]}},{"type":"Feature","properties":{"roads":[{"name":"Norton Creek Lane","cls":5,"brg":3.2},{"name":"Smiths Reserve Road","cls":7,"brg":286.7}]},"geometry":{"type":"Point","coordinates":[142.12264,-36.78804]}},{"type":"Feature","properties":{"roads":[{"name":"Norton Creek Lane","cls":5,"brg":56.3},{"name":"Nunkerri Road","cls":5,"brg":91.6}]},"geometry":{"type":"Point","coordinates":[142.13352,-36.7834]}},{"type":"Feature","properties":{"roads":[{"name":"Nunkerri Road","cls":5,"brg":94.8},{"name":"Walshs Road","cls":5,"brg":181.8}]},"geometry":{"type":"Point","coordinates":[142.15514,-36.78213]}},{"type":"Feature","properties":{"roads":[{"name":"Nunkerri Road","cls":5,"brg":89.9},{"name":"Strange Road","cls":5,"brg":180.5}]},"geometry":{"type":"Point","coordinates":[142.16693,-36.78214]}},{"type":"Feature","properties":{"roads":[{"name":"Henty Highway","cls":1,"brg":8.5},{"name":"Nunkerri Road","cls":5,"brg":90.6}]},"geometry":{"type":"Point","coordinates":[142.1742,-36.78219]}},{"type":"Feature","properties":{"roads":[{"name":"Three Bridges Road","cls":4,"brg":261.1},{"name":"Walshs Road","cls":5,"brg":175}]},"geometry":{"type":"Point","coordinates":[142.15504,-36.76512]}},{"type":"Feature","properties":{"roads":[{"name":"Walshs Road","cls":5,"brg":180.2},{"name":"Nunkerri Road","cls":5,"brg":65}]},"geometry":{"type":"Point","coordinates":[142.15515,-36.78177]}},{"type":"Feature","properties":{"roads":[{"name":"Henty Highway","cls":1,"brg":0.4},{"name":"A Smiths Road","cls":5,"brg":270.3}]},"geometry":{"type":"Point","coordinates":[142.17402,-36.79946]}},{"type":"Feature","properties":{"roads":[{"name":"A Smiths Road","cls":5,"brg":270.3},{"name":"Walshs Road","cls":7,"brg":0}]},"geometry":{"type":"Point","coordinates":[142.15484,-36.79938]}},{"type":"Feature","properties":{"roads":[{"name":"Henty Highway","cls":1,"brg":27.2},{"name":"Butlers Road","cls":5,"brg":270.5}]},"geometry":{"type":"Point","coordinates":[142.16075,-36.83935]}},{"type":"Feature","properties":{"roads":[{"name":"Henty Highway","cls":1,"brg":21.6},{"name":"McGenniskens Road","cls":5,"brg":166.8}]},"geometry":{"type":"Point","coordinates":[142.14604,-36.86253]}},{"type":"Feature","properties":{"roads":[{"name":"Wonwondah-Toolondo Road","cls":4,"brg":97.6},{"name":"Wonwondah Reserve Road","cls":5,"brg":15.1}]},"geometry":{"type":"Point","coordinates":[142.13731,-36.87707]}},{"type":"Feature","properties":{"roads":[{"name":"Henty Highway","cls":1,"brg":359.6},{"name":"Hallams Road","cls":7,"brg":269.7}]},"geometry":{"type":"Point","coordinates":[142.13473,-36.89032]}},{"type":"Feature","properties":{"roads":[{"name":"Heards Road","cls":5,"brg":277},{"name":"Gills Road","cls":7,"brg":12.8}]},"geometry":{"type":"Point","coordinates":[142.08036,-36.91742]}},{"type":"Feature","properties":{"roads":[{"name":"Henty Highway","cls":1,"brg":342.1},{"name":"Jubilee Lane","cls":5,"brg":241.2}]},"geometry":{"type":"Point","coordinates":[142.13556,-36.9001]}},{"type":"Feature","properties":{"roads":[{"name":"Grahams Bridge Road","cls":5,"brg":0.4},{"name":"H H Smiths Road","cls":7,"brg":90.4}]},"geometry":{"type":"Point","coordinates":[142.23518,-37.01319]}},{"type":"Feature","properties":{"roads":[{"name":"Blakes Road","cls":5,"brg":98.2},{"name":"Renfreys Lane","cls":7,"brg":150.6}]},"geometry":{"type":"Point","coordinates":[141.77817,-36.84847]}},{"type":"Feature","properties":{"roads":[{"name":"Telangatuk East-Rocklands Road","cls":4,"brg":213.2},{"name":"Rocklands-Cherrypool Road","cls":5,"brg":110.2}]},"geometry":{"type":"Point","coordinates":[141.95341,-37.20878]}},{"type":"Feature","properties":{"roads":[{"name":"Rodan Place","cls":7,"brg":270.9},{"name":"Kurrajong Court","cls":7,"brg":159.2}]},"geometry":{"type":"Point","coordinates":[142.19493,-36.71102]}},{"type":"Feature","properties":{"roads":[{"name":"Rodan Place","cls":7,"brg":279.5},{"name":"Kurrajong Court","cls":7,"brg":26.7}]},"geometry":{"type":"Point","coordinates":[142.1939,-36.71099]}},{"type":"Feature","properties":{"roads":[{"name":"Victoria Boulevard","cls":6,"brg":351.4},{"name":"Kingfisher Close","cls":6,"brg":262.4}]},"geometry":{"type":"Point","coordinates":[142.17852,-36.71527]}},{"type":"Feature","properties":{"roads":[{"name":"Victoria Boulevard","cls":6,"brg":351.9},{"name":"Curlew Drive","cls":6,"brg":79.4}]},"geometry":{"type":"Point","coordinates":[142.17838,-36.71473]}},{"type":"Feature","properties":{"roads":[{"name":"Natimuk Road","cls":2,"brg":64.1},{"name":"Bennett Road","cls":6,"brg":182.8}]},"geometry":{"type":"Point","coordinates":[142.18727,-36.71865]}},{"type":"Feature","properties":{"roads":[{"name":"Natimuk Road","cls":2,"brg":244.9},{"name":"Churchill Road","cls":6,"brg":134.7}]},"geometry":{"type":"Point","coordinates":[142.18523,-36.71951]}},{"type":"Feature","properties":{"roads":[{"name":"Arthur Drive","cls":6,"brg":250.7},{"name":"Hillary Street","cls":6,"brg":339.2}]},"geometry":{"type":"Point","coordinates":[142.17897,-36.71218]}},{"type":"Feature","properties":{"roads":[{"name":"Trinity Drive","cls":7,"brg":74.3},{"name":"Schier Crescent","cls":7,"brg":359.7}]},"geometry":{"type":"Point","coordinates":[142.21508,-36.70847]}},{"type":"Feature","properties":{"roads":[{"name":"Trinity Drive","cls":7,"brg":90.2},{"name":"Schier Crescent","cls":7,"brg":187.3}]},"geometry":{"type":"Point","coordinates":[142.21556,-36.70841]}},{"type":"Feature","properties":{"roads":[{"name":"Trinity Drive","cls":7,"brg":90.9},{"name":"Melaleuca Place","cls":7,"brg":180}]},"geometry":{"type":"Point","coordinates":[142.21625,-36.70901]}},{"type":"Feature","properties":{"roads":[{"name":"Wimmera Highway","cls":2,"brg":254.7},{"name":"Main Street","cls":2,"brg":254.1}]},"geometry":{"type":"Point","coordinates":[141.93424,-36.74475]}},{"type":"Feature","properties":{"roads":[{"name":"Tower Track","cls":7,"brg":341},{"name":"Wood Cutters Track","cls":7,"brg":73.2}]},"geometry":{"type":"Point","coordinates":[142.0468,-36.53512]}},{"type":"Feature","properties":{"roads":[{"name":"Tower Track","cls":7,"brg":9.8},{"name":"Ironbark Track","cls":7,"brg":24.3}]},"geometry":{"type":"Point","coordinates":[142.05226,-36.49399]}},{"type":"Feature","properties":{"roads":[{"name":"Taylors Lake North Road","cls":5,"brg":360},{"name":"McIntyres Road","cls":5,"brg":270.2}]},"geometry":{"type":"Point","coordinates":[142.37653,-36.72369]}},{"type":"Feature","properties":{"roads":[{"name":"Banyena Road","cls":5,"brg":269.9},{"name":"Jung Wheat Road","cls":5,"brg":180.2}]},"geometry":{"type":"Point","coordinates":[142.33703,-36.55291]}},{"type":"Feature","properties":{"roads":[{"name":"Banyena Road","cls":5,"brg":269.9},{"name":"Jung Wheat Road","cls":5,"brg":180}]},"geometry":{"type":"Point","coordinates":[142.33655,-36.55291]}},{"type":"Feature","properties":{"roads":[{"name":"Banyena Road","cls":5,"brg":269.9},{"name":"Whytes Road","cls":7,"brg":180.2}]},"geometry":{"type":"Point","coordinates":[142.32149,-36.55293]}},{"type":"Feature","properties":{"roads":[{"name":"Banyena Road","cls":5,"brg":269.9},{"name":"Max Johns Road","cls":5,"brg":180.3}]},"geometry":{"type":"Point","coordinates":[142.30323,-36.55296]}},{"type":"Feature","properties":{"roads":[{"name":"Jallumba - Clear Lake Road","cls":4,"brg":277.1},{"name":"Jallumba - Douglas Road","cls":4,"brg":192.1}]},"geometry":{"type":"Point","coordinates":[141.94043,-36.93193]}},{"type":"Feature","properties":{"roads":[{"name":"Horsham - Noradjuha Road","cls":3,"brg":24.4},{"name":"Three Bridges Road","cls":4,"brg":280.7}]},"geometry":{"type":"Point","coordinates":[142.11298,-36.76012]}},{"type":"Feature","properties":{"roads":[{"name":"Greenhills Road","cls":5,"brg":265},{"name":"Jung Wheat Road","cls":5,"brg":180.4}]},"geometry":{"type":"Point","coordinates":[142.34222,-36.59079]}},{"type":"Feature","properties":{"roads":[{"name":"Greenhills Road","cls":5,"brg":241.6},{"name":"Whytes Road","cls":7,"brg":157.7}]},"geometry":{"type":"Point","coordinates":[142.32126,-36.59654]}},{"type":"Feature","properties":{"roads":[{"name":"Greenhills Road","cls":5,"brg":241.6},{"name":"Max Johns Road","cls":5,"brg":180.2}]},"geometry":{"type":"Point","coordinates":[142.30283,-36.60453]}},{"type":"Feature","properties":{"roads":[{"name":"Charcoal Flat Track","cls":5,"brg":49.1},{"name":"Southern Break","cls":7,"brg":277.5}]},"geometry":{"type":"Point","coordinates":[141.94718,-36.58161]}},{"type":"Feature","properties":{"roads":[{"name":"Charcoal Flat Track","cls":5,"brg":64.8},{"name":"Southern Break","cls":7,"brg":187.4}]},"geometry":{"type":"Point","coordinates":[141.97349,-36.56638]}},{"type":"Feature","properties":{"roads":[{"name":"Wimmera Highway","cls":2,"brg":162.2},{"name":"Henty Highway","cls":2,"brg":194.8}]},"geometry":{"type":"Point","coordinates":[142.25964,-36.6382]}},{"type":"Feature","properties":{"roads":[{"name":"Wimmera Highway","cls":2,"brg":191.1},{"name":"Henty Highway","cls":2,"brg":0.1}]},"geometry":{"type":"Point","coordinates":[142.2593,-36.6397]}},{"type":"Feature","properties":{"roads":[{"name":"Baillie Street","cls":1,"brg":270},{"name":"A8","cls":1,"brg":284.3}]},"geometry":{"type":"Point","coordinates":[142.20447,-36.7118]}},{"type":"Feature","properties":{"roads":[{"name":"Main Street","cls":2,"brg":241.6},{"name":"Lake Road","cls":4,"brg":153.3}]},"geometry":{"type":"Point","coordinates":[141.94489,-36.74048]}},{"type":"Feature","properties":{"roads":[{"name":"Black Swamp Road","cls":5,"brg":90.8},{"name":"Wyn Wyn Road","cls":5,"brg":179.5}]},"geometry":{"type":"Point","coordinates":[141.91616,-36.69916]}},{"type":"Feature","properties":{"roads":[{"name":"Harrow - Clear Lake Road","cls":4,"brg":157.4},{"name":"Edmonds Road","cls":5,"brg":255.7}]},"geometry":{"type":"Point","coordinates":[141.86621,-36.95115]}},{"type":"Feature","properties":{"roads":[{"name":"McPherson Street","cls":1,"brg":359.5},{"name":"Voigt Lane","cls":7,"brg":90}]},"geometry":{"type":"Point","coordinates":[142.20498,-36.72143]}},{"type":"Feature","properties":{"roads":[{"name":"Telangatuk East-Rocklands Road","cls":5,"brg":7.2},{"name":"Creaseys Road","cls":5,"brg":96}]},"geometry":{"type":"Point","coordinates":[141.9669,-37.1368]}},{"type":"Feature","properties":{"roads":[{"name":"Jung Wheat Road","cls":7,"brg":0.5},{"name":"Jung Recreation Reserve Road","cls":7,"brg":90}]},"geometry":{"type":"Point","coordinates":[142.3421,-36.60172]}},{"type":"Feature","properties":{"roads":[{"name":"Sanders Road","cls":7,"brg":179.9},{"name":"Three Mile Road","cls":7,"brg":269}]},"geometry":{"type":"Point","coordinates":[142.02528,-36.68383]}},{"type":"Feature","properties":{"roads":[{"name":"Polkemmet Road","cls":4,"brg":275.4},{"name":"Nattrass Road","cls":5,"brg":351.2},{"name":"Lindners Road","cls":7,"brg":180}]},"geometry":{"type":"Point","coordinates":[142.08075,-36.66052]}},{"type":"Feature","properties":{"roads":[{"name":"Boehms Road","cls":5,"brg":89.8},{"name":"Walshs Road","cls":5,"brg":179.7}]},"geometry":{"type":"Point","coordinates":[142.09884,-36.66827]}},{"type":"Feature","properties":{"roads":[{"name":"Hutchinsons Road","cls":4,"brg":359.8},{"name":"Eltze Drive","cls":5,"brg":90.1}]},"geometry":{"type":"Point","coordinates":[142.04511,-36.76409]}},{"type":"Feature","properties":{"roads":[{"name":"Hutchinsons Road","cls":4,"brg":359.6},{"name":"Snowball Drive","cls":6,"brg":270}]},"geometry":{"type":"Point","coordinates":[142.04509,-36.76123]}},{"type":"Feature","properties":{"roads":[{"name":"Hutchinsons Road","cls":4,"brg":359.6},{"name":"Jost Avenue","cls":5,"brg":89.6}]},"geometry":{"type":"Point","coordinates":[142.0451,-36.7628]}},{"type":"Feature","properties":{"roads":[{"name":"Lanes Avenue","cls":5,"brg":89.8},{"name":"Lindners Road","cls":5,"brg":359.8}]},"geometry":{"type":"Point","coordinates":[142.08125,-36.7556]}},{"type":"Feature","properties":{"roads":[{"name":"Darragan Pit Road","cls":5,"brg":306.8},{"name":"Barrs Road","cls":5,"brg":7}]},"geometry":{"type":"Point","coordinates":[142.03574,-36.80308]}},{"type":"Feature","properties":{"roads":[{"name":"J Sudholz Road","cls":5,"brg":269.6},{"name":"Old Noradjuha Road","cls":5,"brg":359.6}]},"geometry":{"type":"Point","coordinates":[141.95117,-36.75594]}},{"type":"Feature","properties":{"roads":[{"name":"Rissmann Drive","cls":6,"brg":179.5},{"name":"Stockton Drive","cls":6,"brg":91.2}]},"geometry":{"type":"Point","coordinates":[142.21534,-36.71864]}},{"type":"Feature","properties":{"roads":[{"name":"Mclean Drive","cls":6,"brg":281},{"name":"Seater Close","cls":6,"brg":189.6}]},"geometry":{"type":"Point","coordinates":[142.20139,-36.73005]}},{"type":"Feature","properties":{"roads":[{"name":"Mclean Drive","cls":6,"brg":252.8},{"name":"Seater Close","cls":6,"brg":343.2}]},"geometry":{"type":"Point","coordinates":[142.19852,-36.72995]}},{"type":"Feature","properties":{"roads":[{"name":"Mclean Drive","cls":6,"brg":270.3},{"name":"Furguson Close","cls":6,"brg":179.1}]},"geometry":{"type":"Point","coordinates":[142.19762,-36.73003]}},{"type":"Feature","properties":{"roads":[{"name":"Three Bridges Road","cls":4,"brg":359.2},{"name":"Fultons Road Exit","cls":5,"brg":198.2}]},"geometry":{"type":"Point","coordinates":[142.13543,-36.75802]}},{"type":"Feature","properties":{"roads":[{"name":"Henty Highway","cls":1,"brg":50.2},{"name":"Clynes Road West","cls":5,"brg":329.6}]},"geometry":{"type":"Point","coordinates":[142.17782,-36.77833]}},{"type":"Feature","properties":{"roads":[{"name":"Break Track","cls":7,"brg":141.1},{"name":"Nursery Track","cls":7,"brg":186.9}]},"geometry":{"type":"Point","coordinates":[142.07907,-36.51641]}},{"type":"Feature","properties":{"roads":[{"name":"Bottlebrush Track","cls":7,"brg":109.2},{"name":"Wimmera Track","cls":7,"brg":180}]},"geometry":{"type":"Point","coordinates":[142.03143,-36.51252]}},{"type":"Feature","properties":{"roads":[{"name":"Middleton Track","cls":7,"brg":171.7},{"name":"Boundary Track","cls":7,"brg":268.5}]},"geometry":{"type":"Point","coordinates":[142.07092,-36.52886]}},{"type":"Feature","properties":{"roads":[{"name":"Wollermanns Road","cls":5,"brg":180},{"name":"Wail- Kalkee Road","cls":5,"brg":89.7}]},"geometry":{"type":"Point","coordinates":[142.243,-36.51071]}},{"type":"Feature","properties":{"roads":[{"name":"Smiths Road","cls":7,"brg":89.6},{"name":"Whytes Road","cls":7,"brg":180.2}]},"geometry":{"type":"Point","coordinates":[142.32155,-36.53874]}},{"type":"Feature","properties":{"roads":[{"name":"Jung Wheat Road","cls":5,"brg":359},{"name":"Smiths Road","cls":7,"brg":89.6}]},"geometry":{"type":"Point","coordinates":[142.33712,-36.53866]}},{"type":"Feature","properties":{"roads":[{"name":"Whytes Road","cls":7,"brg":180.6},{"name":"Johns Road","cls":7,"brg":270.4}]},"geometry":{"type":"Point","coordinates":[142.32119,-36.58873]}},{"type":"Feature","properties":{"roads":[{"name":"Max Johns Road","cls":5,"brg":180},{"name":"Johns Road","cls":7,"brg":270.4}]},"geometry":{"type":"Point","coordinates":[142.30294,-36.58863]}},{"type":"Feature","properties":{"roads":[{"name":"Walsgotts Road","cls":5,"brg":180.8},{"name":"Johns Road","cls":7,"brg":270.4}]},"geometry":{"type":"Point","coordinates":[142.28536,-36.58854]}},{"type":"Feature","properties":{"roads":[{"name":"Crutes Road","cls":5,"brg":189.8},{"name":"Crutes Track","cls":7,"brg":70.5}]},"geometry":{"type":"Point","coordinates":[142.46771,-36.89772]}},{"type":"Feature","properties":{"roads":[{"name":"Reservoir Road","cls":5,"brg":89.1},{"name":"Kiefels Road","cls":7,"brg":0.2}]},"geometry":{"type":"Point","coordinates":[142.33985,-36.88499]}},{"type":"Feature","properties":{"roads":[{"name":"Freeman Street","cls":6,"brg":294.9},{"name":"Arthur Drive","cls":6,"brg":25.8}]},"geometry":{"type":"Point","coordinates":[142.17672,-36.71321]}},{"type":"Feature","properties":{"roads":[{"name":"Tatlock Street","cls":6,"brg":297.8},{"name":"Arthur Drive","cls":6,"brg":27.3}]},"geometry":{"type":"Point","coordinates":[142.17619,-36.71406]}},{"type":"Feature","properties":{"roads":[{"name":"Arthur Drive","cls":6,"brg":79.2},{"name":"Muller Street","cls":6,"brg":168.3}]},"geometry":{"type":"Point","coordinates":[142.17364,-36.71533]}},{"type":"Feature","properties":{"roads":[{"name":"Stephens Street","cls":6,"brg":244.2},{"name":"Luker Street","cls":6,"brg":336.7}]},"geometry":{"type":"Point","coordinates":[142.17639,-36.71548]}},{"type":"Feature","properties":{"roads":[{"name":"Stephens Street","cls":6,"brg":260.8},{"name":"Treacey Street","cls":6,"brg":179.6}]},"geometry":{"type":"Point","coordinates":[142.17353,-36.71624]}},{"type":"Feature","properties":{"roads":[{"name":"Melaleuca Place","cls":7,"brg":181},{"name":"Leskie Close","cls":7,"brg":90.1}]},"geometry":{"type":"Point","coordinates":[142.21624,-36.70982]}},{"type":"Feature","properties":{"roads":[{"name":"Trinity Drive","cls":6,"brg":9.1},{"name":"Leskie Close","cls":7,"brg":99.4}]},"geometry":{"type":"Point","coordinates":[142.21674,-36.70983]}},{"type":"Feature","properties":{"roads":[{"name":"Ball Road","cls":5,"brg":57.6},{"name":"Fultons Road Exit","cls":5,"brg":178.2}]},"geometry":{"type":"Point","coordinates":[142.13541,-36.75531]}},{"type":"Feature","properties":{"roads":[{"name":"Griffin Court","cls":6,"brg":179.3},{"name":"Hamilton Street","cls":6,"brg":89.8}]},"geometry":{"type":"Point","coordinates":[142.20798,-36.7178]}},{"type":"Feature","properties":{"roads":[{"name":"Brady Court","cls":6,"brg":180.5},{"name":"Hamilton Street","cls":6,"brg":89.8}]},"geometry":{"type":"Point","coordinates":[142.20889,-36.71779]}},{"type":"Feature","properties":{"roads":[{"name":"Browns Road","cls":5,"brg":90.2},{"name":"Rokeskys Road","cls":5,"brg":180.1}]},"geometry":{"type":"Point","coordinates":[142.26724,-36.70909]}},{"type":"Feature","properties":{"roads":[{"name":"Heards Road","cls":5,"brg":127.6},{"name":"Rokeskys Road","cls":5,"brg":154.9}]},"geometry":{"type":"Point","coordinates":[142.2672,-36.69452]}},{"type":"Feature","properties":{"roads":[{"name":"Wheatlands Court","cls":6,"brg":103.6},{"name":"Settlers Way","cls":6,"brg":269.6}]},"geometry":{"type":"Point","coordinates":[142.18036,-36.75106]}},{"type":"Feature","properties":{"roads":[{"name":"Park Drive","cls":6,"brg":193.2},{"name":"Carinya Court","cls":7,"brg":108.9}]},"geometry":{"type":"Point","coordinates":[142.19391,-36.71427]}},{"type":"Feature","properties":{"roads":[{"name":"Ern Gerlach Place","cls":6,"brg":121.7},{"name":"Park Drive","cls":6,"brg":204.4}]},"geometry":{"type":"Point","coordinates":[142.19366,-36.71476]}},{"type":"Feature","properties":{"roads":[{"name":"Shepherd Place","cls":6,"brg":116.7},{"name":"Park Drive","cls":6,"brg":204.2}]},"geometry":{"type":"Point","coordinates":[142.19338,-36.71524]}},{"type":"Feature","properties":{"roads":[{"name":"Rasmussen Road","cls":4,"brg":90.1},{"name":"Dooen South Road","cls":5,"brg":16.2}]},"geometry":{"type":"Point","coordinates":[142.22285,-36.69678]}},{"type":"Feature","properties":{"roads":[{"name":"Lock Road","cls":6,"brg":179.4},{"name":"Gleeson Lane","cls":6,"brg":91}]},"geometry":{"type":"Point","coordinates":[142.1842,-36.75703]}},{"type":"Feature","properties":{"roads":[{"name":"Old Noradjuha Road","cls":5,"brg":359.5},{"name":"Jory Street","cls":6,"brg":89.3}]},"geometry":{"type":"Point","coordinates":[141.95101,-36.74176]}},{"type":"Feature","properties":{"roads":[{"name":"Victoria Valley Road","cls":5,"brg":192.7},{"name":"Brimpaen Road","cls":5,"brg":342.3}]},"geometry":{"type":"Point","coordinates":[142.23454,-37.10593]}},{"type":"Feature","properties":{"roads":[{"name":"Victoria Valley Road","cls":5,"brg":179.7},{"name":"Brimpaen Road","cls":5,"brg":334.5}]},"geometry":{"type":"Point","coordinates":[142.23458,-37.10631]}},{"type":"Feature","properties":{"roads":[{"name":"Victoria Valley Road","cls":5,"brg":187},{"name":"Dunns Crossing Road","cls":5,"brg":183}]},"geometry":{"type":"Point","coordinates":[142.23458,-37.12089]}},{"type":"Feature","properties":{"roads":[{"name":"Grimble Geue Road","cls":5,"brg":93.4},{"name":"Grahams Bridge Road","cls":5,"brg":358.8}]},"geometry":{"type":"Point","coordinates":[142.23519,-36.97714]}},{"type":"Feature","properties":{"roads":[{"name":"Jung Wheat Road","cls":5,"brg":359},{"name":"Smiths Road","cls":5,"brg":269.5}]},"geometry":{"type":"Point","coordinates":[142.33713,-36.5391]}},{"type":"Feature","properties":{"roads":[{"name":"Mokepilly Road","cls":5,"brg":272},{"name":"Jung Wheat Road","cls":5,"brg":0.8}]},"geometry":{"type":"Point","coordinates":[142.33734,-36.52438]}},{"type":"Feature","properties":{"roads":[{"name":"Molyneaux Road","cls":5,"brg":270.6},{"name":"Tuckers Road","cls":5,"brg":359.8}]},"geometry":{"type":"Point","coordinates":[142.32133,-36.64736]}},{"type":"Feature","properties":{"roads":[{"name":"Kiefels Road","cls":5,"brg":359.6},{"name":"Coombes Road","cls":5,"brg":90.1}]},"geometry":{"type":"Point","coordinates":[142.33985,-36.85958]}},{"type":"Feature","properties":{"roads":[{"name":"Longerenong Road","cls":4,"brg":270.8},{"name":"Mills Road","cls":5,"brg":180.3}]},"geometry":{"type":"Point","coordinates":[142.36729,-36.68647]}},{"type":"Feature","properties":{"roads":[{"name":"Coombes Road","cls":5,"brg":88.8},{"name":"Varley Road","cls":5,"brg":273.9}]},"geometry":{"type":"Point","coordinates":[142.32634,-36.85966]}},{"type":"Feature","properties":{"roads":[{"name":"Walsgotts Road","cls":5,"brg":179.6},{"name":"Drovers Road","cls":5,"brg":90.2}]},"geometry":{"type":"Point","coordinates":[142.28532,-36.60215]}},{"type":"Feature","properties":{"roads":[{"name":"Urquhart Street","cls":4,"brg":180.1},{"name":"Cameron Street","cls":7,"brg":90}]},"geometry":{"type":"Point","coordinates":[142.20234,-36.71918]}},{"type":"Feature","properties":{"roads":[{"name":"Browns Road","cls":7,"brg":91.9},{"name":"School Road","cls":7,"brg":180.2}]},"geometry":{"type":"Point","coordinates":[142.28541,-36.70913]}},{"type":"Feature","properties":{"roads":[{"name":"Old Vectis Quarry Road","cls":5,"brg":103},{"name":"Lights Lane","cls":5,"brg":183.9}]},"geometry":{"type":"Point","coordinates":[141.99158,-36.67324]}},{"type":"Feature","properties":{"roads":[{"name":"Obrees Road","cls":4,"brg":269.8},{"name":"Lights Lane","cls":5,"brg":178.2}]},"geometry":{"type":"Point","coordinates":[141.99162,-36.6977]}},{"type":"Feature","properties":{"roads":[{"name":"Fergusons Sandhill Road","cls":5,"brg":186.9},{"name":"Cooktown Road","cls":5,"brg":95.2}]},"geometry":{"type":"Point","coordinates":[141.89706,-36.79756]}},{"type":"Feature","properties":{"roads":[{"name":"Natimuk-Hamilton Road","cls":3,"brg":7},{"name":"Depot Lane","cls":5,"brg":102.9}]},"geometry":{"type":"Point","coordinates":[141.96619,-36.82336]}},{"type":"Feature","properties":{"roads":[{"name":"Gills Road","cls":5,"brg":96.7},{"name":"Cozens Road","cls":5,"brg":5.4}]},"geometry":{"type":"Point","coordinates":[142.06628,-36.92715]}},{"type":"Feature","properties":{"roads":[{"name":"John McPhees Drive","cls":5,"brg":143.6},{"name":"Toolondo Drive","cls":7,"brg":247.4}]},"geometry":{"type":"Point","coordinates":[141.9717,-37.02402]}},{"type":"Feature","properties":{"roads":[{"name":"Natimuk Road Service Lane","cls":6,"brg":65},{"name":"Bennett Road","cls":6,"brg":355.7}]},"geometry":{"type":"Point","coordinates":[142.18726,-36.71839]}},{"type":"Feature","properties":{"roads":[{"name":"Natimuk Road","cls":2,"brg":64.6},{"name":"Churchill Road","cls":6,"brg":155.1}]},"geometry":{"type":"Point","coordinates":[142.18517,-36.71946]}},{"type":"Feature","properties":{"roads":[{"name":"Goldfinch Close","cls":6,"brg":86.6},{"name":"Victoria Boulevard","cls":6,"brg":350.2}]},"geometry":{"type":"Point","coordinates":[142.17834,-36.71421]}},{"type":"Feature","properties":{"roads":[{"name":"Baillie Street","cls":6,"brg":318.8},{"name":"Bennett Road","cls":6,"brg":227.9}]},"geometry":{"type":"Point","coordinates":[142.18778,-36.71196]}},{"type":"Feature","properties":{"roads":[{"name":"Natimuk Road","cls":2,"brg":65.1},{"name":"Rose Street","cls":6,"brg":334.1}]},"geometry":{"type":"Point","coordinates":[142.1912,-36.71721]}},{"type":"Feature","properties":{"roads":[{"name":"Sloss Street","cls":4,"brg":89.8},{"name":"Urquhart Street","cls":4,"brg":179.5}]},"geometry":{"type":"Point","coordinates":[142.20239,-36.71964]}},{"type":"Feature","properties":{"roads":[{"name":"Muller Street","cls":6,"brg":180},{"name":"Tatlock Street","cls":6,"brg":268.4}]},"geometry":{"type":"Point","coordinates":[142.17354,-36.71442]}},{"type":"Feature","properties":{"roads":[{"name":"Mitchell Street","cls":6,"brg":215.5},{"name":"Station Street","cls":6,"brg":237.5}]},"geometry":{"type":"Point","coordinates":[141.94737,-36.74336]}},{"type":"Feature","properties":{"roads":[{"name":"Winfields Road","cls":5,"brg":179.9},{"name":"Olive Plantation Road","cls":5,"brg":91.8}]},"geometry":{"type":"Point","coordinates":[142.35813,-36.92667]}},{"type":"Feature","properties":{"roads":[{"name":"Schmidts Road","cls":5,"brg":180.1},{"name":"Rosebrook Glenisla Road","cls":7,"brg":238}]},"geometry":{"type":"Point","coordinates":[142.28412,-37.09125]}},{"type":"Feature","properties":{"roads":[{"name":"B Ross Road","cls":5,"brg":7},{"name":"Robertsons Road","cls":5,"brg":277}]},"geometry":{"type":"Point","coordinates":[141.93602,-37.10029]}},{"type":"Feature","properties":{"roads":[{"name":"Grahams Bridge Road","cls":5,"brg":0.2},{"name":"Victoria Valley Road","cls":5,"brg":1.7}]},"geometry":{"type":"Point","coordinates":[142.23512,-37.03785]}},{"type":"Feature","properties":{"roads":[{"name":"Boundary Track","cls":7,"brg":89.4},{"name":"Wood Cutters Track","cls":7,"brg":40.6}]},"geometry":{"type":"Point","coordinates":[142.03183,-36.54631]}},{"type":"Feature","properties":{"roads":[{"name":"Wood Cutters Track","cls":7,"brg":12.7},{"name":"Boundary Track","cls":7,"brg":316.5}]},"geometry":{"type":"Point","coordinates":[142.03951,-36.54047]}},{"type":"Feature","properties":{"roads":[{"name":"Wood Cutters Track","cls":7,"brg":59.5},{"name":"Boundary Track","cls":7,"brg":211.3}]},"geometry":{"type":"Point","coordinates":[142.06537,-36.52988]}},{"type":"Feature","properties":{"roads":[{"name":"Hamilton Street","cls":6,"brg":89.8},{"name":"MacBain Street","cls":6,"brg":180.3}]},"geometry":{"type":"Point","coordinates":[142.20986,-36.71779]}},{"type":"Feature","properties":{"roads":[{"name":"Natimuk-Hamilton Road","cls":3,"brg":7.5},{"name":"Noradjuha Recreational Reserve Road","cls":5,"brg":89.2}]},"geometry":{"type":"Point","coordinates":[141.96418,-36.83635]}},{"type":"Feature","properties":{"roads":[{"name":"Bushby Road","cls":6,"brg":269.9},{"name":"Burke Court","cls":6,"brg":179.4}]},"geometry":{"type":"Point","coordinates":[142.19867,-36.77556]}},{"type":"Feature","properties":{"roads":[{"name":"Shirley Street","cls":6,"brg":359.1},{"name":"Edith Street","cls":6,"brg":89.7}]},"geometry":{"type":"Point","coordinates":[142.21026,-36.7044]}}]}