{"type":"FeatureCollection","features":[{"type":"Feature","properties":{"name":"Lilac Street","cls":6},"geometry":{"type":"Point","coordinates":[142.19196,-36.71953]}},{"type":"Feature","properties":{"name":"Roberts Avenue","cls":6},"geometry":{"type":"Point","coordinates":[142.19907,-36.71428]}},{"type":"Feature","properties":{"name":"Stawell Road","cls":1},"geometry":{"type":"Point","coordinates":[142.20519,-36.72523]}},{"type":"Feature","properties":{"name":"Old Henty Highway","cls":5},"geometry":{"type":"Point","coordinates":[142.15894,-37.24955]}},{"type":"Feature","properties":{"name":"Stawell Road","cls":1},"geometry":{"type":"Point","coordinates":[142.20732,-36.735]}},{"type":"Feature","properties":{"name":"Wimmera Highway","cls":2},"geometry":{"type":"Point","coordinates":[142.25999,-36.63827]}},{"type":"Feature","properties":{"name":"Henty Highway","cls":2},"geometry":{"type":"Point","coordinates":[142.30291,-36.56995]}},{"type":"Feature","properties":{"name":"Northern Grampians Road","cls":3},"geometry":{"type":"Point","coordinates":[142.34242,-37.02624]}},{"type":"Feature","properties":{"name":"Mount Victory Road","cls":3},"geometry":{"type":"Point","coordinates":[142.51121,-37.13985]}},{"type":"Feature","properties":{"name":"Mount Victory Road","cls":3},"geometry":{"type":"Point","coordinates":[142.48237,-37.15319]}},{"type":"Feature","properties":{"name":"Mount Victory Road","cls":3},"geometry":{"type":"Point","coordinates":[142.45785,-37.14449]}},{"type":"Feature","properties":{"name":"Mount Victory Road","cls":3},"geometry":{"type":"Point","coordinates":[142.4316,-37.12865]}},{"type":"Feature","properties":{"name":"Mount Victory Road","cls":3},"geometry":{"type":"Point","coordinates":[142.40172,-37.10542]}},{"type":"Feature","properties":{"name":"North East Wonwondah Road","cls":4},"geometry":{"type":"Point","coordinates":[142.164,-36.87761]}},{"type":"Feature","properties":{"name":"Knonagels Road","cls":5},"geometry":{"type":"Point","coordinates":[142.30476,-36.98015]}},{"type":"Feature","properties":{"name":"Brimacombes Road","cls":5},"geometry":{"type":"Point","coordinates":[142.28435,-36.99789]}},{"type":"Feature","properties":{"name":"Grimble Geue Road","cls":5},"geometry":{"type":"Point","coordinates":[142.27759,-36.99995]}},{"type":"Feature","properties":{"name":"Brimpaen-Laharum Road","cls":4},"geometry":{"type":"Point","coordinates":[142.32272,-36.99342]}},{"type":"Feature","properties":{"name":"Crutes Road","cls":5},"geometry":{"type":"Point","coordinates":[142.48594,-36.86615]}},{"type":"Feature","properties":{"name":"Winfields Road","cls":5},"geometry":{"type":"Point","coordinates":[142.35824,-36.88324]}},{"type":"Feature","properties":{"name":"Mt Zero Road","cls":5},"geometry":{"type":"Point","coordinates":[142.38427,-36.88489]}},{"type":"Feature","properties":{"name":"Flat Rock Road","cls":5},"geometry":{"type":"Point","coordinates":[142.39163,-36.86891]}},{"type":"Feature","properties":{"name":"Flat Rock Road","cls":5},"geometry":{"type":"Point","coordinates":[142.39561,-36.83868]}},{"type":"Feature","properties":{"name":"Pohlners Road","cls":5},"geometry":{"type":"Point","coordinates":[142.37323,-36.96541]}},{"type":"Feature","properties":{"name":"Mt Zero Road","cls":5},"geometry":{"type":"Point","coordinates":[142.52194,-37.08848]}},{"type":"Feature","properties":{"name":"Mt Zero Road","cls":5},"geometry":{"type":"Point","coordinates":[142.4987,-37.02592]}},{"type":"Feature","properties":{"name":"Mt Zero Road","cls":5},"geometry":{"type":"Point","coordinates":[142.44646,-36.9397]}},{"type":"Feature","properties":{"name":"Roses Gap Road","cls":4},"geometry":{"type":"Point","coordinates":[142.38464,-37.02792]}},{"type":"Feature","properties":{"name":"Roses Gap Road","cls":4},"geometry":{"type":"Point","coordinates":[142.54926,-36.94605]}},{"type":"Feature","properties":{"name":"Roses Gap Road","cls":4},"geometry":{"type":"Point","coordinates":[142.48504,-36.95584]}},{"type":"Feature","properties":{"name":"Roses Gap Road","cls":4},"geometry":{"type":"Point","coordinates":[142.44587,-36.97236]}},{"type":"Feature","properties":{"name":"Sandy Lane","cls":5},"geometry":{"type":"Point","coordinates":[142.52335,-36.95928]}},{"type":"Feature","properties":{"name":"Jackmans Road","cls":5},"geometry":{"type":"Point","coordinates":[142.52329,-36.93603]}},{"type":"Feature","properties":{"name":"Mount Drummond Road","cls":4},"geometry":{"type":"Point","coordinates":[142.58935,-36.98087]}},{"type":"Feature","properties":{"name":"Ledcourt Road","cls":5},"geometry":{"type":"Point","coordinates":[142.56368,-36.99198]}},{"type":"Feature","properties":{"name":"Ledcourt Road","cls":5},"geometry":{"type":"Point","coordinates":[142.55931,-36.94424]}},{"type":"Feature","properties":{"name":"Delahuntys Road","cls":5},"geometry":{"type":"Point","coordinates":[142.5413,-36.93981]}},{"type":"Feature","properties":{"name":"Clarke Road","cls":5},"geometry":{"type":"Point","coordinates":[142.52432,-36.98345]}},{"type":"Feature","properties":{"name":"Greenhole Road","cls":4},"geometry":{"type":"Point","coordinates":[142.58501,-37.04727]}},{"type":"Feature","properties":{"name":"Fyans Creek Road","cls":4},"geometry":{"type":"Point","coordinates":[142.56665,-37.08847]}},{"type":"Feature","properties":{"name":"Sandbar Road","cls":4},"geometry":{"type":"Point","coordinates":[142.65157,-37.01789]}},{"type":"Feature","properties":{"name":"Pines Road","cls":5},"geometry":{"type":"Point","coordinates":[142.53308,-37.06003]}},{"type":"Feature","properties":{"name":"Grampians Road","cls":3},"geometry":{"type":"Point","coordinates":[142.65561,-37.07689]}},{"type":"Feature","properties":{"name":"Ararat-Halls Gap Road","cls":3},"geometry":{"type":"Point","coordinates":[142.60858,-37.19076]}},{"type":"Feature","properties":{"name":"Western Highway","cls":1},"geometry":{"type":"Point","coordinates":[142.40188,-36.84008]}},{"type":"Feature","properties":{"name":"Pomonal Road","cls":3},"geometry":{"type":"Point","coordinates":[142.62505,-37.16883]}},{"type":"Feature","properties":{"name":"Mokepilly Road","cls":4},"geometry":{"type":"Point","coordinates":[142.62959,-37.12394]}},{"type":"Feature","properties":{"name":"Kelleys Beach Road","cls":5},"geometry":{"type":"Point","coordinates":[142.61505,-37.13338]}},{"type":"Feature","properties":{"name":"Ledcourt School Road","cls":5},"geometry":{"type":"Point","coordinates":[142.52311,-36.97031]}},{"type":"Feature","properties":{"name":"Mount Stapylton Campground Road","cls":5},"geometry":{"type":"Point","coordinates":[142.3841,-36.91958]}},{"type":"Feature","properties":{"name":"Balconies Road","cls":5},"geometry":{"type":"Point","coordinates":[142.44742,-37.14627]}},{"type":"Feature","properties":{"name":"Mount Difficult Road","cls":5},"geometry":{"type":"Point","coordinates":[142.48377,-37.1341]}},{"type":"Feature","properties":{"name":"Mount Difficult Road","cls":5},"geometry":{"type":"Point","coordinates":[142.49949,-37.0959]}},{"type":"Feature","properties":{"name":"Mount Difficult Road","cls":5},"geometry":{"type":"Point","coordinates":[142.44134,-37.0631]}},{"type":"Feature","properties":{"name":"Mount Difficult Road","cls":5},"geometry":{"type":"Point","coordinates":[142.47515,-37.05138]}},{"type":"Feature","properties":{"name":"Wartook Road","cls":3},"geometry":{"type":"Point","coordinates":[142.41705,-37.11036]}},{"type":"Feature","properties":{"name":"MacKenzie Falls Road","cls":5},"geometry":{"type":"Point","coordinates":[142.41641,-37.11007]}},{"type":"Feature","properties":{"name":"MacKenzie Falls Road","cls":5},"geometry":{"type":"Point","coordinates":[142.41234,-37.10919]}},{"type":"Feature","properties":{"name":"Henty Highway","cls":1},"geometry":{"type":"Point","coordinates":[142.20505,-37.14044]}},{"type":"Feature","properties":{"name":"Glenelg River Road","cls":5},"geometry":{"type":"Point","coordinates":[142.43579,-37.18032]}},{"type":"Feature","properties":{"name":"Glenelg River Road","cls":5},"geometry":{"type":"Point","coordinates":[142.41495,-37.2495]}},{"type":"Feature","properties":{"name":"Mount William Road","cls":5},"geometry":{"type":"Point","coordinates":[142.56442,-37.26391]}},{"type":"Feature","properties":{"name":"Wonderland Road","cls":5},"geometry":{"type":"Point","coordinates":[142.50178,-37.14752]}},{"type":"Feature","properties":{"name":"Donald-Murtoa Road","cls":3},"geometry":{"type":"Point","coordinates":[142.77628,-36.4162]}},{"type":"Feature","properties":{"name":"Stawell - Warracknabeal Road","cls":2},"geometry":{"type":"Point","coordinates":[142.61338,-36.54614]}},{"type":"Feature","properties":{"name":"Horsham-Minyip Road","cls":3},"geometry":{"type":"Point","coordinates":[142.43473,-36.50054]}},{"type":"Feature","properties":{"name":"Henty Highway","cls":2},"geometry":{"type":"Point","coordinates":[142.37033,-36.44439]}},{"type":"Feature","properties":{"name":"Marma Street","cls":2},"geometry":{"type":"Point","coordinates":[142.46711,-36.62019]}},{"type":"Feature","properties":{"name":"Western Highway","cls":1},"geometry":{"type":"Point","coordinates":[142.64502,-36.98685]}},{"type":"Feature","properties":{"name":"McPherson Street","cls":1},"geometry":{"type":"Point","coordinates":[142.20492,-36.716]}},{"type":"Feature","properties":{"name":"Wimmera Highway","cls":2},"geometry":{"type":"Point","coordinates":[141.98102,-36.73161]}},{"type":"Feature","properties":{"name":"Natimuk - Frances Road","cls":3},"geometry":{"type":"Point","coordinates":[141.83123,-36.7372]}},{"type":"Feature","properties":{"name":"Nhill - Harrow Road","cls":3},"geometry":{"type":"Point","coordinates":[141.63211,-36.80563]}},{"type":"Feature","properties":{"name":"Nhill - Harrow Road","cls":3},"geometry":{"type":"Point","coordinates":[141.64117,-36.52154]}},{"type":"Feature","properties":{"name":"Wimmera Highway","cls":2},"geometry":{"type":"Point","coordinates":[141.57732,-36.88885]}},{"type":"Feature","properties":{"name":"Western Highway","cls":1},"geometry":{"type":"Point","coordinates":[142.02089,-36.43638]}},{"type":"Feature","properties":{"name":"Western Highway","cls":1},"geometry":{"type":"Point","coordinates":[142.01521,-36.43511]}},{"type":"Feature","properties":{"name":"Lloyd Street","cls":3},"geometry":{"type":"Point","coordinates":[142.02879,-36.45737]}},{"type":"Feature","properties":{"name":"Western Highway","cls":1},"geometry":{"type":"Point","coordinates":[142.0553,-36.45721]}},{"type":"Feature","properties":{"name":"Horsham Road","cls":3},"geometry":{"type":"Point","coordinates":[142.05514,-36.45834]}},{"type":"Feature","properties":{"name":"Horsham Road","cls":3},"geometry":{"type":"Point","coordinates":[142.0448,-36.4568]}},{"type":"Feature","properties":{"name":"Western Highway","cls":1},"geometry":{"type":"Point","coordinates":[142.10418,-36.50927]}},{"type":"Feature","properties":{"name":"Reids Lane","cls":5},"geometry":{"type":"Point","coordinates":[142.53621,-37.13293]}},{"type":"Feature","properties":{"name":"Thryptomene Court","cls":5},"geometry":{"type":"Point","coordinates":[142.53807,-37.13516]}},{"type":"Feature","properties":{"name":"Wirilda Court","cls":5},"geometry":{"type":"Point","coordinates":[142.5375,-37.13355]}},{"type":"Feature","properties":{"name":"Classic Court","cls":5},"geometry":{"type":"Point","coordinates":[142.53924,-37.13283]}},{"type":"Feature","properties":{"name":"Silverband Road","cls":3},"geometry":{"type":"Point","coordinates":[142.49739,-37.15885]}},{"type":"Feature","properties":{"name":"Silverband Road","cls":3},"geometry":{"type":"Point","coordinates":[142.54212,-37.19648]}},{"type":"Feature","properties":{"name":"Sundial Road","cls":5},"geometry":{"type":"Point","coordinates":[142.50924,-37.17279]}},{"type":"Feature","properties":{"name":"Minyip-Dimboola Road","cls":4},"geometry":{"type":"Point","coordinates":[142.48758,-36.44938]}},{"type":"Feature","properties":{"name":"Pomonal East Road","cls":5},"geometry":{"type":"Point","coordinates":[142.63454,-37.19447]}},{"type":"Feature","properties":{"name":"Donald-Murtoa Road","cls":3},"geometry":{"type":"Point","coordinates":[142.52315,-36.48357]}},{"type":"Feature","properties":{"name":"Main Street","cls":3},"geometry":{"type":"Point","coordinates":[142.58402,-36.46216]}},{"type":"Feature","properties":{"name":"Church Street","cls":2},"geometry":{"type":"Point","coordinates":[142.58601,-36.45893]}},{"type":"Feature","properties":{"name":"Kalkee East Road","cls":4},"geometry":{"type":"Point","coordinates":[142.26932,-36.5255]}},{"type":"Feature","properties":{"name":"Blue Ribbon Road","cls":3},"geometry":{"type":"Point","coordinates":[142.21392,-36.51843]}},{"type":"Feature","properties":{"name":"Rules East Road","cls":4},"geometry":{"type":"Point","coordinates":[142.18646,-36.60803]}},{"type":"Feature","properties":{"name":"Geodetic Road","cls":5},"geometry":{"type":"Point","coordinates":[142.16844,-36.63789]}},{"type":"Feature","properties":{"name":"Geodetic Road","cls":4},"geometry":{"type":"Point","coordinates":[142.16833,-36.60147]}},{"type":"Feature","properties":{"name":"Rules West Road","cls":4},"geometry":{"type":"Point","coordinates":[142.14668,-36.59535]}},{"type":"Feature","properties":{"name":"Wail Nursery Road","cls":5},"geometry":{"type":"Point","coordinates":[142.09397,-36.50897]}},{"type":"Feature","properties":{"name":"Rosebrook-Glenisla Road","cls":5},"geometry":{"type":"Point","coordinates":[142.33475,-37.05204]}},{"type":"Feature","properties":{"name":"Winiam Road","cls":4},"geometry":{"type":"Point","coordinates":[141.66149,-36.41527]}},{"type":"Feature","properties":{"name":"Kiata South Road","cls":4},"geometry":{"type":"Point","coordinates":[141.76908,-36.39941]}},{"type":"Feature","properties":{"name":"Coker Dam Road","cls":4},"geometry":{"type":"Point","coordinates":[141.88489,-36.41132]}},{"type":"Feature","properties":{"name":"Western Highway","cls":1},"geometry":{"type":"Point","coordinates":[141.94776,-36.40007]}},{"type":"Feature","properties":{"name":"Western Highway","cls":1},"geometry":{"type":"Point","coordinates":[141.98081,-36.41901]}},{"type":"Feature","properties":{"name":"Wimmera Street","cls":6},"geometry":{"type":"Point","coordinates":[142.02747,-36.45557]}},{"type":"Feature","properties":{"name":"Horseshoe Bend Road","cls":5},"geometry":{"type":"Point","coordinates":[142.01879,-36.49182]}},{"type":"Feature","properties":{"name":"Horseshoe Bend Road","cls":5},"geometry":{"type":"Point","coordinates":[142.0232,-36.45735]}},{"type":"Feature","properties":{"name":"Horseshoe Bend Road","cls":5},"geometry":{"type":"Point","coordinates":[142.02712,-36.47004]}},{"type":"Feature","properties":{"name":"Nhill Road","cls":3},"geometry":{"type":"Point","coordinates":[142.01697,-36.43897]}},{"type":"Feature","properties":{"name":"Lochiel Street","cls":6},"geometry":{"type":"Point","coordinates":[142.02964,-36.45231]}},{"type":"Feature","properties":{"name":"Old Weir Lane","cls":6},"geometry":{"type":"Point","coordinates":[142.02483,-36.4559]}},{"type":"Feature","properties":{"name":"Chapel Street","cls":6},"geometry":{"type":"Point","coordinates":[142.02511,-36.45306]}},{"type":"Feature","properties":{"name":"Normanby Street","cls":6},"geometry":{"type":"Point","coordinates":[142.02342,-36.4526]}},{"type":"Feature","properties":{"name":"George Street","cls":6},"geometry":{"type":"Point","coordinates":[142.02758,-36.44727]}},{"type":"Feature","properties":{"name":"School Road","cls":6},"geometry":{"type":"Point","coordinates":[142.51814,-37.13992]}},{"type":"Feature","properties":{"name":"River Track","cls":5},"geometry":{"type":"Point","coordinates":[142.02134,-36.50523]}},{"type":"Feature","properties":{"name":"Wimmera Highway","cls":2},"geometry":{"type":"Point","coordinates":[142.00315,-36.73412]}},{"type":"Feature","properties":{"name":"Campground Track","cls":5},"geometry":{"type":"Point","coordinates":[141.78387,-36.43961]}},{"type":"Feature","properties":{"name":"Buffhams Road","cls":5},"geometry":{"type":"Point","coordinates":[141.61415,-36.67675]}},{"type":"Feature","properties":{"name":"Natimuk Road","cls":2},"geometry":{"type":"Point","coordinates":[142.16977,-36.72535]}},{"type":"Feature","properties":{"name":"Magee Court","cls":6},"geometry":{"type":"Point","coordinates":[142.19479,-36.71666]}},{"type":"Feature","properties":{"name":"Wilson Street","cls":2},"geometry":{"type":"Point","coordinates":[142.19823,-36.71664]}},{"type":"Feature","properties":{"name":"Clynes Road","cls":5},"geometry":{"type":"Point","coordinates":[142.21787,-36.78226]}},{"type":"Feature","properties":{"name":"Old Hamilton Road","cls":5},"geometry":{"type":"Point","coordinates":[142.20548,-36.73885]}},{"type":"Feature","properties":{"name":"McKenzie Creek Reserve Road","cls":5},"geometry":{"type":"Point","coordinates":[142.17953,-36.81006]}},{"type":"Feature","properties":{"name":"McKenzie Creek Reserve Road","cls":5},"geometry":{"type":"Point","coordinates":[142.17902,-36.81006]}},{"type":"Feature","properties":{"name":"McKenzie Creek Reserve Road","cls":5},"geometry":{"type":"Point","coordinates":[142.17631,-36.81008]}},{"type":"Feature","properties":{"name":"Old Hamilton Road","cls":5},"geometry":{"type":"Point","coordinates":[142.20271,-36.79129]}},{"type":"Feature","properties":{"name":"Northern Grampians Road","cls":3},"geometry":{"type":"Point","coordinates":[142.34037,-37.034]}},{"type":"Feature","properties":{"name":"Northern Grampians Road","cls":3},"geometry":{"type":"Point","coordinates":[142.35124,-37.04955]}},{"type":"Feature","properties":{"name":"Brimpaen-Laharum Road","cls":4},"geometry":{"type":"Point","coordinates":[142.29044,-37.0176]}},{"type":"Feature","properties":{"name":"Brimpaen-Laharum Road","cls":4},"geometry":{"type":"Point","coordinates":[142.31779,-36.99722]}},{"type":"Feature","properties":{"name":"Grampians Road","cls":3},"geometry":{"type":"Point","coordinates":[142.51905,-37.13877]}},{"type":"Feature","properties":{"name":"Grampians Road","cls":3},"geometry":{"type":"Point","coordinates":[142.51904,-37.13924]}},{"type":"Feature","properties":{"name":"Baillie Street","cls":4},"geometry":{"type":"Point","coordinates":[142.20572,-36.71167]}},{"type":"Feature","properties":{"name":"Hocking Street","cls":6},"geometry":{"type":"Point","coordinates":[142.20166,-36.72198]}},{"type":"Feature","properties":{"name":"Dixon Drive","cls":6},"geometry":{"type":"Point","coordinates":[142.20035,-36.72312]}},{"type":"Feature","properties":{"name":"Menadue Street","cls":6},"geometry":{"type":"Point","coordinates":[142.21319,-36.71495]}},{"type":"Feature","properties":{"name":"Church Street","cls":6},"geometry":{"type":"Point","coordinates":[142.03088,-36.45543]}},{"type":"Feature","properties":{"name":"Malvern Road","cls":6},"geometry":{"type":"Point","coordinates":[142.03967,-36.45844]}},{"type":"Feature","properties":{"name":"Ellerman Street","cls":6},"geometry":{"type":"Point","coordinates":[142.03682,-36.45726]}},{"type":"Feature","properties":{"name":"Upper Regions Street","cls":6},"geometry":{"type":"Point","coordinates":[142.03379,-36.45427]}},{"type":"Feature","properties":{"name":"Wimmera Street","cls":6},"geometry":{"type":"Point","coordinates":[142.03743,-36.45078]}},{"type":"Feature","properties":{"name":"Cemetery Road","cls":6},"geometry":{"type":"Point","coordinates":[142.0225,-36.44164]}},{"type":"Feature","properties":{"name":"Hazel Street","cls":6},"geometry":{"type":"Point","coordinates":[142.19001,-36.70718]}},{"type":"Feature","properties":{"name":"Arnold Street","cls":6},"geometry":{"type":"Point","coordinates":[142.18812,-36.70615]}},{"type":"Feature","properties":{"name":"Houston Street","cls":6},"geometry":{"type":"Point","coordinates":[142.18938,-36.70475]}},{"type":"Feature","properties":{"name":"Edward Street","cls":6},"geometry":{"type":"Point","coordinates":[142.19166,-36.70463]}},{"type":"Feature","properties":{"name":"Clara Court","cls":6},"geometry":{"type":"Point","coordinates":[142.18548,-36.69928]}},{"type":"Feature","properties":{"name":"Florence Street","cls":6},"geometry":{"type":"Point","coordinates":[142.18704,-36.69985]}},{"type":"Feature","properties":{"name":"Wavell Street","cls":6},"geometry":{"type":"Point","coordinates":[142.18812,-36.70265]}},{"type":"Feature","properties":{"name":"Errett Street","cls":6},"geometry":{"type":"Point","coordinates":[142.19215,-36.7046]}},{"type":"Feature","properties":{"name":"Davis Drive","cls":6},"geometry":{"type":"Point","coordinates":[142.19931,-36.69655]}},{"type":"Feature","properties":{"name":"Lynott Street","cls":6},"geometry":{"type":"Point","coordinates":[142.19691,-36.70534]}},{"type":"Feature","properties":{"name":"O'Connor Street","cls":6},"geometry":{"type":"Point","coordinates":[142.19139,-36.70842]}},{"type":"Feature","properties":{"name":"Burgess Street","cls":6},"geometry":{"type":"Point","coordinates":[142.18814,-36.71064]}},{"type":"Feature","properties":{"name":"High Street South","cls":6},"geometry":{"type":"Point","coordinates":[142.18646,-36.70964]}},{"type":"Feature","properties":{"name":"Edgar Street","cls":6},"geometry":{"type":"Point","coordinates":[142.18669,-36.71368]}},{"type":"Feature","properties":{"name":"Dougherty Street","cls":6},"geometry":{"type":"Point","coordinates":[142.18403,-36.7132]}},{"type":"Feature","properties":{"name":"Carter Street","cls":6},"geometry":{"type":"Point","coordinates":[142.18611,-36.71434]}},{"type":"Feature","properties":{"name":"Baillie Street","cls":6},"geometry":{"type":"Point","coordinates":[142.17972,-36.71236]}},{"type":"Feature","properties":{"name":"Bodey Court","cls":6},"geometry":{"type":"Point","coordinates":[142.18142,-36.71257]}},{"type":"Feature","properties":{"name":"Churchill Road","cls":6},"geometry":{"type":"Point","coordinates":[142.18339,-36.71413]}},{"type":"Feature","properties":{"name":"Pearl Street","cls":6},"geometry":{"type":"Point","coordinates":[142.18336,-36.7176]}},{"type":"Feature","properties":{"name":"Schwarz Avenue","cls":6},"geometry":{"type":"Point","coordinates":[142.1857,-36.71566]}},{"type":"Feature","properties":{"name":"Buckley Street","cls":6},"geometry":{"type":"Point","coordinates":[142.18436,-36.71495]}},{"type":"Feature","properties":{"name":"Morson Street","cls":6},"geometry":{"type":"Point","coordinates":[142.18518,-36.71394]}},{"type":"Feature","properties":{"name":"Sloss Street","cls":6},"geometry":{"type":"Point","coordinates":[142.20154,-36.71969]}},{"type":"Feature","properties":{"name":"Olive Plantation Road","cls":5},"geometry":{"type":"Point","coordinates":[142.37039,-36.92541]}},{"type":"Feature","properties":{"name":"Harrops Track","cls":5},"geometry":{"type":"Point","coordinates":[142.26006,-37.25014]}},{"type":"Feature","properties":{"name":"Lodge Road","cls":5},"geometry":{"type":"Point","coordinates":[142.3281,-37.17247]}},{"type":"Feature","properties":{"name":"Lodge Road","cls":5},"geometry":{"type":"Point","coordinates":[142.38443,-37.1847]}},{"type":"Feature","properties":{"name":"Phillips Island Track","cls":5},"geometry":{"type":"Point","coordinates":[142.39901,-37.16325]}},{"type":"Feature","properties":{"name":"Matthew Track","cls":5},"geometry":{"type":"Point","coordinates":[142.30139,-37.1907]}},{"type":"Feature","properties":{"name":"Syphon Road","cls":5},"geometry":{"type":"Point","coordinates":[142.35673,-37.25511]}},{"type":"Feature","properties":{"name":"Red Rock Road","cls":5},"geometry":{"type":"Point","coordinates":[142.26617,-37.19251]}},{"type":"Feature","properties":{"name":"Hines Track","cls":5},"geometry":{"type":"Point","coordinates":[142.31474,-37.16523]}},{"type":"Feature","properties":{"name":"Rose Creek Road","cls":5},"geometry":{"type":"Point","coordinates":[142.3921,-37.14538]}},{"type":"Feature","properties":{"name":"William Lanes","cls":5},"geometry":{"type":"Point","coordinates":[142.629,-37.07901]}},{"type":"Feature","properties":{"name":"Ledcourt - Forest Road","cls":5},"geometry":{"type":"Point","coordinates":[142.55596,-37.00086]}},{"type":"Feature","properties":{"name":"Ledcourt - Forest Road","cls":5},"geometry":{"type":"Point","coordinates":[142.55239,-36.99849]}},{"type":"Feature","properties":{"name":"Ledcourt - Forest Road","cls":5},"geometry":{"type":"Point","coordinates":[142.55118,-36.99796]}},{"type":"Feature","properties":{"name":"Pickering Road","cls":5},"geometry":{"type":"Point","coordinates":[142.59394,-37.05905]}},{"type":"Feature","properties":{"name":"Mount Dryden Road","cls":4},"geometry":{"type":"Point","coordinates":[142.59578,-37.06366]}},{"type":"Feature","properties":{"name":"Mount Dryden Road","cls":4},"geometry":{"type":"Point","coordinates":[142.62146,-37.06398]}},{"type":"Feature","properties":{"name":"Howard Road","cls":5},"geometry":{"type":"Point","coordinates":[142.56842,-36.95425]}},{"type":"Feature","properties":{"name":"Ledcourt Road","cls":5},"geometry":{"type":"Point","coordinates":[142.55943,-36.94575]}},{"type":"Feature","properties":{"name":"Ledcourt Road","cls":5},"geometry":{"type":"Point","coordinates":[142.55946,-36.95734]}},{"type":"Feature","properties":{"name":"Asses Ears Road","cls":5},"geometry":{"type":"Point","coordinates":[142.32509,-37.08945]}},{"type":"Feature","properties":{"name":"Brimpaen Road","cls":5},"geometry":{"type":"Point","coordinates":[142.26289,-37.13428]}},{"type":"Feature","properties":{"name":"Brimpaen Road","cls":5},"geometry":{"type":"Point","coordinates":[142.26199,-37.13679]}},{"type":"Feature","properties":{"name":"Glenisla Crossing Road","cls":5},"geometry":{"type":"Point","coordinates":[142.24165,-37.16579]}},{"type":"Feature","properties":{"name":"Glenisia Road","cls":5},"geometry":{"type":"Point","coordinates":[142.23036,-37.18047]}},{"type":"Feature","properties":{"name":"Billywing Road","cls":5},"geometry":{"type":"Point","coordinates":[142.22068,-37.24433]}},{"type":"Feature","properties":{"name":"Jack Road","cls":5},"geometry":{"type":"Point","coordinates":[142.55362,-37.10622]}},{"type":"Feature","properties":{"name":"Red Gum Lease Track","cls":5},"geometry":{"type":"Point","coordinates":[142.5471,-37.10801]}},{"type":"Feature","properties":{"name":"Fyans Creek Road","cls":4},"geometry":{"type":"Point","coordinates":[142.55873,-37.10741]}},{"type":"Feature","properties":{"name":"Fyans Creek Road","cls":4},"geometry":{"type":"Point","coordinates":[142.55871,-37.11336]}},{"type":"Feature","properties":{"name":"Grampians Road","cls":3},"geometry":{"type":"Point","coordinates":[142.52103,-37.13319]}},{"type":"Feature","properties":{"name":"High Road","cls":6},"geometry":{"type":"Point","coordinates":[142.52425,-37.15498]}},{"type":"Feature","properties":{"name":"Scott Road","cls":6},"geometry":{"type":"Point","coordinates":[142.52686,-37.15673]}},{"type":"Feature","properties":{"name":"Royston Road","cls":6},"geometry":{"type":"Point","coordinates":[142.52718,-37.15521]}},{"type":"Feature","properties":{"name":"Wattletree Road","cls":6},"geometry":{"type":"Point","coordinates":[142.52745,-37.15708]}},{"type":"Feature","properties":{"name":"Pinnacle Road","cls":6},"geometry":{"type":"Point","coordinates":[142.52878,-37.15914]}},{"type":"Feature","properties":{"name":"Silversprings Road","cls":6},"geometry":{"type":"Point","coordinates":[142.52511,-37.15065]}},{"type":"Feature","properties":{"name":"Tandara Road","cls":6},"geometry":{"type":"Point","coordinates":[142.52728,-37.15069]}},{"type":"Feature","properties":{"name":"Royston Road","cls":6},"geometry":{"type":"Point","coordinates":[142.52474,-37.15152]}},{"type":"Feature","properties":{"name":"Young Road","cls":6},"geometry":{"type":"Point","coordinates":[142.52507,-37.15417]}},{"type":"Feature","properties":{"name":"Heath Street","cls":6},"geometry":{"type":"Point","coordinates":[142.52032,-37.13976]}},{"type":"Feature","properties":{"name":"Delley Road","cls":5},"geometry":{"type":"Point","coordinates":[142.52363,-37.12972]}},{"type":"Feature","properties":{"name":"Bundaleer Drive","cls":6},"geometry":{"type":"Point","coordinates":[142.52328,-37.12862]}},{"type":"Feature","properties":{"name":"Grampians Road","cls":3},"geometry":{"type":"Point","coordinates":[142.52227,-37.13001]}},{"type":"Feature","properties":{"name":"Tymna Drive","cls":5},"geometry":{"type":"Point","coordinates":[142.53992,-37.17305]}},{"type":"Feature","properties":{"name":"Sundial Avenue","cls":6},"geometry":{"type":"Point","coordinates":[142.53912,-37.17292]}},{"type":"Feature","properties":{"name":"Bellfield Crescent","cls":6},"geometry":{"type":"Point","coordinates":[142.53829,-37.17398]}},{"type":"Feature","properties":{"name":"Redman Road","cls":5},"geometry":{"type":"Point","coordinates":[142.6927,-37.26866]}},{"type":"Feature","properties":{"name":"Redman Road","cls":5},"geometry":{"type":"Point","coordinates":[142.62384,-37.24907]}},{"type":"Feature","properties":{"name":"Mitchell Road","cls":5},"geometry":{"type":"Point","coordinates":[142.62409,-37.28757]}},{"type":"Feature","properties":{"name":"Anderson Street","cls":6},"geometry":{"type":"Point","coordinates":[142.02585,-36.44884]}},{"type":"Feature","properties":{"name":"Normanby Street","cls":6},"geometry":{"type":"Point","coordinates":[142.03092,-36.44943]}},{"type":"Feature","properties":{"name":"William Street","cls":6},"geometry":{"type":"Point","coordinates":[142.04176,-36.45855]}},{"type":"Feature","properties":{"name":"Murtoa - Glenorchy Road","cls":3},"geometry":{"type":"Point","coordinates":[142.5775,-36.83375]}},{"type":"Feature","properties":{"name":"Western Highway","cls":1},"geometry":{"type":"Point","coordinates":[142.24572,-36.75891]}},{"type":"Feature","properties":{"name":"Horsham-Lubeck Road","cls":3},"geometry":{"type":"Point","coordinates":[142.28003,-36.72397]}},{"type":"Feature","properties":{"name":"Horsham-Lubeck Road","cls":3},"geometry":{"type":"Point","coordinates":[142.32107,-36.72542]}},{"type":"Feature","properties":{"name":"Williams Road","cls":3},"geometry":{"type":"Point","coordinates":[142.22286,-36.72518]}},{"type":"Feature","properties":{"name":"Horsham - Noradjuha Road","cls":3},"geometry":{"type":"Point","coordinates":[142.02409,-36.8116]}},{"type":"Feature","properties":{"name":"Natimuk - Hamilton Road","cls":3},"geometry":{"type":"Point","coordinates":[141.92998,-37.01445]}},{"type":"Feature","properties":{"name":"Coleraine - Balmoral Road","cls":3},"geometry":{"type":"Point","coordinates":[141.77962,-37.35649]}},{"type":"Feature","properties":{"name":"Nhill - Harrow Road","cls":3},"geometry":{"type":"Point","coordinates":[141.59757,-37.1218]}},{"type":"Feature","properties":{"name":"Wombelano Road","cls":3},"geometry":{"type":"Point","coordinates":[141.72428,-37.07103]}},{"type":"Feature","properties":{"name":"Harrow - Balmoral Road","cls":3},"geometry":{"type":"Point","coordinates":[141.63577,-37.23307]}},{"type":"Feature","properties":{"name":"Harrow - Balmoral Road","cls":3},"geometry":{"type":"Point","coordinates":[141.74139,-37.24279]}},{"type":"Feature","properties":{"name":"Harrow - Balmoral Road","cls":3},"geometry":{"type":"Point","coordinates":[141.63571,-37.23298]}},{"type":"Feature","properties":{"name":"Clematis Drive","cls":6},"geometry":{"type":"Point","coordinates":[142.53445,-37.12835]}},{"type":"Feature","properties":{"name":"Grampians Road","cls":3},"geometry":{"type":"Point","coordinates":[142.53206,-37.12958]}},{"type":"Feature","properties":{"name":"Fisher Street","cls":6},"geometry":{"type":"Point","coordinates":[142.11667,-36.58645]}},{"type":"Feature","properties":{"name":"Station Street","cls":6},"geometry":{"type":"Point","coordinates":[142.1191,-36.58728]}},{"type":"Feature","properties":{"name":"Dooen Slant Road","cls":5},"geometry":{"type":"Point","coordinates":[142.17693,-36.5749]}},{"type":"Feature","properties":{"name":"Dooen School Road","cls":5},"geometry":{"type":"Point","coordinates":[142.2465,-36.63859]}},{"type":"Feature","properties":{"name":"Dimboola North Road","cls":5},"geometry":{"type":"Point","coordinates":[142.09175,-36.41023]}},{"type":"Feature","properties":{"name":"Victoria Street","cls":6},"geometry":{"type":"Point","coordinates":[142.02712,-36.45221]}},{"type":"Feature","properties":{"name":"Western Highway","cls":1},"geometry":{"type":"Point","coordinates":[142.10993,-36.53188]}},{"type":"Feature","properties":{"name":"Coleraine-Edenhope Road","cls":3},"geometry":{"type":"Point","coordinates":[141.64148,-37.26053]}},{"type":"Feature","properties":{"name":"High Street North","cls":6},"geometry":{"type":"Point","coordinates":[142.18668,-36.70683]}},{"type":"Feature","properties":{"name":"Dimboola Road","cls":1},"geometry":{"type":"Point","coordinates":[142.19856,-36.71163]}},{"type":"Feature","properties":{"name":"Mooree-Culla Road","cls":5},"geometry":{"type":"Point","coordinates":[141.57098,-37.23476]}},{"type":"Feature","properties":{"name":"Portland Lane","cls":5},"geometry":{"type":"Point","coordinates":[141.5973,-37.26852]}},{"type":"Feature","properties":{"name":"Scholfield Road","cls":5},"geometry":{"type":"Point","coordinates":[141.60666,-37.25981]}},{"type":"Feature","properties":{"name":"Old Mill Road","cls":5},"geometry":{"type":"Point","coordinates":[142.41879,-37.10814]}},{"type":"Feature","properties":{"name":"Lodge Road","cls":5},"geometry":{"type":"Point","coordinates":[142.39182,-37.18507]}},{"type":"Feature","properties":{"name":"Bolton Street","cls":6},"geometry":{"type":"Point","coordinates":[142.20323,-36.72084]}},{"type":"Feature","properties":{"name":"Tydeman Street","cls":6},"geometry":{"type":"Point","coordinates":[142.18536,-36.72469]}},{"type":"Feature","properties":{"name":"Hoskin Court","cls":6},"geometry":{"type":"Point","coordinates":[142.17494,-36.7245]}},{"type":"Feature","properties":{"name":"Landy Street","cls":6},"geometry":{"type":"Point","coordinates":[142.19112,-36.72341]}},{"type":"Feature","properties":{"name":"Federation Avenue","cls":6},"geometry":{"type":"Point","coordinates":[142.18035,-36.72259]}},{"type":"Feature","properties":{"name":"Dawson Court","cls":6},"geometry":{"type":"Point","coordinates":[142.17661,-36.72526]}},{"type":"Feature","properties":{"name":"McDowell Court","cls":6},"geometry":{"type":"Point","coordinates":[142.17589,-36.72409]}},{"type":"Feature","properties":{"name":"Barnes Boulevard","cls":6},"geometry":{"type":"Point","coordinates":[142.17057,-36.7271]}},{"type":"Feature","properties":{"name":"Hartigan Court","cls":6},"geometry":{"type":"Point","coordinates":[142.17339,-36.72661]}},{"type":"Feature","properties":{"name":"Clark Street","cls":6},"geometry":{"type":"Point","coordinates":[142.20363,-36.72133]}},{"type":"Feature","properties":{"name":"Madden Street","cls":6},"geometry":{"type":"Point","coordinates":[142.19849,-36.71971]}},{"type":"Feature","properties":{"name":"Brooks Avenue","cls":6},"geometry":{"type":"Point","coordinates":[142.18989,-36.71774]}},{"type":"Feature","properties":{"name":"Windsor Crescent","cls":6},"geometry":{"type":"Point","coordinates":[142.17501,-36.72655]}},{"type":"Feature","properties":{"name":"Wotonga Drive","cls":6},"geometry":{"type":"Point","coordinates":[142.19395,-36.72275]}},{"type":"Feature","properties":{"name":"Mintern Crescent","cls":6},"geometry":{"type":"Point","coordinates":[142.17313,-36.72707]}},{"type":"Feature","properties":{"name":"Penny Avenue","cls":6},"geometry":{"type":"Point","coordinates":[142.17991,-36.72518]}},{"type":"Feature","properties":{"name":"Obrees Road","cls":4},"geometry":{"type":"Point","coordinates":[142.09005,-36.6973]}},{"type":"Feature","properties":{"name":"Brierwood Court","cls":6},"geometry":{"type":"Point","coordinates":[142.19443,-36.72222]}},{"type":"Feature","properties":{"name":"Fechler Avenue","cls":6},"geometry":{"type":"Point","coordinates":[142.18461,-36.72348]}},{"type":"Feature","properties":{"name":"Acacia Street","cls":6},"geometry":{"type":"Point","coordinates":[142.19074,-36.71864]}},{"type":"Feature","properties":{"name":"Wattle Street","cls":6},"geometry":{"type":"Point","coordinates":[142.19169,-36.72061]}},{"type":"Feature","properties":{"name":"Laurel Street","cls":6},"geometry":{"type":"Point","coordinates":[142.19009,-36.72199]}},{"type":"Feature","properties":{"name":"Curran Road","cls":5},"geometry":{"type":"Point","coordinates":[142.16882,-36.71135]}},{"type":"Feature","properties":{"name":"Valentine Avenue","cls":6},"geometry":{"type":"Point","coordinates":[142.18596,-36.72108]}},{"type":"Feature","properties":{"name":"Dollar Avenue","cls":6},"geometry":{"type":"Point","coordinates":[142.18031,-36.72384]}},{"type":"Feature","properties":{"name":"Harmer Court","cls":6},"geometry":{"type":"Point","coordinates":[142.17927,-36.72696]}},{"type":"Feature","properties":{"name":"Farrar Avenue","cls":6},"geometry":{"type":"Point","coordinates":[142.18172,-36.7252]}},{"type":"Feature","properties":{"name":"Rose Street","cls":6},"geometry":{"type":"Point","coordinates":[142.19141,-36.72113]}},{"type":"Feature","properties":{"name":"Hillary Street","cls":6},"geometry":{"type":"Point","coordinates":[142.18245,-36.72036]}},{"type":"Feature","properties":{"name":"Drummond Street","cls":6},"geometry":{"type":"Point","coordinates":[142.17803,-36.72279]}},{"type":"Feature","properties":{"name":"Iris Street","cls":6},"geometry":{"type":"Point","coordinates":[142.19047,-36.72181]}},{"type":"Feature","properties":{"name":"McIntyre Street","cls":6},"geometry":{"type":"Point","coordinates":[142.18184,-36.7156]}},{"type":"Feature","properties":{"name":"Tena Avenue","cls":6},"geometry":{"type":"Point","coordinates":[142.18425,-36.72218]}},{"type":"Feature","properties":{"name":"Jackson Street","cls":6},"geometry":{"type":"Point","coordinates":[142.18945,-36.72246]}},{"type":"Feature","properties":{"name":"Olympic Street","cls":6},"geometry":{"type":"Point","coordinates":[142.18841,-36.72255]}},{"type":"Feature","properties":{"name":"Selkirk Drive","cls":6},"geometry":{"type":"Point","coordinates":[142.19421,-36.72026]}},{"type":"Feature","properties":{"name":"Finlayson Court","cls":6},"geometry":{"type":"Point","coordinates":[142.1804,-36.72653]}},{"type":"Feature","properties":{"name":"Wilmoth Avenue","cls":6},"geometry":{"type":"Point","coordinates":[142.18661,-36.72046]}},{"type":"Feature","properties":{"name":"Kooyong Street","cls":6},"geometry":{"type":"Point","coordinates":[142.17916,-36.71965]}},{"type":"Feature","properties":{"name":"Kirwood Street","cls":6},"geometry":{"type":"Point","coordinates":[142.17963,-36.71796]}},{"type":"Feature","properties":{"name":"Mathoura Street","cls":6},"geometry":{"type":"Point","coordinates":[142.17859,-36.71951]}},{"type":"Feature","properties":{"name":"Rogers Street","cls":6},"geometry":{"type":"Point","coordinates":[142.18011,-36.71388]}},{"type":"Feature","properties":{"name":"Natimuk Road Service Lane","cls":6},"geometry":{"type":"Point","coordinates":[142.17717,-36.72214]}},{"type":"Feature","properties":{"name":"Derimal Street","cls":6},"geometry":{"type":"Point","coordinates":[142.1791,-36.72036]}},{"type":"Feature","properties":{"name":"Karingal Crescent","cls":6},"geometry":{"type":"Point","coordinates":[142.1804,-36.71446]}},{"type":"Feature","properties":{"name":"Millar Street","cls":6},"geometry":{"type":"Point","coordinates":[142.1945,-36.70845]}},{"type":"Feature","properties":{"name":"Olga Avenue","cls":6},"geometry":{"type":"Point","coordinates":[142.21311,-36.70986]}},{"type":"Feature","properties":{"name":"Lewis Street","cls":6},"geometry":{"type":"Point","coordinates":[142.21209,-36.70803]}},{"type":"Feature","properties":{"name":"Carroll Street","cls":6},"geometry":{"type":"Point","coordinates":[142.21254,-36.70731]}},{"type":"Feature","properties":{"name":"Tucker Street","cls":6},"geometry":{"type":"Point","coordinates":[142.21113,-36.70878]}},{"type":"Feature","properties":{"name":"Lawrence Street","cls":6},"geometry":{"type":"Point","coordinates":[142.21545,-36.70754]}},{"type":"Feature","properties":{"name":"Robinson Street","cls":6},"geometry":{"type":"Point","coordinates":[142.20737,-36.71669]}},{"type":"Feature","properties":{"name":"Carr Street","cls":6},"geometry":{"type":"Point","coordinates":[142.2136,-36.71362]}},{"type":"Feature","properties":{"name":"Sunnyside Avenue","cls":6},"geometry":{"type":"Point","coordinates":[142.2103,-36.70946]}},{"type":"Feature","properties":{"name":"Searle Street","cls":6},"geometry":{"type":"Point","coordinates":[142.20519,-36.70942]}},{"type":"Feature","properties":{"name":"Glancy Street","cls":6},"geometry":{"type":"Point","coordinates":[142.21262,-36.71364]}},{"type":"Feature","properties":{"name":"Knowles Street","cls":6},"geometry":{"type":"Point","coordinates":[142.21706,-36.70567]}},{"type":"Feature","properties":{"name":"Smith Street","cls":6},"geometry":{"type":"Point","coordinates":[142.20612,-36.71343]}},{"type":"Feature","properties":{"name":"Wettenhall Street","cls":6},"geometry":{"type":"Point","coordinates":[142.20999,-36.71431]}},{"type":"Feature","properties":{"name":"Johnson Street","cls":6},"geometry":{"type":"Point","coordinates":[142.21247,-36.70888]}},{"type":"Feature","properties":{"name":"Palk Street","cls":6},"geometry":{"type":"Point","coordinates":[142.20646,-36.70805]}},{"type":"Feature","properties":{"name":"Railway Avenue","cls":6},"geometry":{"type":"Point","coordinates":[142.19737,-36.70791]}},{"type":"Feature","properties":{"name":"Harriett Street","cls":6},"geometry":{"type":"Point","coordinates":[142.20519,-36.70868]}},{"type":"Feature","properties":{"name":"Philip Street","cls":6},"geometry":{"type":"Point","coordinates":[142.18317,-36.71799]}},{"type":"Feature","properties":{"name":"Caroline Street","cls":6},"geometry":{"type":"Point","coordinates":[142.20796,-36.70871]}},{"type":"Feature","properties":{"name":"Berry Court","cls":6},"geometry":{"type":"Point","coordinates":[142.18376,-36.71404]}},{"type":"Feature","properties":{"name":"Wawunna Road","cls":6},"geometry":{"type":"Point","coordinates":[142.1962,-36.70897]}},{"type":"Feature","properties":{"name":"Rennison Street","cls":6},"geometry":{"type":"Point","coordinates":[142.2143,-36.71258]}},{"type":"Feature","properties":{"name":"Charles Street","cls":6},"geometry":{"type":"Point","coordinates":[142.21195,-36.71121]}},{"type":"Feature","properties":{"name":"Read Street","cls":6},"geometry":{"type":"Point","coordinates":[142.21043,-36.71325]}},{"type":"Feature","properties":{"name":"Centenary Avenue","cls":6},"geometry":{"type":"Point","coordinates":[142.1886,-36.7191]}},{"type":"Feature","properties":{"name":"Bowen Street","cls":6},"geometry":{"type":"Point","coordinates":[142.20613,-36.71489]}},{"type":"Feature","properties":{"name":"Andrew Street","cls":6},"geometry":{"type":"Point","coordinates":[142.20035,-36.71065]}},{"type":"Feature","properties":{"name":"Arnott Street","cls":6},"geometry":{"type":"Point","coordinates":[142.20889,-36.71395]}},{"type":"Feature","properties":{"name":"Murray Street","cls":6},"geometry":{"type":"Point","coordinates":[142.18474,-36.70751]}},{"type":"Feature","properties":{"name":"Pioneer Court","cls":6},"geometry":{"type":"Point","coordinates":[142.19348,-36.70208]}},{"type":"Feature","properties":{"name":"Howard Street","cls":6},"geometry":{"type":"Point","coordinates":[142.20008,-36.70025]}},{"type":"Feature","properties":{"name":"Colin Street","cls":6},"geometry":{"type":"Point","coordinates":[142.18534,-36.70754]}},{"type":"Feature","properties":{"name":"Matthews Court","cls":6},"geometry":{"type":"Point","coordinates":[142.18822,-36.70409]}},{"type":"Feature","properties":{"name":"Cameron Road North","cls":6},"geometry":{"type":"Point","coordinates":[142.22339,-36.7007]}},{"type":"Feature","properties":{"name":"Alexander Avenue","cls":6},"geometry":{"type":"Point","coordinates":[142.19891,-36.70081]}},{"type":"Feature","properties":{"name":"Cecil Street","cls":6},"geometry":{"type":"Point","coordinates":[142.1908,-36.70461]}},{"type":"Feature","properties":{"name":"Peppertree Lane","cls":6},"geometry":{"type":"Point","coordinates":[142.21825,-36.70742]}},{"type":"Feature","properties":{"name":"Paterson Street","cls":6},"geometry":{"type":"Point","coordinates":[142.19708,-36.69931]}},{"type":"Feature","properties":{"name":"Frederick Street","cls":6},"geometry":{"type":"Point","coordinates":[142.19488,-36.70362]}},{"type":"Feature","properties":{"name":"Albert Street","cls":6},"geometry":{"type":"Point","coordinates":[142.20509,-36.70597]}},{"type":"Feature","properties":{"name":"Francis Street","cls":6},"geometry":{"type":"Point","coordinates":[142.1977,-36.70235]}},{"type":"Feature","properties":{"name":"Riley Road","cls":4},"geometry":{"type":"Point","coordinates":[142.19262,-36.69701]}},{"type":"Feature","properties":{"name":"Rasmussen Road","cls":4},"geometry":{"type":"Point","coordinates":[142.203,-36.69696]}},{"type":"Feature","properties":{"name":"Jenkinson Avenue","cls":6},"geometry":{"type":"Point","coordinates":[142.18422,-36.70732]}},{"type":"Feature","properties":{"name":"Gatehouse Road","cls":5},"geometry":{"type":"Point","coordinates":[142.18533,-36.68243]}},{"type":"Feature","properties":{"name":"Moores Road","cls":5},"geometry":{"type":"Point","coordinates":[142.16252,-36.67286]}},{"type":"Feature","properties":{"name":"Aerodrome Road","cls":5},"geometry":{"type":"Point","coordinates":[142.20705,-36.66779]}},{"type":"Feature","properties":{"name":"Sanderson Street","cls":6},"geometry":{"type":"Point","coordinates":[142.20746,-36.72501]}},{"type":"Feature","properties":{"name":"Derry Parade","cls":6},"geometry":{"type":"Point","coordinates":[142.2056,-36.73293]}},{"type":"Feature","properties":{"name":"Golf Course Road","cls":4},"geometry":{"type":"Point","coordinates":[142.20506,-36.73362]}},{"type":"Feature","properties":{"name":"Citrus Avenue","cls":6},"geometry":{"type":"Point","coordinates":[142.2069,-36.73201]}},{"type":"Feature","properties":{"name":"Carmichaels Road","cls":5},"geometry":{"type":"Point","coordinates":[142.12028,-36.77293]}},{"type":"Feature","properties":{"name":"Gleed Street","cls":6},"geometry":{"type":"Point","coordinates":[142.19558,-36.71373]}},{"type":"Feature","properties":{"name":"Birch Avenue","cls":6},"geometry":{"type":"Point","coordinates":[142.1927,-36.71076]}},{"type":"Feature","properties":{"name":"Oak Court","cls":6},"geometry":{"type":"Point","coordinates":[142.19243,-36.71047]}},{"type":"Feature","properties":{"name":"James Street","cls":6},"geometry":{"type":"Point","coordinates":[142.18954,-36.71042]}},{"type":"Feature","properties":{"name":"Begg Street","cls":6},"geometry":{"type":"Point","coordinates":[142.19092,-36.7102]}},{"type":"Feature","properties":{"name":"Wallis Street","cls":6},"geometry":{"type":"Point","coordinates":[142.19568,-36.71272]}},{"type":"Feature","properties":{"name":"Hughes Street","cls":6},"geometry":{"type":"Point","coordinates":[142.20898,-36.72486]}},{"type":"Feature","properties":{"name":"Stockton Drive","cls":6},"geometry":{"type":"Point","coordinates":[142.21706,-36.72305]}},{"type":"Feature","properties":{"name":"Barton Drive","cls":6},"geometry":{"type":"Point","coordinates":[142.21046,-36.72458]}},{"type":"Feature","properties":{"name":"Young Street","cls":6},"geometry":{"type":"Point","coordinates":[142.20854,-36.72719]}},{"type":"Feature","properties":{"name":"West Road","cls":5},"geometry":{"type":"Point","coordinates":[142.26716,-36.73123]}},{"type":"Feature","properties":{"name":"Peels Road","cls":6},"geometry":{"type":"Point","coordinates":[142.24338,-36.6981]}},{"type":"Feature","properties":{"name":"Colla Court","cls":6},"geometry":{"type":"Point","coordinates":[142.20794,-36.72806]}},{"type":"Feature","properties":{"name":"Riverside Road","cls":4},"geometry":{"type":"Point","coordinates":[142.23726,-36.70044]}},{"type":"Feature","properties":{"name":"Latus Drive","cls":6},"geometry":{"type":"Point","coordinates":[142.21771,-36.72334]}},{"type":"Feature","properties":{"name":"O'Donnell Court","cls":6},"geometry":{"type":"Point","coordinates":[142.21821,-36.72367]}},{"type":"Feature","properties":{"name":"Rogersons Road","cls":6},"geometry":{"type":"Point","coordinates":[142.24223,-36.70375]}},{"type":"Feature","properties":{"name":"Coutts Street","cls":6},"geometry":{"type":"Point","coordinates":[142.20949,-36.72405]}},{"type":"Feature","properties":{"name":"Vella Street","cls":6},"geometry":{"type":"Point","coordinates":[142.20741,-36.72846]}},{"type":"Feature","properties":{"name":"Vine Avenue","cls":6},"geometry":{"type":"Point","coordinates":[142.21022,-36.72666]}},{"type":"Feature","properties":{"name":"Deakin Court","cls":6},"geometry":{"type":"Point","coordinates":[142.21332,-36.72409]}},{"type":"Feature","properties":{"name":"Walnut Avenue","cls":6},"geometry":{"type":"Point","coordinates":[142.21387,-36.72959]}},{"type":"Feature","properties":{"name":"Stapylton Court","cls":6},"geometry":{"type":"Point","coordinates":[142.19843,-36.72587]}},{"type":"Feature","properties":{"name":"Kenny Road","cls":5},"geometry":{"type":"Point","coordinates":[142.19877,-36.74087]}},{"type":"Feature","properties":{"name":"King Drive","cls":5},"geometry":{"type":"Point","coordinates":[142.1948,-36.73562]}},{"type":"Feature","properties":{"name":"Burnett Street","cls":6},"geometry":{"type":"Point","coordinates":[142.19809,-36.72672]}},{"type":"Feature","properties":{"name":"Ballard Street","cls":6},"geometry":{"type":"Point","coordinates":[142.19553,-36.7281]}},{"type":"Feature","properties":{"name":"Burnt Creek Drive","cls":5},"geometry":{"type":"Point","coordinates":[142.24187,-36.76112]}},{"type":"Feature","properties":{"name":"Atkins Court","cls":6},"geometry":{"type":"Point","coordinates":[142.19759,-36.72819]}},{"type":"Feature","properties":{"name":"Burnlea Drive","cls":6},"geometry":{"type":"Point","coordinates":[142.20742,-36.73107]}},{"type":"Feature","properties":{"name":"Osborne Road","cls":6},"geometry":{"type":"Point","coordinates":[142.21906,-36.7408]}},{"type":"Feature","properties":{"name":"Withell Street","cls":6},"geometry":{"type":"Point","coordinates":[142.20092,-36.72533]}},{"type":"Feature","properties":{"name":"Weldon Power Court","cls":6},"geometry":{"type":"Point","coordinates":[142.22035,-36.72823]}},{"type":"Feature","properties":{"name":"Holes Road","cls":6},"geometry":{"type":"Point","coordinates":[142.22717,-36.75305]}},{"type":"Feature","properties":{"name":"Duff Street","cls":6},"geometry":{"type":"Point","coordinates":[142.20493,-36.72607]}},{"type":"Feature","properties":{"name":"Mayfield Court","cls":6},"geometry":{"type":"Point","coordinates":[142.20808,-36.72983]}},{"type":"Feature","properties":{"name":"Tobruk Street","cls":6},"geometry":{"type":"Point","coordinates":[142.208,-36.73159]}},{"type":"Feature","properties":{"name":"Kenny Road","cls":6},"geometry":{"type":"Point","coordinates":[142.17743,-36.74107]}},{"type":"Feature","properties":{"name":"Shiralee Crescent","cls":6},"geometry":{"type":"Point","coordinates":[142.20746,-36.73041]}},{"type":"Feature","properties":{"name":"Tuson Court","cls":6},"geometry":{"type":"Point","coordinates":[142.20899,-36.72765]}},{"type":"Feature","properties":{"name":"River Road","cls":6},"geometry":{"type":"Point","coordinates":[142.20248,-36.72812]}},{"type":"Feature","properties":{"name":"Agnew Court","cls":6},"geometry":{"type":"Point","coordinates":[142.19947,-36.72537]}},{"type":"Feature","properties":{"name":"Heslop Court","cls":6},"geometry":{"type":"Point","coordinates":[142.20963,-36.72892]}},{"type":"Feature","properties":{"name":"Trento Avenue","cls":6},"geometry":{"type":"Point","coordinates":[142.20376,-36.72782]}},{"type":"Feature","properties":{"name":"Gregory Court","cls":6},"geometry":{"type":"Point","coordinates":[142.19847,-36.75128]}},{"type":"Feature","properties":{"name":"Hunts Road","cls":6},"geometry":{"type":"Point","coordinates":[142.20094,-36.7528]}},{"type":"Feature","properties":{"name":"Bradshaw Street","cls":6},"geometry":{"type":"Point","coordinates":[142.20355,-36.72516]}},{"type":"Feature","properties":{"name":"Major Mitchell Drive","cls":6},"geometry":{"type":"Point","coordinates":[142.19398,-36.72761]}},{"type":"Feature","properties":{"name":"Kokoda Drive","cls":6},"geometry":{"type":"Point","coordinates":[142.21366,-36.7479]}},{"type":"Feature","properties":{"name":"Plumpton Road","cls":5},"geometry":{"type":"Point","coordinates":[142.20385,-36.73351]}},{"type":"Feature","properties":{"name":"Grahams Bridge Road","cls":5},"geometry":{"type":"Point","coordinates":[142.21245,-36.74693]}},{"type":"Feature","properties":{"name":"Simpson Court","cls":6},"geometry":{"type":"Point","coordinates":[142.19721,-36.72844]}},{"type":"Feature","properties":{"name":"Ballinger Street","cls":5},"geometry":{"type":"Point","coordinates":[142.1873,-36.73431]}},{"type":"Feature","properties":{"name":"Major Mitchell Drive","cls":6},"geometry":{"type":"Point","coordinates":[142.20286,-36.72404]}},{"type":"Feature","properties":{"name":"Turnbull Drive","cls":5},"geometry":{"type":"Point","coordinates":[142.19509,-36.73953]}},{"type":"Feature","properties":{"name":"Soldiers Avenue","cls":6},"geometry":{"type":"Point","coordinates":[142.47314,-36.61751]}},{"type":"Feature","properties":{"name":"McDonald Street","cls":6},"geometry":{"type":"Point","coordinates":[142.47053,-36.61679]}},{"type":"Feature","properties":{"name":"Marma Street","cls":6},"geometry":{"type":"Point","coordinates":[142.45962,-36.62018]}},{"type":"Feature","properties":{"name":"Duncan Street","cls":6},"geometry":{"type":"Point","coordinates":[142.46801,-36.61679]}},{"type":"Feature","properties":{"name":"Hamilton Street","cls":6},"geometry":{"type":"Point","coordinates":[142.47181,-36.61872]}},{"type":"Feature","properties":{"name":"Degenhardt Street","cls":6},"geometry":{"type":"Point","coordinates":[142.4694,-36.61619]}},{"type":"Feature","properties":{"name":"Gulbin Road","cls":6},"geometry":{"type":"Point","coordinates":[142.45807,-36.6232]}},{"type":"Feature","properties":{"name":"Miller Street","cls":6},"geometry":{"type":"Point","coordinates":[142.47321,-36.61931]}},{"type":"Feature","properties":{"name":"Lloyd Street","cls":6},"geometry":{"type":"Point","coordinates":[142.46902,-36.62367]}},{"type":"Feature","properties":{"name":"Hatchett Street","cls":6},"geometry":{"type":"Point","coordinates":[142.46288,-36.61669]}},{"type":"Feature","properties":{"name":"Hill Crest Road","cls":5},"geometry":{"type":"Point","coordinates":[142.4353,-36.63139]}},{"type":"Feature","properties":{"name":"Comyn Street","cls":6},"geometry":{"type":"Point","coordinates":[142.46898,-36.61505]}},{"type":"Feature","properties":{"name":"Thomas Road","cls":6},"geometry":{"type":"Point","coordinates":[142.47172,-36.61416]}},{"type":"Feature","properties":{"name":"Cromie Street","cls":6},"geometry":{"type":"Point","coordinates":[142.46944,-36.61869]}},{"type":"Feature","properties":{"name":"McClintock Street","cls":6},"geometry":{"type":"Point","coordinates":[142.46141,-36.61981]}},{"type":"Feature","properties":{"name":"Breen Street","cls":6},"geometry":{"type":"Point","coordinates":[142.4621,-36.61843]}},{"type":"Feature","properties":{"name":"Munro Street","cls":6},"geometry":{"type":"Point","coordinates":[142.47027,-36.62232]}},{"type":"Feature","properties":{"name":"Friend Street","cls":6},"geometry":{"type":"Point","coordinates":[142.46785,-36.62431]}},{"type":"Feature","properties":{"name":"Degenhardt Street","cls":6},"geometry":{"type":"Point","coordinates":[142.46086,-36.61642]}},{"type":"Feature","properties":{"name":"Church Street","cls":6},"geometry":{"type":"Point","coordinates":[142.35886,-36.6073]}},{"type":"Feature","properties":{"name":"Main Street","cls":6},"geometry":{"type":"Point","coordinates":[142.35886,-36.60782]}},{"type":"Feature","properties":{"name":"Taylors Road","cls":5},"geometry":{"type":"Point","coordinates":[142.30364,-36.7947]}},{"type":"Feature","properties":{"name":"Laharum Road","cls":3},"geometry":{"type":"Point","coordinates":[142.2745,-36.87688]}},{"type":"Feature","properties":{"name":"Kalkee Road","cls":3},"geometry":{"type":"Point","coordinates":[142.20214,-36.70737]}},{"type":"Feature","properties":{"name":"Kalkee Road","cls":3},"geometry":{"type":"Point","coordinates":[142.20225,-36.70737]}},{"type":"Feature","properties":{"name":"Urquhart Street","cls":3},"geometry":{"type":"Point","coordinates":[142.20227,-36.70776]}},{"type":"Feature","properties":{"name":"Urquhart Street","cls":3},"geometry":{"type":"Point","coordinates":[142.20236,-36.70822]}},{"type":"Feature","properties":{"name":"Urquhart Street","cls":3},"geometry":{"type":"Point","coordinates":[142.20226,-36.70821]}},{"type":"Feature","properties":{"name":"Railway Avenue","cls":6},"geometry":{"type":"Point","coordinates":[142.20171,-36.7079]}},{"type":"Feature","properties":{"name":"Urquhart Street","cls":3},"geometry":{"type":"Point","coordinates":[142.20236,-36.70777]}},{"type":"Feature","properties":{"name":"Mill Street","cls":6},"geometry":{"type":"Point","coordinates":[142.2012,-36.70677]}},{"type":"Feature","properties":{"name":"Kalkee Road","cls":3},"geometry":{"type":"Point","coordinates":[142.20189,-36.70687]}},{"type":"Feature","properties":{"name":"Mill Street","cls":6},"geometry":{"type":"Point","coordinates":[142.20084,-36.70642]}},{"type":"Feature","properties":{"name":"Mill Street","cls":6},"geometry":{"type":"Point","coordinates":[142.20087,-36.70653]}},{"type":"Feature","properties":{"name":"Urquhart Street","cls":3},"geometry":{"type":"Point","coordinates":[142.20236,-36.70863]}},{"type":"Feature","properties":{"name":"Kalkee Road","cls":3},"geometry":{"type":"Point","coordinates":[142.20091,-36.70501]}},{"type":"Feature","properties":{"name":"Mill Street","cls":6},"geometry":{"type":"Point","coordinates":[142.20345,-36.70659]}},{"type":"Feature","properties":{"name":"Lynott Street","cls":6},"geometry":{"type":"Point","coordinates":[142.20302,-36.70533]}},{"type":"Feature","properties":{"name":"Kalkee Road","cls":3},"geometry":{"type":"Point","coordinates":[142.20099,-36.70588]}},{"type":"Feature","properties":{"name":"John Street","cls":6},"geometry":{"type":"Point","coordinates":[142.20037,-36.70875]}},{"type":"Feature","properties":{"name":"Bowden Street","cls":6},"geometry":{"type":"Point","coordinates":[142.2036,-36.71057]}},{"type":"Feature","properties":{"name":"Henry Street","cls":6},"geometry":{"type":"Point","coordinates":[142.19923,-36.70956]}},{"type":"Feature","properties":{"name":"Stawell Road","cls":1},"geometry":{"type":"Point","coordinates":[142.20487,-36.72406]}},{"type":"Feature","properties":{"name":"O'Callaghans Parade","cls":4},"geometry":{"type":"Point","coordinates":[142.2041,-36.72232]}},{"type":"Feature","properties":{"name":"O'Callaghans Parade","cls":4},"geometry":{"type":"Point","coordinates":[142.20424,-36.72245]}},{"type":"Feature","properties":{"name":"O'Callaghans Parade","cls":4},"geometry":{"type":"Point","coordinates":[142.2039,-36.72214]}},{"type":"Feature","properties":{"name":"Hocking Street","cls":4},"geometry":{"type":"Point","coordinates":[142.20364,-36.72191]}},{"type":"Feature","properties":{"name":"McPherson Street","cls":1},"geometry":{"type":"Point","coordinates":[142.20507,-36.72268]}},{"type":"Feature","properties":{"name":"OCallaghans Parade","cls":4},"geometry":{"type":"Point","coordinates":[142.20113,-36.71969]}},{"type":"Feature","properties":{"name":"Clark Street","cls":4},"geometry":{"type":"Point","coordinates":[142.20356,-36.72184]}},{"type":"Feature","properties":{"name":"Urquhart Street","cls":4},"geometry":{"type":"Point","coordinates":[142.20228,-36.72075]}},{"type":"Feature","properties":{"name":"Urquhart Street","cls":4},"geometry":{"type":"Point","coordinates":[142.20239,-36.71722]}},{"type":"Feature","properties":{"name":"Urquhart Street","cls":4},"geometry":{"type":"Point","coordinates":[142.20228,-36.72018]}},{"type":"Feature","properties":{"name":"Bolton Street","cls":6},"geometry":{"type":"Point","coordinates":[142.20273,-36.72091]}},{"type":"Feature","properties":{"name":"Urquhart Street","cls":4},"geometry":{"type":"Point","coordinates":[142.20224,-36.72072]}},{"type":"Feature","properties":{"name":"Bolton Street","cls":6},"geometry":{"type":"Point","coordinates":[142.20264,-36.72083]}},{"type":"Feature","properties":{"name":"Baker Street","cls":6},"geometry":{"type":"Point","coordinates":[142.19955,-36.72054]}},{"type":"Feature","properties":{"name":"Stawell Road","cls":1},"geometry":{"type":"Point","coordinates":[142.20481,-36.7234]}},{"type":"Feature","properties":{"name":"Stawell Road","cls":1},"geometry":{"type":"Point","coordinates":[142.20509,-36.72396]}},{"type":"Feature","properties":{"name":"Williams Road","cls":1},"geometry":{"type":"Point","coordinates":[142.20511,-36.72607]}},{"type":"Feature","properties":{"name":"Harders Street","cls":6},"geometry":{"type":"Point","coordinates":[142.20512,-36.73004]}},{"type":"Feature","properties":{"name":"Stawell Road Service Road","cls":6},"geometry":{"type":"Point","coordinates":[142.20498,-36.72704]}},{"type":"Feature","properties":{"name":"Harders Street","cls":6},"geometry":{"type":"Point","coordinates":[142.20541,-36.73004]}},{"type":"Feature","properties":{"name":"Stawell Road","cls":1},"geometry":{"type":"Point","coordinates":[142.20531,-36.72903]}},{"type":"Feature","properties":{"name":"Stawell Road Service Road","cls":6},"geometry":{"type":"Point","coordinates":[142.20497,-36.72688]}},{"type":"Feature","properties":{"name":"Stawell Road","cls":1},"geometry":{"type":"Point","coordinates":[142.20508,-36.72793]}},{"type":"Feature","properties":{"name":"Stawell Road Service Road","cls":5},"geometry":{"type":"Point","coordinates":[142.20522,-36.73229]}},{"type":"Feature","properties":{"name":"Stawell Road Service Road","cls":6},"geometry":{"type":"Point","coordinates":[142.20526,-36.73269]}},{"type":"Feature","properties":{"name":"Hamilton Road","cls":1},"geometry":{"type":"Point","coordinates":[142.20567,-36.73444]}},{"type":"Feature","properties":{"name":"Derry Parade","cls":6},"geometry":{"type":"Point","coordinates":[142.20633,-36.73298]}},{"type":"Feature","properties":{"name":"Stawell Road","cls":1},"geometry":{"type":"Point","coordinates":[142.20574,-36.7337]}},{"type":"Feature","properties":{"name":"Hamilton Road","cls":1},"geometry":{"type":"Point","coordinates":[142.20574,-36.73431]}},{"type":"Feature","properties":{"name":"Hamilton Road","cls":1},"geometry":{"type":"Point","coordinates":[142.20604,-36.73395]}},{"type":"Feature","properties":{"name":"Hamilton Road","cls":1},"geometry":{"type":"Point","coordinates":[142.20547,-36.73821]}},{"type":"Feature","properties":{"name":"Stawell Road","cls":1},"geometry":{"type":"Point","coordinates":[142.20935,-36.73661]}},{"type":"Feature","properties":{"name":"Golf Course Road","cls":4},"geometry":{"type":"Point","coordinates":[142.20533,-36.73354]}},{"type":"Feature","properties":{"name":"Golf Course Road","cls":4},"geometry":{"type":"Point","coordinates":[142.20534,-36.73356]}},{"type":"Feature","properties":{"name":"Hamilton Road","cls":1},"geometry":{"type":"Point","coordinates":[142.20599,-36.73391]}},{"type":"Feature","properties":{"name":"Old Hamilton Road","cls":5},"geometry":{"type":"Point","coordinates":[142.20511,-36.7776]}},{"type":"Feature","properties":{"name":"Old Hamilton Road","cls":5},"geometry":{"type":"Point","coordinates":[142.20507,-36.78559]}},{"type":"Feature","properties":{"name":"Old Hamilton Road","cls":5},"geometry":{"type":"Point","coordinates":[142.20556,-36.73828]}},{"type":"Feature","properties":{"name":"Clynes Road","cls":5},"geometry":{"type":"Point","coordinates":[142.20523,-36.78212]}},{"type":"Feature","properties":{"name":"Old Hamilton Road","cls":5},"geometry":{"type":"Point","coordinates":[142.19011,-36.80186]}},{"type":"Feature","properties":{"name":"Wilson Street","cls":2},"geometry":{"type":"Point","coordinates":[142.20463,-36.71659]}},{"type":"Feature","properties":{"name":"Hamilton Street","cls":6},"geometry":{"type":"Point","coordinates":[142.20616,-36.7178]}},{"type":"Feature","properties":{"name":"Mitchell Street","cls":6},"geometry":{"type":"Point","coordinates":[141.94577,-36.73889]}},{"type":"Feature","properties":{"name":"Regent Street","cls":6},"geometry":{"type":"Point","coordinates":[141.94793,-36.74043]}},{"type":"Feature","properties":{"name":"Mitchell Street","cls":6},"geometry":{"type":"Point","coordinates":[141.94697,-36.74022]}},{"type":"Feature","properties":{"name":"Sisson Street","cls":6},"geometry":{"type":"Point","coordinates":[141.93952,-36.74352]}},{"type":"Feature","properties":{"name":"Schurmann Street","cls":6},"geometry":{"type":"Point","coordinates":[141.93742,-36.74464]}},{"type":"Feature","properties":{"name":"Main Street","cls":6},"geometry":{"type":"Point","coordinates":[141.93861,-36.74298]}},{"type":"Feature","properties":{"name":"Keytes Road","cls":5},"geometry":{"type":"Point","coordinates":[141.93676,-36.78149]}},{"type":"Feature","properties":{"name":"Cooack Road","cls":4},"geometry":{"type":"Point","coordinates":[141.88893,-36.63487]}},{"type":"Feature","properties":{"name":"Main Street","cls":6},"geometry":{"type":"Point","coordinates":[141.9477,-36.73888]}},{"type":"Feature","properties":{"name":"Sudholz Street","cls":6},"geometry":{"type":"Point","coordinates":[141.93661,-36.74279]}},{"type":"Feature","properties":{"name":"Jory Street","cls":6},"geometry":{"type":"Point","coordinates":[141.9448,-36.74174]}},{"type":"Feature","properties":{"name":"Lake Avenue","cls":5},"geometry":{"type":"Point","coordinates":[141.94285,-36.73656]}},{"type":"Feature","properties":{"name":"Berry Lane","cls":5},"geometry":{"type":"Point","coordinates":[141.95262,-36.72841]}},{"type":"Feature","properties":{"name":"Lake Avenue","cls":6},"geometry":{"type":"Point","coordinates":[141.9427,-36.74076]}},{"type":"Feature","properties":{"name":"Lake Avenue","cls":6},"geometry":{"type":"Point","coordinates":[141.94252,-36.74056]}},{"type":"Feature","properties":{"name":"Wyn Wyn Road","cls":5},"geometry":{"type":"Point","coordinates":[141.91585,-36.68834]}},{"type":"Feature","properties":{"name":"Berry Lane","cls":5},"geometry":{"type":"Point","coordinates":[141.95281,-36.72752]}},{"type":"Feature","properties":{"name":"Lake Avenue","cls":6},"geometry":{"type":"Point","coordinates":[141.94301,-36.74107]}},{"type":"Feature","properties":{"name":"Lake Avenue","cls":5},"geometry":{"type":"Point","coordinates":[141.94549,-36.7237]}},{"type":"Feature","properties":{"name":"Berry Lane","cls":5},"geometry":{"type":"Point","coordinates":[141.93702,-36.72724]}},{"type":"Feature","properties":{"name":"Meyers Lane","cls":5},"geometry":{"type":"Point","coordinates":[141.93795,-36.67769]}},{"type":"Feature","properties":{"name":"Berry Lane","cls":5},"geometry":{"type":"Point","coordinates":[141.95283,-36.72768]}},{"type":"Feature","properties":{"name":"Baillie Street","cls":2},"geometry":{"type":"Point","coordinates":[142.20554,-36.71157]}},{"type":"Feature","properties":{"name":"Baillie Street","cls":4},"geometry":{"type":"Point","coordinates":[142.20632,-36.7117]}},{"type":"Feature","properties":{"name":"George Street","cls":6},"geometry":{"type":"Point","coordinates":[142.21032,-36.7107]}},{"type":"Feature","properties":{"name":"George Street","cls":6},"geometry":{"type":"Point","coordinates":[142.20682,-36.71155]}},{"type":"Feature","properties":{"name":"Cathcart Street","cls":6},"geometry":{"type":"Point","coordinates":[142.21207,-36.7103]}},{"type":"Feature","properties":{"name":"Percy Street","cls":6},"geometry":{"type":"Point","coordinates":[142.2099,-36.71118]}},{"type":"Feature","properties":{"name":"Johnson Street","cls":6},"geometry":{"type":"Point","coordinates":[142.21116,-36.70877]}},{"type":"Feature","properties":{"name":"George Street","cls":6},"geometry":{"type":"Point","coordinates":[142.20687,-36.71155]}},{"type":"Feature","properties":{"name":"Urquhart Street","cls":4},"geometry":{"type":"Point","coordinates":[142.20224,-36.71367]}},{"type":"Feature","properties":{"name":"Urquhart Street","cls":4},"geometry":{"type":"Point","coordinates":[142.20238,-36.71485]}},{"type":"Feature","properties":{"name":"Roberts Avenue","cls":6},"geometry":{"type":"Point","coordinates":[142.2039,-36.71425]}},{"type":"Feature","properties":{"name":"Roberts Avenue","cls":6},"geometry":{"type":"Point","coordinates":[142.20192,-36.71429]}},{"type":"Feature","properties":{"name":"Roberts Avenue","cls":6},"geometry":{"type":"Point","coordinates":[142.20266,-36.71429]}},{"type":"Feature","properties":{"name":"McLachlan Street","cls":6},"geometry":{"type":"Point","coordinates":[142.20356,-36.71303]}},{"type":"Feature","properties":{"name":"Urquhart Street","cls":4},"geometry":{"type":"Point","coordinates":[142.20236,-36.7124]}},{"type":"Feature","properties":{"name":"Roberts Avenue","cls":6},"geometry":{"type":"Point","coordinates":[142.20191,-36.71422]}},{"type":"Feature","properties":{"name":"McLachlan Street","cls":6},"geometry":{"type":"Point","coordinates":[142.20357,-36.71311]}},{"type":"Feature","properties":{"name":"McLachlan Street","cls":6},"geometry":{"type":"Point","coordinates":[142.20481,-36.71305]}},{"type":"Feature","properties":{"name":"Urquhart Street","cls":4},"geometry":{"type":"Point","coordinates":[142.20222,-36.7124]}},{"type":"Feature","properties":{"name":"McLachlan Street","cls":6},"geometry":{"type":"Point","coordinates":[142.20099,-36.71302]}},{"type":"Feature","properties":{"name":"Roberts Avenue","cls":6},"geometry":{"type":"Point","coordinates":[142.20267,-36.71423]}},{"type":"Feature","properties":{"name":"Urquhart Street","cls":4},"geometry":{"type":"Point","coordinates":[142.20239,-36.71368]}},{"type":"Feature","properties":{"name":"McLachlan Street","cls":6},"geometry":{"type":"Point","coordinates":[142.20099,-36.71315]}},{"type":"Feature","properties":{"name":"Urquhart Street","cls":4},"geometry":{"type":"Point","coordinates":[142.20225,-36.71485]}},{"type":"Feature","properties":{"name":"Urquhart Street","cls":4},"geometry":{"type":"Point","coordinates":[142.20239,-36.71604]}},{"type":"Feature","properties":{"name":"Urquhart Street","cls":4},"geometry":{"type":"Point","coordinates":[142.20225,-36.71603]}},{"type":"Feature","properties":{"name":"Williams Road","cls":3},"geometry":{"type":"Point","coordinates":[142.21564,-36.72617]}},{"type":"Feature","properties":{"name":"Pynsent Street","cls":6},"geometry":{"type":"Point","coordinates":[142.20384,-36.71543]}},{"type":"Feature","properties":{"name":"Hamilton Street","cls":6},"geometry":{"type":"Point","coordinates":[142.19837,-36.71784]}},{"type":"Feature","properties":{"name":"Pynsent Street","cls":6},"geometry":{"type":"Point","coordinates":[142.20207,-36.7154]}},{"type":"Feature","properties":{"name":"Williams Road","cls":3},"geometry":{"type":"Point","coordinates":[142.21857,-36.72621]}},{"type":"Feature","properties":{"name":"Pynsent Street","cls":6},"geometry":{"type":"Point","coordinates":[142.20259,-36.71541]}},{"type":"Feature","properties":{"name":"Pynsent Street","cls":6},"geometry":{"type":"Point","coordinates":[142.20207,-36.71548]}},{"type":"Feature","properties":{"name":"Williams Road","cls":3},"geometry":{"type":"Point","coordinates":[142.21743,-36.72619]}},{"type":"Feature","properties":{"name":"Pynsent Street","cls":6},"geometry":{"type":"Point","coordinates":[142.20259,-36.71548]}},{"type":"Feature","properties":{"name":"Williams Road","cls":3},"geometry":{"type":"Point","coordinates":[142.21626,-36.72617]}},{"type":"Feature","properties":{"name":"Firebrace Street","cls":4},"geometry":{"type":"Point","coordinates":[142.19967,-36.71483]}},{"type":"Feature","properties":{"name":"Wilson Street","cls":2},"geometry":{"type":"Point","coordinates":[142.20115,-36.71663]}},{"type":"Feature","properties":{"name":"Wilson Street","cls":2},"geometry":{"type":"Point","coordinates":[142.1996,-36.71661]}},{"type":"Feature","properties":{"name":"Firebrace Street","cls":4},"geometry":{"type":"Point","coordinates":[142.19963,-36.71242]}},{"type":"Feature","properties":{"name":"Hamilton Street","cls":6},"geometry":{"type":"Point","coordinates":[142.19836,-36.7177]}},{"type":"Feature","properties":{"name":"Firebrace Street","cls":4},"geometry":{"type":"Point","coordinates":[142.19966,-36.71717]}},{"type":"Feature","properties":{"name":"Wilson Street","cls":2},"geometry":{"type":"Point","coordinates":[142.1996,-36.71665]}},{"type":"Feature","properties":{"name":"Firebrace Street","cls":4},"geometry":{"type":"Point","coordinates":[142.19964,-36.71373]}},{"type":"Feature","properties":{"name":"Firebrace Street","cls":4},"geometry":{"type":"Point","coordinates":[142.19976,-36.71373]}},{"type":"Feature","properties":{"name":"Firebrace Street","cls":2},"geometry":{"type":"Point","coordinates":[142.19966,-36.71663]}},{"type":"Feature","properties":{"name":"Firebrace Street","cls":4},"geometry":{"type":"Point","coordinates":[142.19976,-36.71606]}},{"type":"Feature","properties":{"name":"Roberts Avenue","cls":6},"geometry":{"type":"Point","coordinates":[142.19735,-36.71431]}},{"type":"Feature","properties":{"name":"Roberts Avenue","cls":6},"geometry":{"type":"Point","coordinates":[142.20108,-36.71426]}},{"type":"Feature","properties":{"name":"Firebrace Street","cls":4},"geometry":{"type":"Point","coordinates":[142.19964,-36.71606]}},{"type":"Feature","properties":{"name":"Darlot Street","cls":6},"geometry":{"type":"Point","coordinates":[142.19711,-36.71313]}},{"type":"Feature","properties":{"name":"Firebrace Street","cls":2},"geometry":{"type":"Point","coordinates":[142.19976,-36.71663]}},{"type":"Feature","properties":{"name":"Firebrace Street","cls":4},"geometry":{"type":"Point","coordinates":[142.19975,-36.71241]}},{"type":"Feature","properties":{"name":"Roberts Avenue","cls":6},"geometry":{"type":"Point","coordinates":[142.19736,-36.71425]}},{"type":"Feature","properties":{"name":"McLachlan Street","cls":6},"geometry":{"type":"Point","coordinates":[142.19843,-36.7131]}},{"type":"Feature","properties":{"name":"McLachlan Street","cls":6},"geometry":{"type":"Point","coordinates":[142.19838,-36.71316]}},{"type":"Feature","properties":{"name":"Firebrace Street","cls":4},"geometry":{"type":"Point","coordinates":[142.19978,-36.71484]}},{"type":"Feature","properties":{"name":"Firebrace Street","cls":4},"geometry":{"type":"Point","coordinates":[142.19975,-36.71717]}},{"type":"Feature","properties":{"name":"Don Street","cls":6},"geometry":{"type":"Point","coordinates":[142.19153,-36.70693]}},{"type":"Feature","properties":{"name":"Bradman Street","cls":6},"geometry":{"type":"Point","coordinates":[142.19244,-36.70696]}},{"type":"Feature","properties":{"name":"Dimboola Road","cls":1},"geometry":{"type":"Point","coordinates":[142.18938,-36.70718]}},{"type":"Feature","properties":{"name":"Dimboola Road","cls":1},"geometry":{"type":"Point","coordinates":[142.18783,-36.70651]}},{"type":"Feature","properties":{"name":"Wilson Street","cls":2},"geometry":{"type":"Point","coordinates":[142.20358,-36.71662]}},{"type":"Feature","properties":{"name":"Pynsent Street","cls":6},"geometry":{"type":"Point","coordinates":[142.20087,-36.71544]}},{"type":"Feature","properties":{"name":"McPherson Street","cls":6},"geometry":{"type":"Point","coordinates":[142.20485,-36.71145]}},{"type":"Feature","properties":{"name":"Baillie Street","cls":1},"geometry":{"type":"Point","coordinates":[142.2015,-36.7117]}},{"type":"Feature","properties":{"name":"Oliver Court","cls":6},"geometry":{"type":"Point","coordinates":[142.17165,-36.7255]}},{"type":"Feature","properties":{"name":"Henderson Avenue","cls":6},"geometry":{"type":"Point","coordinates":[142.17192,-36.72554]}},{"type":"Feature","properties":{"name":"Lawson Close","cls":6},"geometry":{"type":"Point","coordinates":[142.17073,-36.72819]}},{"type":"Feature","properties":{"name":"Fulton Avenue","cls":6},"geometry":{"type":"Point","coordinates":[142.17574,-36.72701]}},{"type":"Feature","properties":{"name":"Hayes Drive","cls":6},"geometry":{"type":"Point","coordinates":[142.17402,-36.72859]}},{"type":"Feature","properties":{"name":"Henderson Avenue","cls":6},"geometry":{"type":"Point","coordinates":[142.17194,-36.72558]}},{"type":"Feature","properties":{"name":"Henderson Avenue","cls":6},"geometry":{"type":"Point","coordinates":[142.17296,-36.72516]}},{"type":"Feature","properties":{"name":"Brooke Court","cls":6},"geometry":{"type":"Point","coordinates":[142.16983,-36.7264]}},{"type":"Feature","properties":{"name":"Oliver Court","cls":6},"geometry":{"type":"Point","coordinates":[142.1721,-36.72632]}},{"type":"Feature","properties":{"name":"Bullen Court","cls":6},"geometry":{"type":"Point","coordinates":[142.17667,-36.7273]}},{"type":"Feature","properties":{"name":"Wimmera Rise","cls":6},"geometry":{"type":"Point","coordinates":[142.17572,-36.72863]}},{"type":"Feature","properties":{"name":"Guest Court","cls":6},"geometry":{"type":"Point","coordinates":[142.17078,-36.72575]}},{"type":"Feature","properties":{"name":"Oliver Court","cls":6},"geometry":{"type":"Point","coordinates":[142.17183,-36.72576]}},{"type":"Feature","properties":{"name":"Kirsopp Court","cls":6},"geometry":{"type":"Point","coordinates":[142.17208,-36.72889]}},{"type":"Feature","properties":{"name":"River Park Rise","cls":6},"geometry":{"type":"Point","coordinates":[142.17469,-36.72913]}},{"type":"Feature","properties":{"name":"Barnes Boulevard","cls":6},"geometry":{"type":"Point","coordinates":[142.17144,-36.72511]}},{"type":"Feature","properties":{"name":"Barnes Boulevard","cls":6},"geometry":{"type":"Point","coordinates":[142.17158,-36.72567]}},{"type":"Feature","properties":{"name":"Oliver Court","cls":6},"geometry":{"type":"Point","coordinates":[142.17187,-36.72575]}},{"type":"Feature","properties":{"name":"Dixon Court","cls":6},"geometry":{"type":"Point","coordinates":[142.17103,-36.72941]}},{"type":"Feature","properties":{"name":"Conn Court","cls":6},"geometry":{"type":"Point","coordinates":[142.17,-36.7275]}},{"type":"Feature","properties":{"name":"Oliver Court","cls":6},"geometry":{"type":"Point","coordinates":[142.17171,-36.72549]}},{"type":"Feature","properties":{"name":"Sayer Court","cls":6},"geometry":{"type":"Point","coordinates":[142.17343,-36.72943]}},{"type":"Feature","properties":{"name":"Drung-Jung Road","cls":4},"geometry":{"type":"Point","coordinates":[142.32518,-36.72371]}},{"type":"Feature","properties":{"name":"Drung-Jung Road","cls":4},"geometry":{"type":"Point","coordinates":[142.32165,-36.72419]}},{"type":"Feature","properties":{"name":"Drung-Jung Road","cls":4},"geometry":{"type":"Point","coordinates":[142.33214,-36.70343]}},{"type":"Feature","properties":{"name":"Drung-Jung Road","cls":4},"geometry":{"type":"Point","coordinates":[142.32872,-36.72058]}},{"type":"Feature","properties":{"name":"Longerenong Road","cls":4},"geometry":{"type":"Point","coordinates":[142.46002,-36.65257]}},{"type":"Feature","properties":{"name":"Dooen Road","cls":2},"geometry":{"type":"Point","coordinates":[142.20582,-36.7113]}},{"type":"Feature","properties":{"name":"Baillie Street","cls":2},"geometry":{"type":"Point","coordinates":[142.20522,-36.71161]}},{"type":"Feature","properties":{"name":"Dooen Road","cls":2},"geometry":{"type":"Point","coordinates":[142.20584,-36.71135]}},{"type":"Feature","properties":{"name":"McPherson Street","cls":1},"geometry":{"type":"Point","coordinates":[142.20491,-36.7121]}},{"type":"Feature","properties":{"name":"Baillie Street","cls":2},"geometry":{"type":"Point","coordinates":[142.20524,-36.71172]}},{"type":"Feature","properties":{"name":"McPherson Street","cls":1},"geometry":{"type":"Point","coordinates":[142.20484,-36.71195]}},{"type":"Feature","properties":{"name":"Menadue Street","cls":6},"geometry":{"type":"Point","coordinates":[142.21611,-36.71195]}},{"type":"Feature","properties":{"name":"Baillie Street","cls":4},"geometry":{"type":"Point","coordinates":[142.20575,-36.71165]}},{"type":"Feature","properties":{"name":"Baillie Street","cls":6},"geometry":{"type":"Point","coordinates":[142.2182,-36.71179]}},{"type":"Feature","properties":{"name":"Baillie Street","cls":6},"geometry":{"type":"Point","coordinates":[142.21663,-36.71172]}},{"type":"Feature","properties":{"name":"Baillie Street","cls":4},"geometry":{"type":"Point","coordinates":[142.21601,-36.7117]}},{"type":"Feature","properties":{"name":"Menadue Street","cls":6},"geometry":{"type":"Point","coordinates":[142.21619,-36.71196]}},{"type":"Feature","properties":{"name":"Baillie Street","cls":4},"geometry":{"type":"Point","coordinates":[142.21606,-36.71165]}},{"type":"Feature","properties":{"name":"Baillie Street","cls":6},"geometry":{"type":"Point","coordinates":[142.21632,-36.71173]}},{"type":"Feature","properties":{"name":"Baillie Street","cls":6},"geometry":{"type":"Point","coordinates":[142.21895,-36.71207]}},{"type":"Feature","properties":{"name":"Firebrace Street","cls":4},"geometry":{"type":"Point","coordinates":[142.19979,-36.71835]}},{"type":"Feature","properties":{"name":"Hamilton Street","cls":6},"geometry":{"type":"Point","coordinates":[142.20385,-36.7178]}},{"type":"Feature","properties":{"name":"Hamilton Street","cls":6},"geometry":{"type":"Point","coordinates":[142.20259,-36.71784]}},{"type":"Feature","properties":{"name":"Sloss Street","cls":6},"geometry":{"type":"Point","coordinates":[142.20211,-36.71965]}},{"type":"Feature","properties":{"name":"Firebrace Street","cls":4},"geometry":{"type":"Point","coordinates":[142.20112,-36.71975]}},{"type":"Feature","properties":{"name":"Firebrace Street","cls":4},"geometry":{"type":"Point","coordinates":[142.19996,-36.71876]}},{"type":"Feature","properties":{"name":"Sloss Street","cls":6},"geometry":{"type":"Point","coordinates":[142.20386,-36.71966]}},{"type":"Feature","properties":{"name":"Sloss Street","cls":6},"geometry":{"type":"Point","coordinates":[142.20258,-36.71968]}},{"type":"Feature","properties":{"name":"Hamilton Street","cls":6},"geometry":{"type":"Point","coordinates":[142.20101,-36.71774]}},{"type":"Feature","properties":{"name":"Firebrace Street","cls":4},"geometry":{"type":"Point","coordinates":[142.1999,-36.71831]}},{"type":"Feature","properties":{"name":"Firebrace Street","cls":1},"geometry":{"type":"Point","coordinates":[142.19976,-36.71176]}},{"type":"Feature","properties":{"name":"Firebrace Street","cls":1},"geometry":{"type":"Point","coordinates":[142.19965,-36.71176]}},{"type":"Feature","properties":{"name":"Urquhart Street","cls":3},"geometry":{"type":"Point","coordinates":[142.20222,-36.71032]}},{"type":"Feature","properties":{"name":"Baillie Street","cls":1},"geometry":{"type":"Point","coordinates":[142.20079,-36.71176]}},{"type":"Feature","properties":{"name":"Wilson Street","cls":2},"geometry":{"type":"Point","coordinates":[142.20209,-36.71667]}},{"type":"Feature","properties":{"name":"Wilson Street","cls":2},"geometry":{"type":"Point","coordinates":[142.20263,-36.71659]}},{"type":"Feature","properties":{"name":"Wilson Street","cls":2},"geometry":{"type":"Point","coordinates":[142.20209,-36.71659]}},{"type":"Feature","properties":{"name":"Wilson Street","cls":2},"geometry":{"type":"Point","coordinates":[142.20263,-36.71667]}},{"type":"Feature","properties":{"name":"Darlot Street","cls":6},"geometry":{"type":"Point","coordinates":[142.19706,-36.71396]}},{"type":"Feature","properties":{"name":"May Park Terrace","cls":6},"geometry":{"type":"Point","coordinates":[142.19625,-36.71073]}},{"type":"Feature","properties":{"name":"May Park Terrace","cls":6},"geometry":{"type":"Point","coordinates":[142.19626,-36.71135]}},{"type":"Feature","properties":{"name":"Baillie Street","cls":6},"geometry":{"type":"Point","coordinates":[142.19707,-36.71182]}},{"type":"Feature","properties":{"name":"Baillie Street","cls":6},"geometry":{"type":"Point","coordinates":[142.19705,-36.71179]}},{"type":"Feature","properties":{"name":"Darlot Street","cls":6},"geometry":{"type":"Point","coordinates":[142.19711,-36.71284]}},{"type":"Feature","properties":{"name":"Darlot Street","cls":6},"geometry":{"type":"Point","coordinates":[142.1971,-36.71248]}},{"type":"Feature","properties":{"name":"Darlot Street","cls":6},"geometry":{"type":"Point","coordinates":[142.1971,-36.71221]}},{"type":"Feature","properties":{"name":"Darlot Street","cls":6},"geometry":{"type":"Point","coordinates":[142.1971,-36.71266]}},{"type":"Feature","properties":{"name":"David Street","cls":6},"geometry":{"type":"Point","coordinates":[142.19855,-36.71127]}},{"type":"Feature","properties":{"name":"Baillie Street","cls":6},"geometry":{"type":"Point","coordinates":[142.19794,-36.71181]}},{"type":"Feature","properties":{"name":"May Park Terrace","cls":1},"geometry":{"type":"Point","coordinates":[142.19625,-36.7104]}},{"type":"Feature","properties":{"name":"David Street","cls":6},"geometry":{"type":"Point","coordinates":[142.1985,-36.7099]}},{"type":"Feature","properties":{"name":"David Street","cls":6},"geometry":{"type":"Point","coordinates":[142.19848,-36.71123]}},{"type":"Feature","properties":{"name":"Millar Street","cls":1},"geometry":{"type":"Point","coordinates":[142.19274,-36.70874]}},{"type":"Feature","properties":{"name":"Dimboola Road","cls":1},"geometry":{"type":"Point","coordinates":[142.19561,-36.71012]}},{"type":"Feature","properties":{"name":"Dimboola Road","cls":1},"geometry":{"type":"Point","coordinates":[142.19486,-36.70977]}},{"type":"Feature","properties":{"name":"Dimboola Road","cls":1},"geometry":{"type":"Point","coordinates":[142.19457,-36.70962]}},{"type":"Feature","properties":{"name":"O'Connor Street","cls":6},"geometry":{"type":"Point","coordinates":[142.19036,-36.70883]}},{"type":"Feature","properties":{"name":"Small Street","cls":1},"geometry":{"type":"Point","coordinates":[142.19387,-36.70929]}},{"type":"Feature","properties":{"name":"O'Connor Street","cls":6},"geometry":{"type":"Point","coordinates":[142.18679,-36.70979]}},{"type":"Feature","properties":{"name":"O'Connor Street","cls":6},"geometry":{"type":"Point","coordinates":[142.19134,-36.7084]}},{"type":"Feature","properties":{"name":"Dimboola Road","cls":1},"geometry":{"type":"Point","coordinates":[142.19451,-36.70952]}},{"type":"Feature","properties":{"name":"O'Connor Street","cls":1},"geometry":{"type":"Point","coordinates":[142.19156,-36.70819]}},{"type":"Feature","properties":{"name":"Saul Crescent","cls":5},"geometry":{"type":"Point","coordinates":[142.19233,-36.70819]}},{"type":"Feature","properties":{"name":"Saul Crescent","cls":1},"geometry":{"type":"Point","coordinates":[142.19213,-36.70845]}},{"type":"Feature","properties":{"name":"O'Connor Street","cls":1},"geometry":{"type":"Point","coordinates":[142.19166,-36.70823]}},{"type":"Feature","properties":{"name":"Dimboola Road","cls":1},"geometry":{"type":"Point","coordinates":[142.19328,-36.709]}},{"type":"Feature","properties":{"name":"Jack Breens Road","cls":5},"geometry":{"type":"Point","coordinates":[141.62807,-36.6707]}},{"type":"Feature","properties":{"name":"Natimuk - Frances Road","cls":3},"geometry":{"type":"Point","coordinates":[141.58276,-36.72697]}},{"type":"Feature","properties":{"name":"G Webbs Road","cls":5},"geometry":{"type":"Point","coordinates":[141.77993,-36.70467]}},{"type":"Feature","properties":{"name":"Chenoweths Road","cls":5},"geometry":{"type":"Point","coordinates":[141.69125,-36.67534]}},{"type":"Feature","properties":{"name":"Hogans Lane","cls":5},"geometry":{"type":"Point","coordinates":[141.67278,-36.68101]}},{"type":"Feature","properties":{"name":"G Webbs Road","cls":5},"geometry":{"type":"Point","coordinates":[141.79284,-36.70588]}},{"type":"Feature","properties":{"name":"McPherson Street","cls":6},"geometry":{"type":"Point","coordinates":[142.20488,-36.7095]}},{"type":"Feature","properties":{"name":"River Heights Road","cls":6},"geometry":{"type":"Point","coordinates":[142.24155,-36.67949]}},{"type":"Feature","properties":{"name":"Gertrude Street","cls":6},"geometry":{"type":"Point","coordinates":[142.20308,-36.70523]}},{"type":"Feature","properties":{"name":"Comyn Street","cls":2},"geometry":{"type":"Point","coordinates":[142.44901,-36.61517]}},{"type":"Feature","properties":{"name":"Danslow Street","cls":6},"geometry":{"type":"Point","coordinates":[142.47456,-36.62492]}},{"type":"Feature","properties":{"name":"Marma Street","cls":2},"geometry":{"type":"Point","coordinates":[142.47335,-36.62017]}},{"type":"Feature","properties":{"name":"Friend Street","cls":6},"geometry":{"type":"Point","coordinates":[142.46979,-36.62441]}},{"type":"Feature","properties":{"name":"Lake Street","cls":3},"geometry":{"type":"Point","coordinates":[142.46664,-36.62254]}},{"type":"Feature","properties":{"name":"Duncan Street","cls":6},"geometry":{"type":"Point","coordinates":[142.46802,-36.61904]}},{"type":"Feature","properties":{"name":"Webb Street","cls":6},"geometry":{"type":"Point","coordinates":[142.47517,-36.62368]}},{"type":"Feature","properties":{"name":"Duncan Street","cls":6},"geometry":{"type":"Point","coordinates":[142.46797,-36.61929]}},{"type":"Feature","properties":{"name":"Duncan Street","cls":6},"geometry":{"type":"Point","coordinates":[142.468,-36.62119]}},{"type":"Feature","properties":{"name":"Duncan Street","cls":6},"geometry":{"type":"Point","coordinates":[142.46801,-36.61954]}},{"type":"Feature","properties":{"name":"Marma Street","cls":2},"geometry":{"type":"Point","coordinates":[142.47083,-36.62019]}},{"type":"Feature","properties":{"name":"Collins Street","cls":6},"geometry":{"type":"Point","coordinates":[142.47396,-36.62365]}},{"type":"Feature","properties":{"name":"Marma Street","cls":2},"geometry":{"type":"Point","coordinates":[142.46908,-36.62015]}},{"type":"Feature","properties":{"name":"Munro Street","cls":6},"geometry":{"type":"Point","coordinates":[142.47455,-36.62243]}},{"type":"Feature","properties":{"name":"Birdswing Road","cls":5},"geometry":{"type":"Point","coordinates":[142.56841,-37.15668]}},{"type":"Feature","properties":{"name":"Ballyglunin North Road","cls":3},"geometry":{"type":"Point","coordinates":[142.32183,-36.78178]}},{"type":"Feature","properties":{"name":"Horsham-Wal Wal Road","cls":5},"geometry":{"type":"Point","coordinates":[142.40081,-36.81924]}},{"type":"Feature","properties":{"name":"Fischers Road","cls":5},"geometry":{"type":"Point","coordinates":[142.39519,-36.7867]}},{"type":"Feature","properties":{"name":"Hope Street","cls":6},"geometry":{"type":"Point","coordinates":[142.02514,-36.44755]}},{"type":"Feature","properties":{"name":"Denham Street","cls":6},"geometry":{"type":"Point","coordinates":[142.03173,-36.45926]}},{"type":"Feature","properties":{"name":"Elizabeth Street","cls":6},"geometry":{"type":"Point","coordinates":[142.02131,-36.44961]}},{"type":"Feature","properties":{"name":"McDonald Street","cls":6},"geometry":{"type":"Point","coordinates":[142.03066,-36.45766]}},{"type":"Feature","properties":{"name":"Lloyd Street","cls":6},"geometry":{"type":"Point","coordinates":[142.03085,-36.46049]}},{"type":"Feature","properties":{"name":"Anna Street","cls":6},"geometry":{"type":"Point","coordinates":[142.02145,-36.44859]}},{"type":"Feature","properties":{"name":"Moulder Street","cls":6},"geometry":{"type":"Point","coordinates":[142.02271,-36.45123]}},{"type":"Feature","properties":{"name":"Saint Leonards Avenue","cls":6},"geometry":{"type":"Point","coordinates":[142.03467,-36.46282]}},{"type":"Feature","properties":{"name":"Montrose Street","cls":6},"geometry":{"type":"Point","coordinates":[142.02683,-36.44912]}},{"type":"Feature","properties":{"name":"Acacia Street","cls":6},"geometry":{"type":"Point","coordinates":[142.02539,-36.45039]}},{"type":"Feature","properties":{"name":"Gerlach Street","cls":6},"geometry":{"type":"Point","coordinates":[142.20643,-36.69848]}},{"type":"Feature","properties":{"name":"Homers Court","cls":6},"geometry":{"type":"Point","coordinates":[142.20004,-36.70316]}},{"type":"Feature","properties":{"name":"Winifred Street","cls":6},"geometry":{"type":"Point","coordinates":[142.20776,-36.7052]}},{"type":"Feature","properties":{"name":"Forsyth Avenue","cls":6},"geometry":{"type":"Point","coordinates":[142.20994,-36.70201]}},{"type":"Feature","properties":{"name":"Hutchesson Street","cls":6},"geometry":{"type":"Point","coordinates":[142.20639,-36.70252]}},{"type":"Feature","properties":{"name":"Bowler Street","cls":6},"geometry":{"type":"Point","coordinates":[142.20828,-36.70203]}},{"type":"Feature","properties":{"name":"Rodda Place","cls":6},"geometry":{"type":"Point","coordinates":[142.2056,-36.70002]}},{"type":"Feature","properties":{"name":"Calder Court","cls":6},"geometry":{"type":"Point","coordinates":[142.2115,-36.7033]}},{"type":"Feature","properties":{"name":"Noske Place","cls":6},"geometry":{"type":"Point","coordinates":[142.20362,-36.69955]}},{"type":"Feature","properties":{"name":"Perry Drive","cls":6},"geometry":{"type":"Point","coordinates":[142.2177,-36.70277]}},{"type":"Feature","properties":{"name":"Bleakley Street","cls":6},"geometry":{"type":"Point","coordinates":[142.20217,-36.69967]}},{"type":"Feature","properties":{"name":"Creek Crescent","cls":6},"geometry":{"type":"Point","coordinates":[142.21173,-36.70165]}},{"type":"Feature","properties":{"name":"Glenister Place","cls":6},"geometry":{"type":"Point","coordinates":[142.21252,-36.70295]}},{"type":"Feature","properties":{"name":"Shirley Street","cls":6},"geometry":{"type":"Point","coordinates":[142.21066,-36.70322]}},{"type":"Feature","properties":{"name":"Anderson Street","cls":6},"geometry":{"type":"Point","coordinates":[142.20808,-36.706]}},{"type":"Feature","properties":{"name":"Queen Street","cls":6},"geometry":{"type":"Point","coordinates":[142.1998,-36.70164]}},{"type":"Feature","properties":{"name":"Ladlow Court","cls":6},"geometry":{"type":"Point","coordinates":[142.21748,-36.70309]}},{"type":"Feature","properties":{"name":"Delta Street","cls":6},"geometry":{"type":"Point","coordinates":[142.20251,-36.69871]}},{"type":"Feature","properties":{"name":"Felstead Avenue","cls":6},"geometry":{"type":"Point","coordinates":[142.20879,-36.70131]}},{"type":"Feature","properties":{"name":"Hennessy Street","cls":6},"geometry":{"type":"Point","coordinates":[142.20611,-36.69964]}},{"type":"Feature","properties":{"name":"Knight Place","cls":6},"geometry":{"type":"Point","coordinates":[142.20581,-36.69925]}},{"type":"Feature","properties":{"name":"Crump Street","cls":6},"geometry":{"type":"Point","coordinates":[142.20382,-36.70029]}},{"type":"Feature","properties":{"name":"Jones Street","cls":6},"geometry":{"type":"Point","coordinates":[142.20434,-36.69884]}},{"type":"Feature","properties":{"name":"Watts Street","cls":6},"geometry":{"type":"Point","coordinates":[142.20594,-36.70163]}},{"type":"Feature","properties":{"name":"McMillan Court","cls":6},"geometry":{"type":"Point","coordinates":[142.21014,-36.70261]}},{"type":"Feature","properties":{"name":"Langlands Street","cls":6},"geometry":{"type":"Point","coordinates":[142.2064,-36.70344]}},{"type":"Feature","properties":{"name":"Landt Place","cls":6},"geometry":{"type":"Point","coordinates":[142.21179,-36.70181]}},{"type":"Feature","properties":{"name":"Eastgate Drive","cls":6},"geometry":{"type":"Point","coordinates":[142.19677,-36.72246]}},{"type":"Feature","properties":{"name":"Mill Street","cls":6},"geometry":{"type":"Point","coordinates":[142.1984,-36.70663]}},{"type":"Feature","properties":{"name":"Goroke-Nurcoung Road","cls":5},"geometry":{"type":"Point","coordinates":[141.57223,-36.69486]}},{"type":"Feature","properties":{"name":"Bert Redfords Road","cls":5},"geometry":{"type":"Point","coordinates":[141.67145,-36.69179]}},{"type":"Feature","properties":{"name":"Banool Street","cls":6},"geometry":{"type":"Point","coordinates":[142.17777,-36.72208]}},{"type":"Feature","properties":{"name":"Jung North Road","cls":5},"geometry":{"type":"Point","coordinates":[142.36004,-36.61616]}},{"type":"Feature","properties":{"name":"Wheat Road","cls":5},"geometry":{"type":"Point","coordinates":[142.43133,-36.7432]}},{"type":"Feature","properties":{"name":"Domaschenz Road","cls":5},"geometry":{"type":"Point","coordinates":[142.37653,-36.73857]}},{"type":"Feature","properties":{"name":"Horsham-Lubeck Road","cls":3},"geometry":{"type":"Point","coordinates":[142.32186,-36.73258]}},{"type":"Feature","properties":{"name":"Horsham-Lubeck Road","cls":3},"geometry":{"type":"Point","coordinates":[142.32187,-36.75203]}},{"type":"Feature","properties":{"name":"Lierschs Reserve Road","cls":5},"geometry":{"type":"Point","coordinates":[142.47926,-36.53409]}},{"type":"Feature","properties":{"name":"Murtoa Settlement Road","cls":5},"geometry":{"type":"Point","coordinates":[142.47365,-36.51374]}},{"type":"Feature","properties":{"name":"Schmidts Road","cls":5},"geometry":{"type":"Point","coordinates":[142.44912,-36.52986]}},{"type":"Feature","properties":{"name":"Donald-Murtoa Road","cls":3},"geometry":{"type":"Point","coordinates":[142.46867,-36.57319]}},{"type":"Feature","properties":{"name":"Donald-Murtoa Road","cls":3},"geometry":{"type":"Point","coordinates":[142.46914,-36.52677]}},{"type":"Feature","properties":{"name":"Gross Road","cls":5},"geometry":{"type":"Point","coordinates":[142.33405,-36.72252]}},{"type":"Feature","properties":{"name":"Gross Road","cls":5},"geometry":{"type":"Point","coordinates":[142.32789,-36.72145]}},{"type":"Feature","properties":{"name":"Varley Road","cls":5},"geometry":{"type":"Point","coordinates":[142.3218,-36.81608]}},{"type":"Feature","properties":{"name":"Northern Grampians Road","cls":3},"geometry":{"type":"Point","coordinates":[142.33318,-36.98271]}},{"type":"Feature","properties":{"name":"Smiths Road","cls":4},"geometry":{"type":"Point","coordinates":[142.37435,-36.99474]}},{"type":"Feature","properties":{"name":"Zumsteins Track","cls":5},"geometry":{"type":"Point","coordinates":[142.38623,-37.10579]}},{"type":"Feature","properties":{"name":"Winfields Road","cls":4},"geometry":{"type":"Point","coordinates":[142.35814,-36.96351]}},{"type":"Feature","properties":{"name":"McTavishs Road","cls":4},"geometry":{"type":"Point","coordinates":[142.34098,-36.94672]}},{"type":"Feature","properties":{"name":"Smiths Road","cls":5},"geometry":{"type":"Point","coordinates":[142.39351,-37.01875]}},{"type":"Feature","properties":{"name":"Smiths Road","cls":5},"geometry":{"type":"Point","coordinates":[142.34163,-36.98028]}},{"type":"Feature","properties":{"name":"Asses Ears Road","cls":5},"geometry":{"type":"Point","coordinates":[142.27159,-37.14664]}},{"type":"Feature","properties":{"name":"Burrong Short Cut Track","cls":5},"geometry":{"type":"Point","coordinates":[142.43403,-37.14437]}},{"type":"Feature","properties":{"name":"Golf Course Road","cls":5},"geometry":{"type":"Point","coordinates":[142.01941,-36.4567]}},{"type":"Feature","properties":{"name":"Schmidts Road","cls":5},"geometry":{"type":"Point","coordinates":[142.28427,-37.04814]}},{"type":"Feature","properties":{"name":"Saint Helens Road","cls":5},"geometry":{"type":"Point","coordinates":[142.41185,-36.7405]}},{"type":"Feature","properties":{"name":"Andrews Road","cls":5},"geometry":{"type":"Point","coordinates":[142.25222,-36.73843]}},{"type":"Feature","properties":{"name":"Magees Road","cls":5},"geometry":{"type":"Point","coordinates":[142.29798,-36.69315]}},{"type":"Feature","properties":{"name":"Patterson Road","cls":5},"geometry":{"type":"Point","coordinates":[142.08944,-36.50005]}},{"type":"Feature","properties":{"name":"Golf Course Road","cls":5},"geometry":{"type":"Point","coordinates":[142.00703,-36.45357]}},{"type":"Feature","properties":{"name":"Lake Street","cls":2},"geometry":{"type":"Point","coordinates":[142.46655,-36.61684]}},{"type":"Feature","properties":{"name":"Wimmera Highway","cls":2},"geometry":{"type":"Point","coordinates":[142.4779,-36.62017]}},{"type":"Feature","properties":{"name":"Tobin Street","cls":6},"geometry":{"type":"Point","coordinates":[142.45998,-36.61859]}},{"type":"Feature","properties":{"name":"Industrial Road","cls":5},"geometry":{"type":"Point","coordinates":[142.47885,-36.6209]}},{"type":"Feature","properties":{"name":"Degenhardts Road","cls":5},"geometry":{"type":"Point","coordinates":[142.47742,-36.60268]}},{"type":"Feature","properties":{"name":"Murtoa Cemetery Road","cls":5},"geometry":{"type":"Point","coordinates":[142.48665,-36.61531]}},{"type":"Feature","properties":{"name":"Murtoa Cemetery Road","cls":5},"geometry":{"type":"Point","coordinates":[142.48673,-36.60618]}},{"type":"Feature","properties":{"name":"Racecourse Road","cls":6},"geometry":{"type":"Point","coordinates":[142.46524,-36.62482]}},{"type":"Feature","properties":{"name":"Blakes Road","cls":5},"geometry":{"type":"Point","coordinates":[142.31272,-36.76791]}},{"type":"Feature","properties":{"name":"East Road","cls":5},"geometry":{"type":"Point","coordinates":[142.30311,-36.77889]}},{"type":"Feature","properties":{"name":"Austin Street","cls":6},"geometry":{"type":"Point","coordinates":[142.20645,-36.70521]}},{"type":"Feature","properties":{"name":"Palm Avenue","cls":6},"geometry":{"type":"Point","coordinates":[142.21353,-36.70423]}},{"type":"Feature","properties":{"name":"Mary Street","cls":6},"geometry":{"type":"Point","coordinates":[142.21025,-36.70498]}},{"type":"Feature","properties":{"name":"Plant Avenue","cls":6},"geometry":{"type":"Point","coordinates":[142.20617,-36.72443]}},{"type":"Feature","properties":{"name":"Stawell Road Service Road","cls":6},"geometry":{"type":"Point","coordinates":[142.20529,-36.72519]}},{"type":"Feature","properties":{"name":"Edmonds Court","cls":6},"geometry":{"type":"Point","coordinates":[142.21469,-36.72518]}},{"type":"Feature","properties":{"name":"Horsham-Lubeck Road","cls":3},"geometry":{"type":"Point","coordinates":[142.23242,-36.7239]}},{"type":"Feature","properties":{"name":"Watson Court","cls":6},"geometry":{"type":"Point","coordinates":[142.21192,-36.72361]}},{"type":"Feature","properties":{"name":"Mardon Drive","cls":6},"geometry":{"type":"Point","coordinates":[142.20772,-36.72382]}},{"type":"Feature","properties":{"name":"Stawell Road Service Road","cls":6},"geometry":{"type":"Point","coordinates":[142.20528,-36.72554]}},{"type":"Feature","properties":{"name":"Fisher Square","cls":6},"geometry":{"type":"Point","coordinates":[142.2114,-36.72486]}},{"type":"Feature","properties":{"name":"Davidson Court","cls":6},"geometry":{"type":"Point","coordinates":[142.2094,-36.7251]}},{"type":"Feature","properties":{"name":"Watson Court","cls":6},"geometry":{"type":"Point","coordinates":[142.21192,-36.72325]}},{"type":"Feature","properties":{"name":"Rahley Court","cls":6},"geometry":{"type":"Point","coordinates":[142.21454,-36.72421]}},{"type":"Feature","properties":{"name":"Raggatt Street","cls":6},"geometry":{"type":"Point","coordinates":[142.21309,-36.72569]}},{"type":"Feature","properties":{"name":"Natoli Court","cls":6},"geometry":{"type":"Point","coordinates":[142.20813,-36.72392]}},{"type":"Feature","properties":{"name":"Newton Court","cls":6},"geometry":{"type":"Point","coordinates":[142.19615,-36.72679]}},{"type":"Feature","properties":{"name":"Elwin Court","cls":6},"geometry":{"type":"Point","coordinates":[142.17551,-36.72604]}},{"type":"Feature","properties":{"name":"Kalimna Avenue","cls":6},"geometry":{"type":"Point","coordinates":[142.18299,-36.72422]}},{"type":"Feature","properties":{"name":"Vermont Street","cls":6},"geometry":{"type":"Point","coordinates":[142.18828,-36.70549]}},{"type":"Feature","properties":{"name":"Nunn Court","cls":6},"geometry":{"type":"Point","coordinates":[142.18901,-36.70172]}},{"type":"Feature","properties":{"name":"Darlot Street","cls":6},"geometry":{"type":"Point","coordinates":[142.19704,-36.71825]}},{"type":"Feature","properties":{"name":"Wicklow Drive","cls":6},"geometry":{"type":"Point","coordinates":[142.18642,-36.70173]}},{"type":"Feature","properties":{"name":"Alan Court","cls":6},"geometry":{"type":"Point","coordinates":[142.1817,-36.72572]}},{"type":"Feature","properties":{"name":"Isbel Court","cls":6},"geometry":{"type":"Point","coordinates":[142.1767,-36.7238]}},{"type":"Feature","properties":{"name":"McCombe Court","cls":6},"geometry":{"type":"Point","coordinates":[142.19441,-36.728]}},{"type":"Feature","properties":{"name":"Ivy Street","cls":6},"geometry":{"type":"Point","coordinates":[142.18856,-36.71994]}},{"type":"Feature","properties":{"name":"Ashes Court","cls":6},"geometry":{"type":"Point","coordinates":[142.17153,-36.72746]}},{"type":"Feature","properties":{"name":"Lukin Court","cls":6},"geometry":{"type":"Point","coordinates":[142.18957,-36.70111]}},{"type":"Feature","properties":{"name":"Culliver Street","cls":6},"geometry":{"type":"Point","coordinates":[142.21411,-36.70893]}},{"type":"Feature","properties":{"name":"Hunts Road","cls":6},"geometry":{"type":"Point","coordinates":[142.20897,-36.75303]}},{"type":"Feature","properties":{"name":"Regal Court","cls":6},"geometry":{"type":"Point","coordinates":[142.21768,-36.70655]}},{"type":"Feature","properties":{"name":"Wimmera Highway","cls":2},"geometry":{"type":"Point","coordinates":[142.08575,-36.73257]}},{"type":"Feature","properties":{"name":"Osborne Road","cls":5},"geometry":{"type":"Point","coordinates":[142.20906,-36.74084]}},{"type":"Feature","properties":{"name":"Byrne Street","cls":6},"geometry":{"type":"Point","coordinates":[142.21624,-36.7057]}},{"type":"Feature","properties":{"name":"Webster Street","cls":6},"geometry":{"type":"Point","coordinates":[142.21649,-36.70727]}},{"type":"Feature","properties":{"name":"Gillespie Street","cls":6},"geometry":{"type":"Point","coordinates":[142.21199,-36.71474]}},{"type":"Feature","properties":{"name":"Willow Court","cls":6},"geometry":{"type":"Point","coordinates":[142.21969,-36.70355]}},{"type":"Feature","properties":{"name":"Macdonald Court","cls":6},"geometry":{"type":"Point","coordinates":[142.18214,-36.71584]}},{"type":"Feature","properties":{"name":"Clover Court","cls":6},"geometry":{"type":"Point","coordinates":[142.21969,-36.70279]}},{"type":"Feature","properties":{"name":"Elizabeth Street","cls":6},"geometry":{"type":"Point","coordinates":[142.18303,-36.71679]}},{"type":"Feature","properties":{"name":"Twycross Court","cls":6},"geometry":{"type":"Point","coordinates":[142.20895,-36.70339]}},{"type":"Feature","properties":{"name":"Sinclair Place","cls":6},"geometry":{"type":"Point","coordinates":[142.18571,-36.71721]}},{"type":"Feature","properties":{"name":"Royal Court","cls":6},"geometry":{"type":"Point","coordinates":[142.21769,-36.70571]}},{"type":"Feature","properties":{"name":"Puls Place","cls":6},"geometry":{"type":"Point","coordinates":[142.20644,-36.6977]}},{"type":"Feature","properties":{"name":"Obrees Road","cls":4},"geometry":{"type":"Point","coordinates":[141.97414,-36.6998]}},{"type":"Feature","properties":{"name":"Obrees Road","cls":4},"geometry":{"type":"Point","coordinates":[141.96888,-36.70063]}},{"type":"Feature","properties":{"name":"Dooen Road","cls":2},"geometry":{"type":"Point","coordinates":[142.20999,-36.70792]}},{"type":"Feature","properties":{"name":"Riverside Road","cls":4},"geometry":{"type":"Point","coordinates":[142.23627,-36.69704]}},{"type":"Feature","properties":{"name":"Riverside Road","cls":4},"geometry":{"type":"Point","coordinates":[142.2302,-36.69683]}},{"type":"Feature","properties":{"name":"Delville Street","cls":6},"geometry":{"type":"Point","coordinates":[142.19598,-36.7146]}},{"type":"Feature","properties":{"name":"Ward Street","cls":6},"geometry":{"type":"Point","coordinates":[142.19833,-36.71487]}},{"type":"Feature","properties":{"name":"Darlot Street","cls":6},"geometry":{"type":"Point","coordinates":[142.19709,-36.71683]}},{"type":"Feature","properties":{"name":"Darlot Street","cls":6},"geometry":{"type":"Point","coordinates":[142.19709,-36.71603]}},{"type":"Feature","properties":{"name":"Darlot Street","cls":6},"geometry":{"type":"Point","coordinates":[142.19719,-36.71684]}},{"type":"Feature","properties":{"name":"Dimboola Road","cls":1},"geometry":{"type":"Point","coordinates":[142.19783,-36.71124]}},{"type":"Feature","properties":{"name":"Golton Road","cls":5},"geometry":{"type":"Point","coordinates":[142.44958,-36.76471]}},{"type":"Feature","properties":{"name":"Horsham-Lubeck Road","cls":4},"geometry":{"type":"Point","coordinates":[142.32239,-36.76522]}},{"type":"Feature","properties":{"name":"Burnt Clay Road","cls":5},"geometry":{"type":"Point","coordinates":[142.48093,-36.74357]}},{"type":"Feature","properties":{"name":"Wheat Road","cls":5},"geometry":{"type":"Point","coordinates":[142.43309,-36.7454]}},{"type":"Feature","properties":{"name":"Doug Tuckers Road","cls":6},"geometry":{"type":"Point","coordinates":[142.37658,-36.6926]}},{"type":"Feature","properties":{"name":"Horsham-Lubeck Road","cls":4},"geometry":{"type":"Point","coordinates":[142.47885,-36.74474]}},{"type":"Feature","properties":{"name":"Horsham-Lubeck Road","cls":4},"geometry":{"type":"Point","coordinates":[142.39792,-36.75663]}},{"type":"Feature","properties":{"name":"Doug Tuckers Road","cls":6},"geometry":{"type":"Point","coordinates":[142.37808,-36.69864]}},{"type":"Feature","properties":{"name":"Horsham-Lubeck Road","cls":4},"geometry":{"type":"Point","coordinates":[142.46699,-36.74518]}},{"type":"Feature","properties":{"name":"Stawell Road","cls":1},"geometry":{"type":"Point","coordinates":[142.20646,-36.73422]}},{"type":"Feature","properties":{"name":"Apricot Avenue","cls":5},"geometry":{"type":"Point","coordinates":[142.20727,-36.73419]}},{"type":"Feature","properties":{"name":"Peach Avenue","cls":5},"geometry":{"type":"Point","coordinates":[142.20969,-36.73611]}},{"type":"Feature","properties":{"name":"Vine Avenue South","cls":5},"geometry":{"type":"Point","coordinates":[142.21022,-36.73513]}},{"type":"Feature","properties":{"name":"Hill Crest Road","cls":5},"geometry":{"type":"Point","coordinates":[142.46034,-36.63143]}},{"type":"Feature","properties":{"name":"Delville Street","cls":6},"geometry":{"type":"Point","coordinates":[142.19701,-36.71455]}},{"type":"Feature","properties":{"name":"Riley Road","cls":4},"geometry":{"type":"Point","coordinates":[142.17787,-36.69701]}},{"type":"Feature","properties":{"name":"McBryde Street","cls":6},"geometry":{"type":"Point","coordinates":[142.20618,-36.71952]}},{"type":"Feature","properties":{"name":"Wawunna Road","cls":6},"geometry":{"type":"Point","coordinates":[142.19615,-36.6979]}},{"type":"Feature","properties":{"name":"Wawunna Road","cls":6},"geometry":{"type":"Point","coordinates":[142.1963,-36.69903]}},{"type":"Feature","properties":{"name":"MacBain Street","cls":6},"geometry":{"type":"Point","coordinates":[142.2091,-36.72016]}},{"type":"Feature","properties":{"name":"McBryde Street","cls":6},"geometry":{"type":"Point","coordinates":[142.20862,-36.71939]}},{"type":"Feature","properties":{"name":"Rasmussen Road","cls":4},"geometry":{"type":"Point","coordinates":[142.22324,-36.69689]}},{"type":"Feature","properties":{"name":"Butlers Road","cls":6},"geometry":{"type":"Point","coordinates":[142.24418,-36.71254]}},{"type":"Feature","properties":{"name":"Cameron Road","cls":5},"geometry":{"type":"Point","coordinates":[142.22359,-36.72028]}},{"type":"Feature","properties":{"name":"Browns Road","cls":6},"geometry":{"type":"Point","coordinates":[142.24297,-36.70903]}},{"type":"Feature","properties":{"name":"Saunders Road","cls":5},"geometry":{"type":"Point","coordinates":[142.21971,-36.71761]}},{"type":"Feature","properties":{"name":"Cameron Road","cls":5},"geometry":{"type":"Point","coordinates":[142.23076,-36.70442]}},{"type":"Feature","properties":{"name":"Lowan Street","cls":6},"geometry":{"type":"Point","coordinates":[142.03597,-36.45708]}},{"type":"Feature","properties":{"name":"Muller Street","cls":6},"geometry":{"type":"Point","coordinates":[142.03415,-36.45146]}},{"type":"Feature","properties":{"name":"Scotts Grove","cls":6},"geometry":{"type":"Point","coordinates":[142.03989,-36.4573]}},{"type":"Feature","properties":{"name":"Ridge Street","cls":6},"geometry":{"type":"Point","coordinates":[142.03743,-36.45253]}},{"type":"Feature","properties":{"name":"Polkemmet Road","cls":4},"geometry":{"type":"Point","coordinates":[142.12801,-36.66801]}},{"type":"Feature","properties":{"name":"Katyil-Wail Road","cls":5},"geometry":{"type":"Point","coordinates":[142.11834,-36.45873]}},{"type":"Feature","properties":{"name":"Kornheim Road","cls":5},"geometry":{"type":"Point","coordinates":[142.08791,-36.45515]}},{"type":"Feature","properties":{"name":"Kornheim Road","cls":5},"geometry":{"type":"Point","coordinates":[142.05693,-36.45822]}},{"type":"Feature","properties":{"name":"Geodetic Road","cls":5},"geometry":{"type":"Point","coordinates":[142.16916,-36.68242]}},{"type":"Feature","properties":{"name":"Lowan Street","cls":6},"geometry":{"type":"Point","coordinates":[142.03625,-36.45674]}},{"type":"Feature","properties":{"name":"Muller Street","cls":6},"geometry":{"type":"Point","coordinates":[142.03681,-36.45014]}},{"type":"Feature","properties":{"name":"Ellerman Street","cls":6},"geometry":{"type":"Point","coordinates":[142.02657,-36.44281]}},{"type":"Feature","properties":{"name":"School Street","cls":6},"geometry":{"type":"Point","coordinates":[142.03513,-36.45153]}},{"type":"Feature","properties":{"name":"High Street","cls":3},"geometry":{"type":"Point","coordinates":[142.03419,-36.45511]}},{"type":"Feature","properties":{"name":"Martindale Street","cls":6},"geometry":{"type":"Point","coordinates":[142.02181,-36.44828]}},{"type":"Feature","properties":{"name":"Faith Street","cls":6},"geometry":{"type":"Point","coordinates":[142.00946,-36.44635]}},{"type":"Feature","properties":{"name":"Normanby Street","cls":6},"geometry":{"type":"Point","coordinates":[142.02417,-36.45227]}},{"type":"Feature","properties":{"name":"Upper Regions Street","cls":6},"geometry":{"type":"Point","coordinates":[142.03828,-36.45949]}},{"type":"Feature","properties":{"name":"Lewis Street","cls":6},"geometry":{"type":"Point","coordinates":[142.21224,-36.70791]}},{"type":"Feature","properties":{"name":"Coughlin Court","cls":6},"geometry":{"type":"Point","coordinates":[142.2125,-36.71572]}},{"type":"Feature","properties":{"name":"Wright Place","cls":6},"geometry":{"type":"Point","coordinates":[142.21434,-36.70654]}},{"type":"Feature","properties":{"name":"Francis Road","cls":5},"geometry":{"type":"Point","coordinates":[142.21748,-36.65323]}},{"type":"Feature","properties":{"name":"West Wail Road","cls":5},"geometry":{"type":"Point","coordinates":[142.06393,-36.57729]}},{"type":"Feature","properties":{"name":"Banyena Road","cls":5},"geometry":{"type":"Point","coordinates":[142.162,-36.56586]}},{"type":"Feature","properties":{"name":"Wail-Polkemmet Road","cls":5},"geometry":{"type":"Point","coordinates":[142.03743,-36.58942]}},{"type":"Feature","properties":{"name":"Remlaw Station Road","cls":5},"geometry":{"type":"Point","coordinates":[142.11714,-36.70141]}},{"type":"Feature","properties":{"name":"Reinheimers Road","cls":5},"geometry":{"type":"Point","coordinates":[142.02295,-36.62495]}},{"type":"Feature","properties":{"name":"Kalkee School Road","cls":5},"geometry":{"type":"Point","coordinates":[142.23565,-36.53796]}},{"type":"Feature","properties":{"name":"Station Street","cls":6},"geometry":{"type":"Point","coordinates":[142.11916,-36.58768]}},{"type":"Feature","properties":{"name":"Banyena Road","cls":5},"geometry":{"type":"Point","coordinates":[142.25419,-36.55799]}},{"type":"Feature","properties":{"name":"Pimpinio School Road","cls":6},"geometry":{"type":"Point","coordinates":[142.11669,-36.58509]}},{"type":"Feature","properties":{"name":"Bartletts Road","cls":5},"geometry":{"type":"Point","coordinates":[142.09785,-36.56475]}},{"type":"Feature","properties":{"name":"Ladlows Road","cls":5},"geometry":{"type":"Point","coordinates":[142.23852,-36.60785]}},{"type":"Feature","properties":{"name":"Jenkinsons Road","cls":5},"geometry":{"type":"Point","coordinates":[142.14431,-36.62459]}},{"type":"Feature","properties":{"name":"Miller Street","cls":6},"geometry":{"type":"Point","coordinates":[142.11991,-36.58433]}},{"type":"Feature","properties":{"name":"Station Street","cls":6},"geometry":{"type":"Point","coordinates":[142.12058,-36.58647]}},{"type":"Feature","properties":{"name":"Dooen South Road","cls":5},"geometry":{"type":"Point","coordinates":[142.22327,-36.6533]}},{"type":"Feature","properties":{"name":"Dahlen Quarry Road","cls":5},"geometry":{"type":"Point","coordinates":[142.12808,-36.63911]}},{"type":"Feature","properties":{"name":"Fisher Street","cls":6},"geometry":{"type":"Point","coordinates":[142.11933,-36.58466]}},{"type":"Feature","properties":{"name":"Pimpinio Tip Road","cls":5},"geometry":{"type":"Point","coordinates":[142.11786,-36.58256]}},{"type":"Feature","properties":{"name":"Geodetic Road","cls":5},"geometry":{"type":"Point","coordinates":[142.16833,-36.57098]}},{"type":"Feature","properties":{"name":"Dahlen Quarry Road","cls":5},"geometry":{"type":"Point","coordinates":[142.07113,-36.63928]}},{"type":"Feature","properties":{"name":"Green Lake Road","cls":4},"geometry":{"type":"Point","coordinates":[142.28515,-36.82918]}},{"type":"Feature","properties":{"name":"Dock Lake Road","cls":4},"geometry":{"type":"Point","coordinates":[142.31074,-36.78404]}},{"type":"Feature","properties":{"name":"Northern Grampians Road","cls":3},"geometry":{"type":"Point","coordinates":[142.34005,-36.81773]}},{"type":"Feature","properties":{"name":"McLachlan Street","cls":6},"geometry":{"type":"Point","coordinates":[142.19833,-36.7131]}},{"type":"Feature","properties":{"name":"McLachlan Street","cls":6},"geometry":{"type":"Point","coordinates":[142.19864,-36.7131]}},{"type":"Feature","properties":{"name":"North East Wonwondah Road","cls":4},"geometry":{"type":"Point","coordinates":[142.19076,-36.87813]}},{"type":"Feature","properties":{"name":"North East Wonwondah Road","cls":4},"geometry":{"type":"Point","coordinates":[142.21181,-36.87774]}},{"type":"Feature","properties":{"name":"Laharum Road","cls":3},"geometry":{"type":"Point","coordinates":[142.23169,-36.87637]}},{"type":"Feature","properties":{"name":"Cameron Road","cls":6},"geometry":{"type":"Point","coordinates":[142.22339,-36.73323]}},{"type":"Feature","properties":{"name":"Ritchie Court","cls":6},"geometry":{"type":"Point","coordinates":[142.1802,-36.71197]}},{"type":"Feature","properties":{"name":"Flintoff Close","cls":6},"geometry":{"type":"Point","coordinates":[142.19181,-36.70175]}},{"type":"Feature","properties":{"name":"Fraser Drive","cls":6},"geometry":{"type":"Point","coordinates":[142.19235,-36.70131]}},{"type":"Feature","properties":{"name":"Ashwin Close","cls":6},"geometry":{"type":"Point","coordinates":[142.19449,-36.71878]}},{"type":"Feature","properties":{"name":"Uebergang Court","cls":6},"geometry":{"type":"Point","coordinates":[142.19032,-36.70226]}},{"type":"Feature","properties":{"name":"Motavu Drive","cls":6},"geometry":{"type":"Point","coordinates":[142.20076,-36.69907]}},{"type":"Feature","properties":{"name":"Guy Court","cls":6},"geometry":{"type":"Point","coordinates":[142.19749,-36.70034]}},{"type":"Feature","properties":{"name":"Thornley Street","cls":6},"geometry":{"type":"Point","coordinates":[142.17787,-36.7136]}},{"type":"Feature","properties":{"name":"Perkins Court","cls":6},"geometry":{"type":"Point","coordinates":[142.19169,-36.70089]}},{"type":"Feature","properties":{"name":"Dumesny Street","cls":6},"geometry":{"type":"Point","coordinates":[142.17649,-36.71631]}},{"type":"Feature","properties":{"name":"Stewart Street","cls":6},"geometry":{"type":"Point","coordinates":[142.1935,-36.7046]}},{"type":"Feature","properties":{"name":"Jardwa Court","cls":6},"geometry":{"type":"Point","coordinates":[142.19414,-36.72436]}},{"type":"Feature","properties":{"name":"Tunnel Road","cls":5},"geometry":{"type":"Point","coordinates":[142.58798,-37.18203]}},{"type":"Feature","properties":{"name":"Silverband Road","cls":3},"geometry":{"type":"Point","coordinates":[142.50384,-37.17725]}},{"type":"Feature","properties":{"name":"Victoria Street","cls":6},"geometry":{"type":"Point","coordinates":[142.03036,-36.45724]}},{"type":"Feature","properties":{"name":"School Road","cls":4},"geometry":{"type":"Point","coordinates":[142.28534,-36.75205]}},{"type":"Feature","properties":{"name":"North Road","cls":5},"geometry":{"type":"Point","coordinates":[142.30361,-36.73848]}},{"type":"Feature","properties":{"name":"Dimboola Street","cls":6},"geometry":{"type":"Point","coordinates":[142.03673,-36.46022]}},{"type":"Feature","properties":{"name":"Park Street","cls":6},"geometry":{"type":"Point","coordinates":[142.0323,-36.46076]}},{"type":"Feature","properties":{"name":"Swallows Lane","cls":6},"geometry":{"type":"Point","coordinates":[142.01325,-36.44273]}},{"type":"Feature","properties":{"name":"Burnside Avenue","cls":6},"geometry":{"type":"Point","coordinates":[142.0357,-36.46088]}},{"type":"Feature","properties":{"name":"Lochiel Street","cls":6},"geometry":{"type":"Point","coordinates":[142.03208,-36.45128]}},{"type":"Feature","properties":{"name":"Swallows Lane","cls":6},"geometry":{"type":"Point","coordinates":[142.00963,-36.4443]}},{"type":"Feature","properties":{"name":"New Street","cls":6},"geometry":{"type":"Point","coordinates":[142.03776,-36.45426]}},{"type":"Feature","properties":{"name":"High Street","cls":6},"geometry":{"type":"Point","coordinates":[142.03744,-36.45397]}},{"type":"Feature","properties":{"name":"Darlot Street","cls":6},"geometry":{"type":"Point","coordinates":[142.19702,-36.71201]}},{"type":"Feature","properties":{"name":"Pynsent Street","cls":6},"geometry":{"type":"Point","coordinates":[142.19738,-36.71542]}},{"type":"Feature","properties":{"name":"Pynsent Street","cls":6},"geometry":{"type":"Point","coordinates":[142.19738,-36.71548]}},{"type":"Feature","properties":{"name":"Darlot Street","cls":6},"geometry":{"type":"Point","coordinates":[142.19722,-36.71604]}},{"type":"Feature","properties":{"name":"Stawell Road","cls":1},"geometry":{"type":"Point","coordinates":[142.20776,-36.7353]}},{"type":"Feature","properties":{"name":"Darlot Street","cls":6},"geometry":{"type":"Point","coordinates":[142.19716,-36.71235]}},{"type":"Feature","properties":{"name":"Darlot Street","cls":6},"geometry":{"type":"Point","coordinates":[142.19708,-36.71484]}},{"type":"Feature","properties":{"name":"Riverside East Road","cls":6},"geometry":{"type":"Point","coordinates":[142.24907,-36.70243]}},{"type":"Feature","properties":{"name":"Clynes Road","cls":5},"geometry":{"type":"Point","coordinates":[142.25785,-36.78243]}},{"type":"Feature","properties":{"name":"Carine Street","cls":6},"geometry":{"type":"Point","coordinates":[142.18707,-36.73555]}},{"type":"Feature","properties":{"name":"East Road","cls":5},"geometry":{"type":"Point","coordinates":[142.30503,-36.7189]}},{"type":"Feature","properties":{"name":"Ballinger Street","cls":6},"geometry":{"type":"Point","coordinates":[142.18728,-36.7353]}},{"type":"Feature","properties":{"name":"Carine Street","cls":6},"geometry":{"type":"Point","coordinates":[142.18871,-36.73554]}},{"type":"Feature","properties":{"name":"Carine Street","cls":6},"geometry":{"type":"Point","coordinates":[142.18668,-36.73551]}},{"type":"Feature","properties":{"name":"Plozzas Road","cls":4},"geometry":{"type":"Point","coordinates":[142.18573,-36.7529]}},{"type":"Feature","properties":{"name":"Ballinger Street","cls":6},"geometry":{"type":"Point","coordinates":[142.18737,-36.73571]}},{"type":"Feature","properties":{"name":"Carine Street","cls":6},"geometry":{"type":"Point","coordinates":[142.18761,-36.73548]}},{"type":"Feature","properties":{"name":"Kendal Drive","cls":5},"geometry":{"type":"Point","coordinates":[142.19889,-36.73821]}},{"type":"Feature","properties":{"name":"East Road","cls":5},"geometry":{"type":"Point","coordinates":[142.30308,-36.76836]}},{"type":"Feature","properties":{"name":"Bates Road","cls":5},"geometry":{"type":"Point","coordinates":[142.43647,-36.65075]}},{"type":"Feature","properties":{"name":"Gulbin Road","cls":5},"geometry":{"type":"Point","coordinates":[142.45734,-36.64445]}},{"type":"Feature","properties":{"name":"Forest Home Road","cls":5},"geometry":{"type":"Point","coordinates":[142.4229,-36.6623]}},{"type":"Feature","properties":{"name":"Delahuntys Road","cls":5},"geometry":{"type":"Point","coordinates":[142.40148,-36.65423]}},{"type":"Feature","properties":{"name":"Dimboola East Road","cls":5},"geometry":{"type":"Point","coordinates":[142.14606,-36.3483]}},{"type":"Feature","properties":{"name":"Old Minyip Road","cls":5},"geometry":{"type":"Point","coordinates":[142.29453,-36.47023]}},{"type":"Feature","properties":{"name":"Longerenong-Warracknabeal Road","cls":5},"geometry":{"type":"Point","coordinates":[142.41163,-36.451]}},{"type":"Feature","properties":{"name":"Dogwood Road","cls":5},"geometry":{"type":"Point","coordinates":[142.29099,-36.46071]}},{"type":"Feature","properties":{"name":"Fimmels Road","cls":5},"geometry":{"type":"Point","coordinates":[142.44377,-36.4418]}},{"type":"Feature","properties":{"name":"Sleeps Road","cls":5},"geometry":{"type":"Point","coordinates":[142.32052,-36.5143]}},{"type":"Feature","properties":{"name":"Firebrace Street","cls":6},"geometry":{"type":"Point","coordinates":[142.1998,-36.72041]}},{"type":"Feature","properties":{"name":"Wavell Street","cls":6},"geometry":{"type":"Point","coordinates":[142.19413,-36.70263]}},{"type":"Feature","properties":{"name":"De Castella Drive","cls":6},"geometry":{"type":"Point","coordinates":[142.18919,-36.70051]}},{"type":"Feature","properties":{"name":"Geranium Springs Road","cls":5},"geometry":{"type":"Point","coordinates":[142.25284,-37.10723]}},{"type":"Feature","properties":{"name":"Grahams Bridge Road","cls":5},"geometry":{"type":"Point","coordinates":[142.22503,-36.9133]}},{"type":"Feature","properties":{"name":"Horsham-Lubeck Road","cls":4},"geometry":{"type":"Point","coordinates":[142.3323,-36.76555]}},{"type":"Feature","properties":{"name":"Horsham-Lubeck Road","cls":4},"geometry":{"type":"Point","coordinates":[142.32704,-36.76585]}},{"type":"Feature","properties":{"name":"Margaret Street","cls":6},"geometry":{"type":"Point","coordinates":[142.21321,-36.71213]}},{"type":"Feature","properties":{"name":"West Road","cls":5},"geometry":{"type":"Point","coordinates":[142.26708,-36.76432]}},{"type":"Feature","properties":{"name":"West Road","cls":5},"geometry":{"type":"Point","coordinates":[142.26706,-36.76744]}},{"type":"Feature","properties":{"name":"Pomponderoo Hill Road","cls":5},"geometry":{"type":"Point","coordinates":[142.00836,-36.49717]}},{"type":"Feature","properties":{"name":"River Track","cls":5},"geometry":{"type":"Point","coordinates":[142.02514,-36.5189]}},{"type":"Feature","properties":{"name":"River Track","cls":5},"geometry":{"type":"Point","coordinates":[142.02672,-36.51042]}},{"type":"Feature","properties":{"name":"McTavish Boulevard","cls":6},"geometry":{"type":"Point","coordinates":[142.20175,-36.72624]}},{"type":"Feature","properties":{"name":"River Road","cls":6},"geometry":{"type":"Point","coordinates":[142.20231,-36.72498]}},{"type":"Feature","properties":{"name":"Gordon Street","cls":6},"geometry":{"type":"Point","coordinates":[142.2039,-36.7306]}},{"type":"Feature","properties":{"name":"Krause Road","cls":5},"geometry":{"type":"Point","coordinates":[142.50882,-36.91589]}},{"type":"Feature","properties":{"name":"Daves Avenue","cls":5},"geometry":{"type":"Point","coordinates":[142.57744,-36.9448]}},{"type":"Feature","properties":{"name":"Eagles Road","cls":5},"geometry":{"type":"Point","coordinates":[142.23951,-36.82643]}},{"type":"Feature","properties":{"name":"Golton Road","cls":5},"geometry":{"type":"Point","coordinates":[142.44936,-36.87438]}},{"type":"Feature","properties":{"name":"Howard Road","cls":5},"geometry":{"type":"Point","coordinates":[142.57753,-36.95355]}},{"type":"Feature","properties":{"name":"Peuckers Road","cls":5},"geometry":{"type":"Point","coordinates":[142.25503,-36.76759]}},{"type":"Feature","properties":{"name":"Mackies Road","cls":5},"geometry":{"type":"Point","coordinates":[142.20895,-36.76764]}},{"type":"Feature","properties":{"name":"Peuckers Road","cls":5},"geometry":{"type":"Point","coordinates":[142.24977,-36.81768]}},{"type":"Feature","properties":{"name":"Phillips Road","cls":4},"geometry":{"type":"Point","coordinates":[142.60812,-36.92823]}},{"type":"Feature","properties":{"name":"St Leonards Road","cls":5},"geometry":{"type":"Point","coordinates":[142.5595,-36.93162]}},{"type":"Feature","properties":{"name":"Stelee Park Drive","cls":5},"geometry":{"type":"Point","coordinates":[142.43112,-36.85851]}},{"type":"Feature","properties":{"name":"Wonwondah - Dadswells Bridge Road","cls":4},"geometry":{"type":"Point","coordinates":[142.36994,-36.86562]}},{"type":"Feature","properties":{"name":"Zippels Road","cls":5},"geometry":{"type":"Point","coordinates":[142.23939,-36.85939]}},{"type":"Feature","properties":{"name":"Arnotts Road","cls":5},"geometry":{"type":"Point","coordinates":[142.33139,-36.84141]}},{"type":"Feature","properties":{"name":"Bakers Road","cls":5},"geometry":{"type":"Point","coordinates":[142.20036,-36.78202]}},{"type":"Feature","properties":{"name":"Hardinghams Road","cls":5},"geometry":{"type":"Point","coordinates":[142.18714,-36.7667]}},{"type":"Feature","properties":{"name":"Eagles Road","cls":5},"geometry":{"type":"Point","coordinates":[142.29371,-36.83396]}},{"type":"Feature","properties":{"name":"Exells Road","cls":5},"geometry":{"type":"Point","coordinates":[142.20559,-36.81141]}},{"type":"Feature","properties":{"name":"Grahams Bridge Road","cls":5},"geometry":{"type":"Point","coordinates":[142.21217,-36.80415]}},{"type":"Feature","properties":{"name":"Hardinghams Road","cls":5},"geometry":{"type":"Point","coordinates":[142.19138,-36.79219]}},{"type":"Feature","properties":{"name":"Hardinghams Road","cls":5},"geometry":{"type":"Point","coordinates":[142.18723,-36.77633]}},{"type":"Feature","properties":{"name":"Hardinghams Road","cls":5},"geometry":{"type":"Point","coordinates":[142.18729,-36.77547]}},{"type":"Feature","properties":{"name":"Hardinghams Road","cls":5},"geometry":{"type":"Point","coordinates":[142.18725,-36.78095]}},{"type":"Feature","properties":{"name":"Holes Road","cls":6},"geometry":{"type":"Point","coordinates":[142.21809,-36.75305]}},{"type":"Feature","properties":{"name":"Laharum Road","cls":3},"geometry":{"type":"Point","coordinates":[142.23041,-36.81299]}},{"type":"Feature","properties":{"name":"Mackies Road","cls":5},"geometry":{"type":"Point","coordinates":[142.18675,-36.76745]}},{"type":"Feature","properties":{"name":"Millers Road","cls":5},"geometry":{"type":"Point","coordinates":[142.23663,-36.81182]}},{"type":"Feature","properties":{"name":"Old Wartook Road","cls":5},"geometry":{"type":"Point","coordinates":[142.31146,-36.85965]}},{"type":"Feature","properties":{"name":"Laharum Road","cls":3},"geometry":{"type":"Point","coordinates":[142.23072,-36.87534]}},{"type":"Feature","properties":{"name":"One Tree Road","cls":5},"geometry":{"type":"Point","coordinates":[142.2672,-36.85979]}},{"type":"Feature","properties":{"name":"One Tree Road","cls":5},"geometry":{"type":"Point","coordinates":[142.26706,-36.78387]}},{"type":"Feature","properties":{"name":"Pennys Road","cls":5},"geometry":{"type":"Point","coordinates":[142.19383,-36.80516]}},{"type":"Feature","properties":{"name":"McKenzie Creek Reserve Road","cls":5},"geometry":{"type":"Point","coordinates":[142.18036,-36.81055]}},{"type":"Feature","properties":{"name":"Schier Drive","cls":6},"geometry":{"type":"Point","coordinates":[142.20727,-36.75984]}},{"type":"Feature","properties":{"name":"Taylors Road","cls":5},"geometry":{"type":"Point","coordinates":[142.30342,-36.82093]}},{"type":"Feature","properties":{"name":"Western Highway","cls":1},"geometry":{"type":"Point","coordinates":[142.37849,-36.8277]}},{"type":"Feature","properties":{"name":"Western Highway","cls":1},"geometry":{"type":"Point","coordinates":[142.39453,-36.83537]}},{"type":"Feature","properties":{"name":"Remlaw Station Road","cls":5},"geometry":{"type":"Point","coordinates":[142.1168,-36.64428]}},{"type":"Feature","properties":{"name":"Drendels Road","cls":5},"geometry":{"type":"Point","coordinates":[142.09217,-36.61001]}},{"type":"Feature","properties":{"name":"Ellis Road","cls":5},"geometry":{"type":"Point","coordinates":[142.05912,-36.6108]}},{"type":"Feature","properties":{"name":"Ellis Road","cls":5},"geometry":{"type":"Point","coordinates":[142.05906,-36.579]}},{"type":"Feature","properties":{"name":"Keatings Road","cls":5},"geometry":{"type":"Point","coordinates":[142.13507,-36.6899]}},{"type":"Feature","properties":{"name":"Northern Grampians Road","cls":3},"geometry":{"type":"Point","coordinates":[142.33994,-36.82695]}},{"type":"Feature","properties":{"name":"Northern Grampians Road","cls":3},"geometry":{"type":"Point","coordinates":[142.3312,-36.88688]}},{"type":"Feature","properties":{"name":"Polkemmet East School Road","cls":5},"geometry":{"type":"Point","coordinates":[142.0255,-36.6407]}},{"type":"Feature","properties":{"name":"Hutchinsons Road","cls":4},"geometry":{"type":"Point","coordinates":[142.049,-36.7695]}},{"type":"Feature","properties":{"name":"Quantong Cemetery Road","cls":5},"geometry":{"type":"Point","coordinates":[142.04457,-36.64105]}},{"type":"Feature","properties":{"name":"Quantong-Polkemmet Road","cls":5},"geometry":{"type":"Point","coordinates":[141.99198,-36.65684]}},{"type":"Feature","properties":{"name":"Reinheimers Road","cls":5},"geometry":{"type":"Point","coordinates":[142.10656,-36.62473]}},{"type":"Feature","properties":{"name":"Remlaw Road","cls":6},"geometry":{"type":"Point","coordinates":[142.18073,-36.71069]}},{"type":"Feature","properties":{"name":"Remlaw Road","cls":5},"geometry":{"type":"Point","coordinates":[142.0581,-36.71383]}},{"type":"Feature","properties":{"name":"Riley Road","cls":4},"geometry":{"type":"Point","coordinates":[142.16991,-36.69697]}},{"type":"Feature","properties":{"name":"Three Mile Road","cls":5},"geometry":{"type":"Point","coordinates":[142.13715,-36.68263]}},{"type":"Feature","properties":{"name":"Three Mile Road","cls":5},"geometry":{"type":"Point","coordinates":[142.15937,-36.68253]}},{"type":"Feature","properties":{"name":"Three Mile Road","cls":5},"geometry":{"type":"Point","coordinates":[142.05715,-36.68293]}},{"type":"Feature","properties":{"name":"Western Highway","cls":1},"geometry":{"type":"Point","coordinates":[142.36244,-36.82002]}},{"type":"Feature","properties":{"name":"Western Highway","cls":1},"geometry":{"type":"Point","coordinates":[142.34208,-36.80899]}},{"type":"Feature","properties":{"name":"Borgelt Road","cls":5},"geometry":{"type":"Point","coordinates":[142.00745,-36.41835]}},{"type":"Feature","properties":{"name":"Collard Road","cls":5},"geometry":{"type":"Point","coordinates":[141.9885,-36.39385]}},{"type":"Feature","properties":{"name":"Dimboola East Road","cls":5},"geometry":{"type":"Point","coordinates":[142.14737,-36.46111]}},{"type":"Feature","properties":{"name":"Geodetic Road","cls":5},"geometry":{"type":"Point","coordinates":[142.16459,-36.47564]}},{"type":"Feature","properties":{"name":"Hindmarsh Street","cls":6},"geometry":{"type":"Point","coordinates":[142.03433,-36.45544]}},{"type":"Feature","properties":{"name":"Kornheim Road","cls":5},"geometry":{"type":"Point","coordinates":[142.15414,-36.45211]}},{"type":"Feature","properties":{"name":"Lawson Road","cls":5},"geometry":{"type":"Point","coordinates":[142.06773,-36.47448]}},{"type":"Feature","properties":{"name":"Nursery Road","cls":5},"geometry":{"type":"Point","coordinates":[142.04617,-36.46774]}},{"type":"Feature","properties":{"name":"Old Minyip Road","cls":4},"geometry":{"type":"Point","coordinates":[142.1497,-36.47]}},{"type":"Feature","properties":{"name":"Patterson Road","cls":5},"geometry":{"type":"Point","coordinates":[142.05752,-36.47648]}},{"type":"Feature","properties":{"name":"Picnic Bend Road","cls":5},"geometry":{"type":"Point","coordinates":[142.05283,-36.47458]}},{"type":"Feature","properties":{"name":"Picnic Bend Road","cls":5},"geometry":{"type":"Point","coordinates":[142.04748,-36.4787]}},{"type":"Feature","properties":{"name":"Pietsch Road","cls":5},"geometry":{"type":"Point","coordinates":[142.15177,-36.47763]}},{"type":"Feature","properties":{"name":"River Road","cls":5},"geometry":{"type":"Point","coordinates":[141.96908,-36.40949]}},{"type":"Feature","properties":{"name":"Settlement Road","cls":5},"geometry":{"type":"Point","coordinates":[142.07867,-36.47673]}},{"type":"Feature","properties":{"name":"Tonkins Road","cls":5},"geometry":{"type":"Point","coordinates":[142.18842,-36.47529]}},{"type":"Feature","properties":{"name":"Wail-Kalkee Road","cls":5},"geometry":{"type":"Point","coordinates":[142.16745,-36.5109]}},{"type":"Feature","properties":{"name":"C Werners Road","cls":5},"geometry":{"type":"Point","coordinates":[141.67999,-36.3913]}},{"type":"Feature","properties":{"name":"Coker Dam Road","cls":5},"geometry":{"type":"Point","coordinates":[141.76976,-36.4004]}},{"type":"Feature","properties":{"name":"Howland Road","cls":5},"geometry":{"type":"Point","coordinates":[141.9796,-36.42273]}},{"type":"Feature","properties":{"name":"Janetzkis Road","cls":5},"geometry":{"type":"Point","coordinates":[141.7165,-36.39497]}},{"type":"Feature","properties":{"name":"Jordan Road","cls":5},"geometry":{"type":"Point","coordinates":[141.9318,-36.43277]}},{"type":"Feature","properties":{"name":"Jordan Road","cls":5},"geometry":{"type":"Point","coordinates":[141.90609,-36.43016]}},{"type":"Feature","properties":{"name":"Salisbury South Road","cls":5},"geometry":{"type":"Point","coordinates":[141.74564,-36.40233]}},{"type":"Feature","properties":{"name":"Sallmann Road","cls":5},"geometry":{"type":"Point","coordinates":[141.95673,-36.43384]}},{"type":"Feature","properties":{"name":"Warner Road","cls":5},"geometry":{"type":"Point","coordinates":[141.93818,-36.42545]}},{"type":"Feature","properties":{"name":"Winiam East Road","cls":4},"geometry":{"type":"Point","coordinates":[141.70696,-36.38145]}},{"type":"Feature","properties":{"name":"Bothes Road","cls":5},"geometry":{"type":"Point","coordinates":[142.11964,-36.82482]}},{"type":"Feature","properties":{"name":"Bothes South Road","cls":5},"geometry":{"type":"Point","coordinates":[142.12204,-36.85025]}},{"type":"Feature","properties":{"name":"Curtis Road","cls":5},"geometry":{"type":"Point","coordinates":[142.16176,-36.89139]}},{"type":"Feature","properties":{"name":"Donald Swamp Road","cls":5},"geometry":{"type":"Point","coordinates":[142.17463,-36.93207]}},{"type":"Feature","properties":{"name":"Hammonds Woolshed Road","cls":5},"geometry":{"type":"Point","coordinates":[142.19909,-36.94173]}},{"type":"Feature","properties":{"name":"Heards Road","cls":5},"geometry":{"type":"Point","coordinates":[142.13499,-36.92076]}},{"type":"Feature","properties":{"name":"Hills Road","cls":5},"geometry":{"type":"Point","coordinates":[142.11525,-36.93913]}},{"type":"Feature","properties":{"name":"Howards Road","cls":5},"geometry":{"type":"Point","coordinates":[142.12838,-36.94111]}},{"type":"Feature","properties":{"name":"Irrigation Lane","cls":5},"geometry":{"type":"Point","coordinates":[142.1497,-36.94151]}},{"type":"Feature","properties":{"name":"Jallumba-Mockinya Road","cls":5},"geometry":{"type":"Point","coordinates":[142.04883,-36.94768]}},{"type":"Feature","properties":{"name":"Kingcourt Swamp Road","cls":5},"geometry":{"type":"Point","coordinates":[142.19115,-36.9236]}},{"type":"Feature","properties":{"name":"Lanes Road","cls":5},"geometry":{"type":"Point","coordinates":[142.11124,-36.87058]}},{"type":"Feature","properties":{"name":"Lower Norton-Nurrabiel Road","cls":4},"geometry":{"type":"Point","coordinates":[142.06109,-36.84949]}},{"type":"Feature","properties":{"name":"Motts Road","cls":5},"geometry":{"type":"Point","coordinates":[142.08048,-36.86937]}},{"type":"Feature","properties":{"name":"Nixons Road","cls":5},"geometry":{"type":"Point","coordinates":[142.16196,-36.86309]}},{"type":"Feature","properties":{"name":"Nixons South Road","cls":5},"geometry":{"type":"Point","coordinates":[142.17807,-36.88228]}},{"type":"Feature","properties":{"name":"O'connors Road","cls":5},"geometry":{"type":"Point","coordinates":[142.08835,-36.87003]}},{"type":"Feature","properties":{"name":"Obiernes Road","cls":5},"geometry":{"type":"Point","coordinates":[142.20211,-36.96456]}},{"type":"Feature","properties":{"name":"Plush Hannans Road","cls":5},"geometry":{"type":"Point","coordinates":[142.09925,-36.80511]}},{"type":"Feature","properties":{"name":"Puls Lane","cls":5},"geometry":{"type":"Point","coordinates":[142.10296,-36.88397]}},{"type":"Feature","properties":{"name":"Rifle Butts Road","cls":5},"geometry":{"type":"Point","coordinates":[142.10225,-36.85989]}},{"type":"Feature","properties":{"name":"Smiths Reserve Road","cls":5},"geometry":{"type":"Point","coordinates":[142.09846,-36.78586]}},{"type":"Feature","properties":{"name":"Tullys Lane","cls":5},"geometry":{"type":"Point","coordinates":[142.15793,-36.92579]}},{"type":"Feature","properties":{"name":"Tyers Road","cls":5},"geometry":{"type":"Point","coordinates":[142.13868,-36.84076]}},{"type":"Feature","properties":{"name":"Henty Highway","cls":1},"geometry":{"type":"Point","coordinates":[142.17891,-37.03603]}},{"type":"Feature","properties":{"name":"Henty Highway","cls":1},"geometry":{"type":"Point","coordinates":[142.18661,-37.112]}},{"type":"Feature","properties":{"name":"Barrabool Road","cls":5},"geometry":{"type":"Point","coordinates":[142.47456,-36.66815]}},{"type":"Feature","properties":{"name":"Crams Road","cls":5},"geometry":{"type":"Point","coordinates":[142.49077,-36.62779]}},{"type":"Feature","properties":{"name":"Edmonds Road","cls":5},"geometry":{"type":"Point","coordinates":[142.4904,-36.64643]}},{"type":"Feature","properties":{"name":"Hill Crest Road","cls":5},"geometry":{"type":"Point","coordinates":[142.4765,-36.63183]}},{"type":"Feature","properties":{"name":"Jacks Road","cls":5},"geometry":{"type":"Point","coordinates":[142.46488,-36.66118]}},{"type":"Feature","properties":{"name":"Rigbys Road","cls":5},"geometry":{"type":"Point","coordinates":[141.93177,-37.27989]}},{"type":"Feature","properties":{"name":"Rocklands Road","cls":5},"geometry":{"type":"Point","coordinates":[141.90335,-37.22704]}},{"type":"Feature","properties":{"name":"Charam - Wombelano Road","cls":4},"geometry":{"type":"Point","coordinates":[141.57566,-36.99824]}},{"type":"Feature","properties":{"name":"Harrow-Clear Lake Road","cls":4},"geometry":{"type":"Point","coordinates":[141.85225,-36.97471]}},{"type":"Feature","properties":{"name":"Harrow-Clear Lake Road","cls":4},"geometry":{"type":"Point","coordinates":[141.75676,-37.01811]}},{"type":"Feature","properties":{"name":"Clear Lake - Sherwoods Dam Road","cls":4},"geometry":{"type":"Point","coordinates":[141.8569,-36.83001]}},{"type":"Feature","properties":{"name":"Clear Lake - Sherwoods Dam Road","cls":4},"geometry":{"type":"Point","coordinates":[141.85628,-36.90567]}},{"type":"Feature","properties":{"name":"Station Street","cls":6},"geometry":{"type":"Point","coordinates":[141.94214,-36.74365]}},{"type":"Feature","properties":{"name":"Station Street","cls":6},"geometry":{"type":"Point","coordinates":[141.93977,-36.74452]}},{"type":"Feature","properties":{"name":"Schmidt Street","cls":6},"geometry":{"type":"Point","coordinates":[141.94156,-36.74286]}},{"type":"Feature","properties":{"name":"Depot Lane","cls":6},"geometry":{"type":"Point","coordinates":[141.93919,-36.74395]}},{"type":"Feature","properties":{"name":"Duncan Street","cls":6},"geometry":{"type":"Point","coordinates":[141.94108,-36.74467]}},{"type":"Feature","properties":{"name":"Knight Street","cls":6},"geometry":{"type":"Point","coordinates":[141.9423,-36.74527]}},{"type":"Feature","properties":{"name":"Bert Redfords Road","cls":5},"geometry":{"type":"Point","coordinates":[141.67273,-36.69399]}},{"type":"Feature","properties":{"name":"Albert Isaacsons Road","cls":5},"geometry":{"type":"Point","coordinates":[141.68274,-36.73991]}},{"type":"Feature","properties":{"name":"Duffholme Road","cls":5},"geometry":{"type":"Point","coordinates":[141.73286,-36.75198]}},{"type":"Feature","properties":{"name":"Tooan - Mitre Road","cls":4},"geometry":{"type":"Point","coordinates":[141.7819,-36.76731]}},{"type":"Feature","properties":{"name":"Mitre - Grass Flat Road","cls":4},"geometry":{"type":"Point","coordinates":[141.83191,-36.70551]}},{"type":"Feature","properties":{"name":"South Street","cls":6},"geometry":{"type":"Point","coordinates":[142.58959,-36.46108]}},{"type":"Feature","properties":{"name":"Wimmera Street","cls":6},"geometry":{"type":"Point","coordinates":[142.59037,-36.45916]}},{"type":"Feature","properties":{"name":"Morris Street","cls":6},"geometry":{"type":"Point","coordinates":[142.59089,-36.46322]}},{"type":"Feature","properties":{"name":"Foundry Street","cls":6},"geometry":{"type":"Point","coordinates":[142.58963,-36.45902]}},{"type":"Feature","properties":{"name":"Petering Street","cls":6},"geometry":{"type":"Point","coordinates":[142.58603,-36.45737]}},{"type":"Feature","properties":{"name":"Market Street","cls":6},"geometry":{"type":"Point","coordinates":[142.58798,-36.45757]}},{"type":"Feature","properties":{"name":"McLeod Street","cls":6},"geometry":{"type":"Point","coordinates":[142.59188,-36.45706]}},{"type":"Feature","properties":{"name":"Loats Street","cls":6},"geometry":{"type":"Point","coordinates":[142.58556,-36.46498]}},{"type":"Feature","properties":{"name":"Station Street","cls":6},"geometry":{"type":"Point","coordinates":[142.58364,-36.46165]}},{"type":"Feature","properties":{"name":"Carroll Street","cls":6},"geometry":{"type":"Point","coordinates":[142.58996,-36.46235]}},{"type":"Feature","properties":{"name":"Mill Street","cls":6},"geometry":{"type":"Point","coordinates":[142.58646,-36.46223]}},{"type":"Feature","properties":{"name":"Phillips Street","cls":6},"geometry":{"type":"Point","coordinates":[142.59104,-36.46485]}},{"type":"Feature","properties":{"name":"Mount Pleasant Road","cls":4},"geometry":{"type":"Point","coordinates":[142.59478,-36.38594]}},{"type":"Feature","properties":{"name":"Johnston Road","cls":6},"geometry":{"type":"Point","coordinates":[142.59041,-36.4664]}},{"type":"Feature","properties":{"name":"Flett Street","cls":5},"geometry":{"type":"Point","coordinates":[142.58322,-36.45785]}},{"type":"Feature","properties":{"name":"Kewell East Road","cls":5},"geometry":{"type":"Point","coordinates":[142.49001,-36.41221]}},{"type":"Feature","properties":{"name":"Kewell-Tarkedia Road","cls":5},"geometry":{"type":"Point","coordinates":[142.49056,-36.39273]}},{"type":"Feature","properties":{"name":"Barrat Road","cls":5},"geometry":{"type":"Point","coordinates":[142.30992,-36.39294]}},{"type":"Feature","properties":{"name":"Glatz Road","cls":5},"geometry":{"type":"Point","coordinates":[142.00816,-36.39762]}},{"type":"Feature","properties":{"name":"Wonwondah - Toolondo Road","cls":4},"geometry":{"type":"Point","coordinates":[142.03036,-36.93433]}},{"type":"Feature","properties":{"name":"Jeffries Road","cls":5},"geometry":{"type":"Point","coordinates":[141.90672,-37.06771]}},{"type":"Feature","properties":{"name":"Bell Street","cls":6},"geometry":{"type":"Point","coordinates":[141.84061,-37.24865]}},{"type":"Feature","properties":{"name":"Simson Street","cls":6},"geometry":{"type":"Point","coordinates":[141.83902,-37.24888]}},{"type":"Feature","properties":{"name":"Fairburn Street","cls":6},"geometry":{"type":"Point","coordinates":[141.83961,-37.24693]}},{"type":"Feature","properties":{"name":"Urquhart Street","cls":6},"geometry":{"type":"Point","coordinates":[141.84245,-37.24702]}},{"type":"Feature","properties":{"name":"Glendinning Street","cls":6},"geometry":{"type":"Point","coordinates":[141.84251,-37.24874]}},{"type":"Feature","properties":{"name":"Vectis Station Road","cls":5},"geometry":{"type":"Point","coordinates":[142.06286,-36.69909]}},{"type":"Feature","properties":{"name":"Mulligans Road","cls":5},"geometry":{"type":"Point","coordinates":[142.55848,-36.78937]}},{"type":"Feature","properties":{"name":"McIntosh Avenue","cls":6},"geometry":{"type":"Point","coordinates":[142.62769,-36.63631]}},{"type":"Feature","properties":{"name":"Ron Lingham Drive","cls":6},"geometry":{"type":"Point","coordinates":[142.62655,-36.63516]}},{"type":"Feature","properties":{"name":"Dyer Street","cls":6},"geometry":{"type":"Point","coordinates":[142.62908,-36.6345]}},{"type":"Feature","properties":{"name":"Westcott Avenue","cls":6},"geometry":{"type":"Point","coordinates":[142.62772,-36.63184]}},{"type":"Feature","properties":{"name":"Connolly Parade","cls":6},"geometry":{"type":"Point","coordinates":[142.62863,-36.62831]}},{"type":"Feature","properties":{"name":"Ashens - Jackson Road","cls":4},"geometry":{"type":"Point","coordinates":[142.56189,-36.68292]}},{"type":"Feature","properties":{"name":"Kinsella Road","cls":5},"geometry":{"type":"Point","coordinates":[142.53609,-36.75782]}},{"type":"Feature","properties":{"name":"Loeligers Road","cls":5},"geometry":{"type":"Point","coordinates":[142.54051,-36.7378]}},{"type":"Feature","properties":{"name":"3LK Road","cls":5},"geometry":{"type":"Point","coordinates":[142.55927,-36.6935]}},{"type":"Feature","properties":{"name":"Riding Boundary Road","cls":5},"geometry":{"type":"Point","coordinates":[142.55873,-36.61488]}},{"type":"Feature","properties":{"name":"Lubeck Tip Road","cls":5},"geometry":{"type":"Point","coordinates":[142.5768,-36.74098]}},{"type":"Feature","properties":{"name":"Bryntirion Road","cls":5},"geometry":{"type":"Point","coordinates":[142.60618,-36.72961]}},{"type":"Feature","properties":{"name":"Glenorchy - Marma Road","cls":5},"geometry":{"type":"Point","coordinates":[142.51018,-36.76486]}},{"type":"Feature","properties":{"name":"Mulligans - Paynes Pool Road","cls":5},"geometry":{"type":"Point","coordinates":[142.59281,-36.81192]}},{"type":"Feature","properties":{"name":"Horsham-Wal Wal Road","cls":5},"geometry":{"type":"Point","coordinates":[142.47086,-36.81176]}},{"type":"Feature","properties":{"name":"Fauxs Bridge Road","cls":5},"geometry":{"type":"Point","coordinates":[142.51271,-36.79713]}},{"type":"Feature","properties":{"name":"Marsdale Road","cls":5},"geometry":{"type":"Point","coordinates":[142.61519,-36.83725]}},{"type":"Feature","properties":{"name":"Wal Wal - Marshdale Road","cls":5},"geometry":{"type":"Point","coordinates":[142.5875,-36.81192]}},{"type":"Feature","properties":{"name":"Wal Wal Station Road","cls":5},"geometry":{"type":"Point","coordinates":[142.61618,-36.82709]}},{"type":"Feature","properties":{"name":"Gordon Giles Road","cls":5},"geometry":{"type":"Point","coordinates":[142.59887,-36.83412]}},{"type":"Feature","properties":{"name":"Dunster Road","cls":5},"geometry":{"type":"Point","coordinates":[142.60079,-36.84127]}},{"type":"Feature","properties":{"name":"Companys Bridge - Wal Wal Road","cls":5},"geometry":{"type":"Point","coordinates":[142.5593,-36.84374]}},{"type":"Feature","properties":{"name":"Hunts Scour Companys Bridge Road","cls":5},"geometry":{"type":"Point","coordinates":[142.59574,-36.88028]}},{"type":"Feature","properties":{"name":"Giles River Road","cls":5},"geometry":{"type":"Point","coordinates":[142.58081,-36.88463]}},{"type":"Feature","properties":{"name":"Rahleys Road","cls":5},"geometry":{"type":"Point","coordinates":[142.57026,-36.92535]}},{"type":"Feature","properties":{"name":"Stapledons Road","cls":5},"geometry":{"type":"Point","coordinates":[142.52328,-36.91908]}},{"type":"Feature","properties":{"name":"Crutes South Road","cls":5},"geometry":{"type":"Point","coordinates":[142.47581,-36.88066]}},{"type":"Feature","properties":{"name":"Daveys Road","cls":5},"geometry":{"type":"Point","coordinates":[142.38341,-36.47041]}},{"type":"Feature","properties":{"name":"Longerenong-Warracknabeal Road","cls":5},"geometry":{"type":"Point","coordinates":[142.39692,-36.54561]}},{"type":"Feature","properties":{"name":"Flume Road","cls":5},"geometry":{"type":"Point","coordinates":[142.38257,-36.62537]}},{"type":"Feature","properties":{"name":"Jung North Road","cls":5},"geometry":{"type":"Point","coordinates":[142.35688,-36.55144]}},{"type":"Feature","properties":{"name":"Greenhills Road","cls":5},"geometry":{"type":"Point","coordinates":[142.39098,-36.5914]}},{"type":"Feature","properties":{"name":"Coorong Swamp Road","cls":5},"geometry":{"type":"Point","coordinates":[142.5395,-36.58387]}},{"type":"Feature","properties":{"name":"Banyena - Pimpinio Road","cls":4},"geometry":{"type":"Point","coordinates":[142.64532,-36.54976]}},{"type":"Feature","properties":{"name":"Niewands Road","cls":5},"geometry":{"type":"Point","coordinates":[142.55298,-36.49105]}},{"type":"Feature","properties":{"name":"Peterings Road North","cls":5},"geometry":{"type":"Point","coordinates":[142.52408,-36.54372]}},{"type":"Feature","properties":{"name":"Minyip - Coromby Road","cls":5},"geometry":{"type":"Point","coordinates":[142.53867,-36.52133]}},{"type":"Feature","properties":{"name":"Heintze Road","cls":5},"geometry":{"type":"Point","coordinates":[142.56066,-36.42457]}},{"type":"Feature","properties":{"name":"Nullan Road","cls":5},"geometry":{"type":"Point","coordinates":[142.55012,-36.40759]}},{"type":"Feature","properties":{"name":"Molyneaux Road","cls":5},"geometry":{"type":"Point","coordinates":[142.28161,-36.64614]}},{"type":"Feature","properties":{"name":"Creamery Road","cls":5},"geometry":{"type":"Point","coordinates":[142.27086,-36.64986]}},{"type":"Feature","properties":{"name":"Tuckers Road","cls":5},"geometry":{"type":"Point","coordinates":[142.32114,-36.62008]}},{"type":"Feature","properties":{"name":"Drung-Jung Road","cls":5},"geometry":{"type":"Point","coordinates":[142.33734,-36.62013]}},{"type":"Feature","properties":{"name":"Max Johns Road","cls":5},"geometry":{"type":"Point","coordinates":[142.30295,-36.6201]}},{"type":"Feature","properties":{"name":"Natimuk - Hamilton Road","cls":3},"geometry":{"type":"Point","coordinates":[141.88437,-37.09568]}},{"type":"Feature","properties":{"name":"Natimuk - Hamilton Road","cls":3},"geometry":{"type":"Point","coordinates":[141.94037,-36.94788]}},{"type":"Feature","properties":{"name":"Natimuk - Hamilton Road","cls":3},"geometry":{"type":"Point","coordinates":[141.94178,-36.9347]}},{"type":"Feature","properties":{"name":"Natimuk-Hamilton Road","cls":3},"geometry":{"type":"Point","coordinates":[141.96874,-36.77688]}},{"type":"Feature","properties":{"name":"Polkemmet Road","cls":4},"geometry":{"type":"Point","coordinates":[141.97762,-36.65413]}},{"type":"Feature","properties":{"name":"Polkemmet Road","cls":4},"geometry":{"type":"Point","coordinates":[141.96725,-36.69177]}},{"type":"Feature","properties":{"name":"Dougherty Street","cls":6},"geometry":{"type":"Point","coordinates":[142.18564,-36.71308]}},{"type":"Feature","properties":{"name":"Trajul Road","cls":5},"geometry":{"type":"Point","coordinates":[142.56779,-37.1405]}},{"type":"Feature","properties":{"name":"Devils Garden Road","cls":5},"geometry":{"type":"Point","coordinates":[142.60343,-37.12806]}},{"type":"Feature","properties":{"name":"Blythewood Road","cls":5},"geometry":{"type":"Point","coordinates":[142.58344,-37.09254]}},{"type":"Feature","properties":{"name":"Shade Court","cls":6},"geometry":{"type":"Point","coordinates":[142.20111,-36.72823]}},{"type":"Feature","properties":{"name":"Weight Close","cls":6},"geometry":{"type":"Point","coordinates":[142.2008,-36.7276]}},{"type":"Feature","properties":{"name":"Hovey Court","cls":6},"geometry":{"type":"Point","coordinates":[142.19373,-36.72908]}},{"type":"Feature","properties":{"name":"Gardenia Street","cls":6},"geometry":{"type":"Point","coordinates":[142.19288,-36.71668]}},{"type":"Feature","properties":{"name":"Wilson Street","cls":2},"geometry":{"type":"Point","coordinates":[142.1959,-36.7167]}},{"type":"Feature","properties":{"name":"Park Drive","cls":6},"geometry":{"type":"Point","coordinates":[142.19322,-36.71667]}},{"type":"Feature","properties":{"name":"Brigid Court","cls":6},"geometry":{"type":"Point","coordinates":[142.21136,-36.71593]}},{"type":"Feature","properties":{"name":"Market Lane","cls":6},"geometry":{"type":"Point","coordinates":[142.19767,-36.71883]}},{"type":"Feature","properties":{"name":"Rushbrook Close","cls":6},"geometry":{"type":"Point","coordinates":[142.19774,-36.72013]}},{"type":"Feature","properties":{"name":"High Street","cls":3},"geometry":{"type":"Point","coordinates":[142.03565,-36.45453]}},{"type":"Feature","properties":{"name":"Horsham Road","cls":3},"geometry":{"type":"Point","coordinates":[142.03525,-36.45511]}},{"type":"Feature","properties":{"name":"School Street","cls":6},"geometry":{"type":"Point","coordinates":[142.03515,-36.4544]}},{"type":"Feature","properties":{"name":"Ellerman Street","cls":6},"geometry":{"type":"Point","coordinates":[142.03487,-36.45442]}},{"type":"Feature","properties":{"name":"High Street","cls":3},"geometry":{"type":"Point","coordinates":[142.03464,-36.45485]}},{"type":"Feature","properties":{"name":"Katyil-Wail Road","cls":4},"geometry":{"type":"Point","coordinates":[142.11997,-36.35604]}},{"type":"Feature","properties":{"name":"Tuckers Road","cls":5},"geometry":{"type":"Point","coordinates":[142.0993,-36.75001]}},{"type":"Feature","properties":{"name":"Hughes Road","cls":5},"geometry":{"type":"Point","coordinates":[142.01889,-36.74659]}},{"type":"Feature","properties":{"name":"Lindners Road","cls":5},"geometry":{"type":"Point","coordinates":[142.08105,-36.71823]}},{"type":"Feature","properties":{"name":"Rudolphs Road","cls":5},"geometry":{"type":"Point","coordinates":[142.09383,-36.72886]}},{"type":"Feature","properties":{"name":"Pelchens Road","cls":5},"geometry":{"type":"Point","coordinates":[142.06311,-36.75094]}},{"type":"Feature","properties":{"name":"Laroona Drive","cls":5},"geometry":{"type":"Point","coordinates":[142.05925,-36.75379]}},{"type":"Feature","properties":{"name":"Quantong Cemetery Road","cls":4},"geometry":{"type":"Point","coordinates":[142.04482,-36.69812]}},{"type":"Feature","properties":{"name":"Asplins Road","cls":5},"geometry":{"type":"Point","coordinates":[142.02836,-36.75463]}},{"type":"Feature","properties":{"name":"Robertson Avenue","cls":5},"geometry":{"type":"Point","coordinates":[142.02356,-36.74072]}},{"type":"Feature","properties":{"name":"Jahn Avenue","cls":5},"geometry":{"type":"Point","coordinates":[142.02359,-36.74697]}},{"type":"Feature","properties":{"name":"Chequers Road","cls":5},"geometry":{"type":"Point","coordinates":[142.02506,-36.75138]}},{"type":"Feature","properties":{"name":"Blocks Road","cls":5},"geometry":{"type":"Point","coordinates":[142.01285,-36.74437]}},{"type":"Feature","properties":{"name":"Lanes Avenue","cls":5},"geometry":{"type":"Point","coordinates":[142.03201,-36.75577]}},{"type":"Feature","properties":{"name":"Quantong-Polkemmet Road","cls":5},"geometry":{"type":"Point","coordinates":[142.00513,-36.69486]}},{"type":"Feature","properties":{"name":"Natimuk East Road","cls":5},"geometry":{"type":"Point","coordinates":[141.95861,-36.73769]}},{"type":"Feature","properties":{"name":"Noradjuha-Tooan East Road","cls":4},"geometry":{"type":"Point","coordinates":[141.91251,-36.82715]}},{"type":"Feature","properties":{"name":"Hammond-McCuish Road","cls":4},"geometry":{"type":"Point","coordinates":[141.9197,-36.7994]}},{"type":"Feature","properties":{"name":"Creek Road","cls":4},"geometry":{"type":"Point","coordinates":[141.91415,-36.76426]}},{"type":"Feature","properties":{"name":"Rifle Butts Road","cls":5},"geometry":{"type":"Point","coordinates":[141.88632,-36.83988]}},{"type":"Feature","properties":{"name":"H H Scotts Road","cls":5},"geometry":{"type":"Point","coordinates":[141.87708,-36.83155]}},{"type":"Feature","properties":{"name":"Ti-Tree Lane","cls":5},"geometry":{"type":"Point","coordinates":[141.83366,-36.84911]}},{"type":"Feature","properties":{"name":"L Heards Road","cls":5},"geometry":{"type":"Point","coordinates":[141.87663,-36.84625]}},{"type":"Feature","properties":{"name":"Lowan School Road","cls":5},"geometry":{"type":"Point","coordinates":[141.86173,-36.85213]}},{"type":"Feature","properties":{"name":"Jacka Jacka Road","cls":5},"geometry":{"type":"Point","coordinates":[141.84035,-36.83465]}},{"type":"Feature","properties":{"name":"Geberts Road","cls":5},"geometry":{"type":"Point","coordinates":[141.87856,-36.80972]}},{"type":"Feature","properties":{"name":"Ryan Road","cls":5},"geometry":{"type":"Point","coordinates":[141.88134,-36.78313]}},{"type":"Feature","properties":{"name":"Hines Track","cls":5},"geometry":{"type":"Point","coordinates":[142.32422,-37.15974]}},{"type":"Feature","properties":{"name":"Syphon Road","cls":5},"geometry":{"type":"Point","coordinates":[142.33844,-37.18714]}},{"type":"Feature","properties":{"name":"Hines Track","cls":5},"geometry":{"type":"Point","coordinates":[142.35342,-37.16079]}},{"type":"Feature","properties":{"name":"Syphon Road","cls":5},"geometry":{"type":"Point","coordinates":[142.33108,-37.17034]}},{"type":"Feature","properties":{"name":"Augheys Road","cls":5},"geometry":{"type":"Point","coordinates":[142.38122,-37.02271]}},{"type":"Feature","properties":{"name":"Bunworths Road","cls":5},"geometry":{"type":"Point","coordinates":[142.33294,-36.91636]}},{"type":"Feature","properties":{"name":"Laharum-Grahams Bridge Road","cls":5},"geometry":{"type":"Point","coordinates":[142.30426,-36.94672]}},{"type":"Feature","properties":{"name":"Staehrs Road","cls":5},"geometry":{"type":"Point","coordinates":[142.28465,-36.92902]}},{"type":"Feature","properties":{"name":"Barkers Lane","cls":5},"geometry":{"type":"Point","coordinates":[142.30283,-36.96346]}},{"type":"Feature","properties":{"name":"Geue Lane","cls":5},"geometry":{"type":"Point","coordinates":[142.29368,-36.96553]}},{"type":"Feature","properties":{"name":"Laharum-Grahams Bridge Road","cls":5},"geometry":{"type":"Point","coordinates":[142.26624,-36.95143]}},{"type":"Feature","properties":{"name":"Grampians Road","cls":3},"geometry":{"type":"Point","coordinates":[142.5241,-37.1301]}},{"type":"Feature","properties":{"name":"Ararat-Halls Gap Road","cls":3},"geometry":{"type":"Point","coordinates":[142.57569,-37.15854]}},{"type":"Feature","properties":{"name":"Ararat-Halls Gap Road","cls":3},"geometry":{"type":"Point","coordinates":[142.60729,-37.1879]}},{"type":"Feature","properties":{"name":"Ararat-Halls Gap Road","cls":3},"geometry":{"type":"Point","coordinates":[142.54305,-37.13007]}},{"type":"Feature","properties":{"name":"Ararat - Halls Gap Road","cls":3},"geometry":{"type":"Point","coordinates":[142.60898,-37.19336]}},{"type":"Feature","properties":{"name":"Ararat - Halls Gap Road","cls":3},"geometry":{"type":"Point","coordinates":[142.6106,-37.19879]}},{"type":"Feature","properties":{"name":"Waterhole Road","cls":5},"geometry":{"type":"Point","coordinates":[142.62636,-37.21647]}},{"type":"Feature","properties":{"name":"Springwood Hill Road","cls":5},"geometry":{"type":"Point","coordinates":[142.61661,-37.21198]}},{"type":"Feature","properties":{"name":"Wildflower Drive","cls":6},"geometry":{"type":"Point","coordinates":[142.60203,-37.19006]}},{"type":"Feature","properties":{"name":"Church Road","cls":5},"geometry":{"type":"Point","coordinates":[142.5952,-37.19455]}},{"type":"Feature","properties":{"name":"Emu Court","cls":5},"geometry":{"type":"Point","coordinates":[142.62247,-37.21759]}},{"type":"Feature","properties":{"name":"Robins Road","cls":6},"geometry":{"type":"Point","coordinates":[142.60347,-37.18964]}},{"type":"Feature","properties":{"name":"Cherrytree Road","cls":5},"geometry":{"type":"Point","coordinates":[142.60462,-37.2052]}},{"type":"Feature","properties":{"name":"Waterhole Road","cls":5},"geometry":{"type":"Point","coordinates":[142.62667,-37.22887]}},{"type":"Feature","properties":{"name":"Millers Creek Road","cls":5},"geometry":{"type":"Point","coordinates":[142.6051,-37.19339]}},{"type":"Feature","properties":{"name":"Long Gully Road","cls":5},"geometry":{"type":"Point","coordinates":[142.64359,-37.23687]}},{"type":"Feature","properties":{"name":"Old Adelaide Road","cls":5},"geometry":{"type":"Point","coordinates":[142.24133,-37.06775]}},{"type":"Feature","properties":{"name":"Millers Creek Road","cls":5},"geometry":{"type":"Point","coordinates":[142.60518,-37.19471]}},{"type":"Feature","properties":{"name":"Church Road","cls":6},"geometry":{"type":"Point","coordinates":[142.60638,-37.19227]}},{"type":"Feature","properties":{"name":"Cherrytree Road","cls":6},"geometry":{"type":"Point","coordinates":[142.60711,-37.19658]}},{"type":"Feature","properties":{"name":"Golton Road","cls":5},"geometry":{"type":"Point","coordinates":[142.44958,-36.84289]}},{"type":"Feature","properties":{"name":"Golton Road","cls":5},"geometry":{"type":"Point","coordinates":[142.44959,-36.79781]}},{"type":"Feature","properties":{"name":"Giles River Road","cls":5},"geometry":{"type":"Point","coordinates":[142.62864,-36.90369]}},{"type":"Feature","properties":{"name":"Western Highway","cls":1},"geometry":{"type":"Point","coordinates":[142.56151,-36.944]}},{"type":"Feature","properties":{"name":"Western Highway","cls":1},"geometry":{"type":"Point","coordinates":[142.45003,-36.87541]}},{"type":"Feature","properties":{"name":"Western Highway","cls":1},"geometry":{"type":"Point","coordinates":[142.51074,-36.9157]}},{"type":"Feature","properties":{"name":"Western Highway","cls":1},"geometry":{"type":"Point","coordinates":[142.62818,-36.98133]}},{"type":"Feature","properties":{"name":"Western Highway","cls":1},"geometry":{"type":"Point","coordinates":[142.47288,-36.89265]}},{"type":"Feature","properties":{"name":"Western Highway","cls":1},"geometry":{"type":"Point","coordinates":[142.48217,-36.89969]}},{"type":"Feature","properties":{"name":"Western Highway","cls":1},"geometry":{"type":"Point","coordinates":[142.49132,-36.90671]}},{"type":"Feature","properties":{"name":"Western Highway","cls":1},"geometry":{"type":"Point","coordinates":[142.62222,-36.97792]}},{"type":"Feature","properties":{"name":"Western Highway","cls":1},"geometry":{"type":"Point","coordinates":[142.609,-36.97047]}},{"type":"Feature","properties":{"name":"Western Highway","cls":1},"geometry":{"type":"Point","coordinates":[142.51775,-36.91981]}},{"type":"Feature","properties":{"name":"Western Highway","cls":1},"geometry":{"type":"Point","coordinates":[142.50774,-36.91484]}},{"type":"Feature","properties":{"name":"Western Highway","cls":1},"geometry":{"type":"Point","coordinates":[142.50161,-36.91315]}},{"type":"Feature","properties":{"name":"Daves Avenue","cls":5},"geometry":{"type":"Point","coordinates":[142.5774,-36.91056]}},{"type":"Feature","properties":{"name":"Rea Road","cls":5},"geometry":{"type":"Point","coordinates":[142.62889,-36.94964]}},{"type":"Feature","properties":{"name":"Harrow - Kanagulk Road","cls":4},"geometry":{"type":"Point","coordinates":[141.7263,-37.10791]}},{"type":"Feature","properties":{"name":"Harrow-Clear Lake Road","cls":4},"geometry":{"type":"Point","coordinates":[141.66361,-37.09743]}},{"type":"Feature","properties":{"name":"Horsham Road","cls":3},"geometry":{"type":"Point","coordinates":[141.83973,-37.24638]}},{"type":"Feature","properties":{"name":"Natimuk - Hamilton Road","cls":3},"geometry":{"type":"Point","coordinates":[141.84775,-37.14964]}},{"type":"Feature","properties":{"name":"Natimuk - Hamilton Road","cls":3},"geometry":{"type":"Point","coordinates":[141.84419,-37.19324]}},{"type":"Feature","properties":{"name":"Glendinning Street","cls":3},"geometry":{"type":"Point","coordinates":[141.8409,-37.24738]}},{"type":"Feature","properties":{"name":"Mackeys Peak Road","cls":6},"geometry":{"type":"Point","coordinates":[142.51757,-37.14156]}},{"type":"Feature","properties":{"name":"Fyans Street","cls":6},"geometry":{"type":"Point","coordinates":[142.52269,-37.13822]}},{"type":"Feature","properties":{"name":"Hemley Court","cls":6},"geometry":{"type":"Point","coordinates":[142.52024,-37.14261]}},{"type":"Feature","properties":{"name":"Dalton Street","cls":6},"geometry":{"type":"Point","coordinates":[142.51651,-37.14252]}},{"type":"Feature","properties":{"name":"Kelleys Beach Road","cls":5},"geometry":{"type":"Point","coordinates":[142.6228,-37.15103]}},{"type":"Feature","properties":{"name":"Kelleys Beach Road","cls":5},"geometry":{"type":"Point","coordinates":[142.61268,-37.1457]}},{"type":"Feature","properties":{"name":"Kelleys Beach Road","cls":5},"geometry":{"type":"Point","coordinates":[142.606,-37.14142]}},{"type":"Feature","properties":{"name":"Baillie Street","cls":1},"geometry":{"type":"Point","coordinates":[142.2015,-36.71181]}},{"type":"Feature","properties":{"name":"David Street","cls":6},"geometry":{"type":"Point","coordinates":[142.19849,-36.70836]}},{"type":"Feature","properties":{"name":"Urquhart Street","cls":3},"geometry":{"type":"Point","coordinates":[142.20225,-36.70875]}},{"type":"Feature","properties":{"name":"John Street","cls":6},"geometry":{"type":"Point","coordinates":[142.19735,-36.70878]}},{"type":"Feature","properties":{"name":"Railway Avenue","cls":6},"geometry":{"type":"Point","coordinates":[142.19963,-36.7079]}},{"type":"Feature","properties":{"name":"Urquhart Street","cls":3},"geometry":{"type":"Point","coordinates":[142.20234,-36.7102]}},{"type":"Feature","properties":{"name":"McDonald Street","cls":6},"geometry":{"type":"Point","coordinates":[142.4705,-36.62124]}},{"type":"Feature","properties":{"name":"McDonald Street","cls":6},"geometry":{"type":"Point","coordinates":[142.4705,-36.61934]}},{"type":"Feature","properties":{"name":"Lake Street","cls":2},"geometry":{"type":"Point","coordinates":[142.46654,-36.61933]}},{"type":"Feature","properties":{"name":"Marma Street","cls":2},"geometry":{"type":"Point","coordinates":[142.47083,-36.62014]}},{"type":"Feature","properties":{"name":"Breen Street","cls":6},"geometry":{"type":"Point","coordinates":[142.46852,-36.61845]}},{"type":"Feature","properties":{"name":"Breen Street","cls":6},"geometry":{"type":"Point","coordinates":[142.47214,-36.61846]}},{"type":"Feature","properties":{"name":"Main Street","cls":3},"geometry":{"type":"Point","coordinates":[142.59012,-36.45772]}},{"type":"Feature","properties":{"name":"Horsham Road","cls":3},"geometry":{"type":"Point","coordinates":[142.0547,-36.45836]}},{"type":"Feature","properties":{"name":"Wimmera Highway","cls":2},"geometry":{"type":"Point","coordinates":[141.79169,-36.81145]}},{"type":"Feature","properties":{"name":"Clark Street","cls":6},"geometry":{"type":"Point","coordinates":[142.20364,-36.71932]}},{"type":"Feature","properties":{"name":"Bolton Street","cls":6},"geometry":{"type":"Point","coordinates":[142.2043,-36.72084]}},{"type":"Feature","properties":{"name":"OCallaghans Parade","cls":4},"geometry":{"type":"Point","coordinates":[142.20312,-36.7214]}},{"type":"Feature","properties":{"name":"OCallaghans Parade","cls":4},"geometry":{"type":"Point","coordinates":[142.20456,-36.72261]}},{"type":"Feature","properties":{"name":"OCallaghans Parade","cls":4},"geometry":{"type":"Point","coordinates":[142.20287,-36.72132]}},{"type":"Feature","properties":{"name":"Stawell Road","cls":1},"geometry":{"type":"Point","coordinates":[142.20585,-36.73366]}},{"type":"Feature","properties":{"name":"Pynsent Street","cls":6},"geometry":{"type":"Point","coordinates":[142.19784,-36.71547]}},{"type":"Feature","properties":{"name":"Pynsent Street","cls":6},"geometry":{"type":"Point","coordinates":[142.19823,-36.71546]}},{"type":"Feature","properties":{"name":"Grampians Road","cls":3},"geometry":{"type":"Point","coordinates":[142.52543,-37.15182]}},{"type":"Feature","properties":{"name":"Grampians Road","cls":3},"geometry":{"type":"Point","coordinates":[142.51984,-37.13656]}},{"type":"Feature","properties":{"name":"Simpson Avenue","cls":6},"geometry":{"type":"Point","coordinates":[142.62768,-36.63523]}},{"type":"Feature","properties":{"name":"Walter Street","cls":6},"geometry":{"type":"Point","coordinates":[142.62999,-36.63044]}},{"type":"Feature","properties":{"name":"Sweetman Street","cls":6},"geometry":{"type":"Point","coordinates":[142.63002,-36.63404]}},{"type":"Feature","properties":{"name":"Wood Street","cls":6},"geometry":{"type":"Point","coordinates":[142.62863,-36.63277]}},{"type":"Feature","properties":{"name":"McIntyres Road","cls":5},"geometry":{"type":"Point","coordinates":[142.5932,-36.6403]}},{"type":"Feature","properties":{"name":"Neill Lane","cls":5},"geometry":{"type":"Point","coordinates":[142.60786,-36.63291]}},{"type":"Feature","properties":{"name":"J Sudholzs Road","cls":5},"geometry":{"type":"Point","coordinates":[142.59157,-36.61084]}},{"type":"Feature","properties":{"name":"Arnott Street","cls":6},"geometry":{"type":"Point","coordinates":[142.21102,-36.71325]}},{"type":"Feature","properties":{"name":"Baillie Street","cls":4},"geometry":{"type":"Point","coordinates":[142.21118,-36.71168]}},{"type":"Feature","properties":{"name":"Robinson Street","cls":6},"geometry":{"type":"Point","coordinates":[142.20734,-36.71256]}},{"type":"Feature","properties":{"name":"Robinson Street","cls":6},"geometry":{"type":"Point","coordinates":[142.20735,-36.7137]}},{"type":"Feature","properties":{"name":"Kalkee Road","cls":3},"geometry":{"type":"Point","coordinates":[142.20085,-36.70501]}},{"type":"Feature","properties":{"name":"Kalkee Road","cls":3},"geometry":{"type":"Point","coordinates":[142.2013,-36.70599]}},{"type":"Feature","properties":{"name":"Wavell Street","cls":6},"geometry":{"type":"Point","coordinates":[142.1999,-36.70261]}},{"type":"Feature","properties":{"name":"Kalkee Road","cls":3},"geometry":{"type":"Point","coordinates":[142.20087,-36.70365]}},{"type":"Feature","properties":{"name":"Alexander Avenue","cls":6},"geometry":{"type":"Point","coordinates":[142.19892,-36.70397]}},{"type":"Feature","properties":{"name":"Lynott Street","cls":6},"geometry":{"type":"Point","coordinates":[142.19988,-36.70533]}},{"type":"Feature","properties":{"name":"Kalkee Road","cls":3},"geometry":{"type":"Point","coordinates":[142.20134,-36.70066]}},{"type":"Feature","properties":{"name":"Forsyth Avenue","cls":6},"geometry":{"type":"Point","coordinates":[142.21212,-36.70298]}},{"type":"Feature","properties":{"name":"Winifred Street","cls":6},"geometry":{"type":"Point","coordinates":[142.20775,-36.70228]}},{"type":"Feature","properties":{"name":"Felstead Avenue","cls":6},"geometry":{"type":"Point","coordinates":[142.20954,-36.70275]}},{"type":"Feature","properties":{"name":"Gerlach Street","cls":6},"geometry":{"type":"Point","coordinates":[142.20732,-36.69847]}},{"type":"Feature","properties":{"name":"Felstead Avenue","cls":6},"geometry":{"type":"Point","coordinates":[142.20881,-36.70177]}},{"type":"Feature","properties":{"name":"Albert Street","cls":6},"geometry":{"type":"Point","coordinates":[142.20567,-36.69771]}},{"type":"Feature","properties":{"name":"Edith Street","cls":6},"geometry":{"type":"Point","coordinates":[142.20576,-36.70442]}},{"type":"Feature","properties":{"name":"Albert Street","cls":6},"geometry":{"type":"Point","coordinates":[142.20524,-36.69987]}},{"type":"Feature","properties":{"name":"Winifred Street","cls":6},"geometry":{"type":"Point","coordinates":[142.20775,-36.70178]}},{"type":"Feature","properties":{"name":"Albert Street","cls":6},"geometry":{"type":"Point","coordinates":[142.20503,-36.70166]}},{"type":"Feature","properties":{"name":"Albert Street","cls":6},"geometry":{"type":"Point","coordinates":[142.20558,-36.69872]}},{"type":"Feature","properties":{"name":"Albert Street","cls":6},"geometry":{"type":"Point","coordinates":[142.20505,-36.70348]}},{"type":"Feature","properties":{"name":"Albert Street","cls":6},"geometry":{"type":"Point","coordinates":[142.20508,-36.70488]}},{"type":"Feature","properties":{"name":"Tucker Street","cls":6},"geometry":{"type":"Point","coordinates":[142.21309,-36.70703]}},{"type":"Feature","properties":{"name":"Baillie Street","cls":4},"geometry":{"type":"Point","coordinates":[142.21452,-36.71167]}},{"type":"Feature","properties":{"name":"Webster Street","cls":6},"geometry":{"type":"Point","coordinates":[142.21645,-36.70616]}},{"type":"Feature","properties":{"name":"Rennison Street","cls":6},"geometry":{"type":"Point","coordinates":[142.21182,-36.71258]}},{"type":"Feature","properties":{"name":"Baillie Street","cls":4},"geometry":{"type":"Point","coordinates":[142.20678,-36.7117]}},{"type":"Feature","properties":{"name":"Dooen Road","cls":2},"geometry":{"type":"Point","coordinates":[142.2216,-36.69825]}},{"type":"Feature","properties":{"name":"Lewis Street","cls":6},"geometry":{"type":"Point","coordinates":[142.21323,-36.70803]}},{"type":"Feature","properties":{"name":"Pryors Road","cls":6},"geometry":{"type":"Point","coordinates":[142.21603,-36.70433]}},{"type":"Feature","properties":{"name":"Culliver Street","cls":6},"geometry":{"type":"Point","coordinates":[142.21427,-36.70778]}},{"type":"Feature","properties":{"name":"Culliver Street","cls":6},"geometry":{"type":"Point","coordinates":[142.21454,-36.70717]}},{"type":"Feature","properties":{"name":"Tucker Street","cls":6},"geometry":{"type":"Point","coordinates":[142.2144,-36.70595]}},{"type":"Feature","properties":{"name":"Cathcart Street","cls":6},"geometry":{"type":"Point","coordinates":[142.21214,-36.70938]}},{"type":"Feature","properties":{"name":"Culliver Street","cls":6},"geometry":{"type":"Point","coordinates":[142.21557,-36.70662]}},{"type":"Feature","properties":{"name":"Read Street","cls":6},"geometry":{"type":"Point","coordinates":[142.21044,-36.71213]}},{"type":"Feature","properties":{"name":"Hazel Street","cls":6},"geometry":{"type":"Point","coordinates":[142.19487,-36.70659]}},{"type":"Feature","properties":{"name":"Wawunna Road","cls":6},"geometry":{"type":"Point","coordinates":[142.19628,-36.69994]}},{"type":"Feature","properties":{"name":"Florence Street","cls":6},"geometry":{"type":"Point","coordinates":[142.18708,-36.70413]}},{"type":"Feature","properties":{"name":"Lynott Street","cls":6},"geometry":{"type":"Point","coordinates":[142.19826,-36.70532]}},{"type":"Feature","properties":{"name":"Hazel Street","cls":6},"geometry":{"type":"Point","coordinates":[142.19183,-36.70678]}},{"type":"Feature","properties":{"name":"Wawunna Road","cls":6},"geometry":{"type":"Point","coordinates":[142.19621,-36.70685]}},{"type":"Feature","properties":{"name":"Paterson Street","cls":6},"geometry":{"type":"Point","coordinates":[142.19836,-36.69936]}},{"type":"Feature","properties":{"name":"Dimboola Road","cls":1},"geometry":{"type":"Point","coordinates":[142.18935,-36.70722]}},{"type":"Feature","properties":{"name":"Hamilton Street","cls":6},"geometry":{"type":"Point","coordinates":[142.20185,-36.71786]}},{"type":"Feature","properties":{"name":"Urquhart Street","cls":4},"geometry":{"type":"Point","coordinates":[142.20239,-36.71826]}},{"type":"Feature","properties":{"name":"Urquhart Street","cls":4},"geometry":{"type":"Point","coordinates":[142.20226,-36.71722]}},{"type":"Feature","properties":{"name":"OCallaghans Parade","cls":4},"geometry":{"type":"Point","coordinates":[142.20107,-36.71979]}},{"type":"Feature","properties":{"name":"Stawell Road","cls":1},"geometry":{"type":"Point","coordinates":[142.20524,-36.72652]}},{"type":"Feature","properties":{"name":"OCallaghans Parade","cls":4},"geometry":{"type":"Point","coordinates":[142.2023,-36.7207]}},{"type":"Feature","properties":{"name":"Stawell Road","cls":1},"geometry":{"type":"Point","coordinates":[142.20494,-36.72532]}},{"type":"Feature","properties":{"name":"Darlot Street","cls":6},"geometry":{"type":"Point","coordinates":[142.19712,-36.71738]}},{"type":"Feature","properties":{"name":"Major Mitchell Drive","cls":6},"geometry":{"type":"Point","coordinates":[142.19883,-36.72506]}},{"type":"Feature","properties":{"name":"McTavish Boulevard","cls":6},"geometry":{"type":"Point","coordinates":[142.19829,-36.72834]}},{"type":"Feature","properties":{"name":"Major Mitchell Drive","cls":6},"geometry":{"type":"Point","coordinates":[142.20146,-36.72406]}},{"type":"Feature","properties":{"name":"Williams Road","cls":3},"geometry":{"type":"Point","coordinates":[142.21967,-36.72622]}},{"type":"Feature","properties":{"name":"Williams Road","cls":3},"geometry":{"type":"Point","coordinates":[142.21208,-36.72613]}},{"type":"Feature","properties":{"name":"Williams Road","cls":3},"geometry":{"type":"Point","coordinates":[142.21045,-36.72612]}},{"type":"Feature","properties":{"name":"Stawell Road","cls":1},"geometry":{"type":"Point","coordinates":[142.20513,-36.72902]}},{"type":"Feature","properties":{"name":"Golf Course Road","cls":4},"geometry":{"type":"Point","coordinates":[142.19017,-36.74323]}},{"type":"Feature","properties":{"name":"Citrus Avenue","cls":6},"geometry":{"type":"Point","coordinates":[142.20688,-36.72845]}},{"type":"Feature","properties":{"name":"Derry Parade","cls":6},"geometry":{"type":"Point","coordinates":[142.20563,-36.73303]}},{"type":"Feature","properties":{"name":"Williams Road","cls":3},"geometry":{"type":"Point","coordinates":[142.20773,-36.72609]}},{"type":"Feature","properties":{"name":"Citrus Avenue","cls":6},"geometry":{"type":"Point","coordinates":[142.20688,-36.73039]}},{"type":"Feature","properties":{"name":"Plumpton Road","cls":5},"geometry":{"type":"Point","coordinates":[142.1946,-36.7334]}},{"type":"Feature","properties":{"name":"Citrus Avenue","cls":6},"geometry":{"type":"Point","coordinates":[142.20685,-36.72663]}},{"type":"Feature","properties":{"name":"Stawell Road","cls":1},"geometry":{"type":"Point","coordinates":[142.20559,-36.73326]}},{"type":"Feature","properties":{"name":"Vine Avenue","cls":6},"geometry":{"type":"Point","coordinates":[142.21025,-36.7301]}},{"type":"Feature","properties":{"name":"Derry Parade","cls":6},"geometry":{"type":"Point","coordinates":[142.20868,-36.73299]}},{"type":"Feature","properties":{"name":"Young Street","cls":6},"geometry":{"type":"Point","coordinates":[142.21131,-36.72722]}},{"type":"Feature","properties":{"name":"Burnlea Drive","cls":6},"geometry":{"type":"Point","coordinates":[142.2091,-36.73046]}},{"type":"Feature","properties":{"name":"Stawell Road","cls":1},"geometry":{"type":"Point","coordinates":[142.2054,-36.73141]}},{"type":"Feature","properties":{"name":"Valentine Avenue","cls":6},"geometry":{"type":"Point","coordinates":[142.18597,-36.72304]}},{"type":"Feature","properties":{"name":"Bennett Road","cls":6},"geometry":{"type":"Point","coordinates":[142.18725,-36.72121]}},{"type":"Feature","properties":{"name":"Wilmoth Avenue","cls":6},"geometry":{"type":"Point","coordinates":[142.18434,-36.72096]}},{"type":"Feature","properties":{"name":"Bennett Road","cls":6},"geometry":{"type":"Point","coordinates":[142.18725,-36.72348]}},{"type":"Feature","properties":{"name":"Gardenia Court","cls":6},"geometry":{"type":"Point","coordinates":[142.19272,-36.72376]}},{"type":"Feature","properties":{"name":"Kalimna Avenue","cls":6},"geometry":{"type":"Point","coordinates":[142.18255,-36.72285]}},{"type":"Feature","properties":{"name":"Windsor Crescent","cls":6},"geometry":{"type":"Point","coordinates":[142.17634,-36.72515]}},{"type":"Feature","properties":{"name":"Federation Avenue","cls":6},"geometry":{"type":"Point","coordinates":[142.17754,-36.72361]}},{"type":"Feature","properties":{"name":"Natimuk Road","cls":2},"geometry":{"type":"Point","coordinates":[142.18921,-36.71804]}},{"type":"Feature","properties":{"name":"Barnes Boulevard","cls":6},"geometry":{"type":"Point","coordinates":[142.17093,-36.72914]}},{"type":"Feature","properties":{"name":"Barnes Boulevard","cls":6},"geometry":{"type":"Point","coordinates":[142.18361,-36.72704]}},{"type":"Feature","properties":{"name":"Kalimna Avenue","cls":6},"geometry":{"type":"Point","coordinates":[142.18267,-36.72157]}},{"type":"Feature","properties":{"name":"Federation Avenue","cls":6},"geometry":{"type":"Point","coordinates":[142.17559,-36.72449]}},{"type":"Feature","properties":{"name":"Bennett Road","cls":6},"geometry":{"type":"Point","coordinates":[142.18727,-36.71793]}},{"type":"Feature","properties":{"name":"Churchill Road","cls":6},"geometry":{"type":"Point","coordinates":[142.18436,-36.71786]}},{"type":"Feature","properties":{"name":"Drummond Street","cls":6},"geometry":{"type":"Point","coordinates":[142.17807,-36.72403]}},{"type":"Feature","properties":{"name":"Hayes Drive","cls":6},"geometry":{"type":"Point","coordinates":[142.17638,-36.72784]}},{"type":"Feature","properties":{"name":"Churchill Road","cls":6},"geometry":{"type":"Point","coordinates":[142.18476,-36.71875]}},{"type":"Feature","properties":{"name":"Natimuk Road","cls":2},"geometry":{"type":"Point","coordinates":[142.17368,-36.72387]}},{"type":"Feature","properties":{"name":"Elizabeth Street","cls":6},"geometry":{"type":"Point","coordinates":[142.18511,-36.7165]}},{"type":"Feature","properties":{"name":"Drummond Street","cls":6},"geometry":{"type":"Point","coordinates":[142.17808,-36.72612]}},{"type":"Feature","properties":{"name":"Churchill Road","cls":6},"geometry":{"type":"Point","coordinates":[142.18422,-36.71697]}},{"type":"Feature","properties":{"name":"Pearl Street","cls":6},"geometry":{"type":"Point","coordinates":[142.18575,-36.71743]}},{"type":"Feature","properties":{"name":"O'Connor Street","cls":6},"geometry":{"type":"Point","coordinates":[142.18834,-36.70944]}},{"type":"Feature","properties":{"name":"Baillie Street","cls":6},"geometry":{"type":"Point","coordinates":[142.18677,-36.71178]}},{"type":"Feature","properties":{"name":"Baillie Street","cls":6},"geometry":{"type":"Point","coordinates":[142.18779,-36.71189]}},{"type":"Feature","properties":{"name":"Baillie Street","cls":6},"geometry":{"type":"Point","coordinates":[142.19269,-36.71174]}},{"type":"Feature","properties":{"name":"High Street South","cls":6},"geometry":{"type":"Point","coordinates":[142.18646,-36.71078]}},{"type":"Feature","properties":{"name":"Darlot Street","cls":6},"geometry":{"type":"Point","coordinates":[142.19718,-36.71485]}},{"type":"Feature","properties":{"name":"Old Hamilton Road","cls":5},"geometry":{"type":"Point","coordinates":[142.20555,-36.74692]}},{"type":"Feature","properties":{"name":"Hamilton Road","cls":1},"geometry":{"type":"Point","coordinates":[142.20551,-36.73629]}},{"type":"Feature","properties":{"name":"Old Hamilton Road","cls":5},"geometry":{"type":"Point","coordinates":[142.20553,-36.73983]}},{"type":"Feature","properties":{"name":"Stawell Road","cls":1},"geometry":{"type":"Point","coordinates":[142.20527,-36.73156]}},{"type":"Feature","properties":{"name":"Old Hamilton Road","cls":5},"geometry":{"type":"Point","coordinates":[142.20551,-36.75293]}},{"type":"Feature","properties":{"name":"Osborne Road","cls":5},"geometry":{"type":"Point","coordinates":[142.21328,-36.74067]}},{"type":"Feature","properties":{"name":"Henty Highway","cls":1},"geometry":{"type":"Point","coordinates":[142.19968,-36.74768]}},{"type":"Feature","properties":{"name":"Grahams Bridge Road","cls":5},"geometry":{"type":"Point","coordinates":[142.21239,-36.76317]}},{"type":"Feature","properties":{"name":"Stawell Road","cls":1},"geometry":{"type":"Point","coordinates":[142.20545,-36.73327]}},{"type":"Feature","properties":{"name":"Old Hamilton Road","cls":5},"geometry":{"type":"Point","coordinates":[142.20525,-36.75975]}},{"type":"Feature","properties":{"name":"Three Bridges Road","cls":4},"geometry":{"type":"Point","coordinates":[142.16769,-36.75837]}},{"type":"Feature","properties":{"name":"Old Hamilton Road","cls":5},"geometry":{"type":"Point","coordinates":[142.20542,-36.7541]}},{"type":"Feature","properties":{"name":"Henty Highway","cls":1},"geometry":{"type":"Point","coordinates":[142.19623,-36.75279]}},{"type":"Feature","properties":{"name":"Old Hamilton Road","cls":5},"geometry":{"type":"Point","coordinates":[142.20513,-36.76863]}},{"type":"Feature","properties":{"name":"Railway Avenue","cls":6},"geometry":{"type":"Point","coordinates":[142.20099,-36.70789]}},{"type":"Feature","properties":{"name":"Railway Lane","cls":6},"geometry":{"type":"Point","coordinates":[142.58718,-36.46586]}},{"type":"Feature","properties":{"name":"Railway Lane","cls":6},"geometry":{"type":"Point","coordinates":[142.58752,-36.46585]}},{"type":"Feature","properties":{"name":"Stawell - Warracknabeal Road","cls":2},"geometry":{"type":"Point","coordinates":[142.49874,-36.36269]}},{"type":"Feature","properties":{"name":"C Loats Road","cls":5},"geometry":{"type":"Point","coordinates":[142.58755,-36.45434]}},{"type":"Feature","properties":{"name":"Church Street","cls":2},"geometry":{"type":"Point","coordinates":[142.59104,-36.46332]}},{"type":"Feature","properties":{"name":"Centenary Park Road","cls":5},"geometry":{"type":"Point","coordinates":[141.85553,-36.76961]}},{"type":"Feature","properties":{"name":"Natimuk Golf Links Road","cls":5},"geometry":{"type":"Point","coordinates":[141.84752,-36.77767]}},{"type":"Feature","properties":{"name":"Devils Garden Road","cls":5},"geometry":{"type":"Point","coordinates":[142.59048,-37.11802]}},{"type":"Feature","properties":{"name":"Nursery Road","cls":5},"geometry":{"type":"Point","coordinates":[142.06733,-36.48731]}},{"type":"Feature","properties":{"name":"Wail Nursery Road","cls":5},"geometry":{"type":"Point","coordinates":[142.08309,-36.50302]}},{"type":"Feature","properties":{"name":"Rees Road","cls":5},"geometry":{"type":"Point","coordinates":[142.05594,-37.08611]}},{"type":"Feature","properties":{"name":"Hopefields Road","cls":5},"geometry":{"type":"Point","coordinates":[142.49232,-36.66834]}},{"type":"Feature","properties":{"name":"Corella Court","cls":6},"geometry":{"type":"Point","coordinates":[142.60247,-37.18268]}},{"type":"Feature","properties":{"name":"Bomjinna Court","cls":6},"geometry":{"type":"Point","coordinates":[142.59976,-37.18173]}},{"type":"Feature","properties":{"name":"Buckler Road","cls":6},"geometry":{"type":"Point","coordinates":[142.52096,-37.13167]}},{"type":"Feature","properties":{"name":"Pryors Road","cls":5},"geometry":{"type":"Point","coordinates":[142.22955,-36.70057]}},{"type":"Feature","properties":{"name":"Glen Street","cls":6},"geometry":{"type":"Point","coordinates":[142.51994,-37.14561]}},{"type":"Feature","properties":{"name":"Charles Street","cls":6},"geometry":{"type":"Point","coordinates":[142.52078,-37.14553]}},{"type":"Feature","properties":{"name":"Cameron Road North","cls":6},"geometry":{"type":"Point","coordinates":[142.22346,-36.7059]}},{"type":"Feature","properties":{"name":"Brunton Avenue","cls":6},"geometry":{"type":"Point","coordinates":[142.62849,-36.63734]}},{"type":"Feature","properties":{"name":"Hateley Road","cls":5},"geometry":{"type":"Point","coordinates":[142.53736,-36.6307]}},{"type":"Feature","properties":{"name":"Cousins Road","cls":5},"geometry":{"type":"Point","coordinates":[142.55136,-36.6274]}},{"type":"Feature","properties":{"name":"Moores Road","cls":5},"geometry":{"type":"Point","coordinates":[142.53576,-36.58947]}},{"type":"Feature","properties":{"name":"Elley Road","cls":5},"geometry":{"type":"Point","coordinates":[142.53546,-36.62693]}},{"type":"Feature","properties":{"name":"Edmonds Road","cls":5},"geometry":{"type":"Point","coordinates":[142.52995,-36.64776]}},{"type":"Feature","properties":{"name":"Hamiltons Road","cls":5},"geometry":{"type":"Point","coordinates":[142.51712,-36.63453]}},{"type":"Feature","properties":{"name":"Exell Road","cls":5},"geometry":{"type":"Point","coordinates":[142.51718,-36.61272]}},{"type":"Feature","properties":{"name":"Hamiltons Road","cls":5},"geometry":{"type":"Point","coordinates":[142.52232,-36.67213]}},{"type":"Feature","properties":{"name":"Konigs Road","cls":5},"geometry":{"type":"Point","coordinates":[142.50529,-36.56767]}},{"type":"Feature","properties":{"name":"Habel Lane","cls":5},"geometry":{"type":"Point","coordinates":[142.52632,-36.61585]}},{"type":"Feature","properties":{"name":"Degenhardts Road","cls":5},"geometry":{"type":"Point","coordinates":[142.52497,-36.60287]}},{"type":"Feature","properties":{"name":"Adlers Road","cls":5},"geometry":{"type":"Point","coordinates":[142.44462,-36.58132]}},{"type":"Feature","properties":{"name":"Schaches Road","cls":5},"geometry":{"type":"Point","coordinates":[142.41517,-36.57662]}},{"type":"Feature","properties":{"name":"Greenhills Road","cls":5},"geometry":{"type":"Point","coordinates":[142.45141,-36.57292]}},{"type":"Feature","properties":{"name":"Holtkamps Road","cls":5},"geometry":{"type":"Point","coordinates":[142.5305,-36.57158]}},{"type":"Feature","properties":{"name":"Banyena Road","cls":5},"geometry":{"type":"Point","coordinates":[142.39316,-36.553]}},{"type":"Feature","properties":{"name":"Nowotnas Road","cls":5},"geometry":{"type":"Point","coordinates":[142.48726,-36.52465]}},{"type":"Feature","properties":{"name":"Church Road","cls":5},"geometry":{"type":"Point","coordinates":[142.53793,-36.53838]}},{"type":"Feature","properties":{"name":"Lierschs Pit Road","cls":5},"geometry":{"type":"Point","coordinates":[142.49638,-36.52668]}},{"type":"Feature","properties":{"name":"Murtoa Settlement Road","cls":5},"geometry":{"type":"Point","coordinates":[142.48113,-36.51183]}},{"type":"Feature","properties":{"name":"North West Road","cls":5},"geometry":{"type":"Point","coordinates":[142.47815,-36.50612]}},{"type":"Feature","properties":{"name":"Kewell School Road","cls":5},"geometry":{"type":"Point","coordinates":[142.44569,-36.49278]}},{"type":"Feature","properties":{"name":"Staricks Road","cls":5},"geometry":{"type":"Point","coordinates":[142.49178,-36.50067]}},{"type":"Feature","properties":{"name":"J Arnold Road","cls":5},"geometry":{"type":"Point","coordinates":[142.6151,-36.5489]}},{"type":"Feature","properties":{"name":"McLachlans Road","cls":5},"geometry":{"type":"Point","coordinates":[142.66346,-36.41075]}},{"type":"Feature","properties":{"name":"Heintze Road","cls":5},"geometry":{"type":"Point","coordinates":[142.62903,-36.42481]}},{"type":"Feature","properties":{"name":"Milgates Road","cls":5},"geometry":{"type":"Point","coordinates":[142.6201,-36.39607]}},{"type":"Feature","properties":{"name":"Midgleys Road","cls":5},"geometry":{"type":"Point","coordinates":[142.59603,-36.43853]}},{"type":"Feature","properties":{"name":"East Mount Pleasant Road","cls":5},"geometry":{"type":"Point","coordinates":[142.61719,-36.45267]}},{"type":"Feature","properties":{"name":"Switchback Road","cls":5},"geometry":{"type":"Point","coordinates":[142.64617,-36.44817]}},{"type":"Feature","properties":{"name":"Coutts Road","cls":5},"geometry":{"type":"Point","coordinates":[142.59518,-36.45444]}},{"type":"Feature","properties":{"name":"R Learmonth Road","cls":5},"geometry":{"type":"Point","coordinates":[142.59495,-36.46054]}},{"type":"Feature","properties":{"name":"Mount Pleasant Road","cls":4},"geometry":{"type":"Point","coordinates":[142.59499,-36.43252]}},{"type":"Feature","properties":{"name":"Kanes Road","cls":5},"geometry":{"type":"Point","coordinates":[142.56781,-36.39375]}},{"type":"Feature","properties":{"name":"Kewell East Road","cls":5},"geometry":{"type":"Point","coordinates":[142.52236,-36.41857]}},{"type":"Feature","properties":{"name":"Krause Lane","cls":5},"geometry":{"type":"Point","coordinates":[142.51331,-36.39447]}},{"type":"Feature","properties":{"name":"Tarkedia Road","cls":5},"geometry":{"type":"Point","coordinates":[142.53146,-36.40366]}},{"type":"Feature","properties":{"name":"Demouilpieds Road","cls":5},"geometry":{"type":"Point","coordinates":[142.52243,-36.3922]}},{"type":"Feature","properties":{"name":"Coffeys Road","cls":5},"geometry":{"type":"Point","coordinates":[142.43883,-36.4025]}},{"type":"Feature","properties":{"name":"Blind Road","cls":5},"geometry":{"type":"Point","coordinates":[142.52239,-36.40686]}},{"type":"Feature","properties":{"name":"Nullan Road","cls":5},"geometry":{"type":"Point","coordinates":[142.53825,-36.40887]}},{"type":"Feature","properties":{"name":"Siding Road","cls":5},"geometry":{"type":"Point","coordinates":[142.54527,-36.40252]}},{"type":"Feature","properties":{"name":"Kewell East Road","cls":5},"geometry":{"type":"Point","coordinates":[142.54311,-36.42501]}},{"type":"Feature","properties":{"name":"Tarkedia Road","cls":5},"geometry":{"type":"Point","coordinates":[142.53141,-36.44946]}},{"type":"Feature","properties":{"name":"Yarriambiack Drive","cls":5},"geometry":{"type":"Point","coordinates":[142.50236,-36.43421]}},{"type":"Feature","properties":{"name":"King Lane","cls":5},"geometry":{"type":"Point","coordinates":[142.54953,-36.44178]}},{"type":"Feature","properties":{"name":"Zerbsts Road","cls":5},"geometry":{"type":"Point","coordinates":[142.51332,-36.44194]}},{"type":"Feature","properties":{"name":"Huebners Road","cls":5},"geometry":{"type":"Point","coordinates":[142.49692,-36.4343]}},{"type":"Feature","properties":{"name":"Huebners Road","cls":5},"geometry":{"type":"Point","coordinates":[142.49726,-36.44192]}},{"type":"Feature","properties":{"name":"Gerdtzs Road","cls":5},"geometry":{"type":"Point","coordinates":[142.49487,-36.42676]}},{"type":"Feature","properties":{"name":"Gerdtzs Road","cls":5},"geometry":{"type":"Point","coordinates":[142.49492,-36.43418]}},{"type":"Feature","properties":{"name":"Gerdtzs Road","cls":5},"geometry":{"type":"Point","coordinates":[142.49433,-36.41599]}},{"type":"Feature","properties":{"name":"Gerdtzs Road","cls":5},"geometry":{"type":"Point","coordinates":[142.49437,-36.39982]}},{"type":"Feature","properties":{"name":"McFarlanes Road","cls":5},"geometry":{"type":"Point","coordinates":[142.46677,-36.40007]}},{"type":"Feature","properties":{"name":"Coates Road","cls":5},"geometry":{"type":"Point","coordinates":[142.45268,-36.39229]}},{"type":"Feature","properties":{"name":"Coates Road","cls":5},"geometry":{"type":"Point","coordinates":[142.42512,-36.39209]}},{"type":"Feature","properties":{"name":"Boschens Road","cls":5},"geometry":{"type":"Point","coordinates":[142.47596,-36.39758]}},{"type":"Feature","properties":{"name":"Longerenong-Warracknabeal Road","cls":5},"geometry":{"type":"Point","coordinates":[142.41171,-36.4014]}},{"type":"Feature","properties":{"name":"Kewell North School Road","cls":5},"geometry":{"type":"Point","coordinates":[142.36158,-36.41688]}},{"type":"Feature","properties":{"name":"Roses Road","cls":5},"geometry":{"type":"Point","coordinates":[142.39814,-36.4169]}},{"type":"Feature","properties":{"name":"Dogwood Road","cls":5},"geometry":{"type":"Point","coordinates":[142.28741,-36.37214]}},{"type":"Feature","properties":{"name":"Bolwells Road","cls":5},"geometry":{"type":"Point","coordinates":[142.31275,-36.40741]}},{"type":"Feature","properties":{"name":"Shalders Road","cls":5},"geometry":{"type":"Point","coordinates":[142.36503,-36.40338]}},{"type":"Feature","properties":{"name":"Powell Lane","cls":5},"geometry":{"type":"Point","coordinates":[142.35917,-36.43296]}},{"type":"Feature","properties":{"name":"Crafters Road","cls":5},"geometry":{"type":"Point","coordinates":[142.355,-36.45583]}},{"type":"Feature","properties":{"name":"Excells Road","cls":5},"geometry":{"type":"Point","coordinates":[142.34443,-36.46029]}},{"type":"Feature","properties":{"name":"Excells Road","cls":5},"geometry":{"type":"Point","coordinates":[142.35194,-36.46653]}},{"type":"Feature","properties":{"name":"Yarriambiack Drive","cls":5},"geometry":{"type":"Point","coordinates":[142.36549,-36.43196]}},{"type":"Feature","properties":{"name":"Byrnes Road","cls":5},"geometry":{"type":"Point","coordinates":[142.32858,-36.48605]}},{"type":"Feature","properties":{"name":"Ailsa Wheat Road","cls":5},"geometry":{"type":"Point","coordinates":[142.32799,-36.45531]}},{"type":"Feature","properties":{"name":"Exells Quarry Road","cls":5},"geometry":{"type":"Point","coordinates":[142.3092,-36.47276]}},{"type":"Feature","properties":{"name":"Thomas Road","cls":5},"geometry":{"type":"Point","coordinates":[142.2583,-36.41109]}},{"type":"Feature","properties":{"name":"Wards Road","cls":5},"geometry":{"type":"Point","coordinates":[142.20802,-36.38835]}},{"type":"Feature","properties":{"name":"Wards Road","cls":5},"geometry":{"type":"Point","coordinates":[142.21679,-36.40277]}},{"type":"Feature","properties":{"name":"Big Wan Road","cls":5},"geometry":{"type":"Point","coordinates":[142.20147,-36.4016]}},{"type":"Feature","properties":{"name":"Ross Road","cls":5},"geometry":{"type":"Point","coordinates":[142.17869,-36.41223]}},{"type":"Feature","properties":{"name":"Dimboola-Minyip Road","cls":4},"geometry":{"type":"Point","coordinates":[142.12352,-36.43332]}},{"type":"Feature","properties":{"name":"Dimboola-Minyip Road","cls":4},"geometry":{"type":"Point","coordinates":[142.08412,-36.43456]}},{"type":"Feature","properties":{"name":"Old Katyil Road","cls":5},"geometry":{"type":"Point","coordinates":[142.08601,-36.38527]}},{"type":"Feature","properties":{"name":"Thomsons Road","cls":5},"geometry":{"type":"Point","coordinates":[142.07115,-36.40157]}},{"type":"Feature","properties":{"name":"Borgelt Road","cls":5},"geometry":{"type":"Point","coordinates":[142.05843,-36.41831]}},{"type":"Feature","properties":{"name":"Howland Road","cls":5},"geometry":{"type":"Point","coordinates":[142.00006,-36.43262]}},{"type":"Feature","properties":{"name":"Barry Road","cls":5},"geometry":{"type":"Point","coordinates":[142.00522,-36.46161]}},{"type":"Feature","properties":{"name":"Bushby Lane","cls":5},"geometry":{"type":"Point","coordinates":[142.00108,-36.44252]}},{"type":"Feature","properties":{"name":"Natimuk - Frances Road","cls":3},"geometry":{"type":"Point","coordinates":[141.72918,-36.73333]}},{"type":"Feature","properties":{"name":"Natimuk - Frances Road","cls":3},"geometry":{"type":"Point","coordinates":[141.67055,-36.73018]}},{"type":"Feature","properties":{"name":"Dimboola-Minyip Road","cls":4},"geometry":{"type":"Point","coordinates":[142.24667,-36.43649]}},{"type":"Feature","properties":{"name":"Ailsa Wheat Road","cls":5},"geometry":{"type":"Point","coordinates":[142.33176,-36.41504]}},{"type":"Feature","properties":{"name":"Dimboola-Minyip Road","cls":4},"geometry":{"type":"Point","coordinates":[142.15655,-36.43272]}},{"type":"Feature","properties":{"name":"Borung Highway","cls":3},"geometry":{"type":"Point","coordinates":[142.10815,-36.41266]}},{"type":"Feature","properties":{"name":"Argall Road","cls":5},"geometry":{"type":"Point","coordinates":[141.81782,-36.38608]}},{"type":"Feature","properties":{"name":"Gerang South Road","cls":4},"geometry":{"type":"Point","coordinates":[141.86896,-36.39142]}},{"type":"Feature","properties":{"name":"Clark Lane","cls":5},"geometry":{"type":"Point","coordinates":[141.87725,-36.40388]}},{"type":"Feature","properties":{"name":"Gerang South Road","cls":5},"geometry":{"type":"Point","coordinates":[141.88159,-36.4197]}},{"type":"Feature","properties":{"name":"Jordan Road","cls":5},"geometry":{"type":"Point","coordinates":[141.80971,-36.42026]}},{"type":"Feature","properties":{"name":"Clark Road","cls":5},"geometry":{"type":"Point","coordinates":[141.88732,-36.38618]}},{"type":"Feature","properties":{"name":"Never Never Road","cls":5},"geometry":{"type":"Point","coordinates":[141.9328,-36.40061]}},{"type":"Feature","properties":{"name":"Lil Lil Dam Road","cls":5},"geometry":{"type":"Point","coordinates":[142.04581,-36.41602]}},{"type":"Feature","properties":{"name":"Lovers Lane","cls":6},"geometry":{"type":"Point","coordinates":[142.04407,-36.44744]}},{"type":"Feature","properties":{"name":"Old Warracknabeal Road","cls":5},"geometry":{"type":"Point","coordinates":[142.05079,-36.44546]}},{"type":"Feature","properties":{"name":"Watson Street","cls":6},"geometry":{"type":"Point","coordinates":[142.09658,-36.50798]}},{"type":"Feature","properties":{"name":"Wail-Polkemmet Road","cls":5},"geometry":{"type":"Point","coordinates":[142.09352,-36.5171]}},{"type":"Feature","properties":{"name":"Post Office Lane","cls":6},"geometry":{"type":"Point","coordinates":[142.10026,-36.50935]}},{"type":"Feature","properties":{"name":"Post Office Lane","cls":6},"geometry":{"type":"Point","coordinates":[142.10059,-36.50867]}},{"type":"Feature","properties":{"name":"Kinimakatka Road","cls":4},"geometry":{"type":"Point","coordinates":[141.60187,-36.43198]}},{"type":"Feature","properties":{"name":"P Warners Road","cls":5},"geometry":{"type":"Point","coordinates":[141.61327,-36.41618]}},{"type":"Feature","properties":{"name":"Weirs Road","cls":5},"geometry":{"type":"Point","coordinates":[141.60698,-36.40381]}},{"type":"Feature","properties":{"name":"Lipshut Road","cls":5},"geometry":{"type":"Point","coordinates":[141.61912,-36.4437]}},{"type":"Feature","properties":{"name":"Westendorfs Road","cls":5},"geometry":{"type":"Point","coordinates":[141.61418,-36.41041]}},{"type":"Feature","properties":{"name":"Ervins Road","cls":5},"geometry":{"type":"Point","coordinates":[141.62712,-36.39315]}},{"type":"Feature","properties":{"name":"Pilgrims Road","cls":5},"geometry":{"type":"Point","coordinates":[141.63137,-36.44467]}},{"type":"Feature","properties":{"name":"Cooack Extension Road","cls":5},"geometry":{"type":"Point","coordinates":[141.7983,-36.64188]}},{"type":"Feature","properties":{"name":"Cooack Road","cls":5},"geometry":{"type":"Point","coordinates":[141.81339,-36.62731]}},{"type":"Feature","properties":{"name":"Cooack Settlement Road","cls":5},"geometry":{"type":"Point","coordinates":[141.77398,-36.61926]}},{"type":"Feature","properties":{"name":"Cooack Fire Access Road","cls":5},"geometry":{"type":"Point","coordinates":[141.74138,-36.64582]}},{"type":"Feature","properties":{"name":"Cooack Road","cls":5},"geometry":{"type":"Point","coordinates":[141.72787,-36.63705]}},{"type":"Feature","properties":{"name":"Cooack Road","cls":5},"geometry":{"type":"Point","coordinates":[141.7047,-36.64248]}},{"type":"Feature","properties":{"name":"Fullers-Mayberys Road","cls":5},"geometry":{"type":"Point","coordinates":[141.6999,-36.63001]}},{"type":"Feature","properties":{"name":"Fullers-Mayberys Road","cls":5},"geometry":{"type":"Point","coordinates":[141.69474,-36.65582]}},{"type":"Feature","properties":{"name":"T Fullers Road","cls":5},"geometry":{"type":"Point","coordinates":[141.67222,-36.64496]}},{"type":"Feature","properties":{"name":"Mitre-Nurcoung Road","cls":4},"geometry":{"type":"Point","coordinates":[141.75885,-36.69294]}},{"type":"Feature","properties":{"name":"Swedes Dam Road","cls":5},"geometry":{"type":"Point","coordinates":[141.60912,-36.63917]}},{"type":"Feature","properties":{"name":"Tom Redfords Road","cls":5},"geometry":{"type":"Point","coordinates":[141.63157,-36.64814]}},{"type":"Feature","properties":{"name":"Bert Redfords Road","cls":5},"geometry":{"type":"Point","coordinates":[141.6558,-36.68321]}},{"type":"Feature","properties":{"name":"Worthys Road","cls":5},"geometry":{"type":"Point","coordinates":[141.6642,-36.71579]}},{"type":"Feature","properties":{"name":"Mill Swamp Lane","cls":5},"geometry":{"type":"Point","coordinates":[141.66735,-36.70031]}},{"type":"Feature","properties":{"name":"Pitmans Road","cls":5},"geometry":{"type":"Point","coordinates":[141.60456,-36.72049]}},{"type":"Feature","properties":{"name":"Minyip-Dimboola Road","cls":4},"geometry":{"type":"Point","coordinates":[142.40482,-36.44917]}},{"type":"Feature","properties":{"name":"Minyip-Dimboola Road","cls":4},"geometry":{"type":"Point","coordinates":[142.39227,-36.44926]}},{"type":"Feature","properties":{"name":"Evans Place","cls":6},"geometry":{"type":"Point","coordinates":[142.53557,-37.12994]}},{"type":"Feature","properties":{"name":"Minyip-Rich Avon Road","cls":4},"geometry":{"type":"Point","coordinates":[142.70098,-36.47005]}},{"type":"Feature","properties":{"name":"Minyip-Rich Avon Road","cls":4},"geometry":{"type":"Point","coordinates":[142.60619,-36.46685]}},{"type":"Feature","properties":{"name":"Stawell - Warracknabeal Road","cls":2},"geometry":{"type":"Point","coordinates":[142.63133,-36.837]}},{"type":"Feature","properties":{"name":"Railway Street","cls":5},"geometry":{"type":"Point","coordinates":[141.83294,-37.23718]}},{"type":"Feature","properties":{"name":"Five Ways Road","cls":5},"geometry":{"type":"Point","coordinates":[141.81649,-37.2142]}},{"type":"Feature","properties":{"name":"Five Ways Road","cls":5},"geometry":{"type":"Point","coordinates":[141.7987,-37.1919]}},{"type":"Feature","properties":{"name":"Burdetts Road","cls":5},"geometry":{"type":"Point","coordinates":[141.77122,-37.22181]}},{"type":"Feature","properties":{"name":"Bennett Lane","cls":5},"geometry":{"type":"Point","coordinates":[141.79522,-37.18845]}},{"type":"Feature","properties":{"name":"Kearns Road","cls":5},"geometry":{"type":"Point","coordinates":[141.82158,-37.19201]}},{"type":"Feature","properties":{"name":"Slaughterhouse Lane","cls":5},"geometry":{"type":"Point","coordinates":[141.8363,-37.23846]}},{"type":"Feature","properties":{"name":"Harrow - Balmoral Road","cls":3},"geometry":{"type":"Point","coordinates":[141.8376,-37.24159]}},{"type":"Feature","properties":{"name":"Harrow - Balmoral Road","cls":3},"geometry":{"type":"Point","coordinates":[141.8373,-37.24171]}},{"type":"Feature","properties":{"name":"Fulham No 1 Road","cls":5},"geometry":{"type":"Point","coordinates":[141.84952,-37.10087]}},{"type":"Feature","properties":{"name":"Telangatuk East-Rocklands Road","cls":5},"geometry":{"type":"Point","coordinates":[141.9781,-37.05097]}},{"type":"Feature","properties":{"name":"Natimuk - Hamilton Road","cls":3},"geometry":{"type":"Point","coordinates":[141.94524,-36.93041]}},{"type":"Feature","properties":{"name":"Jallumba - Clear Lake Road","cls":4},"geometry":{"type":"Point","coordinates":[141.94235,-36.93212]}},{"type":"Feature","properties":{"name":"Natimuk - Hamilton Road","cls":3},"geometry":{"type":"Point","coordinates":[141.9468,-36.9285]}},{"type":"Feature","properties":{"name":"Natimuk - Hamilton Road","cls":3},"geometry":{"type":"Point","coordinates":[141.95611,-36.88312]}},{"type":"Feature","properties":{"name":"Nurrabiel Church Road","cls":5},"geometry":{"type":"Point","coordinates":[141.9974,-36.90919]}},{"type":"Feature","properties":{"name":"Quick Sinclair Russells Road","cls":5},"geometry":{"type":"Point","coordinates":[141.99497,-36.89317]}},{"type":"Feature","properties":{"name":"Hammond-McCuish Road","cls":4},"geometry":{"type":"Point","coordinates":[141.96001,-36.8335]}},{"type":"Feature","properties":{"name":"Arapiles-Grass Flat Road","cls":4},"geometry":{"type":"Point","coordinates":[141.85591,-36.73734]}},{"type":"Feature","properties":{"name":"Lake Road","cls":4},"geometry":{"type":"Point","coordinates":[141.94321,-36.70177]}},{"type":"Feature","properties":{"name":"Lake Road","cls":4},"geometry":{"type":"Point","coordinates":[141.92628,-36.65422]}},{"type":"Feature","properties":{"name":"Wimmera Street","cls":6},"geometry":{"type":"Point","coordinates":[142.03165,-36.45381]}},{"type":"Feature","properties":{"name":"Pine Lake Road","cls":5},"geometry":{"type":"Point","coordinates":[142.34005,-36.75153]}},{"type":"Feature","properties":{"name":"Dimboola Road","cls":1},"geometry":{"type":"Point","coordinates":[142.17525,-36.70049]}},{"type":"Feature","properties":{"name":"Dimboola Road","cls":1},"geometry":{"type":"Point","coordinates":[142.17936,-36.70247]}},{"type":"Feature","properties":{"name":"Urquhart Street","cls":3},"geometry":{"type":"Point","coordinates":[142.20235,-36.71175]}},{"type":"Feature","properties":{"name":"Urquhart Street","cls":3},"geometry":{"type":"Point","coordinates":[142.20221,-36.71175]}},{"type":"Feature","properties":{"name":"Henty Highway","cls":2},"geometry":{"type":"Point","coordinates":[142.23844,-36.67893]}},{"type":"Feature","properties":{"name":"Silverband Road","cls":3},"geometry":{"type":"Point","coordinates":[142.51549,-37.18894]}},{"type":"Feature","properties":{"name":"Stawell Road Service Road","cls":6},"geometry":{"type":"Point","coordinates":[142.20542,-36.72657]}},{"type":"Feature","properties":{"name":"Stawell Road Service Road","cls":6},"geometry":{"type":"Point","coordinates":[142.2055,-36.73119]}},{"type":"Feature","properties":{"name":"Stawell Road Service Road","cls":6},"geometry":{"type":"Point","coordinates":[142.20539,-36.7295]}},{"type":"Feature","properties":{"name":"Hopkins Drive","cls":6},"geometry":{"type":"Point","coordinates":[142.20615,-36.71628]}},{"type":"Feature","properties":{"name":"Cook Street","cls":6},"geometry":{"type":"Point","coordinates":[142.20661,-36.71593]}},{"type":"Feature","properties":{"name":"Colonial Drive","cls":6},"geometry":{"type":"Point","coordinates":[142.18003,-36.74969]}},{"type":"Feature","properties":{"name":"Mackenzie Court","cls":6},"geometry":{"type":"Point","coordinates":[142.18188,-36.74776]}},{"type":"Feature","properties":{"name":"Watsons Lane","cls":5},"geometry":{"type":"Point","coordinates":[142.18743,-36.75124]}},{"type":"Feature","properties":{"name":"Velthuis Drive","cls":6},"geometry":{"type":"Point","coordinates":[142.17882,-36.74328]}},{"type":"Feature","properties":{"name":"Blue Wren Drive","cls":6},"geometry":{"type":"Point","coordinates":[142.17669,-36.74379]}},{"type":"Feature","properties":{"name":"Tulgany Court","cls":6},"geometry":{"type":"Point","coordinates":[142.17934,-36.74315]}},{"type":"Feature","properties":{"name":"Bismark-Lubeck Road","cls":5},"geometry":{"type":"Point","coordinates":[142.55977,-36.76141]}},{"type":"Feature","properties":{"name":"Wal Wal Station Road","cls":4},"geometry":{"type":"Point","coordinates":[142.58196,-36.82661]}},{"type":"Feature","properties":{"name":"Niewand Road","cls":5},"geometry":{"type":"Point","coordinates":[142.55004,-36.82654]}},{"type":"Feature","properties":{"name":"Old Rupanyup Road","cls":5},"geometry":{"type":"Point","coordinates":[142.61341,-36.87239]}},{"type":"Feature","properties":{"name":"Railway Street","cls":6},"geometry":{"type":"Point","coordinates":[142.35795,-36.60913]}},{"type":"Feature","properties":{"name":"Freight Terminal Road","cls":5},"geometry":{"type":"Point","coordinates":[142.2598,-36.64558]}},{"type":"Feature","properties":{"name":"Freight Terminal Road","cls":5},"geometry":{"type":"Point","coordinates":[142.2598,-36.64552]}},{"type":"Feature","properties":{"name":"Freight Terminal Road","cls":5},"geometry":{"type":"Point","coordinates":[142.25958,-36.64607]}},{"type":"Feature","properties":{"name":"Freight Terminal Road","cls":5},"geometry":{"type":"Point","coordinates":[142.26908,-36.6454]}},{"type":"Feature","properties":{"name":"Molyneaux Road","cls":5},"geometry":{"type":"Point","coordinates":[142.27802,-36.6389]}},{"type":"Feature","properties":{"name":"Jung Tip Road","cls":5},"geometry":{"type":"Point","coordinates":[142.36607,-36.60973]}},{"type":"Feature","properties":{"name":"Jung West Road","cls":5},"geometry":{"type":"Point","coordinates":[142.32561,-36.60769]}},{"type":"Feature","properties":{"name":"Station Street","cls":6},"geometry":{"type":"Point","coordinates":[142.12179,-36.5852]}},{"type":"Feature","properties":{"name":"Miller Street","cls":6},"geometry":{"type":"Point","coordinates":[142.12219,-36.58687]}},{"type":"Feature","properties":{"name":"Henty Highway","cls":2},"geometry":{"type":"Point","coordinates":[142.25928,-36.64686]}},{"type":"Feature","properties":{"name":"Henty Highway","cls":2},"geometry":{"type":"Point","coordinates":[142.25565,-36.65797]}},{"type":"Feature","properties":{"name":"McFarlanes Lane","cls":5},"geometry":{"type":"Point","coordinates":[141.68796,-37.26748]}},{"type":"Feature","properties":{"name":"Hobbs Road","cls":5},"geometry":{"type":"Point","coordinates":[141.73436,-37.27438]}},{"type":"Feature","properties":{"name":"Kongbool Road","cls":5},"geometry":{"type":"Point","coordinates":[141.81706,-37.25342]}},{"type":"Feature","properties":{"name":"Heap Street","cls":6},"geometry":{"type":"Point","coordinates":[141.83059,-37.25398]}},{"type":"Feature","properties":{"name":"Perth Street","cls":6},"geometry":{"type":"Point","coordinates":[141.84076,-37.25005]}},{"type":"Feature","properties":{"name":"Elliotts Road","cls":5},"geometry":{"type":"Point","coordinates":[141.79529,-37.11572]}},{"type":"Feature","properties":{"name":"Elliotts Road","cls":5},"geometry":{"type":"Point","coordinates":[141.7795,-37.11434]}},{"type":"Feature","properties":{"name":"Hammond-McCuish Road","cls":4},"geometry":{"type":"Point","coordinates":[141.96391,-36.83777]}},{"type":"Feature","properties":{"name":"Hammond-McCuish Road","cls":4},"geometry":{"type":"Point","coordinates":[141.96392,-36.83794]}},{"type":"Feature","properties":{"name":"Hammond-McCuish Road","cls":4},"geometry":{"type":"Point","coordinates":[141.96289,-36.83674]}},{"type":"Feature","properties":{"name":"Field Days Road","cls":5},"geometry":{"type":"Point","coordinates":[142.30052,-36.68061]}},{"type":"Feature","properties":{"name":"College Avenue","cls":5},"geometry":{"type":"Point","coordinates":[142.29179,-36.67026]}},{"type":"Feature","properties":{"name":"Front Drive","cls":5},"geometry":{"type":"Point","coordinates":[142.30314,-36.66743]}},{"type":"Feature","properties":{"name":"Front Drive","cls":5},"geometry":{"type":"Point","coordinates":[142.30322,-36.66743]}},{"type":"Feature","properties":{"name":"Campus Drive","cls":5},"geometry":{"type":"Point","coordinates":[142.30457,-36.66708]}},{"type":"Feature","properties":{"name":"Campus Drive","cls":5},"geometry":{"type":"Point","coordinates":[142.30343,-36.66716]}},{"type":"Feature","properties":{"name":"Campus Drive","cls":5},"geometry":{"type":"Point","coordinates":[142.30295,-36.66717]}},{"type":"Feature","properties":{"name":"Centre Road","cls":5},"geometry":{"type":"Point","coordinates":[142.30285,-36.6663]}},{"type":"Feature","properties":{"name":"Farm Road","cls":5},"geometry":{"type":"Point","coordinates":[142.30523,-36.66581]}},{"type":"Feature","properties":{"name":"West Road","cls":5},"geometry":{"type":"Point","coordinates":[142.30004,-36.66798]}},{"type":"Feature","properties":{"name":"Tuckers Road","cls":5},"geometry":{"type":"Point","coordinates":[142.29175,-36.66333]}},{"type":"Feature","properties":{"name":"Irrigation Road","cls":5},"geometry":{"type":"Point","coordinates":[142.31028,-36.67568]}},{"type":"Feature","properties":{"name":"Drung-Jung Road","cls":5},"geometry":{"type":"Point","coordinates":[142.33543,-36.65948]}},{"type":"Feature","properties":{"name":"Sawyer Court","cls":6},"geometry":{"type":"Point","coordinates":[142.21761,-36.72143]}},{"type":"Feature","properties":{"name":"O'Brien Court","cls":6},"geometry":{"type":"Point","coordinates":[142.2167,-36.72255]}},{"type":"Feature","properties":{"name":"Waterlink Esplanade","cls":6},"geometry":{"type":"Point","coordinates":[142.21423,-36.71999]}},{"type":"Feature","properties":{"name":"Latus Drive","cls":6},"geometry":{"type":"Point","coordinates":[142.21826,-36.72245]}},{"type":"Feature","properties":{"name":"Stawell Road Service Road","cls":6},"geometry":{"type":"Point","coordinates":[142.20477,-36.72508]}},{"type":"Feature","properties":{"name":"Stawell Road Service Road","cls":6},"geometry":{"type":"Point","coordinates":[142.20484,-36.72591]}},{"type":"Feature","properties":{"name":"Stawell Road Service Road","cls":6},"geometry":{"type":"Point","coordinates":[142.20486,-36.72547]}},{"type":"Feature","properties":{"name":"Weight Close","cls":6},"geometry":{"type":"Point","coordinates":[142.20098,-36.72692]}},{"type":"Feature","properties":{"name":"Weight Close","cls":6},"geometry":{"type":"Point","coordinates":[142.20016,-36.72786]}},{"type":"Feature","properties":{"name":"Evans Way","cls":6},"geometry":{"type":"Point","coordinates":[142.20102,-36.72894]}},{"type":"Feature","properties":{"name":"Ballinger Street","cls":5},"geometry":{"type":"Point","coordinates":[142.18736,-36.73834]}},{"type":"Feature","properties":{"name":"Pohlner Street","cls":5},"geometry":{"type":"Point","coordinates":[142.1869,-36.7393]}},{"type":"Feature","properties":{"name":"Hickson Street","cls":6},"geometry":{"type":"Point","coordinates":[142.19145,-36.69983]}},{"type":"Feature","properties":{"name":"Flacks Road","cls":5},"geometry":{"type":"Point","coordinates":[142.18692,-36.68209]}},{"type":"Feature","properties":{"name":"Brim Springs West Lane","cls":5},"geometry":{"type":"Point","coordinates":[142.1792,-37.04726]}},{"type":"Feature","properties":{"name":"Roberts Road","cls":5},"geometry":{"type":"Point","coordinates":[142.21631,-37.01366]}},{"type":"Feature","properties":{"name":"Byrnes Road","cls":5},"geometry":{"type":"Point","coordinates":[142.20232,-36.99155]}},{"type":"Feature","properties":{"name":"Campbells Lane","cls":5},"geometry":{"type":"Point","coordinates":[142.17607,-37.03182]}},{"type":"Feature","properties":{"name":"Downies Lane","cls":5},"geometry":{"type":"Point","coordinates":[142.14709,-37.00293]}},{"type":"Feature","properties":{"name":"Red Rock Road","cls":5},"geometry":{"type":"Point","coordinates":[142.11439,-37.00695]}},{"type":"Feature","properties":{"name":"Mount Talbot Reserve Road","cls":5},"geometry":{"type":"Point","coordinates":[142.07079,-37.02277]}},{"type":"Feature","properties":{"name":"Clarkes Lane","cls":5},"geometry":{"type":"Point","coordinates":[142.12334,-36.97377]}},{"type":"Feature","properties":{"name":"Black Range Road","cls":5},"geometry":{"type":"Point","coordinates":[142.12366,-37.07093]}},{"type":"Feature","properties":{"name":"Rocklands-Cherrypool Road","cls":5},"geometry":{"type":"Point","coordinates":[142.11084,-37.13776]}},{"type":"Feature","properties":{"name":"Stubgate Road","cls":5},"geometry":{"type":"Point","coordinates":[142.06969,-37.0586]}},{"type":"Feature","properties":{"name":"Mount Talbot Road","cls":5},"geometry":{"type":"Point","coordinates":[142.06244,-36.97189]}},{"type":"Feature","properties":{"name":"Brennans Road","cls":5},"geometry":{"type":"Point","coordinates":[142.00964,-37.07801]}},{"type":"Feature","properties":{"name":"Mockinya-Brimpaen Road","cls":5},"geometry":{"type":"Point","coordinates":[142.14255,-36.96892]}},{"type":"Feature","properties":{"name":"Bells Road","cls":5},"geometry":{"type":"Point","coordinates":[142.10923,-36.97306]}},{"type":"Feature","properties":{"name":"Connangorach Road","cls":5},"geometry":{"type":"Point","coordinates":[142.02865,-36.95948]}},{"type":"Feature","properties":{"name":"Miss Williamsons Road","cls":5},"geometry":{"type":"Point","coordinates":[142.02135,-36.97785]}},{"type":"Feature","properties":{"name":"White Swamp Road","cls":5},"geometry":{"type":"Point","coordinates":[142.0211,-36.95963]}},{"type":"Feature","properties":{"name":"Dip Swamp Road","cls":5},"geometry":{"type":"Point","coordinates":[142.10874,-36.96472]}},{"type":"Feature","properties":{"name":"Dunstans Road","cls":5},"geometry":{"type":"Point","coordinates":[142.00336,-37.10882]}},{"type":"Feature","properties":{"name":"Jones Road","cls":5},"geometry":{"type":"Point","coordinates":[141.68235,-37.13468]}},{"type":"Feature","properties":{"name":"Jaspers Lane","cls":5},"geometry":{"type":"Point","coordinates":[141.73124,-37.14634]}},{"type":"Feature","properties":{"name":"Jaspers Lane","cls":5},"geometry":{"type":"Point","coordinates":[141.8047,-37.14743]}},{"type":"Feature","properties":{"name":"Fitzgeralds Road","cls":5},"geometry":{"type":"Point","coordinates":[141.70344,-37.12927]}},{"type":"Feature","properties":{"name":"Clarkes Lake Road","cls":5},"geometry":{"type":"Point","coordinates":[141.8766,-36.86831]}},{"type":"Feature","properties":{"name":"Cooks Lane","cls":5},"geometry":{"type":"Point","coordinates":[141.96088,-36.87663]}},{"type":"Feature","properties":{"name":"McDonalds Road","cls":5},"geometry":{"type":"Point","coordinates":[142.01896,-36.89181]}},{"type":"Feature","properties":{"name":"Nurrabiel Cemetery Road","cls":5},"geometry":{"type":"Point","coordinates":[142.0274,-36.89769]}},{"type":"Feature","properties":{"name":"Nurrabiel Cemetery Road","cls":5},"geometry":{"type":"Point","coordinates":[142.03286,-36.88382]}},{"type":"Feature","properties":{"name":"McDonalds Road","cls":5},"geometry":{"type":"Point","coordinates":[142.01901,-36.86772]}},{"type":"Feature","properties":{"name":"Rifle Butts Road","cls":5},"geometry":{"type":"Point","coordinates":[141.93374,-36.84456]}},{"type":"Feature","properties":{"name":"Scott Heard Lights Road","cls":5},"geometry":{"type":"Point","coordinates":[141.8938,-36.86878]}},{"type":"Feature","properties":{"name":"Bow Lake road","cls":5},"geometry":{"type":"Point","coordinates":[141.84139,-36.92343]}},{"type":"Feature","properties":{"name":"Scott Hair Watsons Road","cls":6},"geometry":{"type":"Point","coordinates":[141.86767,-36.93872]}},{"type":"Feature","properties":{"name":"Elliots Lane","cls":5},"geometry":{"type":"Point","coordinates":[141.85448,-36.93491]}},{"type":"Feature","properties":{"name":"Fitzgeralds Road","cls":5},"geometry":{"type":"Point","coordinates":[141.59267,-37.19028]}},{"type":"Feature","properties":{"name":"Glenferrie Road","cls":5},"geometry":{"type":"Point","coordinates":[141.59716,-37.17802]}},{"type":"Feature","properties":{"name":"Brandts Road","cls":5},"geometry":{"type":"Point","coordinates":[141.74407,-37.11184]}},{"type":"Feature","properties":{"name":"Elliots and Brandts Road","cls":5},"geometry":{"type":"Point","coordinates":[141.73385,-37.11269]}},{"type":"Feature","properties":{"name":"Carlins Road","cls":5},"geometry":{"type":"Point","coordinates":[141.73699,-37.0952]}},{"type":"Feature","properties":{"name":"White Lake Road","cls":5},"geometry":{"type":"Point","coordinates":[141.73824,-37.0655]}},{"type":"Feature","properties":{"name":"Quigleys Road","cls":5},"geometry":{"type":"Point","coordinates":[141.71013,-37.0923]}},{"type":"Feature","properties":{"name":"T Pennys Road","cls":5},"geometry":{"type":"Point","coordinates":[141.71884,-37.04866]}},{"type":"Feature","properties":{"name":"McLachlans Road","cls":5},"geometry":{"type":"Point","coordinates":[141.71133,-37.06937]}},{"type":"Feature","properties":{"name":"Riverside Road","cls":6},"geometry":{"type":"Point","coordinates":[142.03967,-36.46933]}},{"type":"Feature","properties":{"name":"Quick Sinclair Russells Road","cls":5},"geometry":{"type":"Point","coordinates":[141.98188,-36.97861]}},{"type":"Feature","properties":{"name":"Mitchells Road","cls":5},"geometry":{"type":"Point","coordinates":[141.97863,-36.97074]}},{"type":"Feature","properties":{"name":"Toolondo Gun Club Road","cls":5},"geometry":{"type":"Point","coordinates":[141.95334,-36.95784]}},{"type":"Feature","properties":{"name":"Carchap Lane","cls":5},"geometry":{"type":"Point","coordinates":[141.94005,-36.95672]}},{"type":"Feature","properties":{"name":"Carchap Lane","cls":5},"geometry":{"type":"Point","coordinates":[141.93973,-36.95668]}},{"type":"Feature","properties":{"name":"Carchap Lane","cls":5},"geometry":{"type":"Point","coordinates":[141.93851,-36.95657]}},{"type":"Feature","properties":{"name":"Officer Station Road","cls":5},"geometry":{"type":"Point","coordinates":[141.89588,-36.99494]}},{"type":"Feature","properties":{"name":"Peppertree Lane","cls":5},"geometry":{"type":"Point","coordinates":[141.90219,-36.97957]}},{"type":"Feature","properties":{"name":"Holmes Road","cls":5},"geometry":{"type":"Point","coordinates":[142.00871,-36.98524]}},{"type":"Feature","properties":{"name":"Camerons Road","cls":5},"geometry":{"type":"Point","coordinates":[141.99481,-36.98902]}},{"type":"Feature","properties":{"name":"Camerons Road","cls":5},"geometry":{"type":"Point","coordinates":[142.02276,-36.99452]}},{"type":"Feature","properties":{"name":"Holmes Road","cls":5},"geometry":{"type":"Point","coordinates":[142.00925,-37.00843]}},{"type":"Feature","properties":{"name":"Ten Mile Road","cls":5},"geometry":{"type":"Point","coordinates":[142.03791,-36.99673]}},{"type":"Feature","properties":{"name":"Camerons Road","cls":5},"geometry":{"type":"Point","coordinates":[142.04664,-36.99835]}},{"type":"Feature","properties":{"name":"Wash Tomorrow Road","cls":5},"geometry":{"type":"Point","coordinates":[141.99708,-37.01821]}},{"type":"Feature","properties":{"name":"Hickeys Road","cls":5},"geometry":{"type":"Point","coordinates":[142.25452,-36.90112]}},{"type":"Feature","properties":{"name":"Franciscos Road","cls":5},"geometry":{"type":"Point","coordinates":[142.26726,-36.89796]}},{"type":"Feature","properties":{"name":"Macinnes Road","cls":5},"geometry":{"type":"Point","coordinates":[142.26328,-36.92609]}},{"type":"Feature","properties":{"name":"Jung Recreation Reserve Road","cls":5},"geometry":{"type":"Point","coordinates":[142.3696,-36.60277]}},{"type":"Feature","properties":{"name":"Jung Recreation Reserve Road","cls":5},"geometry":{"type":"Point","coordinates":[142.37761,-36.60381]}},{"type":"Feature","properties":{"name":"Jung Recreation Reserve Road","cls":5},"geometry":{"type":"Point","coordinates":[142.40097,-36.60327]}},{"type":"Feature","properties":{"name":"Jung Recreation Reserve Road","cls":5},"geometry":{"type":"Point","coordinates":[142.37818,-36.60414]}},{"type":"Feature","properties":{"name":"Jung Cemetery Road","cls":5},"geometry":{"type":"Point","coordinates":[142.37197,-36.57198]}},{"type":"Feature","properties":{"name":"Lierschs Road","cls":5},"geometry":{"type":"Point","coordinates":[142.36489,-36.56078]}},{"type":"Feature","properties":{"name":"Bells Road","cls":5},"geometry":{"type":"Point","coordinates":[142.36616,-36.57551]}},{"type":"Feature","properties":{"name":"Bells Road","cls":5},"geometry":{"type":"Point","coordinates":[142.32348,-36.57406]}},{"type":"Feature","properties":{"name":"Jackmans Road","cls":5},"geometry":{"type":"Point","coordinates":[141.87539,-36.91803]}},{"type":"Feature","properties":{"name":"Scott Heard Lights Road","cls":5},"geometry":{"type":"Point","coordinates":[141.86593,-36.90968]}},{"type":"Feature","properties":{"name":"J Emmersons Road","cls":5},"geometry":{"type":"Point","coordinates":[141.85129,-36.90786]}},{"type":"Feature","properties":{"name":"McRaes Road","cls":5},"geometry":{"type":"Point","coordinates":[141.87815,-36.89746]}},{"type":"Feature","properties":{"name":"Wilson Lane","cls":5},"geometry":{"type":"Point","coordinates":[142.04693,-36.87016]}},{"type":"Feature","properties":{"name":"Wilson Lane","cls":5},"geometry":{"type":"Point","coordinates":[142.04672,-36.87026]}},{"type":"Feature","properties":{"name":"Wilson Lane","cls":5},"geometry":{"type":"Point","coordinates":[142.03893,-36.87865]}},{"type":"Feature","properties":{"name":"Grampians Road","cls":3},"geometry":{"type":"Point","coordinates":[142.5233,-37.13002]}},{"type":"Feature","properties":{"name":"Ball Road","cls":5},"geometry":{"type":"Point","coordinates":[142.13391,-36.75553]}},{"type":"Feature","properties":{"name":"Horsham - Noradjuha Road","cls":3},"geometry":{"type":"Point","coordinates":[142.11555,-36.74887]}},{"type":"Feature","properties":{"name":"Horsham - Noradjuha Road","cls":3},"geometry":{"type":"Point","coordinates":[142.11358,-36.75903]}},{"type":"Feature","properties":{"name":"Plush Hannans Road","cls":5},"geometry":{"type":"Point","coordinates":[142.1559,-36.8112]}},{"type":"Feature","properties":{"name":"Plush Hannans Road","cls":5},"geometry":{"type":"Point","coordinates":[142.13852,-36.81125]}},{"type":"Feature","properties":{"name":"Field Days Road","cls":5},"geometry":{"type":"Point","coordinates":[142.30602,-36.68271]}},{"type":"Feature","properties":{"name":"D Bells Road","cls":5},"geometry":{"type":"Point","coordinates":[141.73219,-36.43449]}},{"type":"Feature","properties":{"name":"D Manns Road","cls":5},"geometry":{"type":"Point","coordinates":[141.66002,-36.43926]}},{"type":"Feature","properties":{"name":"Drapers Road","cls":5},"geometry":{"type":"Point","coordinates":[141.70243,-36.45167]}},{"type":"Feature","properties":{"name":"Drapers Road","cls":5},"geometry":{"type":"Point","coordinates":[141.68642,-36.4461]}},{"type":"Feature","properties":{"name":"K Oldfield Road","cls":5},"geometry":{"type":"Point","coordinates":[141.73669,-36.45822]}},{"type":"Feature","properties":{"name":"L Creek Road","cls":5},"geometry":{"type":"Point","coordinates":[141.68102,-36.4323]}},{"type":"Feature","properties":{"name":"Northern Break","cls":5},"geometry":{"type":"Point","coordinates":[141.75926,-36.46608]}},{"type":"Feature","properties":{"name":"Mclennans Track","cls":5},"geometry":{"type":"Point","coordinates":[141.59819,-36.93486]}},{"type":"Feature","properties":{"name":"Arnolds And Smiths Road","cls":5},"geometry":{"type":"Point","coordinates":[141.63927,-36.96831]}},{"type":"Feature","properties":{"name":"Polpara Track","cls":5},"geometry":{"type":"Point","coordinates":[141.5856,-36.96264]}},{"type":"Feature","properties":{"name":"R Ridlers Road","cls":5},"geometry":{"type":"Point","coordinates":[141.61564,-36.96597]}},{"type":"Feature","properties":{"name":"B Ross Road","cls":5},"geometry":{"type":"Point","coordinates":[141.93472,-37.10876]}},{"type":"Feature","properties":{"name":"Derwent Lane","cls":5},"geometry":{"type":"Point","coordinates":[141.94841,-37.07193]}},{"type":"Feature","properties":{"name":"E Ross Road","cls":5},"geometry":{"type":"Point","coordinates":[141.94267,-37.1164]}},{"type":"Feature","properties":{"name":"Murrays Road","cls":5},"geometry":{"type":"Point","coordinates":[141.91837,-37.09847]}},{"type":"Feature","properties":{"name":"Robertsons Road","cls":5},"geometry":{"type":"Point","coordinates":[141.96286,-37.10298]}},{"type":"Feature","properties":{"name":"Roy Blakes Road","cls":5},"geometry":{"type":"Point","coordinates":[141.98386,-37.13094]}},{"type":"Feature","properties":{"name":"Scholfields Road","cls":5},"geometry":{"type":"Point","coordinates":[141.98622,-37.11568]}},{"type":"Feature","properties":{"name":"Telangatuk East Road","cls":5},"geometry":{"type":"Point","coordinates":[141.94215,-37.09344]}},{"type":"Feature","properties":{"name":"Tonkins Road","cls":5},"geometry":{"type":"Point","coordinates":[141.93972,-37.07647]}},{"type":"Feature","properties":{"name":"Yulong East West Road","cls":5},"geometry":{"type":"Point","coordinates":[141.98588,-37.17572]}},{"type":"Feature","properties":{"name":"Yulong East West Road","cls":5},"geometry":{"type":"Point","coordinates":[141.97486,-37.17549]}},{"type":"Feature","properties":{"name":"Edgewood Road","cls":5},"geometry":{"type":"Point","coordinates":[141.88532,-37.16538]}},{"type":"Feature","properties":{"name":"Ford Lane","cls":5},"geometry":{"type":"Point","coordinates":[141.81182,-37.16604]}},{"type":"Feature","properties":{"name":"Mutchs Road","cls":5},"geometry":{"type":"Point","coordinates":[141.91705,-37.22555]}},{"type":"Feature","properties":{"name":"Turrel Road","cls":5},"geometry":{"type":"Point","coordinates":[141.82035,-37.14862]}},{"type":"Feature","properties":{"name":"Wades Road","cls":5},"geometry":{"type":"Point","coordinates":[141.82443,-37.09917]}},{"type":"Feature","properties":{"name":"Walcott Road","cls":5},"geometry":{"type":"Point","coordinates":[141.85141,-37.14585]}},{"type":"Feature","properties":{"name":"Silcocks Road","cls":5},"geometry":{"type":"Point","coordinates":[141.99095,-37.19972]}},{"type":"Feature","properties":{"name":"Paddy Melon Road","cls":5},"geometry":{"type":"Point","coordinates":[141.59492,-37.12487]}},{"type":"Feature","properties":{"name":"Jennawarra Road","cls":5},"geometry":{"type":"Point","coordinates":[141.71239,-37.21872]}},{"type":"Feature","properties":{"name":"Jennawarra Road","cls":5},"geometry":{"type":"Point","coordinates":[141.6975,-37.2191]}},{"type":"Feature","properties":{"name":"Roberts Road","cls":5},"geometry":{"type":"Point","coordinates":[141.68001,-37.1856]}},{"type":"Feature","properties":{"name":"Wades Road","cls":5},"geometry":{"type":"Point","coordinates":[141.70413,-37.19843]}},{"type":"Feature","properties":{"name":"Cemetery Road","cls":6},"geometry":{"type":"Point","coordinates":[141.82906,-37.26608]}},{"type":"Feature","properties":{"name":"Elliotts Back Lane","cls":5},"geometry":{"type":"Point","coordinates":[141.76939,-37.12186]}},{"type":"Feature","properties":{"name":"Jardines Road","cls":5},"geometry":{"type":"Point","coordinates":[141.76045,-37.19979]}},{"type":"Feature","properties":{"name":"Pecks Road","cls":5},"geometry":{"type":"Point","coordinates":[141.72647,-37.16345]}},{"type":"Feature","properties":{"name":"Woods Road","cls":6},"geometry":{"type":"Point","coordinates":[141.84319,-37.25797]}},{"type":"Feature","properties":{"name":"Yat Nat Road","cls":5},"geometry":{"type":"Point","coordinates":[141.85092,-37.22797]}},{"type":"Feature","properties":{"name":"Channel Road","cls":5},"geometry":{"type":"Point","coordinates":[141.91829,-37.19664]}},{"type":"Feature","properties":{"name":"Church Lane","cls":5},"geometry":{"type":"Point","coordinates":[141.75779,-37.04277]}},{"type":"Feature","properties":{"name":"Digger Jims Road","cls":5},"geometry":{"type":"Point","coordinates":[141.86486,-37.00507]}},{"type":"Feature","properties":{"name":"Dyers Road","cls":5},"geometry":{"type":"Point","coordinates":[141.98362,-37.05984]}},{"type":"Feature","properties":{"name":"Dyers Road","cls":5},"geometry":{"type":"Point","coordinates":[141.97937,-37.06127]}},{"type":"Feature","properties":{"name":"Hobbs And Flynns Road","cls":5},"geometry":{"type":"Point","coordinates":[141.80136,-37.06071]}},{"type":"Feature","properties":{"name":"Hobbs Road","cls":5},"geometry":{"type":"Point","coordinates":[141.77018,-37.03096]}},{"type":"Feature","properties":{"name":"John McPhees Drive","cls":5},"geometry":{"type":"Point","coordinates":[141.97706,-37.02582]}},{"type":"Feature","properties":{"name":"Les Mutchs Road","cls":5},"geometry":{"type":"Point","coordinates":[141.94807,-37.15212]}},{"type":"Feature","properties":{"name":"Les Mutchs Road","cls":5},"geometry":{"type":"Point","coordinates":[141.93159,-37.15039]}},{"type":"Feature","properties":{"name":"Mckechnies Road","cls":5},"geometry":{"type":"Point","coordinates":[141.77619,-37.07598]}},{"type":"Feature","properties":{"name":"Mewetts Road","cls":5},"geometry":{"type":"Point","coordinates":[141.73665,-37.02079]}},{"type":"Feature","properties":{"name":"Mewetts Road","cls":5},"geometry":{"type":"Point","coordinates":[141.73922,-37.01063]}},{"type":"Feature","properties":{"name":"Plushs Road","cls":5},"geometry":{"type":"Point","coordinates":[141.76067,-37.02257]}},{"type":"Feature","properties":{"name":"Rex Hobbs Road","cls":5},"geometry":{"type":"Point","coordinates":[141.76495,-37.05724]}},{"type":"Feature","properties":{"name":"Rich Millers Road","cls":5},"geometry":{"type":"Point","coordinates":[141.89815,-37.04016]}},{"type":"Feature","properties":{"name":"Wilsons Road","cls":5},"geometry":{"type":"Point","coordinates":[141.97654,-37.15491]}},{"type":"Feature","properties":{"name":"Barnes Road","cls":5},"geometry":{"type":"Point","coordinates":[141.83829,-36.66613]}},{"type":"Feature","properties":{"name":"Barnes Road","cls":5},"geometry":{"type":"Point","coordinates":[141.83626,-36.67892]}},{"type":"Feature","properties":{"name":"Black Swamp Road","cls":5},"geometry":{"type":"Point","coordinates":[141.87282,-36.69591]}},{"type":"Feature","properties":{"name":"Oliver Schmidts Road","cls":5},"geometry":{"type":"Point","coordinates":[141.81458,-36.65964]}},{"type":"Feature","properties":{"name":"Oliver Schmidts Road","cls":5},"geometry":{"type":"Point","coordinates":[141.84925,-36.66324]}},{"type":"Feature","properties":{"name":"Rasmussens Road","cls":5},"geometry":{"type":"Point","coordinates":[141.87373,-36.67766]}},{"type":"Feature","properties":{"name":"Scrub Road","cls":5},"geometry":{"type":"Point","coordinates":[141.87562,-36.66018]}},{"type":"Feature","properties":{"name":"Telfers Road","cls":5},"geometry":{"type":"Point","coordinates":[141.82356,-36.67409]}},{"type":"Feature","properties":{"name":"Wyn Wyn Road","cls":5},"geometry":{"type":"Point","coordinates":[141.89477,-36.65711]}},{"type":"Feature","properties":{"name":"A Keytes Road","cls":5},"geometry":{"type":"Point","coordinates":[141.9019,-36.72806]}},{"type":"Feature","properties":{"name":"Arapiles School Road","cls":5},"geometry":{"type":"Point","coordinates":[141.87869,-36.75091]}},{"type":"Feature","properties":{"name":"Duchembegarra Road","cls":5},"geometry":{"type":"Point","coordinates":[141.9458,-36.61256]}},{"type":"Feature","properties":{"name":"Duchembegarra Road","cls":5},"geometry":{"type":"Point","coordinates":[141.94843,-36.65372]}},{"type":"Feature","properties":{"name":"Ellis Road","cls":5},"geometry":{"type":"Point","coordinates":[141.96043,-36.595]}},{"type":"Feature","properties":{"name":"Ellis Road","cls":5},"geometry":{"type":"Point","coordinates":[141.94778,-36.60363]}},{"type":"Feature","properties":{"name":"Mackleys Road","cls":5},"geometry":{"type":"Point","coordinates":[141.9603,-36.62371]}},{"type":"Feature","properties":{"name":"Old Duchembegarra School Road","cls":5},"geometry":{"type":"Point","coordinates":[141.96141,-36.64417]}},{"type":"Feature","properties":{"name":"Quades Road","cls":5},"geometry":{"type":"Point","coordinates":[141.86351,-36.61729]}},{"type":"Feature","properties":{"name":"Red Gum Swamp Road","cls":5},"geometry":{"type":"Point","coordinates":[141.88362,-36.70538]}},{"type":"Feature","properties":{"name":"Vinegar Hill Road","cls":5},"geometry":{"type":"Point","coordinates":[141.85205,-36.71057]}},{"type":"Feature","properties":{"name":"Combes Road","cls":5},"geometry":{"type":"Point","coordinates":[141.79605,-36.68505]}},{"type":"Feature","properties":{"name":"Cooack Mitre Road","cls":5},"geometry":{"type":"Point","coordinates":[141.81006,-36.67417]}},{"type":"Feature","properties":{"name":"McClures Road","cls":5},"geometry":{"type":"Point","coordinates":[141.81058,-36.7459]}},{"type":"Feature","properties":{"name":"McClures Road","cls":5},"geometry":{"type":"Point","coordinates":[141.7845,-36.74161]}},{"type":"Feature","properties":{"name":"Mccreddens Road","cls":5},"geometry":{"type":"Point","coordinates":[141.76088,-36.69366]}},{"type":"Feature","properties":{"name":"Schmidts Swamp Road","cls":5},"geometry":{"type":"Point","coordinates":[141.80167,-36.6723]}},{"type":"Feature","properties":{"name":"Allans Track","cls":5},"geometry":{"type":"Point","coordinates":[141.57218,-36.81443]}},{"type":"Feature","properties":{"name":"Ampts Back Road","cls":5},"geometry":{"type":"Point","coordinates":[141.60058,-36.78262]}},{"type":"Feature","properties":{"name":"Blackers Road","cls":5},"geometry":{"type":"Point","coordinates":[141.61747,-36.81298]}},{"type":"Feature","properties":{"name":"Cyril Ampts Road","cls":5},"geometry":{"type":"Point","coordinates":[141.61326,-36.79116]}},{"type":"Feature","properties":{"name":"Morgans Road","cls":5},"geometry":{"type":"Point","coordinates":[141.64903,-36.79468]}},{"type":"Feature","properties":{"name":"Muegels Road","cls":5},"geometry":{"type":"Point","coordinates":[141.59905,-36.75627]}},{"type":"Feature","properties":{"name":"Breens Lane","cls":5},"geometry":{"type":"Point","coordinates":[141.61,-36.65653]}},{"type":"Feature","properties":{"name":"Gordon Mayberys Road","cls":5},"geometry":{"type":"Point","coordinates":[141.59485,-36.68428]}},{"type":"Feature","properties":{"name":"Hiscocks Road","cls":5},"geometry":{"type":"Point","coordinates":[141.68066,-36.67126]}},{"type":"Feature","properties":{"name":"Lears Road","cls":5},"geometry":{"type":"Point","coordinates":[141.70079,-36.69881]}},{"type":"Feature","properties":{"name":"Basin Road","cls":5},"geometry":{"type":"Point","coordinates":[141.84979,-36.829]}},{"type":"Feature","properties":{"name":"Emmersons Road","cls":5},"geometry":{"type":"Point","coordinates":[141.84294,-36.88522]}},{"type":"Feature","properties":{"name":"Fergusons Sandhill Road","cls":5},"geometry":{"type":"Point","coordinates":[141.89387,-36.81813]}},{"type":"Feature","properties":{"name":"Hammonds Road","cls":5},"geometry":{"type":"Point","coordinates":[141.91828,-36.8037]}},{"type":"Feature","properties":{"name":"J Emmersons Road","cls":5},"geometry":{"type":"Point","coordinates":[141.84158,-36.90722]}},{"type":"Feature","properties":{"name":"K Emmersons Road","cls":5},"geometry":{"type":"Point","coordinates":[141.84162,-36.86479]}},{"type":"Feature","properties":{"name":"Browns Road","cls":5},"geometry":{"type":"Point","coordinates":[141.95575,-36.76792]}},{"type":"Feature","properties":{"name":"Darragan Pit Road","cls":5},"geometry":{"type":"Point","coordinates":[141.9983,-36.79399]}},{"type":"Feature","properties":{"name":"Hateleys Road","cls":5},"geometry":{"type":"Point","coordinates":[141.98009,-36.7558]}},{"type":"Feature","properties":{"name":"Moody School Road","cls":5},"geometry":{"type":"Point","coordinates":[141.98926,-36.78274]}},{"type":"Feature","properties":{"name":"Northfields Road","cls":5},"geometry":{"type":"Point","coordinates":[141.97132,-36.80789]}},{"type":"Feature","properties":{"name":"Meyers Road","cls":4},"geometry":{"type":"Point","coordinates":[141.94514,-36.66357]}},{"type":"Feature","properties":{"name":"Natimuk Lake School Road","cls":5},"geometry":{"type":"Point","coordinates":[141.95136,-36.69086]}},{"type":"Feature","properties":{"name":"Werners Lane","cls":5},"geometry":{"type":"Point","coordinates":[141.91872,-36.77667]}},{"type":"Feature","properties":{"name":"Digger Jims Road","cls":5},"geometry":{"type":"Point","coordinates":[141.80123,-36.99909]}},{"type":"Feature","properties":{"name":"Digger Jims Road","cls":5},"geometry":{"type":"Point","coordinates":[141.82284,-37.00106]}},{"type":"Feature","properties":{"name":"Lake Kanagulk Track","cls":5},"geometry":{"type":"Point","coordinates":[141.84458,-37.08993]}},{"type":"Feature","properties":{"name":"Greens Lane","cls":4},"geometry":{"type":"Point","coordinates":[141.6542,-37.21139]}},{"type":"Feature","properties":{"name":"Mount Arapiles Summit Road","cls":5},"geometry":{"type":"Point","coordinates":[141.84713,-36.76498]}},{"type":"Feature","properties":{"name":"Natimuk Golf Links Road","cls":5},"geometry":{"type":"Point","coordinates":[141.80401,-36.77497]}},{"type":"Feature","properties":{"name":"Three Chain Road","cls":4},"geometry":{"type":"Point","coordinates":[141.88851,-36.71948]}},{"type":"Feature","properties":{"name":"Mattiske Road","cls":5},"geometry":{"type":"Point","coordinates":[142.56587,-36.53532]}},{"type":"Feature","properties":{"name":"Rurades Road","cls":5},"geometry":{"type":"Point","coordinates":[142.56472,-36.56066]}},{"type":"Feature","properties":{"name":"Rogers Road","cls":5},"geometry":{"type":"Point","coordinates":[142.54275,-36.56087]}},{"type":"Feature","properties":{"name":"Peterings Road South","cls":5},"geometry":{"type":"Point","coordinates":[142.5268,-36.55548]}},{"type":"Feature","properties":{"name":"Coromby Road","cls":5},"geometry":{"type":"Point","coordinates":[142.51527,-36.54913]}},{"type":"Feature","properties":{"name":"Banyena - Pimpinio Road","cls":4},"geometry":{"type":"Point","coordinates":[142.51563,-36.55168]}},{"type":"Feature","properties":{"name":"Banyena - Pimpinio Road","cls":4},"geometry":{"type":"Point","coordinates":[142.43313,-36.55284]}},{"type":"Feature","properties":{"name":"Murtoa Cemetery Road","cls":5},"geometry":{"type":"Point","coordinates":[142.48682,-36.59338]}},{"type":"Feature","properties":{"name":"Murtoa Cemetery Road","cls":5},"geometry":{"type":"Point","coordinates":[142.48699,-36.5761]}},{"type":"Feature","properties":{"name":"Murtoa Cemetery Road","cls":5},"geometry":{"type":"Point","coordinates":[142.48688,-36.58367]}},{"type":"Feature","properties":{"name":"Coorong Swamp Road","cls":5},"geometry":{"type":"Point","coordinates":[142.48675,-36.58364]}},{"type":"Feature","properties":{"name":"V Schultzs Road","cls":5},"geometry":{"type":"Point","coordinates":[142.45091,-36.54764]}},{"type":"Feature","properties":{"name":"Hills Road","cls":5},"geometry":{"type":"Point","coordinates":[142.44048,-36.49547]}},{"type":"Feature","properties":{"name":"Keenans Road","cls":5},"geometry":{"type":"Point","coordinates":[142.46195,-36.47417]}},{"type":"Feature","properties":{"name":"Schultz Corner Road","cls":5},"geometry":{"type":"Point","coordinates":[142.46928,-36.49703]}},{"type":"Feature","properties":{"name":"Byrneville Road","cls":5},"geometry":{"type":"Point","coordinates":[142.32392,-36.50366]}},{"type":"Feature","properties":{"name":"Newells Road","cls":5},"geometry":{"type":"Point","coordinates":[142.26209,-36.43266]}},{"type":"Feature","properties":{"name":"Schmidts Road","cls":5},"geometry":{"type":"Point","coordinates":[142.27655,-36.42643]}},{"type":"Feature","properties":{"name":"Newells Road","cls":5},"geometry":{"type":"Point","coordinates":[142.26223,-36.40355]}},{"type":"Feature","properties":{"name":"Sampsons Road","cls":5},"geometry":{"type":"Point","coordinates":[142.01653,-36.61999]}},{"type":"Feature","properties":{"name":"Natimuk Cemetery Road","cls":5},"geometry":{"type":"Point","coordinates":[141.95493,-36.71452]}},{"type":"Feature","properties":{"name":"Wimmera Highway","cls":2},"geometry":{"type":"Point","coordinates":[141.95212,-36.73714]}},{"type":"Feature","properties":{"name":"Main Street","cls":2},"geometry":{"type":"Point","coordinates":[141.94825,-36.73896]}},{"type":"Feature","properties":{"name":"Three Chain Road","cls":5},"geometry":{"type":"Point","coordinates":[141.9263,-36.71177]}},{"type":"Feature","properties":{"name":"Old Rupanyup Road","cls":5},"geometry":{"type":"Point","coordinates":[142.61318,-36.80867]}},{"type":"Feature","properties":{"name":"Companys Bridge Browns Road","cls":5},"geometry":{"type":"Point","coordinates":[142.59765,-36.86312]}},{"type":"Feature","properties":{"name":"Wal Wal Road","cls":5},"geometry":{"type":"Point","coordinates":[142.5546,-36.75494]}},{"type":"Feature","properties":{"name":"Ashens Cemetery Road","cls":5},"geometry":{"type":"Point","coordinates":[142.58708,-36.79825]}},{"type":"Feature","properties":{"name":"Ashens Bridge Road","cls":5},"geometry":{"type":"Point","coordinates":[142.49315,-36.77514]}},{"type":"Feature","properties":{"name":"Gardy Road","cls":5},"geometry":{"type":"Point","coordinates":[142.50612,-36.79719]}},{"type":"Feature","properties":{"name":"Stapledons Road","cls":5},"geometry":{"type":"Point","coordinates":[142.52352,-36.9012]}},{"type":"Feature","properties":{"name":"Kuhnes Road","cls":5},"geometry":{"type":"Point","coordinates":[142.51399,-36.82841]}},{"type":"Feature","properties":{"name":"Stapledons Road","cls":5},"geometry":{"type":"Point","coordinates":[142.52058,-36.85602]}},{"type":"Feature","properties":{"name":"Kinsella Road","cls":5},"geometry":{"type":"Point","coordinates":[142.53185,-36.76765]}},{"type":"Feature","properties":{"name":"Burnt Clay Road","cls":5},"geometry":{"type":"Point","coordinates":[142.44385,-36.7166]}},{"type":"Feature","properties":{"name":"Horsham-Lubeck Road","cls":4},"geometry":{"type":"Point","coordinates":[142.55851,-36.7467]}},{"type":"Feature","properties":{"name":"Joys Road","cls":5},"geometry":{"type":"Point","coordinates":[142.46624,-36.75892]}},{"type":"Feature","properties":{"name":"St Helens Wheat Road","cls":5},"geometry":{"type":"Point","coordinates":[142.42979,-36.7533]}},{"type":"Feature","properties":{"name":"Ross Road","cls":5},"geometry":{"type":"Point","coordinates":[142.43087,-36.84084]}},{"type":"Feature","properties":{"name":"St Helens Wheat Road","cls":5},"geometry":{"type":"Point","coordinates":[142.43128,-36.79225]}},{"type":"Feature","properties":{"name":"Whyatts Road","cls":5},"geometry":{"type":"Point","coordinates":[142.45738,-36.7969]}},{"type":"Feature","properties":{"name":"St Helens School Road","cls":5},"geometry":{"type":"Point","coordinates":[142.44044,-36.78218]}},{"type":"Feature","properties":{"name":"Taylors Lake East Road","cls":5},"geometry":{"type":"Point","coordinates":[142.41332,-36.76798]}},{"type":"Feature","properties":{"name":"St Helens School Road","cls":5},"geometry":{"type":"Point","coordinates":[142.42217,-36.78263]}},{"type":"Feature","properties":{"name":"St Helens Road","cls":5},"geometry":{"type":"Point","coordinates":[142.41302,-36.82816]}},{"type":"Feature","properties":{"name":"St Helens Road","cls":5},"geometry":{"type":"Point","coordinates":[142.41304,-36.79068]}},{"type":"Feature","properties":{"name":"Taylors Lake East Road","cls":5},"geometry":{"type":"Point","coordinates":[142.4478,-36.76751]}},{"type":"Feature","properties":{"name":"Wards Road","cls":5},"geometry":{"type":"Point","coordinates":[142.1775,-36.76268]}},{"type":"Feature","properties":{"name":"Mackleys Road","cls":5},"geometry":{"type":"Point","coordinates":[142.17647,-36.77097]}},{"type":"Feature","properties":{"name":"Bakers Road","cls":5},"geometry":{"type":"Point","coordinates":[142.19148,-36.77822]}},{"type":"Feature","properties":{"name":"Clynes Road West","cls":5},"geometry":{"type":"Point","coordinates":[142.19345,-36.78188]}},{"type":"Feature","properties":{"name":"Clynes Road West","cls":5},"geometry":{"type":"Point","coordinates":[142.18579,-36.78224]}},{"type":"Feature","properties":{"name":"Norton Creek Lane","cls":5},"geometry":{"type":"Point","coordinates":[142.12672,-36.79439]}},{"type":"Feature","properties":{"name":"Nunkerri Road","cls":5},"geometry":{"type":"Point","coordinates":[142.16467,-36.78216]}},{"type":"Feature","properties":{"name":"Walshs Road","cls":5},"geometry":{"type":"Point","coordinates":[142.15511,-36.77362]}},{"type":"Feature","properties":{"name":"Nunkerri Road","cls":5},"geometry":{"type":"Point","coordinates":[142.14434,-36.78275]}},{"type":"Feature","properties":{"name":"A Smiths Road","cls":5},"geometry":{"type":"Point","coordinates":[142.16443,-36.79942]}},{"type":"Feature","properties":{"name":"Strange Road","cls":5},"geometry":{"type":"Point","coordinates":[142.1668,-36.77754]}},{"type":"Feature","properties":{"name":"Curran Road","cls":5},"geometry":{"type":"Point","coordinates":[142.16715,-36.78571]}},{"type":"Feature","properties":{"name":"Reynolds Road","cls":5},"geometry":{"type":"Point","coordinates":[142.22682,-36.79709]}},{"type":"Feature","properties":{"name":"Butlers Road","cls":5},"geometry":{"type":"Point","coordinates":[142.16603,-36.83939]}},{"type":"Feature","properties":{"name":"McGenniskens Road","cls":5},"geometry":{"type":"Point","coordinates":[142.14354,-36.85395]}},{"type":"Feature","properties":{"name":"Wonwondah Reserve Road","cls":5},"geometry":{"type":"Point","coordinates":[142.13536,-36.87868]}},{"type":"Feature","properties":{"name":"Wonwondah-Toolondo Road","cls":4},"geometry":{"type":"Point","coordinates":[142.13256,-36.87657]}},{"type":"Feature","properties":{"name":"Wonwondah-Toolondo Road","cls":4},"geometry":{"type":"Point","coordinates":[142.12715,-36.87598]}},{"type":"Feature","properties":{"name":"Heards Road","cls":5},"geometry":{"type":"Point","coordinates":[142.08503,-36.91709]}},{"type":"Feature","properties":{"name":"Heards Road","cls":5},"geometry":{"type":"Point","coordinates":[142.13004,-36.92169]}},{"type":"Feature","properties":{"name":"Henty Highway","cls":1},"geometry":{"type":"Point","coordinates":[142.15584,-36.86935]}},{"type":"Feature","properties":{"name":"Henty Highway","cls":1},"geometry":{"type":"Point","coordinates":[142.15136,-36.96006]}},{"type":"Feature","properties":{"name":"Tyers Road","cls":5},"geometry":{"type":"Point","coordinates":[142.10667,-36.83868]}},{"type":"Feature","properties":{"name":"Rocklands-Cherrypool Road","cls":5},"geometry":{"type":"Point","coordinates":[142.15002,-37.10905]}},{"type":"Feature","properties":{"name":"Hynes Road","cls":4},"geometry":{"type":"Point","coordinates":[142.14959,-37.22427]}},{"type":"Feature","properties":{"name":"Bades Road","cls":5},"geometry":{"type":"Point","coordinates":[141.6098,-36.87981]}},{"type":"Feature","properties":{"name":"Blakes Road","cls":5},"geometry":{"type":"Point","coordinates":[141.75443,-36.84603]}},{"type":"Feature","properties":{"name":"Dickersons Road","cls":5},"geometry":{"type":"Point","coordinates":[141.72765,-36.8207]}},{"type":"Feature","properties":{"name":"Dickersons Track","cls":5},"geometry":{"type":"Point","coordinates":[141.59348,-36.85526]}},{"type":"Feature","properties":{"name":"Farnhams Road","cls":5},"geometry":{"type":"Point","coordinates":[141.66071,-36.88285]}},{"type":"Feature","properties":{"name":"Hauslers-Dundons Road","cls":5},"geometry":{"type":"Point","coordinates":[141.60908,-36.90245]}},{"type":"Feature","properties":{"name":"Jilpanger Road","cls":5},"geometry":{"type":"Point","coordinates":[141.72309,-36.87304]}},{"type":"Feature","properties":{"name":"Packers Road","cls":5},"geometry":{"type":"Point","coordinates":[141.6567,-36.84488]}},{"type":"Feature","properties":{"name":"Adams Road","cls":5},"geometry":{"type":"Point","coordinates":[141.65057,-37.00036]}},{"type":"Feature","properties":{"name":"Adams Road","cls":5},"geometry":{"type":"Point","coordinates":[141.66078,-36.93546]}},{"type":"Feature","properties":{"name":"Mullagh-Kanagulk Road","cls":5},"geometry":{"type":"Point","coordinates":[141.6419,-37.06313]}},{"type":"Feature","properties":{"name":"Sandy Lake Road","cls":5},"geometry":{"type":"Point","coordinates":[141.66521,-37.07279]}},{"type":"Feature","properties":{"name":"Schultz Road","cls":5},"geometry":{"type":"Point","coordinates":[141.64813,-36.93275]}},{"type":"Feature","properties":{"name":"Shrives Road","cls":5},"geometry":{"type":"Point","coordinates":[141.67194,-37.02866]}},{"type":"Feature","properties":{"name":"Shrives Road","cls":5},"geometry":{"type":"Point","coordinates":[141.66688,-37.05617]}},{"type":"Feature","properties":{"name":"Sudholzs Road","cls":5},"geometry":{"type":"Point","coordinates":[141.67645,-36.99779]}},{"type":"Feature","properties":{"name":"Sudholzs Road","cls":5},"geometry":{"type":"Point","coordinates":[141.67295,-37.01257]}},{"type":"Feature","properties":{"name":"Albert Isaacsons Road","cls":5},"geometry":{"type":"Point","coordinates":[141.67257,-36.77276]}},{"type":"Feature","properties":{"name":"Poyntons Road","cls":5},"geometry":{"type":"Point","coordinates":[141.59759,-37.02061]}},{"type":"Feature","properties":{"name":"Sutherlands Road","cls":5},"geometry":{"type":"Point","coordinates":[141.76159,-36.78322]}},{"type":"Feature","properties":{"name":"White Lake Track","cls":5},"geometry":{"type":"Point","coordinates":[141.61186,-36.9357]}},{"type":"Feature","properties":{"name":"Worthys Road","cls":5},"geometry":{"type":"Point","coordinates":[141.77381,-36.78046]}},{"type":"Feature","properties":{"name":"Telangatuk East-Rocklands Road","cls":4},"geometry":{"type":"Point","coordinates":[141.96036,-37.1771]}},{"type":"Feature","properties":{"name":"D Manns Road","cls":5},"geometry":{"type":"Point","coordinates":[141.664,-36.41987]}},{"type":"Feature","properties":{"name":"G Dahlenburg Road","cls":5},"geometry":{"type":"Point","coordinates":[141.7209,-36.42146]}},{"type":"Feature","properties":{"name":"Hall Road","cls":5},"geometry":{"type":"Point","coordinates":[141.74719,-36.42309]}},{"type":"Feature","properties":{"name":"Bridgewater Road","cls":5},"geometry":{"type":"Point","coordinates":[141.81656,-36.42929]}},{"type":"Feature","properties":{"name":"Eichner Road","cls":5},"geometry":{"type":"Point","coordinates":[141.8644,-36.41793]}},{"type":"Feature","properties":{"name":"Shelley Beach Road","cls":5},"geometry":{"type":"Point","coordinates":[141.85259,-36.40607]}},{"type":"Feature","properties":{"name":"Warrick Road","cls":5},"geometry":{"type":"Point","coordinates":[141.82662,-36.43024]}},{"type":"Feature","properties":{"name":"B Hateleys Road","cls":5},"geometry":{"type":"Point","coordinates":[141.87026,-36.71239]}},{"type":"Feature","properties":{"name":"Gellatlys Road","cls":5},"geometry":{"type":"Point","coordinates":[142.53146,-36.72873]}},{"type":"Feature","properties":{"name":"Gellatlys Road","cls":5},"geometry":{"type":"Point","coordinates":[142.48988,-36.72873]}},{"type":"Feature","properties":{"name":"Hoods Road","cls":5},"geometry":{"type":"Point","coordinates":[142.50404,-36.73779]}},{"type":"Feature","properties":{"name":"Jendes Road","cls":5},"geometry":{"type":"Point","coordinates":[142.61337,-36.69053]}},{"type":"Feature","properties":{"name":"Len Matthews Road","cls":5},"geometry":{"type":"Point","coordinates":[142.56769,-36.69785]}},{"type":"Feature","properties":{"name":"Loeligers Road","cls":5},"geometry":{"type":"Point","coordinates":[142.54086,-36.69865]}},{"type":"Feature","properties":{"name":"Devils Garden Road","cls":5},"geometry":{"type":"Point","coordinates":[142.60713,-37.12803]}},{"type":"Feature","properties":{"name":"Devils Garden Road","cls":5},"geometry":{"type":"Point","coordinates":[142.61141,-37.12802]}},{"type":"Feature","properties":{"name":"Tramline Track","cls":5},"geometry":{"type":"Point","coordinates":[142.37644,-36.83085]}},{"type":"Feature","properties":{"name":"Mills Avenue","cls":6},"geometry":{"type":"Point","coordinates":[142.19554,-36.70064]}},{"type":"Feature","properties":{"name":"Victoria Boulevard","cls":6},"geometry":{"type":"Point","coordinates":[142.17846,-36.71517]}},{"type":"Feature","properties":{"name":"Kingfisher Close","cls":6},"geometry":{"type":"Point","coordinates":[142.17826,-36.71531]}},{"type":"Feature","properties":{"name":"MacInnes Court","cls":6},"geometry":{"type":"Point","coordinates":[142.18212,-36.71431]}},{"type":"Feature","properties":{"name":"Natimuk Road","cls":2},"geometry":{"type":"Point","coordinates":[142.18638,-36.71896]}},{"type":"Feature","properties":{"name":"Natimuk Road","cls":2},"geometry":{"type":"Point","coordinates":[142.18367,-36.72007]}},{"type":"Feature","properties":{"name":"Spry Court","cls":6},"geometry":{"type":"Point","coordinates":[142.19439,-36.72031]}},{"type":"Feature","properties":{"name":"Arthur Drive","cls":6},"geometry":{"type":"Point","coordinates":[142.17603,-36.7138]}},{"type":"Feature","properties":{"name":"Winifred Street","cls":6},"geometry":{"type":"Point","coordinates":[142.20777,-36.70347]}},{"type":"Feature","properties":{"name":"Borung Highway","cls":3},"geometry":{"type":"Point","coordinates":[142.05013,-36.44842]}},{"type":"Feature","properties":{"name":"High Street","cls":3},"geometry":{"type":"Point","coordinates":[142.04813,-36.44918]}},{"type":"Feature","properties":{"name":"High Street","cls":3},"geometry":{"type":"Point","coordinates":[142.04162,-36.45195]}},{"type":"Feature","properties":{"name":"Nhill Road","cls":3},"geometry":{"type":"Point","coordinates":[142.01535,-36.43603]}},{"type":"Feature","properties":{"name":"Nhill Road","cls":3},"geometry":{"type":"Point","coordinates":[142.0154,-36.43628]}},{"type":"Feature","properties":{"name":"Berry Lane","cls":5},"geometry":{"type":"Point","coordinates":[141.95281,-36.72785]}},{"type":"Feature","properties":{"name":"Berry Lane","cls":5},"geometry":{"type":"Point","coordinates":[141.95262,-36.72738]}},{"type":"Feature","properties":{"name":"Wimmera Highway","cls":2},"geometry":{"type":"Point","coordinates":[141.93398,-36.7448]}},{"type":"Feature","properties":{"name":"Wimmera Highway","cls":2},"geometry":{"type":"Point","coordinates":[141.93299,-36.74504]}},{"type":"Feature","properties":{"name":"Gready Road","cls":5},"geometry":{"type":"Point","coordinates":[142.59504,-36.80454]}},{"type":"Feature","properties":{"name":"Horsham-Wal Wal Road","cls":5},"geometry":{"type":"Point","coordinates":[142.55413,-36.81212]}},{"type":"Feature","properties":{"name":"Gordon Giles Road","cls":5},"geometry":{"type":"Point","coordinates":[142.59512,-36.84955]}},{"type":"Feature","properties":{"name":"Gready Road","cls":5},"geometry":{"type":"Point","coordinates":[142.59359,-36.81891]}},{"type":"Feature","properties":{"name":"Bismark-Lubeck Road","cls":5},"geometry":{"type":"Point","coordinates":[142.59516,-36.7614]}},{"type":"Feature","properties":{"name":"Holt Road","cls":5},"geometry":{"type":"Point","coordinates":[142.56765,-36.7822]}},{"type":"Feature","properties":{"name":"Murtoa - Glenorchy Road","cls":3},"geometry":{"type":"Point","coordinates":[142.50192,-36.72038]}},{"type":"Feature","properties":{"name":"Murtoa - Glenorchy Road","cls":3},"geometry":{"type":"Point","coordinates":[142.53565,-36.78791]}},{"type":"Feature","properties":{"name":"Ashens Bridge Road","cls":5},"geometry":{"type":"Point","coordinates":[142.5217,-36.78256]}},{"type":"Feature","properties":{"name":"Ashens Bridge Road","cls":5},"geometry":{"type":"Point","coordinates":[142.52662,-36.78231]}},{"type":"Feature","properties":{"name":"Taylors Lake North Road","cls":5},"geometry":{"type":"Point","coordinates":[142.37652,-36.74259]}},{"type":"Feature","properties":{"name":"McIntyres Road","cls":5},"geometry":{"type":"Point","coordinates":[142.35831,-36.72378]}},{"type":"Feature","properties":{"name":"Rabls Road","cls":5},"geometry":{"type":"Point","coordinates":[142.50408,-36.68314]}},{"type":"Feature","properties":{"name":"Hopefields Road","cls":5},"geometry":{"type":"Point","coordinates":[142.58627,-36.66843]}},{"type":"Feature","properties":{"name":"Slaughters Road","cls":5},"geometry":{"type":"Point","coordinates":[142.55011,-36.65432]}},{"type":"Feature","properties":{"name":"C Readings Road","cls":5},"geometry":{"type":"Point","coordinates":[142.61821,-36.655]}},{"type":"Feature","properties":{"name":"Librarian Road","cls":5},"geometry":{"type":"Point","coordinates":[142.60627,-37.21477]}},{"type":"Feature","properties":{"name":"Millers Creek Road","cls":5},"geometry":{"type":"Point","coordinates":[142.60669,-37.19384]}},{"type":"Feature","properties":{"name":"Cassell Court","cls":6},"geometry":{"type":"Point","coordinates":[142.59976,-37.18698]}},{"type":"Feature","properties":{"name":"Horsham-Minyip Road","cls":3},"geometry":{"type":"Point","coordinates":[142.40009,-36.50043]}},{"type":"Feature","properties":{"name":"Horsham-Minyip Road","cls":3},"geometry":{"type":"Point","coordinates":[142.37294,-36.50147]}},{"type":"Feature","properties":{"name":"Banyena Road","cls":5},"geometry":{"type":"Point","coordinates":[142.38902,-36.55306]}},{"type":"Feature","properties":{"name":"Banyena Road","cls":5},"geometry":{"type":"Point","coordinates":[142.3448,-36.55294]}},{"type":"Feature","properties":{"name":"Dimboola-Minyip Road","cls":4},"geometry":{"type":"Point","coordinates":[142.35367,-36.44456]}},{"type":"Feature","properties":{"name":"Daveys Road","cls":5},"geometry":{"type":"Point","coordinates":[142.39869,-36.47029]}},{"type":"Feature","properties":{"name":"Daveys Road","cls":5},"geometry":{"type":"Point","coordinates":[142.45096,-36.47446]}},{"type":"Feature","properties":{"name":"Roses Road","cls":5},"geometry":{"type":"Point","coordinates":[142.40494,-36.41677]}},{"type":"Feature","properties":{"name":"Roses Road","cls":5},"geometry":{"type":"Point","coordinates":[142.41,-36.41696]}},{"type":"Feature","properties":{"name":"Yarriambiack Drive","cls":5},"geometry":{"type":"Point","coordinates":[142.40344,-36.43187]}},{"type":"Feature","properties":{"name":"Yarriambiack Drive","cls":5},"geometry":{"type":"Point","coordinates":[142.42363,-36.43301]}},{"type":"Feature","properties":{"name":"Jallumba - Clear Lake Road","cls":4},"geometry":{"type":"Point","coordinates":[141.9409,-36.93197]}},{"type":"Feature","properties":{"name":"Jallumba - Clear Lake Road","cls":4},"geometry":{"type":"Point","coordinates":[141.90024,-36.9282]}},{"type":"Feature","properties":{"name":"Horsham - Noradjuha Road","cls":3},"geometry":{"type":"Point","coordinates":[142.09889,-36.77229]}},{"type":"Feature","properties":{"name":"Horsham - Noradjuha Road","cls":3},"geometry":{"type":"Point","coordinates":[142.08424,-36.78534]}},{"type":"Feature","properties":{"name":"Greenhills Road","cls":5},"geometry":{"type":"Point","coordinates":[142.32721,-36.60519]}},{"type":"Feature","properties":{"name":"Greenhills Road","cls":5},"geometry":{"type":"Point","coordinates":[142.38724,-36.59141]}},{"type":"Feature","properties":{"name":"Wimmera Highway","cls":2},"geometry":{"type":"Point","coordinates":[142.40721,-36.6182]}},{"type":"Feature","properties":{"name":"Wimmera Highway","cls":2},"geometry":{"type":"Point","coordinates":[142.37279,-36.62104]}},{"type":"Feature","properties":{"name":"Western Highway","cls":1},"geometry":{"type":"Point","coordinates":[142.05609,-36.4578]}},{"type":"Feature","properties":{"name":"Western Highway","cls":1},"geometry":{"type":"Point","coordinates":[142.09924,-36.4958]}},{"type":"Feature","properties":{"name":"Charcoal Flat Track","cls":5},"geometry":{"type":"Point","coordinates":[141.96064,-36.57402]}},{"type":"Feature","properties":{"name":"Southern Break","cls":5},"geometry":{"type":"Point","coordinates":[141.98262,-36.56672]}},{"type":"Feature","properties":{"name":"Dooen School Road","cls":5},"geometry":{"type":"Point","coordinates":[142.21918,-36.63869]}},{"type":"Feature","properties":{"name":"Wimmera Highway","cls":2},"geometry":{"type":"Point","coordinates":[142.25974,-36.63848]}},{"type":"Feature","properties":{"name":"Wimmera Highway","cls":2},"geometry":{"type":"Point","coordinates":[142.28307,-36.63529]}},{"type":"Feature","properties":{"name":"Koschmanns Road","cls":5},"geometry":{"type":"Point","coordinates":[142.44156,-36.61089]}},{"type":"Feature","properties":{"name":"Jung Recreation Reserve Road","cls":5},"geometry":{"type":"Point","coordinates":[142.44572,-36.60069]}},{"type":"Feature","properties":{"name":"Tobins Road","cls":5},"geometry":{"type":"Point","coordinates":[142.44156,-36.60633]}},{"type":"Feature","properties":{"name":"Tobins Road","cls":5},"geometry":{"type":"Point","coordinates":[142.44162,-36.59609]}},{"type":"Feature","properties":{"name":"Semmlers Road","cls":5},"geometry":{"type":"Point","coordinates":[142.42217,-36.60039]}},{"type":"Feature","properties":{"name":"Greenhills Road","cls":5},"geometry":{"type":"Point","coordinates":[142.4087,-36.58864]}},{"type":"Feature","properties":{"name":"Overall Avenue","cls":5},"geometry":{"type":"Point","coordinates":[142.01598,-36.74254]}},{"type":"Feature","properties":{"name":"Jones Lane","cls":5},"geometry":{"type":"Point","coordinates":[142.03225,-36.74186]}},{"type":"Feature","properties":{"name":"Saint Helens Road","cls":5},"geometry":{"type":"Point","coordinates":[142.41063,-36.72769]}},{"type":"Feature","properties":{"name":"Saint Helens Road","cls":5},"geometry":{"type":"Point","coordinates":[142.41054,-36.72762]}},{"type":"Feature","properties":{"name":"Bates Road","cls":5},"geometry":{"type":"Point","coordinates":[142.44146,-36.62805]}},{"type":"Feature","properties":{"name":"Bates Road","cls":5},"geometry":{"type":"Point","coordinates":[142.4414,-36.64085]}},{"type":"Feature","properties":{"name":"Webbs Dry Weather Road","cls":5},"geometry":{"type":"Point","coordinates":[142.43266,-36.64803]}},{"type":"Feature","properties":{"name":"Donald-Murtoa Road","cls":3},"geometry":{"type":"Point","coordinates":[142.46643,-36.6127]}},{"type":"Feature","properties":{"name":"Donald-Murtoa Road","cls":3},"geometry":{"type":"Point","coordinates":[142.46735,-36.60247]}},{"type":"Feature","properties":{"name":"Donald-Murtoa Road","cls":3},"geometry":{"type":"Point","coordinates":[142.46638,-36.61435]}},{"type":"Feature","properties":{"name":"Donald-Murtoa Road","cls":3},"geometry":{"type":"Point","coordinates":[142.46636,-36.61493]}},{"type":"Feature","properties":{"name":"Donald-Murtoa Road","cls":3},"geometry":{"type":"Point","coordinates":[142.46632,-36.61492]}},{"type":"Feature","properties":{"name":"Haby Lane","cls":6},"geometry":{"type":"Point","coordinates":[142.46997,-36.61956]}},{"type":"Feature","properties":{"name":"Munro Street","cls":6},"geometry":{"type":"Point","coordinates":[142.4607,-36.62223]}},{"type":"Feature","properties":{"name":"School Road","cls":6},"geometry":{"type":"Point","coordinates":[142.51753,-37.13851]}},{"type":"Feature","properties":{"name":"School Road","cls":6},"geometry":{"type":"Point","coordinates":[142.51751,-37.1387]}},{"type":"Feature","properties":{"name":"Wartook Road","cls":3},"geometry":{"type":"Point","coordinates":[142.41658,-37.11039]}},{"type":"Feature","properties":{"name":"Wartook Road","cls":3},"geometry":{"type":"Point","coordinates":[142.41558,-37.11161]}},{"type":"Feature","properties":{"name":"Grampians Road","cls":3},"geometry":{"type":"Point","coordinates":[142.55272,-37.12205]}},{"type":"Feature","properties":{"name":"Grampians Road","cls":3},"geometry":{"type":"Point","coordinates":[142.56503,-37.11614]}},{"type":"Feature","properties":{"name":"Grampians Road","cls":3},"geometry":{"type":"Point","coordinates":[142.60435,-37.09408]}},{"type":"Feature","properties":{"name":"Grampians Road","cls":3},"geometry":{"type":"Point","coordinates":[142.58469,-37.10511]}},{"type":"Feature","properties":{"name":"Grampians Road","cls":3},"geometry":{"type":"Point","coordinates":[142.54278,-37.21467]}},{"type":"Feature","properties":{"name":"Grampians Road","cls":3},"geometry":{"type":"Point","coordinates":[142.53464,-37.27555]}},{"type":"Feature","properties":{"name":"Kornheim Road","cls":5},"geometry":{"type":"Point","coordinates":[142.0569,-36.45828]}},{"type":"Feature","properties":{"name":"Western Highway","cls":1},"geometry":{"type":"Point","coordinates":[142.05768,-36.4592]}},{"type":"Feature","properties":{"name":"Western Highway","cls":1},"geometry":{"type":"Point","coordinates":[142.02014,-36.43631]}},{"type":"Feature","properties":{"name":"Western Highway","cls":1},"geometry":{"type":"Point","coordinates":[142.05845,-36.45976]}},{"type":"Feature","properties":{"name":"Nhill - Harrow Road","cls":3},"geometry":{"type":"Point","coordinates":[141.62571,-36.96828]}},{"type":"Feature","properties":{"name":"Baillie Street","cls":1},"geometry":{"type":"Point","coordinates":[142.19925,-36.71177]}},{"type":"Feature","properties":{"name":"Baillie Street","cls":1},"geometry":{"type":"Point","coordinates":[142.19912,-36.71163]}},{"type":"Feature","properties":{"name":"Baillie Street","cls":1},"geometry":{"type":"Point","coordinates":[142.20404,-36.71169]}},{"type":"Feature","properties":{"name":"Baillie Street","cls":1},"geometry":{"type":"Point","coordinates":[142.20341,-36.7118]}},{"type":"Feature","properties":{"name":"Henty Highway","cls":2},"geometry":{"type":"Point","coordinates":[142.25945,-36.63855]}},{"type":"Feature","properties":{"name":"Mount Dryden Road","cls":4},"geometry":{"type":"Point","coordinates":[142.61112,-37.06385]}},{"type":"Feature","properties":{"name":"Mount Dryden Road","cls":4},"geometry":{"type":"Point","coordinates":[142.6009,-37.06368]}},{"type":"Feature","properties":{"name":"Greenhole Road","cls":4},"geometry":{"type":"Point","coordinates":[142.58169,-37.03071]}},{"type":"Feature","properties":{"name":"Greenhole Road","cls":4},"geometry":{"type":"Point","coordinates":[142.58208,-37.02254]}},{"type":"Feature","properties":{"name":"Racecourse Road","cls":6},"geometry":{"type":"Point","coordinates":[142.46372,-36.62476]}},{"type":"Feature","properties":{"name":"Racecourse Road","cls":6},"geometry":{"type":"Point","coordinates":[142.46098,-36.62465]}},{"type":"Feature","properties":{"name":"Hill Crest Road","cls":5},"geometry":{"type":"Point","coordinates":[142.46421,-36.63144]}},{"type":"Feature","properties":{"name":"Hill Crest Road","cls":5},"geometry":{"type":"Point","coordinates":[142.46191,-36.63143]}},{"type":"Feature","properties":{"name":"Gulbin Road","cls":5},"geometry":{"type":"Point","coordinates":[142.45779,-36.64238]}},{"type":"Feature","properties":{"name":"Gulbin Road","cls":5},"geometry":{"type":"Point","coordinates":[142.45831,-36.63688]}},{"type":"Feature","properties":{"name":"Murtoa - Glenorchy Road","cls":3},"geometry":{"type":"Point","coordinates":[142.46535,-36.63396]}},{"type":"Feature","properties":{"name":"Murtoa - Glenorchy Road","cls":3},"geometry":{"type":"Point","coordinates":[142.46391,-36.64308]}},{"type":"Feature","properties":{"name":"Wimmera Highway","cls":2},"geometry":{"type":"Point","coordinates":[142.56136,-36.62366]}},{"type":"Feature","properties":{"name":"Wimmera Highway","cls":2},"geometry":{"type":"Point","coordinates":[142.49665,-36.62173]}},{"type":"Feature","properties":{"name":"Murtoa - Glenorchy Road","cls":3},"geometry":{"type":"Point","coordinates":[142.46816,-36.65281]}},{"type":"Feature","properties":{"name":"Murtoa - Glenorchy Road","cls":3},"geometry":{"type":"Point","coordinates":[142.46579,-36.64792]}},{"type":"Feature","properties":{"name":"Natimuk - Hamilton Road","cls":3},"geometry":{"type":"Point","coordinates":[141.93785,-36.97282]}},{"type":"Feature","properties":{"name":"Natimuk - Hamilton Road","cls":3},"geometry":{"type":"Point","coordinates":[141.93998,-36.95874]}},{"type":"Feature","properties":{"name":"Flume Road","cls":5},"geometry":{"type":"Point","coordinates":[142.3848,-36.64749]}},{"type":"Feature","properties":{"name":"Flume Road","cls":5},"geometry":{"type":"Point","coordinates":[142.38109,-36.6297]}},{"type":"Feature","properties":{"name":"Crams Road","cls":5},"geometry":{"type":"Point","coordinates":[142.49515,-36.65146]}},{"type":"Feature","properties":{"name":"Crams Road","cls":5},"geometry":{"type":"Point","coordinates":[142.49499,-36.63464]}},{"type":"Feature","properties":{"name":"Moores Road","cls":5},"geometry":{"type":"Point","coordinates":[142.53559,-36.60922]}},{"type":"Feature","properties":{"name":"Moores Road","cls":5},"geometry":{"type":"Point","coordinates":[142.53572,-36.5952]}},{"type":"Feature","properties":{"name":"Konigs Road","cls":5},"geometry":{"type":"Point","coordinates":[142.5049,-36.61562]}},{"type":"Feature","properties":{"name":"Konigs Road","cls":5},"geometry":{"type":"Point","coordinates":[142.50496,-36.60908]}},{"type":"Feature","properties":{"name":"Degenhardts Road","cls":5},"geometry":{"type":"Point","coordinates":[142.51424,-36.6028]}},{"type":"Feature","properties":{"name":"Degenhardts Road","cls":5},"geometry":{"type":"Point","coordinates":[142.50046,-36.60271]}},{"type":"Feature","properties":{"name":"Longerenong Road","cls":4},"geometry":{"type":"Point","coordinates":[142.45003,-36.66717]}},{"type":"Feature","properties":{"name":"Longerenong Road","cls":4},"geometry":{"type":"Point","coordinates":[142.45649,-36.65893]}},{"type":"Feature","properties":{"name":"Carine Street","cls":6},"geometry":{"type":"Point","coordinates":[142.18708,-36.73547]}},{"type":"Feature","properties":{"name":"Ballinger Street","cls":6},"geometry":{"type":"Point","coordinates":[142.18736,-36.7353]}},{"type":"Feature","properties":{"name":"Dimboola Road","cls":1},"geometry":{"type":"Point","coordinates":[142.19807,-36.71128]}},{"type":"Feature","properties":{"name":"Dimboola Road","cls":1},"geometry":{"type":"Point","coordinates":[142.19546,-36.71009]}},{"type":"Feature","properties":{"name":"Lake Road","cls":4},"geometry":{"type":"Point","coordinates":[141.94479,-36.74032]}},{"type":"Feature","properties":{"name":"Main Street","cls":2},"geometry":{"type":"Point","coordinates":[141.94418,-36.74079]}},{"type":"Feature","properties":{"name":"Main Street","cls":2},"geometry":{"type":"Point","coordinates":[141.93687,-36.7438]}},{"type":"Feature","properties":{"name":"Lake Avenue","cls":6},"geometry":{"type":"Point","coordinates":[141.94282,-36.74088]}},{"type":"Feature","properties":{"name":"Elmes Street","cls":6},"geometry":{"type":"Point","coordinates":[141.93864,-36.74114]}},{"type":"Feature","properties":{"name":"Centenary Park Road","cls":5},"geometry":{"type":"Point","coordinates":[141.85139,-36.76074]}},{"type":"Feature","properties":{"name":"Centenary Park Road","cls":5},"geometry":{"type":"Point","coordinates":[141.85139,-36.75339]}},{"type":"Feature","properties":{"name":"McClures Road","cls":5},"geometry":{"type":"Point","coordinates":[141.83922,-36.74332]}},{"type":"Feature","properties":{"name":"McClures Road","cls":5},"geometry":{"type":"Point","coordinates":[141.8333,-36.74276]}},{"type":"Feature","properties":{"name":"Arapiles-Grass Flat Road","cls":4},"geometry":{"type":"Point","coordinates":[141.8642,-36.6721]}},{"type":"Feature","properties":{"name":"Black Swamp Road","cls":5},"geometry":{"type":"Point","coordinates":[141.90053,-36.69815]}},{"type":"Feature","properties":{"name":"Wyn Wyn Road","cls":5},"geometry":{"type":"Point","coordinates":[141.91887,-36.7203]}},{"type":"Feature","properties":{"name":"Wyn Wyn Road","cls":5},"geometry":{"type":"Point","coordinates":[141.91617,-36.69819]}},{"type":"Feature","properties":{"name":"Lake Avenue","cls":5},"geometry":{"type":"Point","coordinates":[141.93023,-36.69199]}},{"type":"Feature","properties":{"name":"Lake Avenue","cls":5},"geometry":{"type":"Point","coordinates":[141.9349,-36.70619]}},{"type":"Feature","properties":{"name":"Arapiles-Grass Flat Road","cls":4},"geometry":{"type":"Point","coordinates":[141.85696,-36.71921]}},{"type":"Feature","properties":{"name":"Main Street","cls":2},"geometry":{"type":"Point","coordinates":[141.94321,-36.74121]}},{"type":"Feature","properties":{"name":"Main Street","cls":2},"geometry":{"type":"Point","coordinates":[141.94336,-36.74114]}},{"type":"Feature","properties":{"name":"Swimming Pool Road","cls":5},"geometry":{"type":"Point","coordinates":[141.83819,-37.24565]}},{"type":"Feature","properties":{"name":"Swimming Pool Road","cls":5},"geometry":{"type":"Point","coordinates":[141.83849,-37.24537]}},{"type":"Feature","properties":{"name":"Rocklands Road","cls":5},"geometry":{"type":"Point","coordinates":[141.9723,-37.23081]}},{"type":"Feature","properties":{"name":"Stawell Road Service Road","cls":6},"geometry":{"type":"Point","coordinates":[142.20544,-36.72828]}},{"type":"Feature","properties":{"name":"Main Street","cls":2},"geometry":{"type":"Point","coordinates":[141.94133,-36.74204]}},{"type":"Feature","properties":{"name":"Main Street","cls":2},"geometry":{"type":"Point","coordinates":[141.94511,-36.74038]}},{"type":"Feature","properties":{"name":"Wimmera Highway","cls":2},"geometry":{"type":"Point","coordinates":[142.48734,-36.62095]}},{"type":"Feature","properties":{"name":"Henty Highway","cls":2},"geometry":{"type":"Point","coordinates":[142.25935,-36.63938]}},{"type":"Feature","properties":{"name":"Bomjinna Court","cls":6},"geometry":{"type":"Point","coordinates":[142.59844,-37.18536]}},{"type":"Feature","properties":{"name":"Mokepilly Road","cls":4},"geometry":{"type":"Point","coordinates":[142.62612,-37.09655]}},{"type":"Feature","properties":{"name":"Mokepilly Road","cls":4},"geometry":{"type":"Point","coordinates":[142.62643,-37.09504]}},{"type":"Feature","properties":{"name":"Grampians Road","cls":3},"geometry":{"type":"Point","coordinates":[142.61138,-37.09371]}},{"type":"Feature","properties":{"name":"Grampians Road","cls":3},"geometry":{"type":"Point","coordinates":[142.61869,-37.09351]}},{"type":"Feature","properties":{"name":"Haiges Court","cls":6},"geometry":{"type":"Point","coordinates":[142.59185,-37.17279]}},{"type":"Feature","properties":{"name":"Rowe Road","cls":6},"geometry":{"type":"Point","coordinates":[142.5847,-37.16716]}},{"type":"Feature","properties":{"name":"Rowe Road","cls":6},"geometry":{"type":"Point","coordinates":[142.57727,-37.16862]}},{"type":"Feature","properties":{"name":"Creamery Road","cls":5},"geometry":{"type":"Point","coordinates":[142.26153,-36.65307]}},{"type":"Feature","properties":{"name":"Longerenong Road","cls":4},"geometry":{"type":"Point","coordinates":[142.25763,-36.66228]}},{"type":"Feature","properties":{"name":"Wimmera Highway","cls":2},"geometry":{"type":"Point","coordinates":[142.30862,-36.63266]}},{"type":"Feature","properties":{"name":"Wimmera Highway","cls":2},"geometry":{"type":"Point","coordinates":[142.34238,-36.62684]}},{"type":"Feature","properties":{"name":"Comyn Street","cls":2},"geometry":{"type":"Point","coordinates":[142.45808,-36.61497]}},{"type":"Feature","properties":{"name":"Comyn Street","cls":2},"geometry":{"type":"Point","coordinates":[142.465,-36.61504]}},{"type":"Feature","properties":{"name":"Warren Road","cls":6},"geometry":{"type":"Point","coordinates":[142.52059,-37.13289]}},{"type":"Feature","properties":{"name":"Kelleys Beach Road","cls":5},"geometry":{"type":"Point","coordinates":[142.60806,-37.14298]}},{"type":"Feature","properties":{"name":"Hurleys Road","cls":5},"geometry":{"type":"Point","coordinates":[142.57115,-36.69043]}},{"type":"Feature","properties":{"name":"Ruwoldts Road","cls":5},"geometry":{"type":"Point","coordinates":[142.59377,-36.5795]}},{"type":"Feature","properties":{"name":"S Florences Road","cls":5},"geometry":{"type":"Point","coordinates":[142.61348,-36.5853]}},{"type":"Feature","properties":{"name":"Riding Boundary Road","cls":5},"geometry":{"type":"Point","coordinates":[142.55592,-36.57699]}},{"type":"Feature","properties":{"name":"Grants Road","cls":5},"geometry":{"type":"Point","coordinates":[142.59385,-36.5978]}},{"type":"Feature","properties":{"name":"Middas Road","cls":5},"geometry":{"type":"Point","coordinates":[142.60883,-36.57977]}},{"type":"Feature","properties":{"name":"Edgertons Road","cls":5},"geometry":{"type":"Point","coordinates":[142.59664,-36.51789]}},{"type":"Feature","properties":{"name":"Robbins Road","cls":5},"geometry":{"type":"Point","coordinates":[142.6009,-36.49745]}},{"type":"Feature","properties":{"name":"Church Road","cls":5},"geometry":{"type":"Point","coordinates":[142.53649,-36.50765]}},{"type":"Feature","properties":{"name":"Schurmanns Road","cls":5},"geometry":{"type":"Point","coordinates":[142.56982,-36.50258]}},{"type":"Feature","properties":{"name":"Plate Swamp Road","cls":5},"geometry":{"type":"Point","coordinates":[142.58338,-36.49201]}},{"type":"Feature","properties":{"name":"Plate Swamp Road","cls":5},"geometry":{"type":"Point","coordinates":[142.58871,-36.4817]}},{"type":"Feature","properties":{"name":"Golf Road","cls":5},"geometry":{"type":"Point","coordinates":[142.59373,-36.47597]}},{"type":"Feature","properties":{"name":"Ubergang Road","cls":5},"geometry":{"type":"Point","coordinates":[142.59604,-36.4878]}},{"type":"Feature","properties":{"name":"Nowotnas Road","cls":5},"geometry":{"type":"Point","coordinates":[142.5168,-36.52429]}},{"type":"Feature","properties":{"name":"Schultzs Road","cls":5},"geometry":{"type":"Point","coordinates":[142.51675,-36.47062]}},{"type":"Feature","properties":{"name":"Waller Road","cls":5},"geometry":{"type":"Point","coordinates":[142.5224,-36.46452]}},{"type":"Feature","properties":{"name":"Glovers Road","cls":5},"geometry":{"type":"Point","coordinates":[142.47909,-36.44194]}},{"type":"Feature","properties":{"name":"Kewell-Tarkedia Road","cls":5},"geometry":{"type":"Point","coordinates":[142.45296,-36.41954]}},{"type":"Feature","properties":{"name":"Hotkers Road","cls":5},"geometry":{"type":"Point","coordinates":[142.61453,-36.4821]}},{"type":"Feature","properties":{"name":"Jeffreys Swamp Road","cls":5},"geometry":{"type":"Point","coordinates":[142.62513,-36.52067]}},{"type":"Feature","properties":{"name":"Nullan Road","cls":5},"geometry":{"type":"Point","coordinates":[142.55872,-36.41833]}},{"type":"Feature","properties":{"name":"Hemphills Road","cls":5},"geometry":{"type":"Point","coordinates":[142.58144,-36.41275]}},{"type":"Feature","properties":{"name":"East Mount Pleasant Road","cls":5},"geometry":{"type":"Point","coordinates":[142.61306,-36.4204]}},{"type":"Feature","properties":{"name":"East Mount Pleasant Road","cls":5},"geometry":{"type":"Point","coordinates":[142.61323,-36.42464]}},{"type":"Feature","properties":{"name":"P Hotkers Road","cls":5},"geometry":{"type":"Point","coordinates":[142.61047,-36.48232]}},{"type":"Feature","properties":{"name":"Ledcourt 40 44 Road","cls":5},"geometry":{"type":"Point","coordinates":[142.62206,-36.90925]}},{"type":"Feature","properties":{"name":"Krelle Road","cls":5},"geometry":{"type":"Point","coordinates":[142.61365,-36.93232]}},{"type":"Feature","properties":{"name":"Shelley Beach Road","cls":5},"geometry":{"type":"Point","coordinates":[141.85411,-36.39592]}},{"type":"Feature","properties":{"name":"Warrick Road","cls":5},"geometry":{"type":"Point","coordinates":[141.8298,-36.41444]}},{"type":"Feature","properties":{"name":"Edmonds Road","cls":5},"geometry":{"type":"Point","coordinates":[141.84983,-36.95109]}},{"type":"Feature","properties":{"name":"McPherson Street","cls":1},"geometry":{"type":"Point","coordinates":[142.20493,-36.71662]}},{"type":"Feature","properties":{"name":"McPherson Street","cls":1},"geometry":{"type":"Point","coordinates":[142.20496,-36.72034]}},{"type":"Feature","properties":{"name":"McPherson Street","cls":1},"geometry":{"type":"Point","coordinates":[142.20494,-36.71175]}},{"type":"Feature","properties":{"name":"Baillie Street","cls":1},"geometry":{"type":"Point","coordinates":[142.20489,-36.71169]}},{"type":"Feature","properties":{"name":"Baillie Street","cls":1},"geometry":{"type":"Point","coordinates":[142.20489,-36.7118]}},{"type":"Feature","properties":{"name":"Yat Nat Road","cls":5},"geometry":{"type":"Point","coordinates":[141.88,-37.20548]}},{"type":"Feature","properties":{"name":"Edgewood Road","cls":5},"geometry":{"type":"Point","coordinates":[141.91723,-37.1559]}},{"type":"Feature","properties":{"name":"Telangatuk East-Rocklands Road","cls":5},"geometry":{"type":"Point","coordinates":[141.96813,-37.1287]}},{"type":"Feature","properties":{"name":"Albrechts Road","cls":5},"geometry":{"type":"Point","coordinates":[142.24388,-36.42547]}},{"type":"Feature","properties":{"name":"B Smiths Road","cls":5},"geometry":{"type":"Point","coordinates":[141.62524,-36.74671]}},{"type":"Feature","properties":{"name":"Cooack Road","cls":5},"geometry":{"type":"Point","coordinates":[141.85667,-36.63165]}},{"type":"Feature","properties":{"name":"Cooack Road","cls":5},"geometry":{"type":"Point","coordinates":[141.83913,-36.62989]}},{"type":"Feature","properties":{"name":"Northfields Road","cls":5},"geometry":{"type":"Point","coordinates":[141.94993,-36.80576]}},{"type":"Feature","properties":{"name":"Sanders Road","cls":5},"geometry":{"type":"Point","coordinates":[142.02546,-36.66123]}},{"type":"Feature","properties":{"name":"Boehms Road","cls":5},"geometry":{"type":"Point","coordinates":[142.0959,-36.66828]}},{"type":"Feature","properties":{"name":"Polkemmet Road","cls":4},"geometry":{"type":"Point","coordinates":[142.03832,-36.65725]}},{"type":"Feature","properties":{"name":"Walshs Road","cls":5},"geometry":{"type":"Point","coordinates":[142.09882,-36.66507]}},{"type":"Feature","properties":{"name":"Eltze Drive","cls":5},"geometry":{"type":"Point","coordinates":[142.03677,-36.76694]}},{"type":"Feature","properties":{"name":"Netherway Drive","cls":5},"geometry":{"type":"Point","coordinates":[142.03734,-36.76918]}},{"type":"Feature","properties":{"name":"Snowball Drive","cls":6},"geometry":{"type":"Point","coordinates":[142.04108,-36.76136]}},{"type":"Feature","properties":{"name":"Jost Avenue","cls":5},"geometry":{"type":"Point","coordinates":[142.05414,-36.76276]}},{"type":"Feature","properties":{"name":"Pelchens Road","cls":5},"geometry":{"type":"Point","coordinates":[142.06306,-36.76736]}},{"type":"Feature","properties":{"name":"Lanes Avenue","cls":5},"geometry":{"type":"Point","coordinates":[142.0722,-36.75563]}},{"type":"Feature","properties":{"name":"Hutchinsons Road","cls":4},"geometry":{"type":"Point","coordinates":[142.04506,-36.75384]}},{"type":"Feature","properties":{"name":"Tuckers Road","cls":5},"geometry":{"type":"Point","coordinates":[142.09936,-36.77477]}},{"type":"Feature","properties":{"name":"Darragan Pit Road","cls":5},"geometry":{"type":"Point","coordinates":[142.03489,-36.80269]}},{"type":"Feature","properties":{"name":"Barrs Road","cls":5},"geometry":{"type":"Point","coordinates":[142.03682,-36.79599]}},{"type":"Feature","properties":{"name":"J Sudholz Road","cls":5},"geometry":{"type":"Point","coordinates":[141.9587,-36.7559]}},{"type":"Feature","properties":{"name":"Reynolds Road","cls":5},"geometry":{"type":"Point","coordinates":[142.14688,-36.52827]}},{"type":"Feature","properties":{"name":"Reynolds Road","cls":5},"geometry":{"type":"Point","coordinates":[142.18534,-36.52844]}},{"type":"Feature","properties":{"name":"Jervis Street","cls":5},"geometry":{"type":"Point","coordinates":[142.19906,-36.73473]}},{"type":"Feature","properties":{"name":"Hogan Court","cls":6},"geometry":{"type":"Point","coordinates":[142.21134,-36.72758]}},{"type":"Feature","properties":{"name":"Dellar Crescent","cls":6},"geometry":{"type":"Point","coordinates":[142.21353,-36.72012]}},{"type":"Feature","properties":{"name":"Walpole Terrace","cls":6},"geometry":{"type":"Point","coordinates":[142.21269,-36.72061]}},{"type":"Feature","properties":{"name":"Tooley Court","cls":6},"geometry":{"type":"Point","coordinates":[142.21808,-36.72046]}},{"type":"Feature","properties":{"name":"Harfield Court","cls":6},"geometry":{"type":"Point","coordinates":[142.2169,-36.72066]}},{"type":"Feature","properties":{"name":"Rissmann Drive","cls":6},"geometry":{"type":"Point","coordinates":[142.21534,-36.71993]}},{"type":"Feature","properties":{"name":"Stockton Drive","cls":6},"geometry":{"type":"Point","coordinates":[142.21564,-36.71865]}},{"type":"Feature","properties":{"name":"McLean Drive","cls":6},"geometry":{"type":"Point","coordinates":[142.20006,-36.72995]}},{"type":"Feature","properties":{"name":"Seater Close","cls":6},"geometry":{"type":"Point","coordinates":[142.19996,-36.73038]}},{"type":"Feature","properties":{"name":"Logan Street","cls":6},"geometry":{"type":"Point","coordinates":[142.19177,-36.6996]}},{"type":"Feature","properties":{"name":"Osborne Road","cls":6},"geometry":{"type":"Point","coordinates":[142.22718,-36.74077]}},{"type":"Feature","properties":{"name":"Three Bridges Road","cls":4},"geometry":{"type":"Point","coordinates":[142.16049,-36.76354]}},{"type":"Feature","properties":{"name":"Three Bridges Road","cls":4},"geometry":{"type":"Point","coordinates":[142.13669,-36.76044]}},{"type":"Feature","properties":{"name":"Henty Highway","cls":1},"geometry":{"type":"Point","coordinates":[142.18383,-36.77008]}},{"type":"Feature","properties":{"name":"Henty Highway","cls":1},"geometry":{"type":"Point","coordinates":[142.17719,-36.77875]}},{"type":"Feature","properties":{"name":"Pullens Road","cls":5},"geometry":{"type":"Point","coordinates":[142.31759,-36.36073]}},{"type":"Feature","properties":{"name":"Byrneville West Road","cls":5},"geometry":{"type":"Point","coordinates":[142.30976,-36.48312]}},{"type":"Feature","properties":{"name":"Kings Road","cls":5},"geometry":{"type":"Point","coordinates":[142.24234,-36.45482]}},{"type":"Feature","properties":{"name":"Wollermanns Road","cls":5},"geometry":{"type":"Point","coordinates":[142.24305,-36.50796]}},{"type":"Feature","properties":{"name":"Feerys Road","cls":5},"geometry":{"type":"Point","coordinates":[142.19272,-36.42197]}},{"type":"Feature","properties":{"name":"Barrat Road","cls":5},"geometry":{"type":"Point","coordinates":[142.21092,-36.3963]}},{"type":"Feature","properties":{"name":"Comyn Street","cls":2},"geometry":{"type":"Point","coordinates":[142.46642,-36.61518]}},{"type":"Feature","properties":{"name":"Comyn Street","cls":2},"geometry":{"type":"Point","coordinates":[142.46629,-36.61511]}},{"type":"Feature","properties":{"name":"Western Highway","cls":1},"geometry":{"type":"Point","coordinates":[142.05275,-36.45381]}},{"type":"Feature","properties":{"name":"River Road","cls":6},"geometry":{"type":"Point","coordinates":[142.20266,-36.73178]}},{"type":"Feature","properties":{"name":"Kalkee Road","cls":3},"geometry":{"type":"Point","coordinates":[142.2012,-36.70648]}},{"type":"Feature","properties":{"name":"Kalkee Road","cls":3},"geometry":{"type":"Point","coordinates":[142.20164,-36.7068]}},{"type":"Feature","properties":{"name":"Baillie Street","cls":6},"geometry":{"type":"Point","coordinates":[142.19601,-36.71171]}},{"type":"Feature","properties":{"name":"Dimboola Road","cls":1},"geometry":{"type":"Point","coordinates":[142.19743,-36.71095]}},{"type":"Feature","properties":{"name":"Dimboola Road","cls":1},"geometry":{"type":"Point","coordinates":[142.1972,-36.71083]}},{"type":"Feature","properties":{"name":"Dimboola Road","cls":1},"geometry":{"type":"Point","coordinates":[142.19716,-36.71089]}},{"type":"Feature","properties":{"name":"McPherson Street","cls":1},"geometry":{"type":"Point","coordinates":[142.20483,-36.71175]}},{"type":"Feature","properties":{"name":"Baillie Street","cls":1},"geometry":{"type":"Point","coordinates":[142.20465,-36.7118]}},{"type":"Feature","properties":{"name":"Baillie Street","cls":1},"geometry":{"type":"Point","coordinates":[142.20228,-36.7118]}},{"type":"Feature","properties":{"name":"Baillie Street","cls":1},"geometry":{"type":"Point","coordinates":[142.20228,-36.7117]}},{"type":"Feature","properties":{"name":"Dimboola Road","cls":1},"geometry":{"type":"Point","coordinates":[142.19187,-36.70838]}},{"type":"Feature","properties":{"name":"Dimboola Road","cls":1},"geometry":{"type":"Point","coordinates":[142.19266,-36.70876]}},{"type":"Feature","properties":{"name":"Dimboola Road","cls":1},"geometry":{"type":"Point","coordinates":[142.19272,-36.70868]}},{"type":"Feature","properties":{"name":"Dimboola Road","cls":1},"geometry":{"type":"Point","coordinates":[142.19074,-36.70776]}},{"type":"Feature","properties":{"name":"Dimboola Road","cls":1},"geometry":{"type":"Point","coordinates":[142.19158,-36.70825]}},{"type":"Feature","properties":{"name":"Dimboola Road","cls":1},"geometry":{"type":"Point","coordinates":[142.19192,-36.7083]}},{"type":"Feature","properties":{"name":"Dimboola Road","cls":1},"geometry":{"type":"Point","coordinates":[142.19236,-36.70862]}},{"type":"Feature","properties":{"name":"Dimboola Road","cls":1},"geometry":{"type":"Point","coordinates":[142.19242,-36.70854]}},{"type":"Feature","properties":{"name":"Riverside Road","cls":4},"geometry":{"type":"Point","coordinates":[142.22411,-36.69668]}},{"type":"Feature","properties":{"name":"River Road","cls":5},"geometry":{"type":"Point","coordinates":[141.96826,-36.38573]}},{"type":"Feature","properties":{"name":"Wimmera Highway","cls":2},"geometry":{"type":"Point","coordinates":[142.26071,-36.63802]}},{"type":"Feature","properties":{"name":"K Sudholzs Road","cls":5},"geometry":{"type":"Point","coordinates":[141.95271,-36.79058]}},{"type":"Feature","properties":{"name":"Campus Drive","cls":5},"geometry":{"type":"Point","coordinates":[142.30338,-36.6671]}},{"type":"Feature","properties":{"name":"Campus Drive","cls":5},"geometry":{"type":"Point","coordinates":[142.30297,-36.66711]}},{"type":"Feature","properties":{"name":"Front Drive","cls":5},"geometry":{"type":"Point","coordinates":[142.30319,-36.6686]}},{"type":"Feature","properties":{"name":"Alfred Street","cls":5},"geometry":{"type":"Point","coordinates":[142.19813,-36.71041]}},{"type":"Feature","properties":{"name":"Robin Street","cls":6},"geometry":{"type":"Point","coordinates":[142.20407,-36.70422]}},{"type":"Feature","properties":{"name":"Evelyn Brand Court","cls":6},"geometry":{"type":"Point","coordinates":[142.20693,-36.71403]}},{"type":"Feature","properties":{"name":"Horsham Road","cls":3},"geometry":{"type":"Point","coordinates":[141.84,-37.24663]}},{"type":"Feature","properties":{"name":"Horsham Road","cls":3},"geometry":{"type":"Point","coordinates":[141.83725,-37.2413]}},{"type":"Feature","properties":{"name":"Struthers Avenue","cls":5},"geometry":{"type":"Point","coordinates":[142.01575,-36.75157]}},{"type":"Feature","properties":{"name":"Campus Drive","cls":5},"geometry":{"type":"Point","coordinates":[142.30201,-36.66711]}},{"type":"Feature","properties":{"name":"Freds Road","cls":5},"geometry":{"type":"Point","coordinates":[142.27821,-36.66702]}},{"type":"Feature","properties":{"name":"East Lane","cls":5},"geometry":{"type":"Point","coordinates":[142.30463,-36.66585]}},{"type":"Feature","properties":{"name":"Orchard Drive","cls":5},"geometry":{"type":"Point","coordinates":[142.30549,-36.66643]}},{"type":"Feature","properties":{"name":"Stirling Street","cls":5},"geometry":{"type":"Point","coordinates":[141.84296,-37.24741]}},{"type":"Feature","properties":{"name":"Stirling Street","cls":3},"geometry":{"type":"Point","coordinates":[141.84133,-37.24843]}},{"type":"Feature","properties":{"name":"Stirling Street","cls":3},"geometry":{"type":"Point","coordinates":[141.84039,-37.24922]}},{"type":"Feature","properties":{"name":"Nhill Road","cls":3},"geometry":{"type":"Point","coordinates":[142.02005,-36.4439]}},{"type":"Feature","properties":{"name":"Flat Rock Road","cls":5},"geometry":{"type":"Point","coordinates":[142.39475,-36.84851]}},{"type":"Feature","properties":{"name":"Flat Rock Road","cls":5},"geometry":{"type":"Point","coordinates":[142.39475,-36.84115]}},{"type":"Feature","properties":{"name":"Tramline Track","cls":5},"geometry":{"type":"Point","coordinates":[142.37645,-36.84114]}},{"type":"Feature","properties":{"name":"Tramline Track","cls":5},"geometry":{"type":"Point","coordinates":[142.37649,-36.84129]}},{"type":"Feature","properties":{"name":"Brighton Drive","cls":6},"geometry":{"type":"Point","coordinates":[142.24298,-36.67807]}},{"type":"Feature","properties":{"name":"Mount Victory Road","cls":3},"geometry":{"type":"Point","coordinates":[142.3666,-37.07126]}},{"type":"Feature","properties":{"name":"Scarsis Road","cls":5},"geometry":{"type":"Point","coordinates":[142.5722,-37.04198]}},{"type":"Feature","properties":{"name":"Mount Dryden Road","cls":4},"geometry":{"type":"Point","coordinates":[142.62859,-37.06415]}},{"type":"Feature","properties":{"name":"Jenkinsons Road","cls":5},"geometry":{"type":"Point","coordinates":[142.21408,-36.62434]}},{"type":"Feature","properties":{"name":"Winiam East Road","cls":4},"geometry":{"type":"Point","coordinates":[141.73891,-36.42851]}},{"type":"Feature","properties":{"name":"Fulbrooks Road","cls":5},"geometry":{"type":"Point","coordinates":[142.48292,-36.85825]}},{"type":"Feature","properties":{"name":"Crutes South Road","cls":5},"geometry":{"type":"Point","coordinates":[142.4855,-36.8724]}},{"type":"Feature","properties":{"name":"Fulbrooks Road","cls":5},"geometry":{"type":"Point","coordinates":[142.45274,-36.85584]}},{"type":"Feature","properties":{"name":"Tobacco Road","cls":5},"geometry":{"type":"Point","coordinates":[142.50607,-36.97206]}},{"type":"Feature","properties":{"name":"Ledcourt School Road","cls":5},"geometry":{"type":"Point","coordinates":[142.47969,-36.9759]}},{"type":"Feature","properties":{"name":"Golton South Road","cls":5},"geometry":{"type":"Point","coordinates":[142.46815,-36.9072]}},{"type":"Feature","properties":{"name":"Crutes Road","cls":5},"geometry":{"type":"Point","coordinates":[142.47171,-36.91505]}},{"type":"Feature","properties":{"name":"Golton South Road","cls":5},"geometry":{"type":"Point","coordinates":[142.4496,-36.88627]}},{"type":"Feature","properties":{"name":"Golton South Road","cls":5},"geometry":{"type":"Point","coordinates":[142.45276,-36.89772]}},{"type":"Feature","properties":{"name":"Sentinel Court","cls":6},"geometry":{"type":"Point","coordinates":[142.53494,-37.12842]}},{"type":"Feature","properties":{"name":"Sentinel Court","cls":6},"geometry":{"type":"Point","coordinates":[142.53567,-37.12885]}},{"type":"Feature","properties":{"name":"Banksia Place","cls":6},"geometry":{"type":"Point","coordinates":[142.5341,-37.12698]}},{"type":"Feature","properties":{"name":"Hill Street","cls":6},"geometry":{"type":"Point","coordinates":[142.52228,-37.14745]}},{"type":"Feature","properties":{"name":"Thompson Street","cls":6},"geometry":{"type":"Point","coordinates":[142.5217,-37.14701]}},{"type":"Feature","properties":{"name":"Ellis Street","cls":6},"geometry":{"type":"Point","coordinates":[142.52121,-37.14751]}},{"type":"Feature","properties":{"name":"Scott Road","cls":6},"geometry":{"type":"Point","coordinates":[142.52368,-37.15248]}},{"type":"Feature","properties":{"name":"Wartook Rise","cls":5},"geometry":{"type":"Point","coordinates":[142.3576,-37.06471]}},{"type":"Feature","properties":{"name":"Carters Drive","cls":5},"geometry":{"type":"Point","coordinates":[142.35965,-37.0546]}},{"type":"Feature","properties":{"name":"Samuel Drive","cls":5},"geometry":{"type":"Point","coordinates":[142.35244,-37.04844]}},{"type":"Feature","properties":{"name":"Snells Road","cls":5},"geometry":{"type":"Point","coordinates":[142.34065,-37.05672]}},{"type":"Feature","properties":{"name":"Northern Grampians Road","cls":3},"geometry":{"type":"Point","coordinates":[142.3194,-36.87967]}},{"type":"Feature","properties":{"name":"Reservoir Road","cls":5},"geometry":{"type":"Point","coordinates":[142.33761,-36.88496]}},{"type":"Feature","properties":{"name":"Banksia Court","cls":5},"geometry":{"type":"Point","coordinates":[142.02735,-36.47923]}},{"type":"Feature","properties":{"name":"River Track","cls":5},"geometry":{"type":"Point","coordinates":[142.01833,-36.52882]}},{"type":"Feature","properties":{"name":"River Track","cls":5},"geometry":{"type":"Point","coordinates":[142.02744,-36.51227]}},{"type":"Feature","properties":{"name":"Henty Highway","cls":1},"geometry":{"type":"Point","coordinates":[142.2042,-36.74076]}},{"type":"Feature","properties":{"name":"Henty Highway","cls":1},"geometry":{"type":"Point","coordinates":[142.19319,-36.75726]}},{"type":"Feature","properties":{"name":"Allison Street","cls":6},"geometry":{"type":"Point","coordinates":[142.5221,-37.13869]}},{"type":"Feature","properties":{"name":"Freeman Street","cls":6},"geometry":{"type":"Point","coordinates":[142.17649,-36.71313]}},{"type":"Feature","properties":{"name":"Tatlock Street","cls":6},"geometry":{"type":"Point","coordinates":[142.17486,-36.71416]}},{"type":"Feature","properties":{"name":"Stephens Street","cls":6},"geometry":{"type":"Point","coordinates":[142.17496,-36.71586]}},{"type":"Feature","properties":{"name":"Luker Street","cls":6},"geometry":{"type":"Point","coordinates":[142.17629,-36.71541]}},{"type":"Feature","properties":{"name":"Curlew Drive","cls":6},"geometry":{"type":"Point","coordinates":[142.1785,-36.71472]}},{"type":"Feature","properties":{"name":"Wirth Court","cls":6},"geometry":{"type":"Point","coordinates":[142.17759,-36.71524]}},{"type":"Feature","properties":{"name":"Oatlands Court","cls":6},"geometry":{"type":"Point","coordinates":[142.19943,-36.7044]}},{"type":"Feature","properties":{"name":"Kalkee Road","cls":3},"geometry":{"type":"Point","coordinates":[142.20201,-36.69784]}},{"type":"Feature","properties":{"name":"Baker Street","cls":5},"geometry":{"type":"Point","coordinates":[142.36011,-36.60484]}},{"type":"Feature","properties":{"name":"Baker Street","cls":5},"geometry":{"type":"Point","coordinates":[142.36009,-36.60876]}},{"type":"Feature","properties":{"name":"Ball Road","cls":5},"geometry":{"type":"Point","coordinates":[142.13545,-36.75245]}},{"type":"Feature","properties":{"name":"Carmichaels Road","cls":5},"geometry":{"type":"Point","coordinates":[142.14524,-36.76909]}},{"type":"Feature","properties":{"name":"Fultons Road","cls":5},"geometry":{"type":"Point","coordinates":[142.1355,-36.76801]}},{"type":"Feature","properties":{"name":"Gatehouse Road","cls":5},"geometry":{"type":"Point","coordinates":[142.21823,-36.68229]}},{"type":"Feature","properties":{"name":"Grant Drive","cls":6},"geometry":{"type":"Point","coordinates":[142.24033,-36.68375]}},{"type":"Feature","properties":{"name":"Griffin Court","cls":6},"geometry":{"type":"Point","coordinates":[142.20799,-36.71805]}},{"type":"Feature","properties":{"name":"Brady Court","cls":6},"geometry":{"type":"Point","coordinates":[142.20889,-36.71806]}},{"type":"Feature","properties":{"name":"Creasey Court","cls":6},"geometry":{"type":"Point","coordinates":[142.1195,-36.75087]}},{"type":"Feature","properties":{"name":"Browns Road","cls":5},"geometry":{"type":"Point","coordinates":[142.25956,-36.70906]}},{"type":"Feature","properties":{"name":"Rokeskys Road","cls":5},"geometry":{"type":"Point","coordinates":[142.26725,-36.70976]}},{"type":"Feature","properties":{"name":"Heards Road","cls":5},"geometry":{"type":"Point","coordinates":[142.25211,-36.69591]}},{"type":"Feature","properties":{"name":"Rosea Street","cls":6},"geometry":{"type":"Point","coordinates":[142.51776,-37.14221]}},{"type":"Feature","properties":{"name":"Dalton Street","cls":6},"geometry":{"type":"Point","coordinates":[142.51649,-37.14198]}},{"type":"Feature","properties":{"name":"Settlers Way","cls":6},"geometry":{"type":"Point","coordinates":[142.18144,-36.75101]}},{"type":"Feature","properties":{"name":"Settlers Way","cls":6},"geometry":{"type":"Point","coordinates":[142.18086,-36.75023]}},{"type":"Feature","properties":{"name":"Ern Gerlach Place","cls":6},"geometry":{"type":"Point","coordinates":[142.19375,-36.7148]}},{"type":"Feature","properties":{"name":"Conroy Place","cls":6},"geometry":{"type":"Point","coordinates":[142.19365,-36.71498]}},{"type":"Feature","properties":{"name":"Shepherd Place","cls":6},"geometry":{"type":"Point","coordinates":[142.19347,-36.71528]}},{"type":"Feature","properties":{"name":"Bank Street","cls":6},"geometry":{"type":"Point","coordinates":[142.21168,-36.71489]}},{"type":"Feature","properties":{"name":"Harrow - Clear Lake Road","cls":4},"geometry":{"type":"Point","coordinates":[141.86441,-36.94647]}},{"type":"Feature","properties":{"name":"Dooen South Road","cls":5},"geometry":{"type":"Point","coordinates":[142.22322,-36.68953]}},{"type":"Feature","properties":{"name":"Lock Road","cls":6},"geometry":{"type":"Point","coordinates":[142.18426,-36.75498]}},{"type":"Feature","properties":{"name":"Gleeson Lane","cls":6},"geometry":{"type":"Point","coordinates":[142.18497,-36.75701]}},{"type":"Feature","properties":{"name":"Western Highway","cls":1},"geometry":{"type":"Point","coordinates":[142.21859,-36.74378]}},{"type":"Feature","properties":{"name":"Western Highway","cls":1},"geometry":{"type":"Point","coordinates":[142.21493,-36.74119]}},{"type":"Feature","properties":{"name":"Western Highway","cls":1},"geometry":{"type":"Point","coordinates":[142.49724,-36.91136]}},{"type":"Feature","properties":{"name":"OCallaghans Parade","cls":4},"geometry":{"type":"Point","coordinates":[142.20395,-36.72211]}},{"type":"Feature","properties":{"name":"Laharum-Grahams Bridge Road","cls":5},"geometry":{"type":"Point","coordinates":[142.24162,-36.94997]}},{"type":"Feature","properties":{"name":"Rocklands-Cherrypool Road","cls":5},"geometry":{"type":"Point","coordinates":[142.02116,-37.21303]}},{"type":"Feature","properties":{"name":"Hogans Road","cls":5},"geometry":{"type":"Point","coordinates":[142.11955,-37.15705]}},{"type":"Feature","properties":{"name":"Coleraine Road","cls":3},"geometry":{"type":"Point","coordinates":[141.83538,-37.25263]}},{"type":"Feature","properties":{"name":"Cool Waters Road","cls":5},"geometry":{"type":"Point","coordinates":[142.6202,-37.09965]}},{"type":"Feature","properties":{"name":"Mitre Road","cls":4},"geometry":{"type":"Point","coordinates":[141.69151,-36.66515]}},{"type":"Feature","properties":{"name":"J Sudholz Road","cls":5},"geometry":{"type":"Point","coordinates":[141.9468,-36.75597]}},{"type":"Feature","properties":{"name":"Old Noradjuha Road","cls":6},"geometry":{"type":"Point","coordinates":[141.95103,-36.74066]}},{"type":"Feature","properties":{"name":"Victoria Valley Road","cls":5},"geometry":{"type":"Point","coordinates":[142.23476,-37.09257]}},{"type":"Feature","properties":{"name":"Victoria Valley Road","cls":5},"geometry":{"type":"Point","coordinates":[142.23471,-37.11341]}},{"type":"Feature","properties":{"name":"Dunns Crossing Road","cls":5},"geometry":{"type":"Point","coordinates":[142.24167,-37.13694]}},{"type":"Feature","properties":{"name":"Victoria Valley Road","cls":5},"geometry":{"type":"Point","coordinates":[142.23606,-37.06455]}},{"type":"Feature","properties":{"name":"Grimble Geue Road","cls":5},"geometry":{"type":"Point","coordinates":[142.29917,-37.01153]}},{"type":"Feature","properties":{"name":"Grimble Geue Road","cls":5},"geometry":{"type":"Point","coordinates":[142.27003,-36.99588]}},{"type":"Feature","properties":{"name":"Grimble Geue Road","cls":5},"geometry":{"type":"Point","coordinates":[142.24468,-36.98151]}},{"type":"Feature","properties":{"name":"Grimble Geue Road","cls":5},"geometry":{"type":"Point","coordinates":[142.27066,-36.99599]}},{"type":"Feature","properties":{"name":"Rosebrook-Glenisla Road","cls":5},"geometry":{"type":"Point","coordinates":[142.27333,-37.11193]}},{"type":"Feature","properties":{"name":"Brimpaen Road","cls":5},"geometry":{"type":"Point","coordinates":[142.24708,-37.12373]}},{"type":"Feature","properties":{"name":"Wal Wal Station Road","cls":5},"geometry":{"type":"Point","coordinates":[142.60092,-36.8276]}},{"type":"Feature","properties":{"name":"Jung Wheat Road","cls":5},"geometry":{"type":"Point","coordinates":[142.33713,-36.53888]}},{"type":"Feature","properties":{"name":"Smiths Road","cls":5},"geometry":{"type":"Point","coordinates":[142.3545,-36.53912]}},{"type":"Feature","properties":{"name":"Mokepilly Road","cls":5},"geometry":{"type":"Point","coordinates":[142.35952,-36.51924]}},{"type":"Feature","properties":{"name":"Jung Wheat Road","cls":5},"geometry":{"type":"Point","coordinates":[142.33657,-36.56354]}},{"type":"Feature","properties":{"name":"Jung Wheat Road","cls":5},"geometry":{"type":"Point","coordinates":[142.33727,-36.52492]}},{"type":"Feature","properties":{"name":"Jung Wheat Road","cls":5},"geometry":{"type":"Point","coordinates":[142.33708,-36.54601]}},{"type":"Feature","properties":{"name":"Dunns Road","cls":5},"geometry":{"type":"Point","coordinates":[142.23724,-36.88964]}},{"type":"Feature","properties":{"name":"Tralee Lane","cls":5},"geometry":{"type":"Point","coordinates":[142.32848,-36.68645]}},{"type":"Feature","properties":{"name":"Molyneaux Road","cls":5},"geometry":{"type":"Point","coordinates":[142.31133,-36.64629]}},{"type":"Feature","properties":{"name":"Tuckers Road","cls":5},"geometry":{"type":"Point","coordinates":[142.31337,-36.64788]}},{"type":"Feature","properties":{"name":"Coote Road","cls":5},"geometry":{"type":"Point","coordinates":[142.6298,-37.05643]}},{"type":"Feature","properties":{"name":"Grants Access Road","cls":5},"geometry":{"type":"Point","coordinates":[142.59991,-37.13086]}},{"type":"Feature","properties":{"name":"Pearsons Road","cls":5},"geometry":{"type":"Point","coordinates":[142.16896,-36.73959]}},{"type":"Feature","properties":{"name":"Curran Road","cls":5},"geometry":{"type":"Point","coordinates":[142.16893,-36.72794]}},{"type":"Feature","properties":{"name":"Winfields Road","cls":5},"geometry":{"type":"Point","coordinates":[142.3581,-36.85491]}},{"type":"Feature","properties":{"name":"Kiefels Road","cls":5},"geometry":{"type":"Point","coordinates":[142.33986,-36.85784]}},{"type":"Feature","properties":{"name":"P Hotkers Road","cls":5},"geometry":{"type":"Point","coordinates":[142.60239,-36.48232]}},{"type":"Feature","properties":{"name":"George Street","cls":6},"geometry":{"type":"Point","coordinates":[142.02473,-36.44284]}},{"type":"Feature","properties":{"name":"Mills Road","cls":5},"geometry":{"type":"Point","coordinates":[142.3612,-36.6994]}},{"type":"Feature","properties":{"name":"Courtneys Road","cls":5},"geometry":{"type":"Point","coordinates":[142.0626,-36.63204]}},{"type":"Feature","properties":{"name":"Courtneys Road","cls":5},"geometry":{"type":"Point","coordinates":[142.06264,-36.64928]}},{"type":"Feature","properties":{"name":"Coombes Road","cls":5},"geometry":{"type":"Point","coordinates":[142.3331,-36.85964]}},{"type":"Feature","properties":{"name":"Coombes Road","cls":5},"geometry":{"type":"Point","coordinates":[142.30568,-36.85962]}},{"type":"Feature","properties":{"name":"Justins Lane","cls":5},"geometry":{"type":"Point","coordinates":[142.16513,-37.05199]}},{"type":"Feature","properties":{"name":"Millar Road","cls":5},"geometry":{"type":"Point","coordinates":[142.38811,-36.92088]}},{"type":"Feature","properties":{"name":"Walsgotts Road","cls":5},"geometry":{"type":"Point","coordinates":[142.2853,-36.59534]}},{"type":"Feature","properties":{"name":"Drovers Road","cls":5},"geometry":{"type":"Point","coordinates":[142.28013,-36.60212]}},{"type":"Feature","properties":{"name":"Max Johns Road","cls":5},"geometry":{"type":"Point","coordinates":[142.30303,-36.58024]}},{"type":"Feature","properties":{"name":"Jung Wheat Road","cls":5},"geometry":{"type":"Point","coordinates":[142.34229,-36.58249]}},{"type":"Feature","properties":{"name":"Drillers Road","cls":5},"geometry":{"type":"Point","coordinates":[142.40845,-36.51372]}},{"type":"Feature","properties":{"name":"Schneiders Road","cls":5},"geometry":{"type":"Point","coordinates":[142.42022,-36.53331]}},{"type":"Feature","properties":{"name":"Meyer Road","cls":5},"geometry":{"type":"Point","coordinates":[142.41628,-36.56475]}},{"type":"Feature","properties":{"name":"Gawith Road","cls":5},"geometry":{"type":"Point","coordinates":[142.4341,-36.56397]}},{"type":"Feature","properties":{"name":"Wynne Road","cls":5},"geometry":{"type":"Point","coordinates":[142.43234,-36.55834]}},{"type":"Feature","properties":{"name":"Koschmann Road","cls":5},"geometry":{"type":"Point","coordinates":[142.45092,-36.56204]}},{"type":"Feature","properties":{"name":"Winiam Hall Road","cls":5},"geometry":{"type":"Point","coordinates":[141.65902,-36.4339]}},{"type":"Feature","properties":{"name":"D Bells Road","cls":5},"geometry":{"type":"Point","coordinates":[141.7075,-36.44401]}},{"type":"Feature","properties":{"name":"D Manns Road","cls":5},"geometry":{"type":"Point","coordinates":[141.66219,-36.43123]}},{"type":"Feature","properties":{"name":"K Halls Road","cls":5},"geometry":{"type":"Point","coordinates":[141.73043,-36.4203]}},{"type":"Feature","properties":{"name":"Friedmans Road","cls":5},"geometry":{"type":"Point","coordinates":[142.39441,-36.86886]}},{"type":"Feature","properties":{"name":"Friedmans Road","cls":5},"geometry":{"type":"Point","coordinates":[142.36881,-36.86865]}},{"type":"Feature","properties":{"name":"Channel Road","cls":5},"geometry":{"type":"Point","coordinates":[141.92503,-37.1716]}},{"type":"Feature","properties":{"name":"Channel Road","cls":5},"geometry":{"type":"Point","coordinates":[141.91495,-37.19296]}},{"type":"Feature","properties":{"name":"Ross Road","cls":5},"geometry":{"type":"Point","coordinates":[141.95255,-37.1113]}},{"type":"Feature","properties":{"name":"Ross Road","cls":5},"geometry":{"type":"Point","coordinates":[141.95038,-37.12552]}},{"type":"Feature","properties":{"name":"Comyn Street","cls":2},"geometry":{"type":"Point","coordinates":[142.46171,-36.61497]}},{"type":"Feature","properties":{"name":"Wimmera Highway","cls":2},"geometry":{"type":"Point","coordinates":[142.48216,-36.62018]}},{"type":"Feature","properties":{"name":"Wimmera Highway","cls":2},"geometry":{"type":"Point","coordinates":[142.49362,-36.62171]}},{"type":"Feature","properties":{"name":"Wimmera Highway","cls":2},"geometry":{"type":"Point","coordinates":[142.6298,-36.62554]}},{"type":"Feature","properties":{"name":"Wimmera Highway","cls":2},"geometry":{"type":"Point","coordinates":[142.62769,-36.62555]}},{"type":"Feature","properties":{"name":"Grampians Road","cls":3},"geometry":{"type":"Point","coordinates":[142.53664,-37.17044]}},{"type":"Feature","properties":{"name":"Hateleys Road","cls":5},"geometry":{"type":"Point","coordinates":[142.00113,-36.7559]}},{"type":"Feature","properties":{"name":"Grahams Bridge Road","cls":5},"geometry":{"type":"Point","coordinates":[142.23533,-36.94716]}},{"type":"Feature","properties":{"name":"Grahams Bridge Road","cls":5},"geometry":{"type":"Point","coordinates":[142.23526,-36.98502]}},{"type":"Feature","properties":{"name":"Horsham-Wal Wal Road","cls":5},"geometry":{"type":"Point","coordinates":[142.50931,-36.81172]}},{"type":"Feature","properties":{"name":"Horsham-Wal Wal Road","cls":5},"geometry":{"type":"Point","coordinates":[142.53197,-36.81177]}},{"type":"Feature","properties":{"name":"Grahams Bridge Road","cls":5},"geometry":{"type":"Point","coordinates":[142.21404,-36.87866]}},{"type":"Feature","properties":{"name":"Grahams Bridge Road","cls":5},"geometry":{"type":"Point","coordinates":[142.21409,-36.87939]}},{"type":"Feature","properties":{"name":"Grampians Road","cls":3},"geometry":{"type":"Point","coordinates":[142.51903,-37.13989]}},{"type":"Feature","properties":{"name":"Grampians Road","cls":3},"geometry":{"type":"Point","coordinates":[142.519,-37.14029]}},{"type":"Feature","properties":{"name":"Old Mill Road","cls":5},"geometry":{"type":"Point","coordinates":[142.45882,-37.1231]}},{"type":"Feature","properties":{"name":"Old Mill Road","cls":5},"geometry":{"type":"Point","coordinates":[142.42453,-37.1081]}},{"type":"Feature","properties":{"name":"Western Highway","cls":1},"geometry":{"type":"Point","coordinates":[141.9832,-36.41973]}},{"type":"Feature","properties":{"name":"Western Highway","cls":1},"geometry":{"type":"Point","coordinates":[141.98262,-36.4196]}},{"type":"Feature","properties":{"name":"Glenelg River Road","cls":5},"geometry":{"type":"Point","coordinates":[142.4056,-37.21857]}},{"type":"Feature","properties":{"name":"Glenelg River Road","cls":5},"geometry":{"type":"Point","coordinates":[142.40779,-37.2268]}},{"type":"Feature","properties":{"name":"Mount Victory Road","cls":3},"geometry":{"type":"Point","coordinates":[142.50355,-37.14515]}},{"type":"Feature","properties":{"name":"Ray Mills Road","cls":5},"geometry":{"type":"Point","coordinates":[142.28973,-36.51964]}},{"type":"Feature","properties":{"name":"Lindners Road","cls":5},"geometry":{"type":"Point","coordinates":[142.0809,-36.69013]}},{"type":"Feature","properties":{"name":"Nattrass Road","cls":5},"geometry":{"type":"Point","coordinates":[142.08069,-36.64987]}},{"type":"Feature","properties":{"name":"Tyers Road","cls":5},"geometry":{"type":"Point","coordinates":[142.07627,-36.83562]}},{"type":"Feature","properties":{"name":"Wail - Dooen Road","cls":5},"geometry":{"type":"Point","coordinates":[142.25407,-36.65988]}},{"type":"Feature","properties":{"name":"Winfields Road","cls":5},"geometry":{"type":"Point","coordinates":[142.35813,-36.83141]}},{"type":"Feature","properties":{"name":"Winfields Road","cls":5},"geometry":{"type":"Point","coordinates":[142.35814,-36.82697]}},{"type":"Feature","properties":{"name":"Winfields Road","cls":5},"geometry":{"type":"Point","coordinates":[142.35813,-36.83861]}},{"type":"Feature","properties":{"name":"Winfields Road","cls":5},"geometry":{"type":"Point","coordinates":[142.35812,-36.83582]}},{"type":"Feature","properties":{"name":"Winfields Road","cls":5},"geometry":{"type":"Point","coordinates":[142.35823,-36.82235]}},{"type":"Feature","properties":{"name":"Mibus Lane","cls":5},"geometry":{"type":"Point","coordinates":[142.29442,-36.81192]}},{"type":"Feature","properties":{"name":"Uebergangs Road","cls":5},"geometry":{"type":"Point","coordinates":[142.32174,-36.82662]}},{"type":"Feature","properties":{"name":"Zippels Road","cls":5},"geometry":{"type":"Point","coordinates":[142.22163,-36.85939]}},{"type":"Feature","properties":{"name":"Hutchinsons Road","cls":5},"geometry":{"type":"Point","coordinates":[142.06969,-36.54619]}},{"type":"Feature","properties":{"name":"Wail-Kalkee Road","cls":5},"geometry":{"type":"Point","coordinates":[142.22987,-36.51078]}},{"type":"Feature","properties":{"name":"Coffeys Road","cls":5},"geometry":{"type":"Point","coordinates":[142.34466,-36.48389]}},{"type":"Feature","properties":{"name":"Greenaways Road","cls":5},"geometry":{"type":"Point","coordinates":[142.24387,-36.48133]}},{"type":"Feature","properties":{"name":"Riding Boundary Road","cls":5},"geometry":{"type":"Point","coordinates":[142.55862,-36.59856]}},{"type":"Feature","properties":{"name":"Riding Boundary Road","cls":5},"geometry":{"type":"Point","coordinates":[142.5564,-36.58852]}},{"type":"Feature","properties":{"name":"Camp Road","cls":5},"geometry":{"type":"Point","coordinates":[142.54646,-36.59284]}},{"type":"Feature","properties":{"name":"Hudsons Road","cls":5},"geometry":{"type":"Point","coordinates":[142.52322,-36.59334]}},{"type":"Feature","properties":{"name":"Swaggie Lane","cls":5},"geometry":{"type":"Point","coordinates":[142.53248,-36.57651]}},{"type":"Feature","properties":{"name":"Presser Road","cls":5},"geometry":{"type":"Point","coordinates":[142.45999,-36.585]}},{"type":"Feature","properties":{"name":"McNamara Lane","cls":5},"geometry":{"type":"Point","coordinates":[142.48813,-36.49561]}},{"type":"Feature","properties":{"name":"Sprake Lane","cls":5},"geometry":{"type":"Point","coordinates":[142.57696,-36.60345]}},{"type":"Feature","properties":{"name":"Ross Lane","cls":5},"geometry":{"type":"Point","coordinates":[142.58176,-36.59611]}},{"type":"Feature","properties":{"name":"Swamp Lane","cls":5},"geometry":{"type":"Point","coordinates":[142.56444,-36.59265]}},{"type":"Feature","properties":{"name":"Gavans Road","cls":5},"geometry":{"type":"Point","coordinates":[142.41251,-36.64803]}},{"type":"Feature","properties":{"name":"Harrys Lane","cls":5},"geometry":{"type":"Point","coordinates":[142.48696,-36.87815]}},{"type":"Feature","properties":{"name":"Crutes North Road","cls":5},"geometry":{"type":"Point","coordinates":[142.48514,-36.82653]}},{"type":"Feature","properties":{"name":"Mervyn Road","cls":5},"geometry":{"type":"Point","coordinates":[142.01952,-36.56825]}},{"type":"Feature","properties":{"name":"Munro Road","cls":5},"geometry":{"type":"Point","coordinates":[142.01413,-36.58026]}},{"type":"Feature","properties":{"name":"Forts Lane","cls":5},"geometry":{"type":"Point","coordinates":[141.97221,-36.66701]}},{"type":"Feature","properties":{"name":"Gitshams Lane","cls":5},"geometry":{"type":"Point","coordinates":[141.96019,-36.68512]}},{"type":"Feature","properties":{"name":"Old Vectis Quarry Road","cls":5},"geometry":{"type":"Point","coordinates":[141.99087,-36.67317]}},{"type":"Feature","properties":{"name":"Lights Lane","cls":5},"geometry":{"type":"Point","coordinates":[141.99162,-36.68547]}},{"type":"Feature","properties":{"name":"Gym Club Road","cls":5},"geometry":{"type":"Point","coordinates":[141.9846,-36.7435]}},{"type":"Feature","properties":{"name":"Arapiles School Road","cls":5},"geometry":{"type":"Point","coordinates":[141.88057,-36.72612]}},{"type":"Feature","properties":{"name":"West Langes Road","cls":5},"geometry":{"type":"Point","coordinates":[141.89001,-36.73223]}},{"type":"Feature","properties":{"name":"Berry Lane","cls":5},"geometry":{"type":"Point","coordinates":[141.91039,-36.72707]}},{"type":"Feature","properties":{"name":"Depot Lane","cls":5},"geometry":{"type":"Point","coordinates":[141.96127,-36.72794]}},{"type":"Feature","properties":{"name":"Fergusons Sandhill Road","cls":5},"geometry":{"type":"Point","coordinates":[141.90083,-36.80035]}},{"type":"Feature","properties":{"name":"Browns Road","cls":5},"geometry":{"type":"Point","coordinates":[141.92676,-36.76918]}},{"type":"Feature","properties":{"name":"Northfields Road","cls":5},"geometry":{"type":"Point","coordinates":[141.98082,-36.80883]}},{"type":"Feature","properties":{"name":"Depot Lane","cls":5},"geometry":{"type":"Point","coordinates":[141.96522,-36.82249]}},{"type":"Feature","properties":{"name":"Quick Sinclair Russells Road","cls":5},"geometry":{"type":"Point","coordinates":[142.0035,-36.83748]}},{"type":"Feature","properties":{"name":"Cooktown Road","cls":5},"geometry":{"type":"Point","coordinates":[141.88732,-36.79092]}},{"type":"Feature","properties":{"name":"Mackins Road","cls":5},"geometry":{"type":"Point","coordinates":[142.16045,-36.88414]}},{"type":"Feature","properties":{"name":"Jubilee Lane","cls":5},"geometry":{"type":"Point","coordinates":[142.15042,-36.8998]}},{"type":"Feature","properties":{"name":"Jubilee Lane","cls":5},"geometry":{"type":"Point","coordinates":[142.15207,-36.89985]}},{"type":"Feature","properties":{"name":"Jubilee Lane","cls":5},"geometry":{"type":"Point","coordinates":[142.14297,-36.8999]}},{"type":"Feature","properties":{"name":"Ryans Road","cls":5},"geometry":{"type":"Point","coordinates":[142.18968,-36.90098]}},{"type":"Feature","properties":{"name":"Richards Road","cls":5},"geometry":{"type":"Point","coordinates":[142.16307,-37.01862]}},{"type":"Feature","properties":{"name":"White Swamp Road","cls":5},"geometry":{"type":"Point","coordinates":[142.04455,-36.96491]}},{"type":"Feature","properties":{"name":"Cozens Road","cls":5},"geometry":{"type":"Point","coordinates":[142.06509,-36.9344]}},{"type":"Feature","properties":{"name":"Gills Road","cls":5},"geometry":{"type":"Point","coordinates":[142.04612,-36.92515]}},{"type":"Feature","properties":{"name":"Maggies Lane","cls":5},"geometry":{"type":"Point","coordinates":[142.12797,-37.01544]}},{"type":"Feature","properties":{"name":"Macinnes Road","cls":5},"geometry":{"type":"Point","coordinates":[142.3117,-36.92615]}},{"type":"Feature","properties":{"name":"Hickeys Road","cls":5},"geometry":{"type":"Point","coordinates":[142.29029,-36.9011]}},{"type":"Feature","properties":{"name":"Brimacombes Road","cls":5},"geometry":{"type":"Point","coordinates":[142.28447,-37.01899]}},{"type":"Feature","properties":{"name":"Stringybark Lane","cls":5},"geometry":{"type":"Point","coordinates":[142.55781,-37.1231]}},{"type":"Feature","properties":{"name":"Hemphills Road","cls":5},"geometry":{"type":"Point","coordinates":[142.56166,-36.41234]}},{"type":"Feature","properties":{"name":"Excells Road","cls":5},"geometry":{"type":"Point","coordinates":[142.34819,-36.46262]}},{"type":"Feature","properties":{"name":"Anderson Street","cls":6},"geometry":{"type":"Point","coordinates":[142.02084,-36.45151]}},{"type":"Feature","properties":{"name":"Anderson Street","cls":6},"geometry":{"type":"Point","coordinates":[142.02211,-36.45044]}},{"type":"Feature","properties":{"name":"Campground Track","cls":5},"geometry":{"type":"Point","coordinates":[141.79822,-36.44735]}},{"type":"Feature","properties":{"name":"Campground Track","cls":5},"geometry":{"type":"Point","coordinates":[141.79653,-36.44708]}},{"type":"Feature","properties":{"name":"Shelley Beach Road","cls":5},"geometry":{"type":"Point","coordinates":[141.8586,-36.3947]}},{"type":"Feature","properties":{"name":"Birdrock Road","cls":5},"geometry":{"type":"Point","coordinates":[142.58218,-37.18452]}},{"type":"Feature","properties":{"name":"Yulong East West Road","cls":5},"geometry":{"type":"Point","coordinates":[142.00004,-37.17173]}},{"type":"Feature","properties":{"name":"Rocklands Road","cls":5},"geometry":{"type":"Point","coordinates":[141.96456,-37.2287]}},{"type":"Feature","properties":{"name":"Dyers Road","cls":5},"geometry":{"type":"Point","coordinates":[141.99031,-37.06146]}},{"type":"Feature","properties":{"name":"John McPhees Drive","cls":5},"geometry":{"type":"Point","coordinates":[141.97356,-37.02354]}},{"type":"Feature","properties":{"name":"Creaseys Road","cls":5},"geometry":{"type":"Point","coordinates":[141.9699,-37.13723]}},{"type":"Feature","properties":{"name":"Russells Road","cls":5},"geometry":{"type":"Point","coordinates":[142.00951,-36.953]}},{"type":"Feature","properties":{"name":"Hutchins Lane","cls":6},"geometry":{"type":"Point","coordinates":[141.839,-37.2598]}},{"type":"Feature","properties":{"name":"Railway Street","cls":5},"geometry":{"type":"Point","coordinates":[141.83484,-37.24041]}},{"type":"Feature","properties":{"name":"Adams Road","cls":5},"geometry":{"type":"Point","coordinates":[141.65569,-36.96773]}},{"type":"Feature","properties":{"name":"Miga Lake Access Road","cls":5},"geometry":{"type":"Point","coordinates":[141.62595,-36.93838]}},{"type":"Feature","properties":{"name":"Hogans Lane","cls":5},"geometry":{"type":"Point","coordinates":[141.68208,-36.69022]}},{"type":"Feature","properties":{"name":"Hiscocks Road","cls":5},"geometry":{"type":"Point","coordinates":[141.64832,-36.66806]}},{"type":"Feature","properties":{"name":"Jacka Jacka Road","cls":5},"geometry":{"type":"Point","coordinates":[141.81869,-36.81408]}},{"type":"Feature","properties":{"name":"Lears Road","cls":5},"geometry":{"type":"Point","coordinates":[141.76175,-36.72486]}},{"type":"Feature","properties":{"name":"Natimuk Road Service Lane","cls":6},"geometry":{"type":"Point","coordinates":[142.18614,-36.71881]}},{"type":"Feature","properties":{"name":"Churchill Road","cls":6},"geometry":{"type":"Point","coordinates":[142.18508,-36.71931]}},{"type":"Feature","properties":{"name":"Nhill - Harrow Road","cls":3},"geometry":{"type":"Point","coordinates":[141.61981,-36.70075]}},{"type":"Feature","properties":{"name":"Nhill - Harrow Road","cls":3},"geometry":{"type":"Point","coordinates":[141.61546,-36.71796]}},{"type":"Feature","properties":{"name":"Mitre-Nurcoung Road","cls":4},"geometry":{"type":"Point","coordinates":[141.77943,-36.71537]}},{"type":"Feature","properties":{"name":"Mitre-Nurcoung Road","cls":4},"geometry":{"type":"Point","coordinates":[141.77982,-36.70534]}},{"type":"Feature","properties":{"name":"Barrat Road","cls":5},"geometry":{"type":"Point","coordinates":[142.21093,-36.39599]}},{"type":"Feature","properties":{"name":"Mount Victory Road","cls":3},"geometry":{"type":"Point","coordinates":[142.50362,-37.14521]}},{"type":"Feature","properties":{"name":"Mount Victory Road","cls":3},"geometry":{"type":"Point","coordinates":[142.50354,-37.14527]}},{"type":"Feature","properties":{"name":"McDonald Street","cls":6},"geometry":{"type":"Point","coordinates":[142.03131,-36.45737]}},{"type":"Feature","properties":{"name":"McDonald Street","cls":6},"geometry":{"type":"Point","coordinates":[142.03317,-36.45768]}},{"type":"Feature","properties":{"name":"Hillary Street","cls":6},"geometry":{"type":"Point","coordinates":[142.18186,-36.71935]}},{"type":"Feature","properties":{"name":"Natimuk Road Service Lane","cls":6},"geometry":{"type":"Point","coordinates":[142.18397,-36.71961]}},{"type":"Feature","properties":{"name":"Hillary Street","cls":6},"geometry":{"type":"Point","coordinates":[142.18057,-36.71711]}},{"type":"Feature","properties":{"name":"Dooen Road","cls":2},"geometry":{"type":"Point","coordinates":[142.21414,-36.70454]}},{"type":"Feature","properties":{"name":"Edith Street","cls":6},"geometry":{"type":"Point","coordinates":[142.21356,-36.70458]}},{"type":"Feature","properties":{"name":"Hardinghams Road","cls":5},"geometry":{"type":"Point","coordinates":[142.18734,-36.77083]}},{"type":"Feature","properties":{"name":"Grampians Road","cls":3},"geometry":{"type":"Point","coordinates":[142.54219,-37.19602]}},{"type":"Feature","properties":{"name":"Grampians Road","cls":3},"geometry":{"type":"Point","coordinates":[142.5423,-37.19653]}},{"type":"Feature","properties":{"name":"Longerenong Road","cls":4},"geometry":{"type":"Point","coordinates":[142.44352,-36.6754]}},{"type":"Feature","properties":{"name":"Longerenong Road","cls":4},"geometry":{"type":"Point","coordinates":[142.35183,-36.67755]}},{"type":"Feature","properties":{"name":"Horsham-Lubeck Road","cls":4},"geometry":{"type":"Point","coordinates":[142.47212,-36.7448]}},{"type":"Feature","properties":{"name":"Horsham-Lubeck Road","cls":4},"geometry":{"type":"Point","coordinates":[142.46964,-36.74499]}},{"type":"Feature","properties":{"name":"Stapledons Road","cls":5},"geometry":{"type":"Point","coordinates":[142.52124,-36.84499]}},{"type":"Feature","properties":{"name":"Stapledons Road","cls":5},"geometry":{"type":"Point","coordinates":[142.52095,-36.84508]}},{"type":"Feature","properties":{"name":"Horsham-Wal Wal Road","cls":5},"geometry":{"type":"Point","coordinates":[142.45854,-36.81167]}},{"type":"Feature","properties":{"name":"Horsham-Wal Wal Road","cls":5},"geometry":{"type":"Point","coordinates":[142.44232,-36.8118]}},{"type":"Feature","properties":{"name":"Horsham-Wal Wal Road","cls":5},"geometry":{"type":"Point","coordinates":[142.48322,-36.81183]}},{"type":"Feature","properties":{"name":"Horsham-Wal Wal Road","cls":5},"geometry":{"type":"Point","coordinates":[142.49618,-36.8118]}},{"type":"Feature","properties":{"name":"McPherson Street","cls":1},"geometry":{"type":"Point","coordinates":[142.2049,-36.71384]}},{"type":"Feature","properties":{"name":"McPherson Street","cls":1},"geometry":{"type":"Point","coordinates":[142.20491,-36.71484]}},{"type":"Feature","properties":{"name":"Goldfinch Close","cls":6},"geometry":{"type":"Point","coordinates":[142.17864,-36.71414]}},{"type":"Feature","properties":{"name":"Gardenia Street","cls":6},"geometry":{"type":"Point","coordinates":[142.19291,-36.71936]}},{"type":"Feature","properties":{"name":"Gardenia Street","cls":6},"geometry":{"type":"Point","coordinates":[142.19292,-36.7227]}},{"type":"Feature","properties":{"name":"Grampians Road","cls":3},"geometry":{"type":"Point","coordinates":[142.54222,-37.19623]}},{"type":"Feature","properties":{"name":"Mount Victory Road","cls":3},"geometry":{"type":"Point","coordinates":[142.49882,-37.15115]}},{"type":"Feature","properties":{"name":"Mount Victory Road","cls":3},"geometry":{"type":"Point","coordinates":[142.49759,-37.15845]}},{"type":"Feature","properties":{"name":"Wartook Road","cls":3},"geometry":{"type":"Point","coordinates":[142.41668,-37.1103]}},{"type":"Feature","properties":{"name":"Mount Victory Road","cls":3},"geometry":{"type":"Point","coordinates":[142.50371,-37.14441]}},{"type":"Feature","properties":{"name":"Mount Victory Road","cls":3},"geometry":{"type":"Point","coordinates":[142.50337,-37.14528]}},{"type":"Feature","properties":{"name":"Hamilton Road","cls":1},"geometry":{"type":"Point","coordinates":[142.20552,-36.73481]}},{"type":"Feature","properties":{"name":"Hamilton Road","cls":1},"geometry":{"type":"Point","coordinates":[142.2059,-36.7341]}},{"type":"Feature","properties":{"name":"Stawell Road","cls":1},"geometry":{"type":"Point","coordinates":[142.20605,-36.7339]}},{"type":"Feature","properties":{"name":"Grampians Road","cls":3},"geometry":{"type":"Point","coordinates":[142.54365,-37.20565]}},{"type":"Feature","properties":{"name":"Silverband Road","cls":3},"geometry":{"type":"Point","coordinates":[142.5352,-37.19787]}},{"type":"Feature","properties":{"name":"Silverband Road","cls":3},"geometry":{"type":"Point","coordinates":[142.49965,-37.16704]}},{"type":"Feature","properties":{"name":"Mount Victory Road","cls":3},"geometry":{"type":"Point","coordinates":[142.498,-37.15756]}},{"type":"Feature","properties":{"name":"MacKenzie Falls Road","cls":5},"geometry":{"type":"Point","coordinates":[142.41349,-37.10857]}},{"type":"Feature","properties":{"name":"Wartook Road","cls":3},"geometry":{"type":"Point","coordinates":[142.4249,-37.1014]}},{"type":"Feature","properties":{"name":"Anzac Drive","cls":5},"geometry":{"type":"Point","coordinates":[142.03336,-36.45025]}},{"type":"Feature","properties":{"name":"Baillie Street","cls":6},"geometry":{"type":"Point","coordinates":[142.19658,-36.71171]}},{"type":"Feature","properties":{"name":"Railway Avenue","cls":6},"geometry":{"type":"Point","coordinates":[142.20179,-36.70779]}},{"type":"Feature","properties":{"name":"David Street","cls":6},"geometry":{"type":"Point","coordinates":[142.19851,-36.71141]}},{"type":"Feature","properties":{"name":"Burgess Street","cls":6},"geometry":{"type":"Point","coordinates":[142.18815,-36.7118]}},{"type":"Feature","properties":{"name":"Bennett Road","cls":6},"geometry":{"type":"Point","coordinates":[142.18749,-36.71259]}},{"type":"Feature","properties":{"name":"Bennett Road","cls":6},"geometry":{"type":"Point","coordinates":[142.18743,-36.71223]}},{"type":"Feature","properties":{"name":"Baillie Street","cls":6},"geometry":{"type":"Point","coordinates":[142.18911,-36.71177]}},{"type":"Feature","properties":{"name":"Baillie Street","cls":6},"geometry":{"type":"Point","coordinates":[142.1883,-36.71184]}},{"type":"Feature","properties":{"name":"Bennett Road","cls":6},"geometry":{"type":"Point","coordinates":[142.18726,-36.71536]}},{"type":"Feature","properties":{"name":"Baillie Street","cls":6},"geometry":{"type":"Point","coordinates":[142.1874,-36.71185]}},{"type":"Feature","properties":{"name":"Baillie Street","cls":6},"geometry":{"type":"Point","coordinates":[142.18746,-36.71181]}},{"type":"Feature","properties":{"name":"Victoria Boulevard","cls":6},"geometry":{"type":"Point","coordinates":[142.17835,-36.71448]}},{"type":"Feature","properties":{"name":"Goldfinch Close","cls":6},"geometry":{"type":"Point","coordinates":[142.17799,-36.71422]}},{"type":"Feature","properties":{"name":"Darlot Street","cls":6},"geometry":{"type":"Point","coordinates":[142.19715,-36.71203]}},{"type":"Feature","properties":{"name":"Trinity Drive","cls":6},"geometry":{"type":"Point","coordinates":[142.21663,-36.71167]}},{"type":"Feature","properties":{"name":"Baillie Street","cls":6},"geometry":{"type":"Point","coordinates":[142.21719,-36.71168]}},{"type":"Feature","properties":{"name":"Trinity Drive","cls":6},"geometry":{"type":"Point","coordinates":[142.21693,-36.70972]}},{"type":"Feature","properties":{"name":"Bennett Road","cls":6},"geometry":{"type":"Point","coordinates":[142.18727,-36.71869]}},{"type":"Feature","properties":{"name":"Lilac Street","cls":6},"geometry":{"type":"Point","coordinates":[142.19419,-36.71948]}},{"type":"Feature","properties":{"name":"Rose Street","cls":6},"geometry":{"type":"Point","coordinates":[142.19123,-36.71725]}},{"type":"Feature","properties":{"name":"Selkirk Drive","cls":6},"geometry":{"type":"Point","coordinates":[142.19465,-36.7191]}},{"type":"Feature","properties":{"name":"Brooks Avenue","cls":6},"geometry":{"type":"Point","coordinates":[142.1899,-36.71874]}},{"type":"Feature","properties":{"name":"Churchill Road","cls":6},"geometry":{"type":"Point","coordinates":[142.18517,-36.71945]}},{"type":"Feature","properties":{"name":"Selkirk Drive","cls":6},"geometry":{"type":"Point","coordinates":[142.19643,-36.7187]}},{"type":"Feature","properties":{"name":"Bennett Road","cls":6},"geometry":{"type":"Point","coordinates":[142.18725,-36.71958]}},{"type":"Feature","properties":{"name":"Pearl Street","cls":6},"geometry":{"type":"Point","coordinates":[142.18386,-36.71748]}},{"type":"Feature","properties":{"name":"Bennett Road","cls":6},"geometry":{"type":"Point","coordinates":[142.18727,-36.71853]}},{"type":"Feature","properties":{"name":"Magee Court","cls":6},"geometry":{"type":"Point","coordinates":[142.19427,-36.71721]}},{"type":"Feature","properties":{"name":"Ashwin Close","cls":6},"geometry":{"type":"Point","coordinates":[142.19421,-36.71855]}},{"type":"Feature","properties":{"name":"Urquhart Street","cls":6},"geometry":{"type":"Point","coordinates":[142.20218,-36.70843]}},{"type":"Feature","properties":{"name":"Carroll Street","cls":6},"geometry":{"type":"Point","coordinates":[142.21271,-36.70716]}},{"type":"Feature","properties":{"name":"Bleakley Street","cls":6},"geometry":{"type":"Point","coordinates":[142.2035,-36.69784]}},{"type":"Feature","properties":{"name":"McPherson Street","cls":1},"geometry":{"type":"Point","coordinates":[142.2049,-36.72241]}},{"type":"Feature","properties":{"name":"OCallaghans Parade","cls":4},"geometry":{"type":"Point","coordinates":[142.20415,-36.72256]}},{"type":"Feature","properties":{"name":"OCallaghans Parade","cls":4},"geometry":{"type":"Point","coordinates":[142.20496,-36.72309]}},{"type":"Feature","properties":{"name":"Stawell Road","cls":1},"geometry":{"type":"Point","coordinates":[142.20507,-36.72345]}},{"type":"Feature","properties":{"name":"McPherson Street","cls":1},"geometry":{"type":"Point","coordinates":[142.20498,-36.72249]}},{"type":"Feature","properties":{"name":"Baker Street","cls":6},"geometry":{"type":"Point","coordinates":[142.19982,-36.72052]}},{"type":"Feature","properties":{"name":"Baker Street","cls":6},"geometry":{"type":"Point","coordinates":[142.19956,-36.7205]}},{"type":"Feature","properties":{"name":"Baker Street","cls":6},"geometry":{"type":"Point","coordinates":[142.20123,-36.72044]}},{"type":"Feature","properties":{"name":"Firebrace Street","cls":6},"geometry":{"type":"Point","coordinates":[142.19976,-36.72263]}},{"type":"Feature","properties":{"name":"Sloss Street","cls":4},"geometry":{"type":"Point","coordinates":[142.20235,-36.7197]}},{"type":"Feature","properties":{"name":"Sloss Street","cls":4},"geometry":{"type":"Point","coordinates":[142.20235,-36.71964]}},{"type":"Feature","properties":{"name":"Baker Street","cls":4},"geometry":{"type":"Point","coordinates":[142.20185,-36.72038]}},{"type":"Feature","properties":{"name":"Sloss Street","cls":6},"geometry":{"type":"Point","coordinates":[142.20258,-36.71965]}},{"type":"Feature","properties":{"name":"High Street","cls":3},"geometry":{"type":"Point","coordinates":[142.03562,-36.45446]}},{"type":"Feature","properties":{"name":"High Street","cls":3},"geometry":{"type":"Point","coordinates":[142.03471,-36.45494]}},{"type":"Feature","properties":{"name":"Ellerman Street","cls":6},"geometry":{"type":"Point","coordinates":[142.03479,-36.45447]}},{"type":"Feature","properties":{"name":"Horsham Road","cls":3},"geometry":{"type":"Point","coordinates":[142.03535,-36.45507]}},{"type":"Feature","properties":{"name":"Kornheim Road","cls":5},"geometry":{"type":"Point","coordinates":[142.05648,-36.45836]}},{"type":"Feature","properties":{"name":"Horsham Road","cls":3},"geometry":{"type":"Point","coordinates":[142.05573,-36.4584]}},{"type":"Feature","properties":{"name":"Kornheim Road","cls":5},"geometry":{"type":"Point","coordinates":[142.05642,-36.45833]}},{"type":"Feature","properties":{"name":"McDonald Street","cls":6},"geometry":{"type":"Point","coordinates":[142.03295,-36.45757]}},{"type":"Feature","properties":{"name":"Borung Highway","cls":3},"geometry":{"type":"Point","coordinates":[142.04932,-36.44876]}},{"type":"Feature","properties":{"name":"Western Highway","cls":1},"geometry":{"type":"Point","coordinates":[142.05015,-36.45014]}},{"type":"Feature","properties":{"name":"High Street","cls":3},"geometry":{"type":"Point","coordinates":[142.04897,-36.44884]}},{"type":"Feature","properties":{"name":"Western Highway","cls":1},"geometry":{"type":"Point","coordinates":[142.04795,-36.44749]}},{"type":"Feature","properties":{"name":"Western Highway","cls":1},"geometry":{"type":"Point","coordinates":[142.03405,-36.44131]}},{"type":"Feature","properties":{"name":"Borung Highway","cls":3},"geometry":{"type":"Point","coordinates":[142.04935,-36.4488]}},{"type":"Feature","properties":{"name":"High Street","cls":3},"geometry":{"type":"Point","coordinates":[142.049,-36.44887]}},{"type":"Feature","properties":{"name":"Western Highway","cls":1},"geometry":{"type":"Point","coordinates":[142.05026,-36.4502]}},{"type":"Feature","properties":{"name":"Borung Highway","cls":3},"geometry":{"type":"Point","coordinates":[142.04942,-36.4489]}},{"type":"Feature","properties":{"name":"High Street","cls":3},"geometry":{"type":"Point","coordinates":[142.04892,-36.44872]}},{"type":"Feature","properties":{"name":"Western Highway","cls":1},"geometry":{"type":"Point","coordinates":[142.04805,-36.44755]}},{"type":"Feature","properties":{"name":"Dimboola - Rainbow Road","cls":3},"geometry":{"type":"Point","coordinates":[142.0195,-36.36781]}},{"type":"Feature","properties":{"name":"Western Highway","cls":1},"geometry":{"type":"Point","coordinates":[142.01768,-36.43574]}},{"type":"Feature","properties":{"name":"Western Highway","cls":1},"geometry":{"type":"Point","coordinates":[142.01461,-36.43467]}},{"type":"Feature","properties":{"name":"Western Highway","cls":1},"geometry":{"type":"Point","coordinates":[141.99807,-36.42662]}},{"type":"Feature","properties":{"name":"Ellerman Street","cls":6},"geometry":{"type":"Point","coordinates":[142.01821,-36.43095]}},{"type":"Feature","properties":{"name":"Western Highway","cls":1},"geometry":{"type":"Point","coordinates":[142.01761,-36.43575]}},{"type":"Feature","properties":{"name":"Dimboola - Rainbow Road","cls":3},"geometry":{"type":"Point","coordinates":[142.01611,-36.43469]}},{"type":"Feature","properties":{"name":"Ellerman Street","cls":6},"geometry":{"type":"Point","coordinates":[142.01819,-36.431]}},{"type":"Feature","properties":{"name":"Nhill Road","cls":3},"geometry":{"type":"Point","coordinates":[142.01527,-36.43526]}},{"type":"Feature","properties":{"name":"Dimboola - Rainbow Road","cls":3},"geometry":{"type":"Point","coordinates":[142.01561,-36.43513]}},{"type":"Feature","properties":{"name":"Bundaleer Drive","cls":6},"geometry":{"type":"Point","coordinates":[142.52322,-37.12989]}},{"type":"Feature","properties":{"name":"Grampians Road","cls":3},"geometry":{"type":"Point","coordinates":[142.52288,-37.12993]}},{"type":"Feature","properties":{"name":"Grampians Road","cls":3},"geometry":{"type":"Point","coordinates":[142.5231,-37.12996]}},{"type":"Feature","properties":{"name":"Duffholme Road","cls":5},"geometry":{"type":"Point","coordinates":[141.70839,-36.7404]}},{"type":"Feature","properties":{"name":"Stawell Road","cls":1},"geometry":{"type":"Point","coordinates":[142.21205,-36.73884]}},{"type":"Feature","properties":{"name":"Harrow - Kanagulk Road","cls":5},"geometry":{"type":"Point","coordinates":[141.80362,-37.07985]}},{"type":"Feature","properties":{"name":"Silver Springs Road","cls":6},"geometry":{"type":"Point","coordinates":[142.52304,-37.15073]}},{"type":"Feature","properties":{"name":"School Road","cls":6},"geometry":{"type":"Point","coordinates":[142.51833,-37.1378]}},{"type":"Feature","properties":{"name":"J Ridlers Track","cls":5},"geometry":{"type":"Point","coordinates":[141.60555,-36.96025]}},{"type":"Feature","properties":{"name":"Baillie Street","cls":6},"geometry":{"type":"Point","coordinates":[142.19718,-36.71183]}},{"type":"Feature","properties":{"name":"Baillie Street","cls":6},"geometry":{"type":"Point","coordinates":[142.19622,-36.71169]}},{"type":"Feature","properties":{"name":"Western Highway","cls":1},"geometry":{"type":"Point","coordinates":[142.01558,-36.43519]}},{"type":"Feature","properties":{"name":"Western Highway","cls":1},"geometry":{"type":"Point","coordinates":[142.01551,-36.43516]}},{"type":"Feature","properties":{"name":"Western Highway","cls":1},"geometry":{"type":"Point","coordinates":[142.01541,-36.43512]}},{"type":"Feature","properties":{"name":"Western Highway","cls":1},"geometry":{"type":"Point","coordinates":[142.01536,-36.43519]}},{"type":"Feature","properties":{"name":"Muller Street","cls":6},"geometry":{"type":"Point","coordinates":[142.17359,-36.71474]}},{"type":"Feature","properties":{"name":"Eldridge Court","cls":6},"geometry":{"type":"Point","coordinates":[142.18996,-36.70009]}},{"type":"Feature","properties":{"name":"Garrard Street","cls":6},"geometry":{"type":"Point","coordinates":[142.18985,-36.69958]}},{"type":"Feature","properties":{"name":"McLean Drive","cls":6},"geometry":{"type":"Point","coordinates":[142.19622,-36.72997]}},{"type":"Feature","properties":{"name":"Grampians Road","cls":3},"geometry":{"type":"Point","coordinates":[142.51902,-37.14169]}},{"type":"Feature","properties":{"name":"Grampians Road","cls":3},"geometry":{"type":"Point","coordinates":[142.51939,-37.13695]}},{"type":"Feature","properties":{"name":"Ararat-Halls Gap Road","cls":3},"geometry":{"type":"Point","coordinates":[142.53968,-37.12853]}},{"type":"Feature","properties":{"name":"Ararat-Halls Gap Road","cls":3},"geometry":{"type":"Point","coordinates":[142.5405,-37.1289]}},{"type":"Feature","properties":{"name":"Grampians Road","cls":3},"geometry":{"type":"Point","coordinates":[142.53991,-37.12816]}},{"type":"Feature","properties":{"name":"Ararat - Halls Gap Road","cls":3},"geometry":{"type":"Point","coordinates":[142.60945,-37.19738]}},{"type":"Feature","properties":{"name":"John McPhees Drive","cls":5},"geometry":{"type":"Point","coordinates":[141.98175,-37.02527]}},{"type":"Feature","properties":{"name":"John McPhees Drive","cls":5},"geometry":{"type":"Point","coordinates":[141.97916,-37.0253]}},{"type":"Feature","properties":{"name":"Rocklands Road","cls":5},"geometry":{"type":"Point","coordinates":[141.84516,-37.24669]}},{"type":"Feature","properties":{"name":"Rocklands Road","cls":5},"geometry":{"type":"Point","coordinates":[141.84653,-37.24665]}},{"type":"Feature","properties":{"name":"Banyena - Pimpinio Road","cls":4},"geometry":{"type":"Point","coordinates":[142.48816,-36.5522]}},{"type":"Feature","properties":{"name":"Pimpinio Tip Road","cls":5},"geometry":{"type":"Point","coordinates":[142.12236,-36.58248]}},{"type":"Feature","properties":{"name":"Dock Lake Road","cls":4},"geometry":{"type":"Point","coordinates":[142.29923,-36.78616]}},{"type":"Feature","properties":{"name":"Wyn Wyn Road","cls":5},"geometry":{"type":"Point","coordinates":[141.91078,-36.67957]}},{"type":"Feature","properties":{"name":"Obrees Road","cls":4},"geometry":{"type":"Point","coordinates":[141.99296,-36.69776]}},{"type":"Feature","properties":{"name":"Roses Gap Road","cls":4},"geometry":{"type":"Point","coordinates":[142.53124,-36.9494]}},{"type":"Feature","properties":{"name":"Coutts Road","cls":5},"geometry":{"type":"Point","coordinates":[142.60628,-36.45444]}},{"type":"Feature","properties":{"name":"East Road","cls":5},"geometry":{"type":"Point","coordinates":[142.30361,-36.7532]}},{"type":"Feature","properties":{"name":"Old Noradjuha Road","cls":5},"geometry":{"type":"Point","coordinates":[141.9511,-36.74885]}},{"type":"Feature","properties":{"name":"Jung West Road","cls":6},"geometry":{"type":"Point","coordinates":[142.3565,-36.60786]}},{"type":"Feature","properties":{"name":"Cameron Road","cls":5},"geometry":{"type":"Point","coordinates":[142.22351,-36.71215]}},{"type":"Feature","properties":{"name":"Remlaw Road","cls":5},"geometry":{"type":"Point","coordinates":[142.14302,-36.71352]}},{"type":"Feature","properties":{"name":"Lindners Road","cls":5},"geometry":{"type":"Point","coordinates":[142.08123,-36.75379]}},{"type":"Feature","properties":{"name":"Natimuk East Road","cls":5},"geometry":{"type":"Point","coordinates":[141.97141,-36.7377]}},{"type":"Feature","properties":{"name":"Mitchell Street","cls":6},"geometry":{"type":"Point","coordinates":[141.9474,-36.74265]}},{"type":"Feature","properties":{"name":"Foundry Street","cls":6},"geometry":{"type":"Point","coordinates":[142.59254,-36.46157]}},{"type":"Feature","properties":{"name":"Mill Street","cls":6},"geometry":{"type":"Point","coordinates":[142.5906,-36.46596]}},{"type":"Feature","properties":{"name":"Mill Street","cls":6},"geometry":{"type":"Point","coordinates":[142.58039,-36.45655]}},{"type":"Feature","properties":{"name":"Loats Street","cls":6},"geometry":{"type":"Point","coordinates":[142.58272,-36.46213]}},{"type":"Feature","properties":{"name":"Loats Street","cls":6},"geometry":{"type":"Point","coordinates":[142.58146,-36.46104]}},{"type":"Feature","properties":{"name":"Western Highway","cls":1},"geometry":{"type":"Point","coordinates":[142.27581,-36.77522]}},{"type":"Feature","properties":{"name":"Western Highway","cls":1},"geometry":{"type":"Point","coordinates":[142.29436,-36.78446]}},{"type":"Feature","properties":{"name":"McPherson Street","cls":1},"geometry":{"type":"Point","coordinates":[142.20487,-36.71225]}},{"type":"Feature","properties":{"name":"McPherson Street","cls":1},"geometry":{"type":"Point","coordinates":[142.20476,-36.72304]}},{"type":"Feature","properties":{"name":"Baker Street","cls":6},"geometry":{"type":"Point","coordinates":[142.19894,-36.72053]}},{"type":"Feature","properties":{"name":"Wilson Street","cls":2},"geometry":{"type":"Point","coordinates":[142.19314,-36.71671]}},{"type":"Feature","properties":{"name":"Natimuk Road","cls":2},"geometry":{"type":"Point","coordinates":[142.18381,-36.71996]}},{"type":"Feature","properties":{"name":"Natimuk Road","cls":2},"geometry":{"type":"Point","coordinates":[142.18537,-36.71943]}},{"type":"Feature","properties":{"name":"Natimuk Road","cls":2},"geometry":{"type":"Point","coordinates":[142.18156,-36.72086]}},{"type":"Feature","properties":{"name":"Hammond-McCuish Road","cls":5},"geometry":{"type":"Point","coordinates":[141.89126,-36.7738]}},{"type":"Feature","properties":{"name":"Gladigau Road","cls":5},"geometry":{"type":"Point","coordinates":[141.91323,-36.75701]}},{"type":"Feature","properties":{"name":"Langes Lane","cls":5},"geometry":{"type":"Point","coordinates":[141.89541,-36.75398]}},{"type":"Feature","properties":{"name":"Wimmera Highway","cls":2},"geometry":{"type":"Point","coordinates":[141.93169,-36.74547]}},{"type":"Feature","properties":{"name":"Mitchell Street","cls":6},"geometry":{"type":"Point","coordinates":[141.94664,-36.73951]}},{"type":"Feature","properties":{"name":"Wimmera Highway","cls":2},"geometry":{"type":"Point","coordinates":[141.95621,-36.73529]}},{"type":"Feature","properties":{"name":"Wimmera Highway","cls":2},"geometry":{"type":"Point","coordinates":[142.16842,-36.72579]}},{"type":"Feature","properties":{"name":"Natimuk Road","cls":2},"geometry":{"type":"Point","coordinates":[142.172,-36.72451]}},{"type":"Feature","properties":{"name":"Wilson Street","cls":2},"geometry":{"type":"Point","coordinates":[142.19586,-36.7166]}},{"type":"Feature","properties":{"name":"McLachlan Street","cls":6},"geometry":{"type":"Point","coordinates":[142.19747,-36.71312]}},{"type":"Feature","properties":{"name":"Wimmera Highway","cls":2},"geometry":{"type":"Point","coordinates":[142.26026,-36.63824]}},{"type":"Feature","properties":{"name":"Henty Highway","cls":2},"geometry":{"type":"Point","coordinates":[142.25931,-36.63995]}},{"type":"Feature","properties":{"name":"Henty Highway","cls":2},"geometry":{"type":"Point","coordinates":[142.25967,-36.63809]}},{"type":"Feature","properties":{"name":"Henty Highway","cls":2},"geometry":{"type":"Point","coordinates":[142.25942,-36.63916]}},{"type":"Feature","properties":{"name":"Henty Highway","cls":2},"geometry":{"type":"Point","coordinates":[142.25964,-36.63805]}},{"type":"Feature","properties":{"name":"C Leach Road","cls":6},"geometry":{"type":"Point","coordinates":[142.58322,-36.46571]}},{"type":"Feature","properties":{"name":"Donald-Murtoa Road","cls":3},"geometry":{"type":"Point","coordinates":[142.57861,-36.4658]}},{"type":"Feature","properties":{"name":"C Leach Road","cls":6},"geometry":{"type":"Point","coordinates":[142.58028,-36.46513]}},{"type":"Feature","properties":{"name":"Main Street","cls":3},"geometry":{"type":"Point","coordinates":[142.58127,-36.46423]}},{"type":"Feature","properties":{"name":"Main Street","cls":3},"geometry":{"type":"Point","coordinates":[142.58629,-36.46043]}},{"type":"Feature","properties":{"name":"Market Street","cls":6},"geometry":{"type":"Point","coordinates":[142.5926,-36.4546]}},{"type":"Feature","properties":{"name":"Main Street","cls":3},"geometry":{"type":"Point","coordinates":[142.59403,-36.45499]}},{"type":"Feature","properties":{"name":"Donald-Murtoa Road","cls":3},"geometry":{"type":"Point","coordinates":[142.59545,-36.45404]}},{"type":"Feature","properties":{"name":"Grampians Road","cls":3},"geometry":{"type":"Point","coordinates":[142.51908,-37.13796]}},{"type":"Feature","properties":{"name":"Mount Victory Road","cls":3},"geometry":{"type":"Point","coordinates":[142.50347,-37.14516]}},{"type":"Feature","properties":{"name":"Mount Victory Road","cls":3},"geometry":{"type":"Point","coordinates":[142.50345,-37.14522]}},{"type":"Feature","properties":{"name":"Wonderland Road","cls":5},"geometry":{"type":"Point","coordinates":[142.50345,-37.14532]}},{"type":"Feature","properties":{"name":"Wonderland Road","cls":5},"geometry":{"type":"Point","coordinates":[142.50351,-37.14531]}},{"type":"Feature","properties":{"name":"Mount Victory Road","cls":3},"geometry":{"type":"Point","coordinates":[142.50361,-37.14501]}},{"type":"Feature","properties":{"name":"Mount Victory Road","cls":3},"geometry":{"type":"Point","coordinates":[142.50316,-37.14532]}},{"type":"Feature","properties":{"name":"Wonderland Road","cls":5},"geometry":{"type":"Point","coordinates":[142.50158,-37.14958]}},{"type":"Feature","properties":{"name":"Grampians Road","cls":3},"geometry":{"type":"Point","coordinates":[142.52012,-37.13637]}},{"type":"Feature","properties":{"name":"Mount Victory Road","cls":3},"geometry":{"type":"Point","coordinates":[142.51984,-37.13633]}},{"type":"Feature","properties":{"name":"MacKenzie Falls Road","cls":5},"geometry":{"type":"Point","coordinates":[142.41521,-37.10918]}},{"type":"Feature","properties":{"name":"Sundial Road","cls":5},"geometry":{"type":"Point","coordinates":[142.51386,-37.17191]}},{"type":"Feature","properties":{"name":"Mount Victory Road","cls":3},"geometry":{"type":"Point","coordinates":[142.51914,-37.13595]}},{"type":"Feature","properties":{"name":"Mount Victory Road","cls":3},"geometry":{"type":"Point","coordinates":[142.38754,-37.0945]}},{"type":"Feature","properties":{"name":"Mount Victory Road","cls":3},"geometry":{"type":"Point","coordinates":[142.38477,-37.09224]}},{"type":"Feature","properties":{"name":"Mt Zero Road","cls":5},"geometry":{"type":"Point","coordinates":[142.52374,-37.12597]}},{"type":"Feature","properties":{"name":"Grampians Road","cls":3},"geometry":{"type":"Point","coordinates":[142.54318,-37.18781]}},{"type":"Feature","properties":{"name":"Grampians Road","cls":3},"geometry":{"type":"Point","coordinates":[142.54141,-37.22231]}},{"type":"Feature","properties":{"name":"Grampians Road","cls":3},"geometry":{"type":"Point","coordinates":[142.54261,-37.21849]}},{"type":"Feature","properties":{"name":"Grampians Road","cls":3},"geometry":{"type":"Point","coordinates":[142.53644,-37.24524]}},{"type":"Feature","properties":{"name":"Grampians Road","cls":3},"geometry":{"type":"Point","coordinates":[142.53699,-37.23945]}},{"type":"Feature","properties":{"name":"Grampians Road","cls":3},"geometry":{"type":"Point","coordinates":[142.53606,-37.25105]}},{"type":"Feature","properties":{"name":"Grampians Road","cls":3},"geometry":{"type":"Point","coordinates":[142.53871,-37.23179]}},{"type":"Feature","properties":{"name":"Henty Highway","cls":1},"geometry":{"type":"Point","coordinates":[142.21202,-37.22477]}},{"type":"Feature","properties":{"name":"Harrops Track","cls":5},"geometry":{"type":"Point","coordinates":[142.27285,-37.25495]}},{"type":"Feature","properties":{"name":"Harrops Track","cls":5},"geometry":{"type":"Point","coordinates":[142.27202,-37.25373]}},{"type":"Feature","properties":{"name":"Mt Zero Road","cls":5},"geometry":{"type":"Point","coordinates":[142.42986,-36.92169]}},{"type":"Feature","properties":{"name":"Mt Zero Road","cls":5},"geometry":{"type":"Point","coordinates":[142.4176,-36.90321]}},{"type":"Feature","properties":{"name":"Winfields Road","cls":5},"geometry":{"type":"Point","coordinates":[142.35811,-36.92502]}},{"type":"Feature","properties":{"name":"Olive Plantation Road","cls":5},"geometry":{"type":"Point","coordinates":[142.34299,-36.92644]}},{"type":"Feature","properties":{"name":"Winfields Road","cls":5},"geometry":{"type":"Point","coordinates":[142.35826,-36.86907]}},{"type":"Feature","properties":{"name":"Northern Grampians Road","cls":3},"geometry":{"type":"Point","coordinates":[142.34033,-36.80835]}},{"type":"Feature","properties":{"name":"Mount Victory Road","cls":3},"geometry":{"type":"Point","coordinates":[142.3749,-37.08416]}},{"type":"Feature","properties":{"name":"Picnic Bend Road","cls":5},"geometry":{"type":"Point","coordinates":[142.05314,-36.47444]}},{"type":"Feature","properties":{"name":"Picnic Bend Road","cls":5},"geometry":{"type":"Point","coordinates":[142.04997,-36.47565]}},{"type":"Feature","properties":{"name":"Kornheim Road","cls":5},"geometry":{"type":"Point","coordinates":[142.05748,-36.4581]}},{"type":"Feature","properties":{"name":"Dooen Slant Road","cls":5},"geometry":{"type":"Point","coordinates":[142.11819,-36.51109]}},{"type":"Feature","properties":{"name":"Dooen Slant Road","cls":5},"geometry":{"type":"Point","coordinates":[142.11772,-36.51098]}},{"type":"Feature","properties":{"name":"Dooen Slant Road","cls":5},"geometry":{"type":"Point","coordinates":[142.11023,-36.50858]}},{"type":"Feature","properties":{"name":"Murtoa Settlement Road","cls":5},"geometry":{"type":"Point","coordinates":[142.47814,-36.51182]}},{"type":"Feature","properties":{"name":"Murtoa Settlement Road","cls":5},"geometry":{"type":"Point","coordinates":[142.49025,-36.51155]}},{"type":"Feature","properties":{"name":"Rifle Butts Road","cls":5},"geometry":{"type":"Point","coordinates":[142.03313,-36.85442]}},{"type":"Feature","properties":{"name":"Rifle Butts Road","cls":5},"geometry":{"type":"Point","coordinates":[141.98627,-36.84979]}},{"type":"Feature","properties":{"name":"Lake Avenue","cls":5},"geometry":{"type":"Point","coordinates":[141.93963,-36.73959]}},{"type":"Feature","properties":{"name":"McClures Road","cls":5},"geometry":{"type":"Point","coordinates":[141.7902,-36.74507]}},{"type":"Feature","properties":{"name":"Chequers Road","cls":5},"geometry":{"type":"Point","coordinates":[142.02509,-36.75784]}},{"type":"Feature","properties":{"name":"Freds Road","cls":5},"geometry":{"type":"Point","coordinates":[142.27812,-36.6552]}},{"type":"Feature","properties":{"name":"Konigs Road","cls":5},"geometry":{"type":"Point","coordinates":[142.50507,-36.59639]}},{"type":"Feature","properties":{"name":"Coorong Swamp Road","cls":5},"geometry":{"type":"Point","coordinates":[142.51423,-36.58379]}},{"type":"Feature","properties":{"name":"West Wail Road","cls":5},"geometry":{"type":"Point","coordinates":[142.00758,-36.57331]}},{"type":"Feature","properties":{"name":"Plush Hannans Road","cls":5},"geometry":{"type":"Point","coordinates":[142.12878,-36.8102]}},{"type":"Feature","properties":{"name":"Schmidts Road","cls":5},"geometry":{"type":"Point","coordinates":[142.28406,-37.07711]}},{"type":"Feature","properties":{"name":"Tonkins Road","cls":5},"geometry":{"type":"Point","coordinates":[141.93799,-37.0874]}},{"type":"Feature","properties":{"name":"B Ross Road","cls":5},"geometry":{"type":"Point","coordinates":[141.93643,-37.09749]}},{"type":"Feature","properties":{"name":"Robertsons Road","cls":5},"geometry":{"type":"Point","coordinates":[141.94487,-37.10117]}},{"type":"Feature","properties":{"name":"Rees Road","cls":5},"geometry":{"type":"Point","coordinates":[141.98978,-37.09336]}},{"type":"Feature","properties":{"name":"Kendal Drive","cls":5},"geometry":{"type":"Point","coordinates":[142.2017,-36.73592]}},{"type":"Feature","properties":{"name":"Kenny Road","cls":5},"geometry":{"type":"Point","coordinates":[142.1905,-36.74073]}},{"type":"Feature","properties":{"name":"Hardinghams Road","cls":5},"geometry":{"type":"Point","coordinates":[142.1872,-36.78639]}},{"type":"Feature","properties":{"name":"McIntyres Road","cls":5},"geometry":{"type":"Point","coordinates":[142.63041,-36.64031]}},{"type":"Feature","properties":{"name":"Ross Road","cls":5},"geometry":{"type":"Point","coordinates":[142.43125,-36.83965]}},{"type":"Feature","properties":{"name":"Ross Road","cls":5},"geometry":{"type":"Point","coordinates":[142.4176,-36.84138]}},{"type":"Feature","properties":{"name":"Ashens Bridge Road","cls":5},"geometry":{"type":"Point","coordinates":[142.53154,-36.78238]}},{"type":"Feature","properties":{"name":"Ashens Bridge Road","cls":5},"geometry":{"type":"Point","coordinates":[142.51712,-36.78272]}},{"type":"Feature","properties":{"name":"Wal Wal Road","cls":5},"geometry":{"type":"Point","coordinates":[142.55019,-36.74767]}},{"type":"Feature","properties":{"name":"Hunts Scour Companys Bridge Road","cls":5},"geometry":{"type":"Point","coordinates":[142.56027,-36.86979]}},{"type":"Feature","properties":{"name":"Wal Wal - Marshdale Road","cls":5},"geometry":{"type":"Point","coordinates":[142.59954,-36.82716]}},{"type":"Feature","properties":{"name":"Quick Sinclair Russells Road","cls":5},"geometry":{"type":"Point","coordinates":[141.98841,-36.93591]}},{"type":"Feature","properties":{"name":"Quick Sinclair Russells Road","cls":5},"geometry":{"type":"Point","coordinates":[141.98855,-36.93509]}},{"type":"Feature","properties":{"name":"Blythewood Road","cls":5},"geometry":{"type":"Point","coordinates":[142.60546,-37.09339]}},{"type":"Feature","properties":{"name":"Cooks Lane","cls":5},"geometry":{"type":"Point","coordinates":[142.0408,-36.88454]}},{"type":"Feature","properties":{"name":"Cooks Lane","cls":5},"geometry":{"type":"Point","coordinates":[142.03307,-36.88377]}},{"type":"Feature","properties":{"name":"Grahams Bridge Road","cls":5},"geometry":{"type":"Point","coordinates":[142.23515,-37.03033]}},{"type":"Feature","properties":{"name":"Natimuk - Hamilton Road","cls":3},"geometry":{"type":"Point","coordinates":[141.85193,-37.27963]}},{"type":"Feature","properties":{"name":"Barrat Road","cls":5},"geometry":{"type":"Point","coordinates":[142.21861,-36.39603]}},{"type":"Feature","properties":{"name":"West Road","cls":5},"geometry":{"type":"Point","coordinates":[142.26711,-36.74814]}},{"type":"Feature","properties":{"name":"West Road","cls":5},"geometry":{"type":"Point","coordinates":[142.26708,-36.76093]}},{"type":"Feature","properties":{"name":"Andrews Road","cls":5},"geometry":{"type":"Point","coordinates":[142.26132,-36.73842]}},{"type":"Feature","properties":{"name":"Riverside East Road","cls":6},"geometry":{"type":"Point","coordinates":[142.24895,-36.73673]}},{"type":"Feature","properties":{"name":"Mount Talbot Road","cls":5},"geometry":{"type":"Point","coordinates":[142.05491,-37.00241]}},{"type":"Feature","properties":{"name":"Mount Talbot Road","cls":5},"geometry":{"type":"Point","coordinates":[142.0468,-37.05537]}},{"type":"Feature","properties":{"name":"Miss Williamsons Road","cls":5},"geometry":{"type":"Point","coordinates":[142.00268,-36.97673]}},{"type":"Feature","properties":{"name":"Snells Road","cls":5},"geometry":{"type":"Point","coordinates":[142.33724,-37.06385]}},{"type":"Feature","properties":{"name":"Rosebrook-Glenisla Road","cls":5},"geometry":{"type":"Point","coordinates":[142.3249,-37.05987]}},{"type":"Feature","properties":{"name":"Minyip - Coromby Road","cls":5},"geometry":{"type":"Point","coordinates":[142.57018,-36.47989]}},{"type":"Feature","properties":{"name":"Tunnel Road","cls":5},"geometry":{"type":"Point","coordinates":[142.61259,-37.16691]}},{"type":"Feature","properties":{"name":"Rokeskys Road","cls":5},"geometry":{"type":"Point","coordinates":[142.26724,-36.69512]}},{"type":"Feature","properties":{"name":"Plush Hannans Road","cls":5},"geometry":{"type":"Point","coordinates":[142.07101,-36.79898]}},{"type":"Feature","properties":{"name":"Kalkee School Road","cls":5},"geometry":{"type":"Point","coordinates":[142.22043,-36.53796]}},{"type":"Feature","properties":{"name":"Johnston Road","cls":6},"geometry":{"type":"Point","coordinates":[142.59456,-36.46662]}},{"type":"Feature","properties":{"name":"Golf Road","cls":5},"geometry":{"type":"Point","coordinates":[142.59442,-36.47036]}},{"type":"Feature","properties":{"name":"Fyans Creek Road","cls":4},"geometry":{"type":"Point","coordinates":[142.58337,-37.06526]}},{"type":"Feature","properties":{"name":"Fyans Creek Road","cls":4},"geometry":{"type":"Point","coordinates":[142.58147,-37.06694]}},{"type":"Feature","properties":{"name":"Jallumba - Douglas Road","cls":4},"geometry":{"type":"Point","coordinates":[141.9045,-36.94979]}},{"type":"Feature","properties":{"name":"Grampians Road","cls":3},"geometry":{"type":"Point","coordinates":[142.5409,-37.22327]}},{"type":"Feature","properties":{"name":"Roses Gap Road","cls":4},"geometry":{"type":"Point","coordinates":[142.42824,-37.00001]}},{"type":"Feature","properties":{"name":"Quantong-Polkemmet Road","cls":5},"geometry":{"type":"Point","coordinates":[142.01923,-36.73376]}},{"type":"Feature","properties":{"name":"Mitchell Street","cls":6},"geometry":{"type":"Point","coordinates":[141.94734,-36.74134]}},{"type":"Feature","properties":{"name":"Jory Street","cls":6},"geometry":{"type":"Point","coordinates":[141.94922,-36.74177]}},{"type":"Feature","properties":{"name":"Old Noradjuha Road","cls":6},"geometry":{"type":"Point","coordinates":[141.95096,-36.73867]}},{"type":"Feature","properties":{"name":"Station Street","cls":6},"geometry":{"type":"Point","coordinates":[141.94285,-36.74352]}},{"type":"Feature","properties":{"name":"Station Street","cls":6},"geometry":{"type":"Point","coordinates":[141.94348,-36.74341]}},{"type":"Feature","properties":{"name":"Station Street","cls":6},"geometry":{"type":"Point","coordinates":[141.94562,-36.74338]}},{"type":"Feature","properties":{"name":"Church Lane","cls":5},"geometry":{"type":"Point","coordinates":[141.74574,-37.04202]}},{"type":"Feature","properties":{"name":"Ferguson Close","cls":6},"geometry":{"type":"Point","coordinates":[142.19653,-36.7304]}},{"type":"Feature","properties":{"name":"Roberts Avenue","cls":6},"geometry":{"type":"Point","coordinates":[142.19973,-36.71428]}},{"type":"Feature","properties":{"name":"Western Highway","cls":1},"geometry":{"type":"Point","coordinates":[142.05635,-36.45834]}},{"type":"Feature","properties":{"name":"Western Highway","cls":1},"geometry":{"type":"Point","coordinates":[142.01331,-36.43386]}},{"type":"Feature","properties":{"name":"Hillary Street","cls":6},"geometry":{"type":"Point","coordinates":[142.18109,-36.71802]}},{"type":"Feature","properties":{"name":"George Street","cls":6},"geometry":{"type":"Point","coordinates":[142.20778,-36.71104]}},{"type":"Feature","properties":{"name":"Madden Street","cls":6},"geometry":{"type":"Point","coordinates":[142.19833,-36.71869]}},{"type":"Feature","properties":{"name":"Madden Street","cls":6},"geometry":{"type":"Point","coordinates":[142.19819,-36.71809]}},{"type":"Feature","properties":{"name":"Hamilton Street","cls":6},"geometry":{"type":"Point","coordinates":[142.20814,-36.71779]}},{"type":"Feature","properties":{"name":"Hamilton Street","cls":6},"geometry":{"type":"Point","coordinates":[142.20964,-36.71779]}},{"type":"Feature","properties":{"name":"MacBain Street","cls":6},"geometry":{"type":"Point","coordinates":[142.20986,-36.71862]}},{"type":"Feature","properties":{"name":"Baker Street","cls":6},"geometry":{"type":"Point","coordinates":[142.20028,-36.72047]}},{"type":"Feature","properties":{"name":"Baillie Street","cls":1},"geometry":{"type":"Point","coordinates":[142.20048,-36.71181]}},{"type":"Feature","properties":{"name":"Baillie Street","cls":1},"geometry":{"type":"Point","coordinates":[142.20028,-36.7117]}},{"type":"Feature","properties":{"name":"Northern Grampians Road","cls":5},"geometry":{"type":"Point","coordinates":[142.32394,-36.94574]}},{"type":"Feature","properties":{"name":"Western Highway","cls":1},"geometry":{"type":"Point","coordinates":[142.51275,-36.91696]}},{"type":"Feature","properties":{"name":"Western Highway","cls":1},"geometry":{"type":"Point","coordinates":[142.51467,-36.91816]}},{"type":"Feature","properties":{"name":"Dimboola - Rainbow Road","cls":3},"geometry":{"type":"Point","coordinates":[142.01613,-36.43463]}},{"type":"Feature","properties":{"name":"Borung Highway","cls":3},"geometry":{"type":"Point","coordinates":[142.05023,-36.44835]}},{"type":"Feature","properties":{"name":"Nhill Road","cls":3},"geometry":{"type":"Point","coordinates":[142.01521,-36.43556]}},{"type":"Feature","properties":{"name":"High Street","cls":3},"geometry":{"type":"Point","coordinates":[142.04801,-36.44924]}},{"type":"Feature","properties":{"name":"Western Highway","cls":1},"geometry":{"type":"Point","coordinates":[142.62592,-36.98003]}},{"type":"Feature","properties":{"name":"Western Highway","cls":1},"geometry":{"type":"Point","coordinates":[142.61965,-36.97647]}},{"type":"Feature","properties":{"name":"Western Highway","cls":1},"geometry":{"type":"Point","coordinates":[142.61631,-36.97459]}},{"type":"Feature","properties":{"name":"Western Highway","cls":1},"geometry":{"type":"Point","coordinates":[142.60389,-36.96758]}},{"type":"Feature","properties":{"name":"Dimboola Road","cls":1},"geometry":{"type":"Point","coordinates":[142.19369,-36.70925]}},{"type":"Feature","properties":{"name":"Dimboola Road","cls":1},"geometry":{"type":"Point","coordinates":[142.19665,-36.71064]}},{"type":"Feature","properties":{"name":"Baillie Street","cls":1},"geometry":{"type":"Point","coordinates":[142.19996,-36.71182]}},{"type":"Feature","properties":{"name":"Rees Road","cls":5},"geometry":{"type":"Point","coordinates":[142.01333,-37.09684]}},{"type":"Feature","properties":{"name":"Pines Road","cls":5},"geometry":{"type":"Point","coordinates":[142.56737,-37.06845]}},{"type":"Feature","properties":{"name":"Pines Road","cls":5},"geometry":{"type":"Point","coordinates":[142.55305,-37.06147]}},{"type":"Feature","properties":{"name":"Pines Road","cls":5},"geometry":{"type":"Point","coordinates":[142.57384,-37.0698]}},{"type":"Feature","properties":{"name":"Dimboola Road","cls":1},"geometry":{"type":"Point","coordinates":[142.19666,-36.71055]}},{"type":"Feature","properties":{"name":"Baillie Street","cls":1},"geometry":{"type":"Point","coordinates":[142.2028,-36.7117]}},{"type":"Feature","properties":{"name":"McPherson Street","cls":1},"geometry":{"type":"Point","coordinates":[142.20494,-36.71767]}},{"type":"Feature","properties":{"name":"Burnside Avenue","cls":6},"geometry":{"type":"Point","coordinates":[142.03673,-36.46247]}},{"type":"Feature","properties":{"name":"Saint Leonards Avenue","cls":6},"geometry":{"type":"Point","coordinates":[142.03803,-36.46137]}},{"type":"Feature","properties":{"name":"Treacey Street","cls":6},"geometry":{"type":"Point","coordinates":[142.17354,-36.71621]}},{"type":"Feature","properties":{"name":"Lyons Court","cls":6},"geometry":{"type":"Point","coordinates":[142.19356,-36.70045]}},{"type":"Feature","properties":{"name":"Pines Road","cls":5},"geometry":{"type":"Point","coordinates":[142.55798,-37.0645]}},{"type":"Feature","properties":{"name":"Wiles Road","cls":5},"geometry":{"type":"Point","coordinates":[141.93631,-36.60113]}},{"type":"Feature","properties":{"name":"W Mayberys Road","cls":5},"geometry":{"type":"Point","coordinates":[141.63422,-36.73337]}},{"type":"Feature","properties":{"name":"Lake Avenue","cls":5},"geometry":{"type":"Point","coordinates":[141.92439,-36.68713]}},{"type":"Feature","properties":{"name":"Meyers Lane","cls":5},"geometry":{"type":"Point","coordinates":[141.91842,-36.68036]}},{"type":"Feature","properties":{"name":"Hammond-McCuish Road","cls":5},"geometry":{"type":"Point","coordinates":[141.95033,-36.82405]}},{"type":"Feature","properties":{"name":"Poultry Crescent","cls":5},"geometry":{"type":"Point","coordinates":[142.30672,-36.66707]}},{"type":"Feature","properties":{"name":"Settlers Way","cls":6},"geometry":{"type":"Point","coordinates":[142.18287,-36.75067]}},{"type":"Feature","properties":{"name":"Settlers Way","cls":6},"geometry":{"type":"Point","coordinates":[142.18203,-36.75031]}},{"type":"Feature","properties":{"name":"Templemore Road","cls":5},"geometry":{"type":"Point","coordinates":[142.42175,-36.61825]}},{"type":"Feature","properties":{"name":"Watsons Road","cls":5},"geometry":{"type":"Point","coordinates":[142.39608,-36.81197]}},{"type":"Feature","properties":{"name":"Watsons Road","cls":5},"geometry":{"type":"Point","coordinates":[142.3882,-36.81201]}},{"type":"Feature","properties":{"name":"Roses Gap Road","cls":4},"geometry":{"type":"Point","coordinates":[142.51754,-36.94933]}},{"type":"Feature","properties":{"name":"Roses Gap Road","cls":4},"geometry":{"type":"Point","coordinates":[142.50997,-36.94959]}},{"type":"Feature","properties":{"name":"Stapledons Road","cls":5},"geometry":{"type":"Point","coordinates":[142.5222,-36.87679]}},{"type":"Feature","properties":{"name":"Stapledons Road","cls":5},"geometry":{"type":"Point","coordinates":[142.52339,-36.88682]}},{"type":"Feature","properties":{"name":"Winfields Road","cls":5},"geometry":{"type":"Point","coordinates":[142.35813,-36.90003]}},{"type":"Feature","properties":{"name":"Harrow-Clear Lake Road","cls":4},"geometry":{"type":"Point","coordinates":[141.80992,-36.9923]}},{"type":"Feature","properties":{"name":"Mount Drummond Road","cls":4},"geometry":{"type":"Point","coordinates":[142.5712,-37.00449]}},{"type":"Feature","properties":{"name":"Harrow - Balmoral Road","cls":3},"geometry":{"type":"Point","coordinates":[141.64052,-37.23441]}},{"type":"Feature","properties":{"name":"Harrow - Balmoral Road","cls":3},"geometry":{"type":"Point","coordinates":[141.6454,-37.23601]}},{"type":"Feature","properties":{"name":"Ararat - Halls Gap Road","cls":3},"geometry":{"type":"Point","coordinates":[142.63546,-37.21239]}},{"type":"Feature","properties":{"name":"Natimuk-Hamilton Road","cls":3},"geometry":{"type":"Point","coordinates":[141.96516,-36.83034]}},{"type":"Feature","properties":{"name":"Natimuk-Hamilton Road","cls":3},"geometry":{"type":"Point","coordinates":[141.96628,-36.82277]}},{"type":"Feature","properties":{"name":"Murtoa - Glenorchy Road","cls":3},"geometry":{"type":"Point","coordinates":[142.62647,-36.88562]}},{"type":"Feature","properties":{"name":"Murtoa - Glenorchy Road","cls":3},"geometry":{"type":"Point","coordinates":[142.61938,-36.87961]}},{"type":"Feature","properties":{"name":"Natimuk - Hamilton Road","cls":3},"geometry":{"type":"Point","coordinates":[141.84017,-37.25106]}},{"type":"Feature","properties":{"name":"Natimuk - Hamilton Road","cls":3},"geometry":{"type":"Point","coordinates":[141.8405,-37.25254]}},{"type":"Feature","properties":{"name":"Syphon Road","cls":5},"geometry":{"type":"Point","coordinates":[142.34122,-37.19778]}},{"type":"Feature","properties":{"name":"Syphon Road","cls":5},"geometry":{"type":"Point","coordinates":[142.34151,-37.19762]}},{"type":"Feature","properties":{"name":"Daveys Road","cls":5},"geometry":{"type":"Point","coordinates":[142.50408,-36.47961]}},{"type":"Feature","properties":{"name":"Obrees Road","cls":4},"geometry":{"type":"Point","coordinates":[141.97459,-36.69883]}},{"type":"Feature","properties":{"name":"Lake Road","cls":4},"geometry":{"type":"Point","coordinates":[141.94525,-36.73773]}},{"type":"Feature","properties":{"name":"Mitre-Nurcoung Road","cls":4},"geometry":{"type":"Point","coordinates":[141.78085,-36.72635]}},{"type":"Feature","properties":{"name":"McClures Road","cls":5},"geometry":{"type":"Point","coordinates":[141.78962,-36.74358]}},{"type":"Feature","properties":{"name":"Creek Road","cls":4},"geometry":{"type":"Point","coordinates":[141.9318,-36.74595]}},{"type":"Feature","properties":{"name":"Jaspers Lane","cls":5},"geometry":{"type":"Point","coordinates":[141.76585,-37.1531]}},{"type":"Feature","properties":{"name":"Roses Gap Road","cls":4},"geometry":{"type":"Point","coordinates":[142.51097,-36.94942]}},{"type":"Feature","properties":{"name":"Cooack Road","cls":4},"geometry":{"type":"Point","coordinates":[141.91848,-36.63892]}},{"type":"Feature","properties":{"name":"Station Street","cls":6},"geometry":{"type":"Point","coordinates":[142.58271,-36.46151]}},{"type":"Feature","properties":{"name":"Loats Street","cls":6},"geometry":{"type":"Point","coordinates":[142.584,-36.46325]}},{"type":"Feature","properties":{"name":"Loats Street","cls":6},"geometry":{"type":"Point","coordinates":[142.58188,-36.46142]}},{"type":"Feature","properties":{"name":"Dogwood Road","cls":5},"geometry":{"type":"Point","coordinates":[142.28981,-36.3939]}},{"type":"Feature","properties":{"name":"Jones Lane","cls":5},"geometry":{"type":"Point","coordinates":[142.0297,-36.74177]}},{"type":"Feature","properties":{"name":"Clynes Road West","cls":5},"geometry":{"type":"Point","coordinates":[142.17869,-36.78027]}},{"type":"Feature","properties":{"name":"R Ridlers Road","cls":5},"geometry":{"type":"Point","coordinates":[141.60672,-36.9648]}},{"type":"Feature","properties":{"name":"Russells Road","cls":5},"geometry":{"type":"Point","coordinates":[142.00078,-36.95409]}},{"type":"Feature","properties":{"name":"Valley Drive","cls":6},"geometry":{"type":"Point","coordinates":[142.52013,-37.14148]}},{"type":"Feature","properties":{"name":"Neal Road","cls":5},"geometry":{"type":"Point","coordinates":[142.56817,-37.14592]}},{"type":"Feature","properties":{"name":"Tunnel Road","cls":5},"geometry":{"type":"Point","coordinates":[142.62859,-37.15631]}},{"type":"Feature","properties":{"name":"Winfields Road","cls":5},"geometry":{"type":"Point","coordinates":[142.35813,-36.98576]}},{"type":"Feature","properties":{"name":"Reservoir Road","cls":5},"geometry":{"type":"Point","coordinates":[142.35551,-36.88494]}},{"type":"Feature","properties":{"name":"Friedmans Road","cls":5},"geometry":{"type":"Point","coordinates":[142.38352,-36.86889]}},{"type":"Feature","properties":{"name":"Gardy Road","cls":5},"geometry":{"type":"Point","coordinates":[142.49699,-36.79718]}},{"type":"Feature","properties":{"name":"Giles River Road","cls":5},"geometry":{"type":"Point","coordinates":[142.56465,-36.87501]}},{"type":"Feature","properties":{"name":"Giles River Road","cls":5},"geometry":{"type":"Point","coordinates":[142.5989,-36.89035]}},{"type":"Feature","properties":{"name":"Ansons Road","cls":5},"geometry":{"type":"Point","coordinates":[141.97008,-36.83816]}},{"type":"Feature","properties":{"name":"Miga Lake Access Road","cls":5},"geometry":{"type":"Point","coordinates":[141.62074,-36.93289]}},{"type":"Feature","properties":{"name":"Victoria Valley Road","cls":5},"geometry":{"type":"Point","coordinates":[142.23505,-37.04385]}},{"type":"Feature","properties":{"name":"Western Highway","cls":1},"geometry":{"type":"Point","coordinates":[142.51505,-36.91841]}},{"type":"Feature","properties":{"name":"Western Highway","cls":1},"geometry":{"type":"Point","coordinates":[142.51554,-36.91871]}},{"type":"Feature","properties":{"name":"Glenisla Crossing Road","cls":5},"geometry":{"type":"Point","coordinates":[142.25687,-37.14814]}},{"type":"Feature","properties":{"name":"Glenisla Crossing Road","cls":5},"geometry":{"type":"Point","coordinates":[142.2544,-37.14901]}},{"type":"Feature","properties":{"name":"Blue Wren Drive","cls":6},"geometry":{"type":"Point","coordinates":[142.1753,-36.74283]}},{"type":"Feature","properties":{"name":"W Mayberys Road","cls":5},"geometry":{"type":"Point","coordinates":[141.63646,-36.73707]}},{"type":"Feature","properties":{"name":"Adams Road","cls":5},"geometry":{"type":"Point","coordinates":[141.65925,-36.94546]}},{"type":"Feature","properties":{"name":"Lipshut Road","cls":5},"geometry":{"type":"Point","coordinates":[141.61414,-36.45438]}},{"type":"Feature","properties":{"name":"Dimboola North Road","cls":5},"geometry":{"type":"Point","coordinates":[142.09229,-36.43471]}},{"type":"Feature","properties":{"name":"Jung North Road","cls":5},"geometry":{"type":"Point","coordinates":[142.36014,-36.60113]}},{"type":"Feature","properties":{"name":"Drung - Jung Road","cls":5},"geometry":{"type":"Point","coordinates":[142.33336,-36.66404]}},{"type":"Feature","properties":{"name":"Flacks Road","cls":5},"geometry":{"type":"Point","coordinates":[142.18701,-36.69666]}},{"type":"Feature","properties":{"name":"Riley Road","cls":4},"geometry":{"type":"Point","coordinates":[142.18623,-36.69703]}},{"type":"Feature","properties":{"name":"Remlaw Road","cls":6},"geometry":{"type":"Point","coordinates":[142.17316,-36.71255]}},{"type":"Feature","properties":{"name":"Riverside East Road","cls":6},"geometry":{"type":"Point","coordinates":[142.24899,-36.72666]}},{"type":"Feature","properties":{"name":"Tramline Track","cls":5},"geometry":{"type":"Point","coordinates":[142.37645,-36.838]}},{"type":"Feature","properties":{"name":"Tramline Track","cls":5},"geometry":{"type":"Point","coordinates":[142.37645,-36.83481]}},{"type":"Feature","properties":{"name":"Rocklands-Cherrypool Road","cls":5},"geometry":{"type":"Point","coordinates":[142.0976,-37.18251]}},{"type":"Feature","properties":{"name":"Noradjuha Recreational Reserve Road","cls":5},"geometry":{"type":"Point","coordinates":[141.96686,-36.83545]}},{"type":"Feature","properties":{"name":"Noradjuha Recreational Reserve Road","cls":5},"geometry":{"type":"Point","coordinates":[141.96528,-36.83602]}},{"type":"Feature","properties":{"name":"Long Gully Road","cls":5},"geometry":{"type":"Point","coordinates":[142.62815,-37.25168]}},{"type":"Feature","properties":{"name":"Tooan - Mitre Road","cls":4},"geometry":{"type":"Point","coordinates":[141.78163,-36.72985]}},{"type":"Feature","properties":{"name":"Gills Road","cls":5},"geometry":{"type":"Point","coordinates":[142.06181,-36.9267]}},{"type":"Feature","properties":{"name":"Mount Talbot Road","cls":5},"geometry":{"type":"Point","coordinates":[142.0526,-37.01753]}},{"type":"Feature","properties":{"name":"Holmes Road","cls":5},"geometry":{"type":"Point","coordinates":[142.00719,-36.99525]}},{"type":"Feature","properties":{"name":"Wilson Lane","cls":5},"geometry":{"type":"Point","coordinates":[142.04582,-36.8719]}},{"type":"Feature","properties":{"name":"Smiths Reserve Road","cls":5},"geometry":{"type":"Point","coordinates":[142.09675,-36.79883]}},{"type":"Feature","properties":{"name":"Stapledons Road","cls":5},"geometry":{"type":"Point","coordinates":[142.52233,-36.84548]}},{"type":"Feature","properties":{"name":"Stapledons Road","cls":5},"geometry":{"type":"Point","coordinates":[142.52336,-36.8454]}},{"type":"Feature","properties":{"name":"Stapledons Road","cls":5},"geometry":{"type":"Point","coordinates":[142.5233,-36.84558]}},{"type":"Feature","properties":{"name":"Western Highway","cls":1},"geometry":{"type":"Point","coordinates":[141.98171,-36.41933]}},{"type":"Feature","properties":{"name":"Lil Lil Dam Road","cls":5},"geometry":{"type":"Point","coordinates":[142.03256,-36.44301]}},{"type":"Feature","properties":{"name":"Goroke-Nurcoung Road","cls":5},"geometry":{"type":"Point","coordinates":[141.61998,-36.69949]}},{"type":"Feature","properties":{"name":"Mt Zero Road","cls":5},"geometry":{"type":"Point","coordinates":[142.36076,-36.8809]}},{"type":"Feature","properties":{"name":"Mount Dryden Road","cls":4},"geometry":{"type":"Point","coordinates":[142.58793,-37.06364]}},{"type":"Feature","properties":{"name":"Mount Dryden Road","cls":4},"geometry":{"type":"Point","coordinates":[142.59064,-37.06364]}},{"type":"Feature","properties":{"name":"Horsham-Lubeck Road","cls":4},"geometry":{"type":"Point","coordinates":[142.4655,-36.74523]}},{"type":"Feature","properties":{"name":"Horsham-Lubeck Road","cls":4},"geometry":{"type":"Point","coordinates":[142.46384,-36.74531]}},{"type":"Feature","properties":{"name":"Joys Road","cls":5},"geometry":{"type":"Point","coordinates":[142.46376,-36.74631]}},{"type":"Feature","properties":{"name":"Fyans Creek Road","cls":4},"geometry":{"type":"Point","coordinates":[142.57743,-37.06897]}},{"type":"Feature","properties":{"name":"Fyans Creek Road","cls":4},"geometry":{"type":"Point","coordinates":[142.58087,-37.06765]}},{"type":"Feature","properties":{"name":"Mt Zero Road","cls":5},"geometry":{"type":"Point","coordinates":[142.46888,-36.97608]}},{"type":"Feature","properties":{"name":"Mt Zero Road","cls":5},"geometry":{"type":"Point","coordinates":[142.48065,-36.99341]}},{"type":"Feature","properties":{"name":"Pomonal East Road","cls":5},"geometry":{"type":"Point","coordinates":[142.61026,-37.19168]}},{"type":"Feature","properties":{"name":"Pomonal East Road","cls":5},"geometry":{"type":"Point","coordinates":[142.61256,-37.1928]}},{"type":"Feature","properties":{"name":"Staehrs Road","cls":5},"geometry":{"type":"Point","coordinates":[142.28182,-36.9834]}},{"type":"Feature","properties":{"name":"Staehrs Road","cls":5},"geometry":{"type":"Point","coordinates":[142.27576,-36.9895]}},{"type":"Feature","properties":{"name":"Staehrs Road","cls":5},"geometry":{"type":"Point","coordinates":[142.27747,-36.98814]}},{"type":"Feature","properties":{"name":"Staehrs Road","cls":5},"geometry":{"type":"Point","coordinates":[142.27924,-36.98679]}},{"type":"Feature","properties":{"name":"Staehrs Road","cls":5},"geometry":{"type":"Point","coordinates":[142.27603,-36.98985]}},{"type":"Feature","properties":{"name":"Staehrs Road","cls":5},"geometry":{"type":"Point","coordinates":[142.2763,-36.99021]}},{"type":"Feature","properties":{"name":"Ararat - Halls Gap Road","cls":3},"geometry":{"type":"Point","coordinates":[142.60911,-37.1958]}},{"type":"Feature","properties":{"name":"Roscrea Road","cls":5},"geometry":{"type":"Point","coordinates":[142.44145,-36.66756]}},{"type":"Feature","properties":{"name":"Gavans Road","cls":5},"geometry":{"type":"Point","coordinates":[142.41312,-36.66649]}},{"type":"Feature","properties":{"name":"Western Highway","cls":1},"geometry":{"type":"Point","coordinates":[142.17124,-36.69829]}},{"type":"Feature","properties":{"name":"Tobacco Road","cls":5},"geometry":{"type":"Point","coordinates":[142.61795,-37.20825]}},{"type":"Feature","properties":{"name":"Mount Dryden Road","cls":4},"geometry":{"type":"Point","coordinates":[142.62562,-37.06396]}},{"type":"Feature","properties":{"name":"Mount Dryden Road","cls":4},"geometry":{"type":"Point","coordinates":[142.62348,-37.06397]}},{"type":"Feature","properties":{"name":"Pomonal Road","cls":3},"geometry":{"type":"Point","coordinates":[142.61111,-37.18898]}},{"type":"Feature","properties":{"name":"Bushby Road","cls":6},"geometry":{"type":"Point","coordinates":[142.19905,-36.77159]}},{"type":"Feature","properties":{"name":"Burke Court","cls":6},"geometry":{"type":"Point","coordinates":[142.19866,-36.77413]}},{"type":"Feature","properties":{"name":"Varley Road","cls":5},"geometry":{"type":"Point","coordinates":[142.32402,-36.84699]}},{"type":"Feature","properties":{"name":"Varley Road","cls":5},"geometry":{"type":"Point","coordinates":[142.3217,-36.83419]}},{"type":"Feature","properties":{"name":"Wilson Street","cls":2},"geometry":{"type":"Point","coordinates":[142.19409,-36.71671]}},{"type":"Feature","properties":{"name":"Park Drive","cls":6},"geometry":{"type":"Point","coordinates":[142.19359,-36.71418]}},{"type":"Feature","properties":{"name":"Selkirk Drive","cls":6},"geometry":{"type":"Point","coordinates":[142.1954,-36.71872]}},{"type":"Feature","properties":{"name":"Selkirk Drive","cls":6},"geometry":{"type":"Point","coordinates":[142.19509,-36.71874]}},{"type":"Feature","properties":{"name":"Wilson Street","cls":2},"geometry":{"type":"Point","coordinates":[142.19743,-36.71661]}},{"type":"Feature","properties":{"name":"Faith Street","cls":6},"geometry":{"type":"Point","coordinates":[142.0187,-36.44739]}},{"type":"Feature","properties":{"name":"Howland Road","cls":5},"geometry":{"type":"Point","coordinates":[142.00628,-36.43098]}},{"type":"Feature","properties":{"name":"Wilson Street","cls":2},"geometry":{"type":"Point","coordinates":[142.19743,-36.71667]}},{"type":"Feature","properties":{"name":"Wilson Street","cls":2},"geometry":{"type":"Point","coordinates":[142.19379,-36.71662]}},{"type":"Feature","properties":{"name":"Hanson Street","cls":6},"geometry":{"type":"Point","coordinates":[142.19726,-36.73274]}},{"type":"Feature","properties":{"name":"Haven Park Drive","cls":6},"geometry":{"type":"Point","coordinates":[142.20679,-36.74282]}},{"type":"Feature","properties":{"name":"Brimpaen-Laharum Road","cls":4},"geometry":{"type":"Point","coordinates":[142.22942,-37.03584]}},{"type":"Feature","properties":{"name":"Brimpaen-Laharum Road","cls":4},"geometry":{"type":"Point","coordinates":[142.26327,-37.03764]}},{"type":"Feature","properties":{"name":"Three Bridges Road","cls":4},"geometry":{"type":"Point","coordinates":[142.17507,-36.75303]}},{"type":"Feature","properties":{"name":"Ballinger Street","cls":6},"geometry":{"type":"Point","coordinates":[142.18729,-36.73571]}},{"type":"Feature","properties":{"name":"Baillie Street","cls":6},"geometry":{"type":"Point","coordinates":[142.21885,-36.71192]}},{"type":"Feature","properties":{"name":"Ashwin Close","cls":6},"geometry":{"type":"Point","coordinates":[142.19436,-36.71868]}},{"type":"Feature","properties":{"name":"Red Rock Road","cls":5},"geometry":{"type":"Point","coordinates":[142.25044,-37.23555]}},{"type":"Feature","properties":{"name":"Red Rock Road","cls":5},"geometry":{"type":"Point","coordinates":[142.25362,-37.22432]}},{"type":"Feature","properties":{"name":"Mt Zero Road","cls":5},"geometry":{"type":"Point","coordinates":[142.46189,-36.95995]}},{"type":"Feature","properties":{"name":"Mt Zero Road","cls":5},"geometry":{"type":"Point","coordinates":[142.46307,-36.95782]}},{"type":"Feature","properties":{"name":"Red Rock Road","cls":5},"geometry":{"type":"Point","coordinates":[142.27931,-37.16154]}},{"type":"Feature","properties":{"name":"Red Rock Road","cls":5},"geometry":{"type":"Point","coordinates":[142.27896,-37.16165]}},{"type":"Feature","properties":{"name":"Blair Court","cls":5},"geometry":{"type":"Point","coordinates":[142.19595,-36.74213]}},{"type":"Feature","properties":{"name":"Blair Court","cls":5},"geometry":{"type":"Point","coordinates":[142.19597,-36.74362]}},{"type":"Feature","properties":{"name":"Shirley Street","cls":6},"geometry":{"type":"Point","coordinates":[142.21026,-36.70417]}},{"type":"Feature","properties":{"name":"Mintern Crescent","cls":6},"geometry":{"type":"Point","coordinates":[142.17393,-36.7251]}},{"type":"Feature","properties":{"name":"Schier Drive","cls":6},"geometry":{"type":"Point","coordinates":[142.20547,-36.76441]}},{"type":"Feature","properties":{"name":"Roberts Avenue","cls":6},"geometry":{"type":"Point","coordinates":[142.19792,-36.71428]}},{"type":"Feature","properties":{"name":"Rasmussen Road","cls":4},"geometry":{"type":"Point","coordinates":[142.20472,-36.69694]}},{"type":"Feature","properties":{"name":"Rasmussen Road","cls":4},"geometry":{"type":"Point","coordinates":[142.20685,-36.69692]}},{"type":"Feature","properties":{"name":"Rasmussen Road","cls":4},"geometry":{"type":"Point","coordinates":[142.21044,-36.69688]}},{"type":"Feature","properties":{"name":"Rasmussen Road","cls":4},"geometry":{"type":"Point","coordinates":[142.21795,-36.69681]}},{"type":"Feature","properties":{"name":"Darlot Street","cls":6},"geometry":{"type":"Point","coordinates":[142.19717,-36.71343]}},{"type":"Feature","properties":{"name":"Darlot Street","cls":6},"geometry":{"type":"Point","coordinates":[142.19719,-36.71396]}},{"type":"Feature","properties":{"name":"Darlot Street","cls":6},"geometry":{"type":"Point","coordinates":[142.19716,-36.71257]}},{"type":"Feature","properties":{"name":"Darlot Street","cls":6},"geometry":{"type":"Point","coordinates":[142.19716,-36.71274]}},{"type":"Feature","properties":{"name":"Darlot Street","cls":6},"geometry":{"type":"Point","coordinates":[142.19717,-36.71296]}},{"type":"Feature","properties":{"name":"Darlot Street","cls":6},"geometry":{"type":"Point","coordinates":[142.19718,-36.71313]}},{"type":"Feature","properties":{"name":"Natimuk Road Service Lane","cls":6},"geometry":{"type":"Point","coordinates":[142.17879,-36.72154]}},{"type":"Feature","properties":{"name":"Natimuk Road Service Lane","cls":6},"geometry":{"type":"Point","coordinates":[142.18113,-36.72068]}},{"type":"Feature","properties":{"name":"Banool Street","cls":6},"geometry":{"type":"Point","coordinates":[142.17744,-36.7215]}},{"type":"Feature","properties":{"name":"Banool Street","cls":6},"geometry":{"type":"Point","coordinates":[142.17695,-36.72063]}},{"type":"Feature","properties":{"name":"Banool Street","cls":6},"geometry":{"type":"Point","coordinates":[142.17656,-36.71997]}},{"type":"Feature","properties":{"name":"Edith Street","cls":6},"geometry":{"type":"Point","coordinates":[142.2071,-36.70441]}},{"type":"Feature","properties":{"name":"Edith Street","cls":6},"geometry":{"type":"Point","coordinates":[142.20777,-36.70441]}},{"type":"Feature","properties":{"name":"Edith Street","cls":6},"geometry":{"type":"Point","coordinates":[142.20902,-36.70441]}},{"type":"Feature","properties":{"name":"Edith Street","cls":6},"geometry":{"type":"Point","coordinates":[142.21176,-36.70439]}},{"type":"Feature","properties":{"name":"Natimuk Road","cls":2},"geometry":{"type":"Point","coordinates":[142.1759,-36.723]}},{"type":"Feature","properties":{"name":"Natimuk Road","cls":2},"geometry":{"type":"Point","coordinates":[142.17793,-36.7222]}},{"type":"Feature","properties":{"name":"Natimuk Road","cls":2},"geometry":{"type":"Point","coordinates":[142.17949,-36.72162]}},{"type":"Feature","properties":{"name":"Natimuk Road","cls":2},"geometry":{"type":"Point","coordinates":[142.18857,-36.71817]}},{"type":"Feature","properties":{"name":"Natimuk Road","cls":2},"geometry":{"type":"Point","coordinates":[142.19054,-36.71745]}},{"type":"Feature","properties":{"name":"Natimuk Road","cls":2},"geometry":{"type":"Point","coordinates":[142.19204,-36.71692]}},{"type":"Feature","properties":{"name":"Baillie Street","cls":1},"geometry":{"type":"Point","coordinates":[142.19971,-36.71171]}},{"type":"Feature","properties":{"name":"Natimuk Road Service Lane","cls":6},"geometry":{"type":"Point","coordinates":[142.18264,-36.72012]}},{"type":"Feature","properties":{"name":"Darlot Street","cls":6},"geometry":{"type":"Point","coordinates":[142.19705,-36.71297]}},{"type":"Feature","properties":{"name":"Darlot Street","cls":6},"geometry":{"type":"Point","coordinates":[142.19705,-36.71275]}},{"type":"Feature","properties":{"name":"Darlot Street","cls":6},"geometry":{"type":"Point","coordinates":[142.19704,-36.71257]}},{"type":"Feature","properties":{"name":"Darlot Street","cls":6},"geometry":{"type":"Point","coordinates":[142.19704,-36.71235]}},{"type":"Feature","properties":{"name":"Darlot Street","cls":6},"geometry":{"type":"Point","coordinates":[142.19705,-36.7134]}},{"type":"Feature","properties":{"name":"Baillie Street","cls":6},"geometry":{"type":"Point","coordinates":[142.19695,-36.71177]}},{"type":"Feature","properties":{"name":"Baillie Street","cls":4},"geometry":{"type":"Point","coordinates":[142.21257,-36.71168]}},{"type":"Feature","properties":{"name":"Pryors Road","cls":6},"geometry":{"type":"Point","coordinates":[142.21874,-36.70435]}},{"type":"Feature","properties":{"name":"Pryors Road","cls":6},"geometry":{"type":"Point","coordinates":[142.22168,-36.70434]}},{"type":"Feature","properties":{"name":"Hillary Street","cls":6},"geometry":{"type":"Point","coordinates":[142.17925,-36.71294]}},{"type":"Feature","properties":{"name":"Hillary Street","cls":6},"geometry":{"type":"Point","coordinates":[142.17945,-36.71368]}},{"type":"Feature","properties":{"name":"Hillary Street","cls":6},"geometry":{"type":"Point","coordinates":[142.17963,-36.71473]}},{"type":"Feature","properties":{"name":"Hillary Street","cls":6},"geometry":{"type":"Point","coordinates":[142.17974,-36.71563]}},{"type":"Feature","properties":{"name":"Hillary Street","cls":6},"geometry":{"type":"Point","coordinates":[142.18008,-36.71624]}},{"type":"Feature","properties":{"name":"Hillary Street","cls":6},"geometry":{"type":"Point","coordinates":[142.17905,-36.71236]}},{"type":"Feature","properties":{"name":"Hillary Street","cls":6},"geometry":{"type":"Point","coordinates":[142.17877,-36.71175]}},{"type":"Feature","properties":{"name":"Dooen Road","cls":2},"geometry":{"type":"Point","coordinates":[142.21566,-36.7033]}},{"type":"Feature","properties":{"name":"Dooen Road","cls":2},"geometry":{"type":"Point","coordinates":[142.21766,-36.70166]}},{"type":"Feature","properties":{"name":"Baillie Street","cls":6},"geometry":{"type":"Point","coordinates":[142.19692,-36.71174]}},{"type":"Feature","properties":{"name":"Baillie Street","cls":6},"geometry":{"type":"Point","coordinates":[142.18285,-36.71177]}},{"type":"Feature","properties":{"name":"Baillie Street","cls":6},"geometry":{"type":"Point","coordinates":[142.18382,-36.71177]}},{"type":"Feature","properties":{"name":"Baillie Street","cls":6},"geometry":{"type":"Point","coordinates":[142.18486,-36.71177]}},{"type":"Feature","properties":{"name":"Baillie Street","cls":6},"geometry":{"type":"Point","coordinates":[142.1856,-36.71177]}},{"type":"Feature","properties":{"name":"Baillie Street","cls":6},"geometry":{"type":"Point","coordinates":[142.18623,-36.71177]}},{"type":"Feature","properties":{"name":"Baillie Street","cls":6},"geometry":{"type":"Point","coordinates":[142.18076,-36.71204]}},{"type":"Feature","properties":{"name":"Baillie Street","cls":6},"geometry":{"type":"Point","coordinates":[142.18189,-36.71183]}},{"type":"Feature","properties":{"name":"Baillie Street","cls":4},"geometry":{"type":"Point","coordinates":[142.20862,-36.71169]}},{"type":"Feature","properties":{"name":"Baillie Street","cls":4},"geometry":{"type":"Point","coordinates":[142.21017,-36.71169]}},{"type":"Feature","properties":{"name":"Baillie Street","cls":4},"geometry":{"type":"Point","coordinates":[142.20708,-36.7117]}},{"type":"Feature","properties":{"name":"Baillie Street","cls":6},"geometry":{"type":"Point","coordinates":[142.188,-36.71182]}},{"type":"Feature","properties":{"name":"Baillie Street","cls":6},"geometry":{"type":"Point","coordinates":[142.18842,-36.71177]}},{"type":"Feature","properties":{"name":"McPherson Street","cls":1},"geometry":{"type":"Point","coordinates":[142.20489,-36.71324]}},{"type":"Feature","properties":{"name":"McPherson Street","cls":1},"geometry":{"type":"Point","coordinates":[142.20488,-36.71272]}},{"type":"Feature","properties":{"name":"Baillie Street","cls":6},"geometry":{"type":"Point","coordinates":[142.18788,-36.71188]}},{"type":"Feature","properties":{"name":"Arnold Street","cls":6},"geometry":{"type":"Point","coordinates":[142.18965,-36.70684]}},{"type":"Feature","properties":{"name":"Williams Road","cls":3},"geometry":{"type":"Point","coordinates":[142.21431,-36.72616]}},{"type":"Feature","properties":{"name":"Hamilton Street","cls":6},"geometry":{"type":"Point","coordinates":[142.20064,-36.71787]}},{"type":"Feature","properties":{"name":"Urquhart Street","cls":4},"geometry":{"type":"Point","coordinates":[142.20239,-36.7189]}},{"type":"Feature","properties":{"name":"Urquhart Street","cls":4},"geometry":{"type":"Point","coordinates":[142.20239,-36.71941]}},{"type":"Feature","properties":{"name":"Urquhart Street","cls":4},"geometry":{"type":"Point","coordinates":[142.20239,-36.71967]}},{"type":"Feature","properties":{"name":"Urquhart Street","cls":4},"geometry":{"type":"Point","coordinates":[142.20239,-36.71998]}},{"type":"Feature","properties":{"name":"Urquhart Street","cls":4},"geometry":{"type":"Point","coordinates":[142.20237,-36.7205]}},{"type":"Feature","properties":{"name":"OCallaghans Parade","cls":4},"geometry":{"type":"Point","coordinates":[142.2024,-36.72078]}},{"type":"Feature","properties":{"name":"OCallaghans Parade","cls":4},"geometry":{"type":"Point","coordinates":[142.20254,-36.7209]}},{"type":"Feature","properties":{"name":"Duff Street","cls":6},"geometry":{"type":"Point","coordinates":[142.20484,-36.72607]}},{"type":"Feature","properties":{"name":"Duff Street","cls":6},"geometry":{"type":"Point","coordinates":[142.20422,-36.72609]}},{"type":"Feature","properties":{"name":"Duff Street","cls":6},"geometry":{"type":"Point","coordinates":[142.20303,-36.72612]}},{"type":"Feature","properties":{"name":"Major Mitchell Drive","cls":6},"geometry":{"type":"Point","coordinates":[142.19641,-36.72614]}},{"type":"Feature","properties":{"name":"Major Mitchell Drive","cls":6},"geometry":{"type":"Point","coordinates":[142.19541,-36.72678]}},{"type":"Feature","properties":{"name":"Major Mitchell Drive","cls":6},"geometry":{"type":"Point","coordinates":[142.19459,-36.72736]}},{"type":"Feature","properties":{"name":"Urquhart Street","cls":4},"geometry":{"type":"Point","coordinates":[142.2023,-36.71967]}},{"type":"Feature","properties":{"name":"Urquhart Street","cls":4},"geometry":{"type":"Point","coordinates":[142.2023,-36.71941]}},{"type":"Feature","properties":{"name":"Urquhart Street","cls":4},"geometry":{"type":"Point","coordinates":[142.20229,-36.7189]}},{"type":"Feature","properties":{"name":"Urquhart Street","cls":4},"geometry":{"type":"Point","coordinates":[142.20227,-36.71826]}},{"type":"Feature","properties":{"name":"Harders Street","cls":6},"geometry":{"type":"Point","coordinates":[142.20327,-36.7301]}},{"type":"Feature","properties":{"name":"Harders Street","cls":6},"geometry":{"type":"Point","coordinates":[142.20446,-36.73006]}},{"type":"Feature","properties":{"name":"Stawell Road Service Road","cls":6},"geometry":{"type":"Point","coordinates":[142.205,-36.72895]}},{"type":"Feature","properties":{"name":"Stawell Road Service Road","cls":6},"geometry":{"type":"Point","coordinates":[142.20493,-36.72742]}},{"type":"Feature","properties":{"name":"Stawell Road Service Road","cls":6},"geometry":{"type":"Point","coordinates":[142.20491,-36.72695]}},{"type":"Feature","properties":{"name":"Stawell Road Service Road","cls":6},"geometry":{"type":"Point","coordinates":[142.20489,-36.72649]}},{"type":"Feature","properties":{"name":"Stawell Road Service Road","cls":6},"geometry":{"type":"Point","coordinates":[142.2051,-36.73117]}},{"type":"Feature","properties":{"name":"Mardon Drive","cls":6},"geometry":{"type":"Point","coordinates":[142.21512,-36.72567]}},{"type":"Feature","properties":{"name":"Mardon Drive","cls":6},"geometry":{"type":"Point","coordinates":[142.21497,-36.72465]}},{"type":"Feature","properties":{"name":"Mardon Drive","cls":6},"geometry":{"type":"Point","coordinates":[142.21413,-36.72378]}},{"type":"Feature","properties":{"name":"Mardon Drive","cls":6},"geometry":{"type":"Point","coordinates":[142.21266,-36.72309]}},{"type":"Feature","properties":{"name":"Mardon Drive","cls":6},"geometry":{"type":"Point","coordinates":[142.21106,-36.72286]}},{"type":"Feature","properties":{"name":"Mardon Drive","cls":6},"geometry":{"type":"Point","coordinates":[142.20866,-36.72352]}},{"type":"Feature","properties":{"name":"Mardon Drive","cls":6},"geometry":{"type":"Point","coordinates":[142.20984,-36.7232]}},{"type":"Feature","properties":{"name":"McTavish Boulevard","cls":6},"geometry":{"type":"Point","coordinates":[142.19995,-36.72707]}},{"type":"Feature","properties":{"name":"McTavish Boulevard","cls":6},"geometry":{"type":"Point","coordinates":[142.20095,-36.72644]}},{"type":"Feature","properties":{"name":"Wawunna Road","cls":6},"geometry":{"type":"Point","coordinates":[142.19623,-36.70599]}},{"type":"Feature","properties":{"name":"Wawunna Road","cls":6},"geometry":{"type":"Point","coordinates":[142.19622,-36.70163]}},{"type":"Feature","properties":{"name":"Wawunna Road","cls":6},"geometry":{"type":"Point","coordinates":[142.19622,-36.70362]}},{"type":"Feature","properties":{"name":"Wawunna Road","cls":6},"geometry":{"type":"Point","coordinates":[142.19622,-36.70498]}},{"type":"Feature","properties":{"name":"McTavish Boulevard","cls":6},"geometry":{"type":"Point","coordinates":[142.19672,-36.72907]}},{"type":"Feature","properties":{"name":"McTavish Boulevard","cls":6},"geometry":{"type":"Point","coordinates":[142.19503,-36.72934]}},{"type":"Feature","properties":{"name":"McTavish Boulevard","cls":6},"geometry":{"type":"Point","coordinates":[142.1936,-36.72983]}},{"type":"Feature","properties":{"name":"Stawell Road","cls":1},"geometry":{"type":"Point","coordinates":[142.20501,-36.72646]}},{"type":"Feature","properties":{"name":"Stawell Road","cls":1},"geometry":{"type":"Point","coordinates":[142.20506,-36.72747]}},{"type":"Feature","properties":{"name":"Stawell Road","cls":1},"geometry":{"type":"Point","coordinates":[142.20503,-36.72697]}},{"type":"Feature","properties":{"name":"Schier Drive","cls":6},"geometry":{"type":"Point","coordinates":[142.20639,-36.76448]}},{"type":"Feature","properties":{"name":"Stawell Road","cls":1},"geometry":{"type":"Point","coordinates":[142.20526,-36.7275]}},{"type":"Feature","properties":{"name":"Stawell Road","cls":1},"geometry":{"type":"Point","coordinates":[142.20546,-36.73284]}},{"type":"Feature","properties":{"name":"Stawell Road","cls":1},"geometry":{"type":"Point","coordinates":[142.20548,-36.73298]}},{"type":"Feature","properties":{"name":"Railway Avenue","cls":6},"geometry":{"type":"Point","coordinates":[142.20125,-36.70788]}},{"type":"Feature","properties":{"name":"Roberts Avenue","cls":6},"geometry":{"type":"Point","coordinates":[142.20016,-36.71427]}},{"type":"Feature","properties":{"name":"Ledcourt Road","cls":4},"geometry":{"type":"Point","coordinates":[142.57464,-37.01542]}},{"type":"Feature","properties":{"name":"Western Highway","cls":1},"geometry":{"type":"Point","coordinates":[142.31265,-36.79334]}},{"type":"Feature","properties":{"name":"Western Highway","cls":1},"geometry":{"type":"Point","coordinates":[142.32001,-36.79704]}},{"type":"Feature","properties":{"name":"Western Highway","cls":1},"geometry":{"type":"Point","coordinates":[142.41332,-36.84796]}},{"type":"Feature","properties":{"name":"Western Highway","cls":1},"geometry":{"type":"Point","coordinates":[142.42481,-36.85657]}},{"type":"Feature","properties":{"name":"Western Highway","cls":1},"geometry":{"type":"Point","coordinates":[142.11905,-36.58479]}},{"type":"Feature","properties":{"name":"Western Highway","cls":1},"geometry":{"type":"Point","coordinates":[142.1454,-36.64307]}},{"type":"Feature","properties":{"name":"Western Highway","cls":1},"geometry":{"type":"Point","coordinates":[142.11576,-36.5595]}},{"type":"Feature","properties":{"name":"Western Highway","cls":1},"geometry":{"type":"Point","coordinates":[142.11613,-36.5726]}},{"type":"Feature","properties":{"name":"Western Highway","cls":1},"geometry":{"type":"Point","coordinates":[142.09039,-36.47956]}},{"type":"Feature","properties":{"name":"Western Highway","cls":1},"geometry":{"type":"Point","coordinates":[142.07272,-36.46827]}},{"type":"Feature","properties":{"name":"Lloyd Street","cls":3},"geometry":{"type":"Point","coordinates":[142.02196,-36.44688]}},{"type":"Feature","properties":{"name":"Lloyd Street","cls":3},"geometry":{"type":"Point","coordinates":[142.02238,-36.44753]}},{"type":"Feature","properties":{"name":"Lloyd Street","cls":3},"geometry":{"type":"Point","coordinates":[142.02283,-36.4482]}},{"type":"Feature","properties":{"name":"Lloyd Street","cls":3},"geometry":{"type":"Point","coordinates":[142.0234,-36.44908]}},{"type":"Feature","properties":{"name":"Lloyd Street","cls":3},"geometry":{"type":"Point","coordinates":[142.02408,-36.45011]}},{"type":"Feature","properties":{"name":"Lloyd Street","cls":3},"geometry":{"type":"Point","coordinates":[142.02479,-36.45117]}},{"type":"Feature","properties":{"name":"Lloyd Street","cls":3},"geometry":{"type":"Point","coordinates":[142.02702,-36.4546]}},{"type":"Feature","properties":{"name":"Lloyd Street","cls":3},"geometry":{"type":"Point","coordinates":[142.02793,-36.456]}},{"type":"Feature","properties":{"name":"Lloyd Street","cls":3},"geometry":{"type":"Point","coordinates":[142.02851,-36.45692]}},{"type":"Feature","properties":{"name":"Lloyd Street","cls":3},"geometry":{"type":"Point","coordinates":[142.02583,-36.45276]}},{"type":"Feature","properties":{"name":"Lochiel Street","cls":6},"geometry":{"type":"Point","coordinates":[142.02708,-36.45342]}},{"type":"Feature","properties":{"name":"Lochiel Street","cls":6},"geometry":{"type":"Point","coordinates":[142.02837,-36.45287]}},{"type":"Feature","properties":{"name":"Lochiel Street","cls":6},"geometry":{"type":"Point","coordinates":[142.02606,-36.45384]}},{"type":"Feature","properties":{"name":"Lochiel Street","cls":6},"geometry":{"type":"Point","coordinates":[142.02535,-36.45415]}},{"type":"Feature","properties":{"name":"Victoria Street","cls":6},"geometry":{"type":"Point","coordinates":[142.02832,-36.45406]}},{"type":"Feature","properties":{"name":"Victoria Street","cls":6},"geometry":{"type":"Point","coordinates":[142.02952,-36.4559]}},{"type":"Feature","properties":{"name":"Normanby Street","cls":6},"geometry":{"type":"Point","coordinates":[142.02566,-36.45164]}},{"type":"Feature","properties":{"name":"Normanby Street","cls":6},"geometry":{"type":"Point","coordinates":[142.0263,-36.45136]}},{"type":"Feature","properties":{"name":"Normanby Street","cls":6},"geometry":{"type":"Point","coordinates":[142.02487,-36.45197]}},{"type":"Feature","properties":{"name":"Normanby Street","cls":6},"geometry":{"type":"Point","coordinates":[142.02716,-36.451]}},{"type":"Feature","properties":{"name":"Normanby Street","cls":6},"geometry":{"type":"Point","coordinates":[142.02844,-36.45046]}},{"type":"Feature","properties":{"name":"Normanby Street","cls":6},"geometry":{"type":"Point","coordinates":[142.0292,-36.4501]}},{"type":"Feature","properties":{"name":"Western Highway","cls":1},"geometry":{"type":"Point","coordinates":[142.01395,-36.43428]}},{"type":"Feature","properties":{"name":"High Street","cls":3},"geometry":{"type":"Point","coordinates":[142.03334,-36.45547]}},{"type":"Feature","properties":{"name":"High Street","cls":3},"geometry":{"type":"Point","coordinates":[142.03208,-36.456]}},{"type":"Feature","properties":{"name":"High Street","cls":3},"geometry":{"type":"Point","coordinates":[142.03079,-36.45655]}},{"type":"Feature","properties":{"name":"High Street","cls":3},"geometry":{"type":"Point","coordinates":[142.02947,-36.45711]}},{"type":"Feature","properties":{"name":"Nhill Road","cls":3},"geometry":{"type":"Point","coordinates":[142.01523,-36.4352]}},{"type":"Feature","properties":{"name":"Pynsent Street","cls":6},"geometry":{"type":"Point","coordinates":[142.19923,-36.71546]}},{"type":"Feature","properties":{"name":"Pynsent Street","cls":6},"geometry":{"type":"Point","coordinates":[142.1987,-36.71546]}},{"type":"Feature","properties":{"name":"Pynsent Street","cls":6},"geometry":{"type":"Point","coordinates":[142.19843,-36.71546]}},{"type":"Feature","properties":{"name":"Roberts Avenue","cls":6},"geometry":{"type":"Point","coordinates":[142.19839,-36.71428]}},{"type":"Feature","properties":{"name":"High Street North","cls":6},"geometry":{"type":"Point","coordinates":[142.18652,-36.70825]}},{"type":"Feature","properties":{"name":"High Street North","cls":6},"geometry":{"type":"Point","coordinates":[142.18646,-36.7089]}},{"type":"Feature","properties":{"name":"Dimboola Road","cls":1},"geometry":{"type":"Point","coordinates":[142.18306,-36.70424]}},{"type":"Feature","properties":{"name":"Dimboola Road","cls":1},"geometry":{"type":"Point","coordinates":[142.18564,-36.70549]}},{"type":"Feature","properties":{"name":"Remlaw Road","cls":6},"geometry":{"type":"Point","coordinates":[142.18436,-36.7096]}},{"type":"Feature","properties":{"name":"Remlaw Road","cls":6},"geometry":{"type":"Point","coordinates":[142.18496,-36.70942]}},{"type":"Feature","properties":{"name":"Remlaw Road","cls":6},"geometry":{"type":"Point","coordinates":[142.18583,-36.70913]}},{"type":"Feature","properties":{"name":"Whitton Street","cls":6},"geometry":{"type":"Point","coordinates":[142.02246,-36.44696]}},{"type":"Feature","properties":{"name":"Dowell Street","cls":6},"geometry":{"type":"Point","coordinates":[142.02526,-36.44723]}},{"type":"Feature","properties":{"name":"Golf Course Road","cls":5},"geometry":{"type":"Point","coordinates":[142.01352,-36.4569]}},{"type":"Feature","properties":{"name":"Barrat Quarry Road","cls":5},"geometry":{"type":"Point","coordinates":[142.30926,-36.43678]}},{"type":"Feature","properties":{"name":"Pepper Tree Lane","cls":6},"geometry":{"type":"Point","coordinates":[142.21981,-36.70221]}},{"type":"Feature","properties":{"name":"Railway Lane","cls":6},"geometry":{"type":"Point","coordinates":[142.58651,-36.46407]}},{"type":"Feature","properties":{"name":"Derry Parade","cls":6},"geometry":{"type":"Point","coordinates":[142.21217,-36.73301]}},{"type":"Feature","properties":{"name":"Boyle Street","cls":6},"geometry":{"type":"Point","coordinates":[142.18855,-36.70034]}},{"type":"Feature","properties":{"name":"Noradjuha Cemetery Road","cls":4},"geometry":{"type":"Point","coordinates":[141.94186,-36.82319]}},{"type":"Feature","properties":{"name":"Staehrs Road","cls":5},"geometry":{"type":"Point","coordinates":[142.2803,-36.99109]}},{"type":"Feature","properties":{"name":"Burgin Drive","cls":5},"geometry":{"type":"Point","coordinates":[142.26198,-36.64774]}},{"type":"Feature","properties":{"name":"Cecil Street","cls":6},"geometry":{"type":"Point","coordinates":[142.19078,-36.70677]}}]}