{"type":"FeatureCollection","features":[{"type":"Feature","properties":{"name":"Stawell Road","class":1,"surf":0,"highway":"trunk","ref":"A8;A200"},"geometry":{"type":"LineString","coordinates":[[142.20514,-36.72438],[142.20514,-36.72448],[142.20515,-36.72459],[142.20517,-36.72532],[142.20522,-36.72554],[142.20523,-36.72586],[142.20523,-36.72589],[142.20523,-36.72595],[142.20524,-36.72607]]}},{"type":"Feature","properties":{"name":"Stawell Road","class":1,"surf":0,"highway":"trunk","ref":"A8"},"geometry":{"type":"LineString","coordinates":[[142.20869,-36.73606],[142.20786,-36.73548],[142.20635,-36.73428],[142.206,-36.73399],[142.20594,-36.73394]]}},{"type":"Feature","properties":{"name":"Wimmera Highway","class":2,"surf":0,"highway":"primary","ref":"B240"},"geometry":{"type":"LineString","coordinates":[[142.25946,-36.63851],[142.25955,-36.63849],[142.25978,-36.63836],[142.25994,-36.63829],[142.26026,-36.63814],[142.26051,-36.63804]]}},{"type":"Feature","properties":{"name":"Henty Highway","class":2,"surf":0,"highway":"primary","ref":"B200"},"geometry":{"type":"LineString","coordinates":[[142.25983,-36.63758],[142.26008,-36.63695],[142.2603,-36.63643],[142.26041,-36.63607],[142.26058,-36.63541],[142.26067,-36.63508],[142.26081,-36.63468],[142.2611,-36.63398],[142.26445,-36.62595],[142.26523,-36.62412],[142.26692,-36.62015],[142.26724,-36.61964],[142.26808,-36.61829],[142.27074,-36.61211],[142.27246,-36.60804],[142.27267,-36.60747],[142.27494,-36.60208],[142.2759,-36.59932],[142.27669,-36.59714],[142.27769,-36.59476],[142.27789,-36.59427],[142.27856,-36.59275],[142.28037,-36.58854],[142.28058,-36.58805],[142.28206,-36.58456],[142.28342,-36.58126],[142.28486,-36.57782],[142.28619,-36.57453],[142.2866,-36.57385],[142.28684,-36.57336],[142.29025,-36.56834],[142.29673,-36.55886],[142.30038,-36.55334],[142.30074,-36.55282],[142.3065,-36.54418],[142.30879,-36.54081],[142.3096,-36.53977],[142.3107,-36.53869],[142.31132,-36.53806],[142.31402,-36.5353],[142.3155,-36.53382],[142.32352,-36.52538],[142.32439,-36.52447],[142.32562,-36.52323],[142.3373,-36.51117],[142.34598,-36.50233]]}},{"type":"Feature","properties":{"name":"Northern Grampians Road","class":3,"surf":0,"highway":"secondary","ref":"C222"},"geometry":{"type":"LineString","coordinates":[[142.34359,-37.01872],[142.34375,-37.01893],[142.3441,-37.01947],[142.34415,-37.01962],[142.34434,-37.02026],[142.34362,-37.0243],[142.3434,-37.02554],[142.34268,-37.02781],[142.34219,-37.03059],[142.34191,-37.03116],[142.34129,-37.03241],[142.34073,-37.03339],[142.34059,-37.03362],[142.34051,-37.03377]]}},{"type":"Feature","properties":{"name":"North East Wonwondah Road","class":4,"surf":0,"highway":"tertiary"},"geometry":{"type":"LineString","coordinates":[[142.13756,-36.8771],[142.14233,-36.87765],[142.14368,-36.8778],[142.14454,-36.87788],[142.14614,-36.87787],[142.16055,-36.87791],[142.17015,-36.87794],[142.17813,-36.87802],[142.18324,-36.87809],[142.19044,-36.87813]]}},{"type":"Feature","properties":{"name":"Brimpaen Laharum Road","class":4,"surf":0,"highway":"tertiary"},"geometry":{"type":"LineString","coordinates":[[142.32744,-36.98994],[142.32737,-36.98999],[142.32331,-36.99295],[142.3194,-36.99581],[142.31856,-36.99642],[142.318,-36.9969]]}},{"type":"Feature","properties":{"name":"Roses Gap Road","class":4,"surf":0,"highway":"tertiary"},"geometry":{"type":"LineString","coordinates":[[142.34359,-37.01872],[142.34367,-37.01868],[142.34383,-37.01861],[142.34388,-37.01862],[142.34397,-37.01865],[142.34404,-37.01872],[142.34438,-37.0192],[142.34464,-37.01956],[142.34485,-37.01973],[142.34518,-37.01986],[142.34533,-37.01987],[142.34566,-37.01991],[142.34591,-37.01994],[142.35641,-37.02102],[142.35969,-37.02136],[142.36019,-37.02147],[142.36064,-37.02163],[142.36087,-37.02179],[142.36111,-37.02195],[142.36145,-37.02241],[142.36161,-37.02284],[142.3616,-37.0248],[142.36159,-37.02572],[142.36157,-37.02921],[142.36163,-37.0296],[142.36189,-37.03006],[142.36224,-37.03044],[142.3628,-37.03075],[142.36343,-37.03089],[142.36368,-37.0309],[142.36422,-37.03093],[142.36585,-37.03101],[142.36684,-37.03106],[142.36954,-37.03104],[142.37219,-37.03111],[142.37655,-37.03104],[142.37809,-37.0309],[142.38052,-37.03055],[142.38369,-37.03001],[142.38444,-37.02991],[142.38587,-37.02986],[142.38697,-37.02972],[142.38798,-37.02953],[142.38882,-37.02931],[142.38895,-37.02927],[142.38985,-37.02905],[142.39036,-37.02901],[142.39086,-37.02898],[142.39242,-37.02881],[142.39286,-37.02874],[142.39571,-37.02831],[142.39643,-37.02827],[142.39692,-37.02829],[142.39756,-37.02838],[142.40263,-37.02992],[142.40444,-37.03062],[142.40593,-37.03142],[142.41295,-37.0354],[142.41331,-37.03565],[142.41349,-37.03592],[142.4137,-37.03633],[142.41426,-37.03733],[142.41497,-37.0382],[142.4152,-37.03841],[142.41553,-37.0385],[142.41586,-37.03848],[142.41674,-37.03827],[142.41764,-37.03793],[142.41801,-37.03767],[142.41826,-37.03738],[142.41921,-37.03608],[142.41969,-37.03554],[142.42027,-37.03438],[142.42084,-37.03266],[142.42093,-37.0315],[142.4209,-37.03056],[142.42098,-37.03027],[142.42145,-37.02903],[142.42153,-37.02841],[142.42181,-37.02765],[142.42569,-37.01734]]}},{"type":"Feature","properties":{"name":"Roses Gap Road","class":4,"surf":0,"highway":"tertiary"},"geometry":{"type":"LineString","coordinates":[[142.53915,-36.94941],[142.53965,-36.94931],[142.54023,-36.94911],[142.5414,-36.94868],[142.55027,-36.9458],[142.5518,-36.94531],[142.55329,-36.94468],[142.55489,-36.94416],[142.55597,-36.94386],[142.55919,-36.94279],[142.55936,-36.94269]]}},{"type":"Feature","properties":{"name":"Western Highway","class":1,"surf":0,"highway":"trunk","ref":"A8"},"geometry":{"type":"LineString","coordinates":[[142.43211,-36.86197],[142.43105,-36.86123],[142.4292,-36.86006],[142.42379,-36.85596],[142.42342,-36.85569],[142.41989,-36.85295],[142.41875,-36.85211],[142.41456,-36.84889],[142.40472,-36.84137],[142.40114,-36.83864],[142.40035,-36.83811],[142.39954,-36.83769],[142.39647,-36.83625],[142.39494,-36.83556],[142.39461,-36.83541]]}},{"type":"Feature","properties":{"name":"Henty Highway","class":2,"surf":0,"highway":"primary","ref":"B200"},"geometry":{"type":"LineString","coordinates":[[142.34598,-36.50233],[142.34634,-36.5019],[142.35555,-36.4924],[142.35606,-36.49185],[142.35634,-36.49152],[142.35671,-36.49103],[142.35704,-36.49052],[142.3577,-36.48936],[142.35895,-36.48709],[142.36068,-36.48395],[142.36821,-36.47034],[142.37072,-36.46578],[142.37243,-36.4627],[142.37458,-36.45872],[142.37878,-36.45119],[142.37981,-36.44935],[142.37987,-36.44922],[142.37995,-36.4491],[142.38108,-36.44707],[142.38239,-36.44458],[142.38353,-36.44263],[142.38644,-36.4373],[142.38884,-36.43303],[142.38953,-36.43179],[142.38984,-36.43114],[142.38997,-36.43079],[142.39006,-36.43047],[142.39012,-36.43012],[142.39017,-36.4297],[142.39122,-36.41953],[142.39149,-36.41691],[142.39211,-36.41092],[142.39255,-36.40649],[142.39337,-36.39843],[142.39361,-36.39607],[142.39374,-36.39478],[142.39392,-36.393],[142.39424,-36.38991],[142.39454,-36.38704],[142.39459,-36.38677],[142.39467,-36.38645]]}},{"type":"Feature","properties":{"name":"McPherson Street","class":1,"surf":0,"highway":"trunk","ref":"A8;A200;B240"},"geometry":{"type":"LineString","coordinates":[[142.20492,-36.71657],[142.20492,-36.7165],[142.20492,-36.71613],[142.20491,-36.71542]]}},{"type":"Feature","properties":{"name":"Wimmera Highway","class":2,"surf":0,"highway":"primary","ref":"B240"},"geometry":{"type":"LineString","coordinates":[[142.00269,-36.734],[142.0009,-36.73358],[142.00045,-36.73349],[141.99333,-36.73245],[141.98635,-36.73154],[141.98492,-36.73126],[141.98311,-36.73091],[141.98206,-36.73068],[141.97205,-36.72927],[141.97151,-36.72922],[141.97098,-36.72922],[141.97044,-36.72928],[141.96971,-36.72942],[141.96913,-36.72961],[141.96574,-36.7311],[141.95935,-36.73392]]}},{"type":"Feature","properties":{"name":"Natimuk - Frances Road","class":3,"surf":0,"highway":"secondary","ref":"C213"},"geometry":{"type":"LineString","coordinates":[[141.93224,-36.74523],[141.9322,-36.74515],[141.93215,-36.74506],[141.93203,-36.74495],[141.93186,-36.74482],[141.93003,-36.74382],[141.92807,-36.74271],[141.9275,-36.74242],[141.92679,-36.74212],[141.92609,-36.74189],[141.9257,-36.74178],[141.9253,-36.74168],[141.92489,-36.7416],[141.92448,-36.74154],[141.92407,-36.74149],[141.92368,-36.74147],[141.92148,-36.74145],[141.90629,-36.74133],[141.90548,-36.74137],[141.90475,-36.74152],[141.90446,-36.74162],[141.90424,-36.74171],[141.90389,-36.74188],[141.90254,-36.74271],[141.89893,-36.74482],[141.89676,-36.74609],[141.896,-36.74645],[141.89512,-36.74667],[141.89431,-36.74684],[141.89321,-36.74691],[141.88836,-36.74698],[141.88162,-36.74707],[141.87661,-36.74714],[141.87623,-36.74714],[141.86922,-36.74724],[141.85733,-36.7474],[141.8561,-36.74741],[141.852,-36.74746],[141.85139,-36.74743],[141.85091,-36.74735],[141.85049,-36.74727],[141.85009,-36.74717],[141.8498,-36.74707],[141.84903,-36.74677],[141.84607,-36.7454],[141.84311,-36.74404],[141.84201,-36.74352],[141.84015,-36.74267],[141.83872,-36.74202],[141.83718,-36.74131],[141.8357,-36.74059],[141.83228,-36.73882],[141.83171,-36.73854],[141.82772,-36.73666],[141.82394,-36.73489],[141.81989,-36.73315],[141.81768,-36.73211],[141.81687,-36.73185],[141.81609,-36.73166],[141.81492,-36.73152],[141.8067,-36.73071],[141.80141,-36.73006],[141.79758,-36.72969],[141.7929,-36.72922],[141.78189,-36.72813],[141.78131,-36.72808],[141.77857,-36.72778],[141.77308,-36.72719],[141.77116,-36.72708],[141.76999,-36.72697],[141.76905,-36.72695],[141.76829,-36.72701],[141.76804,-36.72703],[141.76747,-36.72716],[141.76683,-36.72735],[141.76665,-36.72742],[141.76634,-36.72753],[141.76103,-36.72969],[141.75896,-36.73058],[141.75818,-36.73089],[141.75647,-36.73158],[141.75573,-36.7318],[141.75499,-36.73198],[141.7542,-36.73211],[141.75311,-36.73223],[141.75222,-36.73225],[141.74995,-36.73238],[141.74744,-36.73268],[141.74376,-36.73295],[141.74277,-36.73296],[141.74108,-36.7329],[141.7373,-36.73301],[141.73021,-36.73329]]}},{"type":"Feature","properties":{"name":"Western Highway","class":1,"surf":0,"highway":"trunk","ref":"A8"},"geometry":{"type":"LineString","coordinates":[[142.10421,-36.50955],[142.10415,-36.509]]}},{"type":"Feature","properties":{"name":"Kalkee East Road","class":4,"surf":0,"highway":"tertiary"},"geometry":{"type":"LineString","coordinates":[[142.32562,-36.52323],[142.32556,-36.5232],[142.32527,-36.52305],[142.32508,-36.523],[142.32488,-36.52298],[142.32051,-36.52297],[142.28973,-36.52306],[142.27707,-36.52315],[142.24306,-36.52334],[142.2412,-36.52335],[142.23942,-36.52335],[142.238,-36.52353],[142.21429,-36.52797],[142.21385,-36.52802],[142.21301,-36.52797]]}},{"type":"Feature","properties":{"name":"Blue Ribbon Road","class":3,"surf":0,"highway":"secondary","ref":"C221"},"geometry":{"type":"LineString","coordinates":[[142.22585,-36.3399],[142.22579,-36.35759],[142.22574,-36.36835],[142.22573,-36.38127],[142.22573,-36.38163],[142.22559,-36.39595],[142.22555,-36.41102],[142.22555,-36.41381],[142.22566,-36.43744],[142.22571,-36.44775],[142.22567,-36.4482],[142.22431,-36.45441],[142.22415,-36.45516],[142.22397,-36.45599],[142.22272,-36.4616],[142.2223,-36.46339],[142.22182,-36.46549],[142.22098,-36.46934],[142.22086,-36.46999],[142.22084,-36.47026],[142.22082,-36.47069],[142.22074,-36.47359],[142.22068,-36.49208],[142.22065,-36.49271],[142.22049,-36.49357],[142.21973,-36.49678],[142.21898,-36.50029],[142.21822,-36.50378],[142.2167,-36.51077],[142.21669,-36.51081],[142.21636,-36.51225],[142.21301,-36.52797],[142.21298,-36.52812],[142.21074,-36.53796],[142.20932,-36.54456],[142.20925,-36.545],[142.20922,-36.54542],[142.20921,-36.54596],[142.20922,-36.54716],[142.20922,-36.54719],[142.20921,-36.54917],[142.20926,-36.55427],[142.20901,-36.55586],[142.20892,-36.55647],[142.208,-36.56277],[142.20479,-36.58458],[142.20353,-36.59316],[142.20347,-36.59354],[142.20338,-36.59439],[142.20339,-36.59522],[142.20435,-36.60026],[142.2044,-36.60126],[142.2044,-36.60463],[142.20441,-36.6055],[142.20458,-36.6079],[142.2047,-36.60958],[142.20475,-36.62439],[142.20472,-36.62816],[142.20481,-36.63875],[142.20485,-36.6533],[142.20489,-36.66612],[142.20489,-36.66692],[142.20487,-36.66763],[142.20488,-36.66784],[142.20477,-36.66861],[142.20199,-36.68209],[142.20199,-36.68237],[142.2022,-36.69414],[142.20221,-36.69696]]}},{"type":"Feature","properties":{"name":"Rules East Road","class":4,"surf":0,"highway":"tertiary"},"geometry":{"type":"LineString","coordinates":[[142.20458,-36.6079],[142.18655,-36.60798],[142.16834,-36.60815]]}},{"type":"Feature","properties":{"name":"Geodetic Road","class":4,"surf":0,"highway":"tertiary"},"geometry":{"type":"LineString","coordinates":[[142.16831,-36.59479],[142.16831,-36.59514],[142.16834,-36.60815]]}},{"type":"Feature","properties":{"name":"Rules West Road","class":4,"surf":0,"highway":"tertiary"},"geometry":{"type":"LineString","coordinates":[[142.16831,-36.59514],[142.13452,-36.59548],[142.12762,-36.59555],[142.12649,-36.59543],[142.12552,-36.59519],[142.1253,-36.5952],[142.12506,-36.59517]]}},{"type":"Feature","properties":{"name":"Wimmera Highway","class":2,"surf":0,"highway":"primary","ref":"B240"},"geometry":{"type":"LineString","coordinates":[[142.00361,-36.73423],[142.00269,-36.734]]}},{"type":"Feature","properties":{"name":"Natimuk Road","class":2,"surf":0,"highway":"primary","ref":"B240"},"geometry":{"type":"LineString","coordinates":[[142.16896,-36.72565],[142.16955,-36.72546],[142.17059,-36.72505]]}},{"type":"Feature","properties":{"name":"Wilson Street","class":2,"surf":0,"highway":"primary","ref":"B240"},"geometry":{"type":"LineString","coordinates":[[142.19887,-36.71664],[142.19879,-36.71664],[142.19841,-36.71664],[142.19759,-36.71664]]}},{"type":"Feature","properties":{"name":"B240","class":2,"surf":0,"highway":"primary","ref":"B240"},"geometry":{"type":"LineString","coordinates":[[142.19701,-36.71661],[142.19704,-36.71658],[142.1971,-36.71655]]}},{"type":"Feature","properties":{"name":"Northern Grampians Road","class":3,"surf":0,"highway":"secondary","ref":"C222"},"geometry":{"type":"LineString","coordinates":[[142.34051,-37.03377],[142.34023,-37.03423]]}},{"type":"Feature","properties":{"name":"Northern Grampians Road","class":3,"surf":0,"highway":"secondary","ref":"C222"},"geometry":{"type":"LineString","coordinates":[[142.34023,-37.03423],[142.33913,-37.0362],[142.33874,-37.03674],[142.33804,-37.03771],[142.33781,-37.03804],[142.33767,-37.03848],[142.33759,-37.03884],[142.33757,-37.03925],[142.33759,-37.03958],[142.33763,-37.03991],[142.33781,-37.04042],[142.33993,-37.04374],[142.34179,-37.04634],[142.34236,-37.04715],[142.34292,-37.04788],[142.34299,-37.04795],[142.34311,-37.04809],[142.34333,-37.04831],[142.34521,-37.0497],[142.34554,-37.04995],[142.34573,-37.05016],[142.34587,-37.05032],[142.34649,-37.05108],[142.34757,-37.05241],[142.34811,-37.0529],[142.34849,-37.05314],[142.34906,-37.05347],[142.34975,-37.05382],[142.35098,-37.05446],[142.35229,-37.05511],[142.35314,-37.05548],[142.35507,-37.05607],[142.35695,-37.05671],[142.3586,-37.05751],[142.3595,-37.05803],[142.36039,-37.05882],[142.36085,-37.05928],[142.36157,-37.06007],[142.36225,-37.0609],[142.36347,-37.06263],[142.36428,-37.06388],[142.36467,-37.06448],[142.36488,-37.06482],[142.36492,-37.06487]]}},{"type":"Feature","properties":{"name":"Brimpaen Laharum Road","class":4,"surf":0,"highway":"tertiary"},"geometry":{"type":"LineString","coordinates":[[142.31758,-36.99755],[142.31733,-36.99887],[142.31682,-37.00151],[142.31689,-37.01309],[142.31684,-37.01571],[142.31677,-37.0168],[142.31651,-37.01729],[142.31603,-37.01776],[142.31521,-37.0183],[142.31391,-37.01917],[142.3114,-37.02209],[142.30915,-37.02521],[142.30787,-37.02689],[142.30738,-37.02745],[142.30685,-37.02791],[142.30643,-37.02821],[142.30568,-37.0286],[142.304,-37.02936],[142.29975,-37.03036],[142.29692,-37.03102],[142.29174,-37.03248],[142.2876,-37.03353],[142.28435,-37.0341],[142.26704,-37.03756],[142.26495,-37.03764],[142.26329,-37.03764]]}},{"type":"Feature","properties":{"name":"Brimpaen Laharum Road","class":4,"surf":0,"highway":"tertiary"},"geometry":{"type":"LineString","coordinates":[[142.318,-36.9969],[142.31758,-36.99755]]}},{"type":"Feature","properties":{"name":"Baillie Street","class":4,"surf":0,"highway":"tertiary"},"geometry":{"type":"LineString","coordinates":[[142.2059,-36.7117],[142.20578,-36.7117],[142.20572,-36.7117],[142.20566,-36.71169],[142.20561,-36.71167],[142.20555,-36.71164]]}},{"type":"Feature","properties":{"name":"Western Highway","class":1,"surf":0,"highway":"trunk","ref":"A8"},"geometry":{"type":"LineString","coordinates":[[142.27001,-36.77212],[142.26713,-36.77059],[142.26702,-36.77051],[142.26124,-36.76743],[142.25991,-36.76671],[142.25792,-36.76559],[142.25397,-36.76335],[142.25089,-36.76168],[142.24873,-36.76052],[142.24639,-36.75928],[142.24409,-36.75805],[142.24364,-36.7578],[142.24177,-36.7568],[142.24112,-36.75645],[142.23774,-36.75465],[142.23397,-36.75264],[142.23064,-36.75083],[142.22663,-36.74858],[142.22361,-36.7469],[142.22142,-36.74569]]}},{"type":"Feature","properties":{"name":"Horsham-Lubeck Road","class":3,"surf":0,"highway":"secondary","ref":"C215"},"geometry":{"type":"LineString","coordinates":[[142.32025,-36.7242],[142.31981,-36.72402],[142.31927,-36.72392],[142.31844,-36.72389],[142.30369,-36.72389],[142.28543,-36.72384],[142.26721,-36.72379],[142.25133,-36.72375],[142.249,-36.72375],[142.23981,-36.72375]]}},{"type":"Feature","properties":{"name":"Horsham-Lubeck Road","class":3,"surf":0,"highway":"secondary","ref":"C215"},"geometry":{"type":"LineString","coordinates":[[142.32025,-36.7242],[142.32079,-36.72446],[142.32116,-36.72475],[142.32151,-36.72518],[142.32171,-36.72556],[142.32183,-36.72586],[142.32189,-36.72664]]}},{"type":"Feature","properties":{"name":"Williams Road","class":3,"surf":0,"highway":"secondary","ref":"C215"},"geometry":{"type":"LineString","coordinates":[[142.22503,-36.72413],[142.2243,-36.72462],[142.22369,-36.72522],[142.22364,-36.72526],[142.22358,-36.72531],[142.22331,-36.7255],[142.22311,-36.72566],[142.22264,-36.72593],[142.22202,-36.72613],[142.22158,-36.7262],[142.22139,-36.72624],[142.2207,-36.72623]]}},{"type":"Feature","properties":{"name":"Horsham - Noradjuha Road","class":3,"surf":0,"highway":"secondary","ref":"C214"},"geometry":{"type":"LineString","coordinates":[[141.96405,-36.8378],[141.96571,-36.83725],[141.96677,-36.8369],[141.96916,-36.83607],[142.0013,-36.82511],[142.00557,-36.82365],[142.02496,-36.81703],[142.03463,-36.81376],[142.04437,-36.80801],[142.06343,-36.79667],[142.06967,-36.79324],[142.08326,-36.78587],[142.08344,-36.78577],[142.08413,-36.7854]]}},{"type":"Feature","properties":{"name":"Natimuk - Hamilton Road","class":3,"surf":0,"highway":"secondary","ref":"C214"},"geometry":{"type":"LineString","coordinates":[[141.93574,-36.98678],[141.935,-36.99031],[141.93499,-36.99038],[141.93498,-36.99046],[141.93484,-36.99114],[141.93481,-36.99122],[141.93464,-36.99165],[141.934,-36.99277],[141.93369,-36.99329],[141.93335,-36.99402],[141.93317,-36.99453],[141.93123,-37.00037],[141.93121,-37.00044],[141.92444,-37.02016],[141.92429,-37.02076],[141.92424,-37.02126],[141.92422,-37.02222],[141.92421,-37.02228],[141.92444,-37.03005],[141.92478,-37.03664],[141.92478,-37.03666],[141.92496,-37.04072],[141.92497,-37.04138],[141.92493,-37.04211]]}},{"type":"Feature","properties":{"name":"Wombelano Road","class":3,"surf":0,"highway":"secondary","ref":"C205"},"geometry":{"type":"LineString","coordinates":[[141.84382,-37.13857],[141.83907,-37.13733],[141.83894,-37.13729],[141.83028,-37.13328],[141.82832,-37.13237],[141.81982,-37.12907],[141.81673,-37.12793],[141.81549,-37.12735],[141.81468,-37.1269],[141.81392,-37.12634],[141.80983,-37.12241],[141.80816,-37.12081],[141.80741,-37.12012],[141.80217,-37.1153],[141.80173,-37.11489],[141.78877,-37.10312],[141.78762,-37.10207],[141.78697,-37.1015],[141.78635,-37.10102],[141.78618,-37.10092],[141.78601,-37.10083],[141.78592,-37.10079],[141.78586,-37.10076],[141.78571,-37.1007],[141.78555,-37.10064],[141.78538,-37.10059],[141.78466,-37.10041],[141.78089,-37.0996],[141.78032,-37.09946],[141.77995,-37.09938],[141.77968,-37.0993],[141.77943,-37.09922],[141.77918,-37.09911],[141.77898,-37.09901],[141.77873,-37.09889],[141.77854,-37.09875],[141.77824,-37.09849],[141.77789,-37.09816],[141.77746,-37.09767],[141.77427,-37.09403],[141.77421,-37.09396],[141.77412,-37.09387],[141.77357,-37.09336],[141.77349,-37.09328],[141.77282,-37.09292],[141.77257,-37.0928],[141.76283,-37.08883],[141.76091,-37.08808],[141.76007,-37.08791],[141.75855,-37.08776],[141.75791,-37.08765],[141.75735,-37.08747],[141.75494,-37.0863],[141.74825,-37.08344],[141.74789,-37.0832],[141.74757,-37.08292],[141.74727,-37.08264],[141.74702,-37.08231],[141.74681,-37.08175],[141.74672,-37.08132],[141.74668,-37.08084],[141.74681,-37.08028],[141.74704,-37.07982],[141.74729,-37.0795],[141.74765,-37.07914],[141.74813,-37.07879],[141.74815,-37.07878],[141.74906,-37.07833],[141.75032,-37.07773],[141.75081,-37.07741],[141.75114,-37.07708],[141.75147,-37.07673],[141.75272,-37.07476],[141.75296,-37.07433],[141.75369,-37.0723],[141.75379,-37.07183],[141.75394,-37.06892],[141.75394,-37.0666],[141.7538,-37.06426],[141.75368,-37.06323],[141.75335,-37.062],[141.75229,-37.05877],[141.75167,-37.0572],[141.75108,-37.05586],[141.75059,-37.05507],[141.7498,-37.05398],[141.74937,-37.05345],[141.74763,-37.05155],[141.74691,-37.05089],[141.74591,-37.05022],[141.74473,-37.04942],[141.74427,-37.04893],[141.74405,-37.04857],[141.74395,-37.04823],[141.74393,-37.0479],[141.74395,-37.04757],[141.74425,-37.04543],[141.7445,-37.04331],[141.74445,-37.0429],[141.74436,-37.04259],[141.74412,-37.04219],[141.7438,-37.04177],[141.74364,-37.04167],[141.74345,-37.04155],[141.74294,-37.04131],[141.74237,-37.04116],[141.73774,-37.04068],[141.73677,-37.04059],[141.73594,-37.04064],[141.73488,-37.0406],[141.73126,-37.0402],[141.73098,-37.04015],[141.73069,-37.0401],[141.73044,-37.04],[141.73021,-37.03987],[141.73001,-37.03973],[141.7298,-37.03956],[141.72964,-37.03934],[141.72952,-37.03907],[141.72944,-37.03887],[141.72939,-37.03863],[141.72941,-37.03824],[141.72986,-37.03536],[141.72987,-37.03502],[141.72995,-37.03448],[141.72994,-37.0342],[141.72992,-37.034],[141.72988,-37.03386],[141.7298,-37.03371],[141.72973,-37.03357],[141.72962,-37.03338],[141.72951,-37.03326],[141.72941,-37.03316],[141.7292,-37.03299],[141.72745,-37.03176],[141.72713,-37.03156],[141.7268,-37.03141],[141.72651,-37.03133],[141.72606,-37.03122],[141.72292,-37.03091],[141.72137,-37.03075],[141.72114,-37.03073],[141.72087,-37.03068],[141.72043,-37.03057],[141.71998,-37.03038],[141.71974,-37.03025],[141.71947,-37.03007],[141.71926,-37.02989],[141.71912,-37.02973],[141.71903,-37.02959],[141.71873,-37.02909],[141.7185,-37.02856],[141.71821,-37.02798],[141.71807,-37.02774],[141.71791,-37.0275],[141.71775,-37.02732],[141.71759,-37.02719],[141.71744,-37.02708],[141.71721,-37.02695],[141.71702,-37.02687],[141.71673,-37.02677],[141.71634,-37.02668],[141.71603,-37.02663],[141.71409,-37.02639],[141.71341,-37.02632],[141.71315,-37.02626],[141.71254,-37.02612],[141.71168,-37.02589],[141.71127,-37.02582],[141.70999,-37.0257],[141.70833,-37.02554],[141.70525,-37.02522],[141.70177,-37.02488],[141.69796,-37.02447],[141.69601,-37.02427],[141.69595,-37.02426],[141.69582,-37.02425],[141.69298,-37.02396],[141.69067,-37.02372],[141.68689,-37.02333],[141.67776,-37.02241],[141.67539,-37.02217],[141.67501,-37.02213],[141.67471,-37.02208],[141.67446,-37.02201],[141.67438,-37.02199],[141.67422,-37.02193],[141.674,-37.02183],[141.67382,-37.02173],[141.67367,-37.02163],[141.67355,-37.02153],[141.6734,-37.0214],[141.67326,-37.02123],[141.67318,-37.02112],[141.6731,-37.02099],[141.67301,-37.02084],[141.67294,-37.02064],[141.67289,-37.02044],[141.67288,-37.0203],[141.67287,-37.02012],[141.67288,-37.01993],[141.67301,-37.01906],[141.67338,-37.01668],[141.67351,-37.0158],[141.67363,-37.01487],[141.67364,-37.01466],[141.67362,-37.01443],[141.67358,-37.01423],[141.67355,-37.01412],[141.6735,-37.01396],[141.67343,-37.01378],[141.67327,-37.01355],[141.67311,-37.01334],[141.67286,-37.01308],[141.67267,-37.01293],[141.67248,-37.0128],[141.6723,-37.01269],[141.67208,-37.0126],[141.67178,-37.01249],[141.67155,-37.01243],[141.67132,-37.01237],[141.67106,-37.01231],[141.67076,-37.01227],[141.67039,-37.01223],[141.66285,-37.01149],[141.66195,-37.01116],[141.66122,-37.01068],[141.66063,-37.01013],[141.65985,-37.00947],[141.65931,-37.00913],[141.6587,-37.00888],[141.65643,-37.00859],[141.6494,-37.0079],[141.6395,-37.00693],[141.61732,-37.00479],[141.61249,-37.00425],[141.60622,-37.00367],[141.60474,-37.00349]]}},{"type":"Feature","properties":{"name":"Western Highway","class":1,"surf":0,"highway":"trunk","ref":"A8"},"geometry":{"type":"LineString","coordinates":[[142.16908,-36.69697],[142.16849,-36.69631],[142.16783,-36.6951],[142.16417,-36.68788],[142.1631,-36.68577],[142.16143,-36.68251],[142.15964,-36.67899],[142.15726,-36.6742],[142.15721,-36.67412],[142.15523,-36.67029],[142.15415,-36.6682],[142.15036,-36.66078],[142.14825,-36.65666],[142.14673,-36.65352],[142.14638,-36.65287],[142.14503,-36.65017],[142.1444,-36.64915],[142.14436,-36.6491],[142.14338,-36.64775],[142.14314,-36.64739],[142.14277,-36.64674],[142.14206,-36.64529],[142.14173,-36.64459],[142.14143,-36.64387],[142.14099,-36.6423],[142.14035,-36.64097],[142.13939,-36.63903],[142.13656,-36.63351],[142.13322,-36.62687],[142.13207,-36.62467],[142.12871,-36.61802],[142.12756,-36.6158],[142.12615,-36.61298],[142.12563,-36.6119],[142.1253,-36.61112],[142.12518,-36.61062],[142.12517,-36.60991],[142.12515,-36.60902],[142.12511,-36.60125],[142.12506,-36.59517],[142.12501,-36.5944],[142.12486,-36.59368],[142.12466,-36.59314],[142.12415,-36.59226],[142.11991,-36.58686],[142.11988,-36.58681],[142.11854,-36.58506],[142.1176,-36.58387],[142.11698,-36.58297],[142.11676,-36.58259],[142.11651,-36.58188],[142.11644,-36.58135],[142.11634,-36.57963],[142.11624,-36.57785],[142.11613,-36.57539],[142.116,-36.56895],[142.11597,-36.56801],[142.11574,-36.55812],[142.11563,-36.55388],[142.11555,-36.55025],[142.11552,-36.54869],[142.11548,-36.54735],[142.11543,-36.54655],[142.11537,-36.54567],[142.11503,-36.54258],[142.11466,-36.53903],[142.11385,-36.53101],[142.11358,-36.52827],[142.11273,-36.52016],[142.11256,-36.51946],[142.11232,-36.51886],[142.11214,-36.51842],[142.1119,-36.51801],[142.11145,-36.51738],[142.1108,-36.51656],[142.10989,-36.51556],[142.10945,-36.51514],[142.10895,-36.51473],[142.10848,-36.51444],[142.10796,-36.51415],[142.10696,-36.51365],[142.10659,-36.51342],[142.10613,-36.51313],[142.10555,-36.51265],[142.10524,-36.51232],[142.10503,-36.51202],[142.10486,-36.51172],[142.10458,-36.51118],[142.10435,-36.51041],[142.10421,-36.50955]]}},{"type":"Feature","properties":{"name":"Dimboola Road","class":1,"surf":0,"highway":"trunk","ref":"A8"},"geometry":{"type":"LineString","coordinates":[[142.19874,-36.71172],[142.19863,-36.71167],[142.19838,-36.71154]]}},{"type":"Feature","properties":{"name":"Obrees Road","class":4,"surf":0,"highway":"tertiary"},"geometry":{"type":"LineString","coordinates":[[142.16908,-36.69697],[142.16882,-36.69705],[142.16869,-36.69705],[142.16486,-36.69706],[142.14631,-36.69714],[142.13511,-36.69718],[142.11707,-36.69725],[142.1074,-36.69733],[142.09898,-36.6973],[142.0978,-36.69729],[142.08543,-36.6974],[142.08094,-36.69742],[142.07592,-36.69745],[142.06493,-36.69746],[142.06287,-36.69748],[142.05075,-36.69755],[142.04482,-36.6975],[142.01103,-36.69764]]}},{"type":"Feature","properties":{"name":"Riley Road","class":4,"surf":0,"highway":"tertiary"},"geometry":{"type":"LineString","coordinates":[[142.19843,-36.69699],[142.19614,-36.69698],[142.18716,-36.69704],[142.18701,-36.69704],[142.18681,-36.69703]]}},{"type":"Feature","properties":{"name":"Rasmussen Road","class":4,"surf":0,"highway":"tertiary"},"geometry":{"type":"LineString","coordinates":[[142.20221,-36.69696],[142.2038,-36.69695]]}},{"type":"Feature","properties":{"name":"Golf Course Road","class":4,"surf":0,"highway":"tertiary"},"geometry":{"type":"LineString","coordinates":[[142.20512,-36.73361],[142.20499,-36.73364]]}},{"type":"Feature","properties":{"name":"Riverside Road","class":4,"surf":0,"highway":"tertiary"},"geometry":{"type":"LineString","coordinates":[[142.23804,-36.70374],[142.23803,-36.69991],[142.23804,-36.69917],[142.23787,-36.69851],[142.23764,-36.6981],[142.23727,-36.69765],[142.23702,-36.69744],[142.23678,-36.69729],[142.23648,-36.69713]]}},{"type":"Feature","properties":{"name":"","class":1,"surf":0,"highway":"trunk_link"},"geometry":{"type":"LineString","coordinates":[[142.20534,-36.73004],[142.20518,-36.73004]]}},{"type":"Feature","properties":{"name":"Laharum Road","class":3,"surf":0,"highway":"secondary","ref":"C793"},"geometry":{"type":"LineString","coordinates":[[142.31646,-36.87555],[142.3157,-36.87544],[142.3154,-36.87542],[142.31508,-36.87543],[142.31463,-36.87546],[142.30817,-36.87633],[142.30769,-36.8764],[142.30231,-36.87717],[142.29738,-36.87785],[142.29645,-36.87795],[142.29567,-36.87801],[142.29467,-36.87801],[142.28494,-36.87801],[142.27491,-36.87799],[142.27428,-36.87799],[142.27361,-36.87802],[142.27241,-36.87817],[142.27165,-36.87828],[142.27095,-36.87834],[142.26997,-36.87832],[142.26673,-36.87832],[142.25982,-36.87831],[142.24832,-36.87824],[142.2449,-36.87825],[142.23778,-36.87828],[142.23659,-36.87826],[142.23576,-36.87822],[142.23512,-36.87815],[142.23467,-36.87806],[142.23413,-36.87791],[142.23371,-36.87779],[142.23318,-36.87755],[142.23291,-36.8774],[142.23254,-36.87721]]}},{"type":"Feature","properties":{"name":"Kalkee Road","class":3,"surf":0,"highway":"secondary","ref":"C221"},"geometry":{"type":"LineString","coordinates":[[142.20226,-36.70766],[142.20226,-36.70757],[142.20224,-36.70749],[142.20222,-36.70741],[142.20218,-36.70731],[142.20213,-36.70722],[142.20209,-36.70717],[142.20202,-36.70708]]}},{"type":"Feature","properties":{"name":"Kalkee Road","class":3,"surf":0,"highway":"secondary","ref":"C221"},"geometry":{"type":"LineString","coordinates":[[142.20214,-36.70708],[142.20218,-36.70715],[142.20223,-36.70722],[142.20228,-36.7073],[142.20231,-36.70736],[142.20233,-36.70743],[142.20235,-36.70751],[142.20236,-36.70759],[142.20236,-36.70764],[142.20236,-36.70766]]}},{"type":"Feature","properties":{"name":"Urquhart Street","class":3,"surf":0,"highway":"secondary","ref":"C221"},"geometry":{"type":"LineString","coordinates":[[142.20227,-36.70786],[142.20227,-36.7077],[142.20226,-36.70766]]}},{"type":"Feature","properties":{"name":"Urquhart Street","class":3,"surf":0,"highway":"secondary","ref":"C221"},"geometry":{"type":"LineString","coordinates":[[142.20236,-36.70787],[142.20236,-36.70856]]}},{"type":"Feature","properties":{"name":"Urquhart Street","class":3,"surf":0,"highway":"secondary","ref":"C221"},"geometry":{"type":"LineString","coordinates":[[142.20225,-36.70856],[142.20227,-36.70802],[142.20227,-36.70786]]}},{"type":"Feature","properties":{"name":"Urquhart Street","class":3,"surf":0,"highway":"secondary","ref":"C221"},"geometry":{"type":"LineString","coordinates":[[142.20236,-36.70766],[142.20236,-36.70785],[142.20236,-36.70787]]}},{"type":"Feature","properties":{"name":"Kalkee Road","class":3,"surf":0,"highway":"secondary","ref":"C221"},"geometry":{"type":"LineString","coordinates":[[142.20165,-36.70666],[142.20184,-36.70681],[142.20197,-36.70692],[142.20207,-36.70701],[142.20214,-36.70708]]}},{"type":"Feature","properties":{"name":"Kalkee Road","class":3,"surf":0,"highway":"secondary_link"},"geometry":{"type":"LineString","coordinates":[[142.20115,-36.70643],[142.20122,-36.70643],[142.20129,-36.70645],[142.20135,-36.70647],[142.20143,-36.70652],[142.20165,-36.70666]]}},{"type":"Feature","properties":{"name":"Urquhart Street","class":3,"surf":0,"highway":"secondary","ref":"C221"},"geometry":{"type":"LineString","coordinates":[[142.20236,-36.70856],[142.20236,-36.7087]]}},{"type":"Feature","properties":{"name":"Kalkee Road","class":3,"surf":0,"highway":"secondary_link"},"geometry":{"type":"LineString","coordinates":[[142.20097,-36.70573],[142.20097,-36.70583],[142.20097,-36.70588],[142.20097,-36.70592],[142.20098,-36.706],[142.20101,-36.70608],[142.20106,-36.70619],[142.2011,-36.70626],[142.20115,-36.70631],[142.20116,-36.70635],[142.20117,-36.70638],[142.20116,-36.70641],[142.20115,-36.70643]]}},{"type":"Feature","properties":{"name":"Kalkee Road","class":3,"surf":0,"highway":"secondary","ref":"C221"},"geometry":{"type":"LineString","coordinates":[[142.20087,-36.7047],[142.20093,-36.7051],[142.20094,-36.70523],[142.20095,-36.70533]]}},{"type":"Feature","properties":{"name":"","class":3,"surf":0,"highway":"secondary_link"},"geometry":{"type":"LineString","coordinates":[[142.20095,-36.70533],[142.20083,-36.70533]]}},{"type":"Feature","properties":{"name":"Kalkee Road","class":3,"surf":0,"highway":"secondary","ref":"C221"},"geometry":{"type":"LineString","coordinates":[[142.20115,-36.70643],[142.20113,-36.70641],[142.20107,-36.70635],[142.201,-36.70626],[142.20098,-36.70623],[142.20095,-36.70617],[142.2009,-36.70607],[142.20086,-36.70597],[142.20084,-36.70585],[142.20083,-36.70573],[142.20082,-36.70559],[142.20082,-36.70543],[142.20083,-36.70533]]}},{"type":"Feature","properties":{"name":"","class":3,"surf":0,"highway":"secondary_link"},"geometry":{"type":"LineString","coordinates":[[142.20236,-36.7087],[142.20224,-36.7087]]}},{"type":"Feature","properties":{"name":"","class":3,"surf":0,"highway":"secondary_link"},"geometry":{"type":"LineString","coordinates":[[142.2022,-36.71057],[142.20233,-36.71057]]}},{"type":"Feature","properties":{"name":"","class":3,"surf":0,"highway":"secondary_link"},"geometry":{"type":"LineString","coordinates":[[142.20233,-36.70939],[142.20222,-36.70939]]}},{"type":"Feature","properties":{"name":"Stawell Road","class":1,"surf":0,"highway":"trunk","ref":"A8;A200"},"geometry":{"type":"LineString","coordinates":[[142.20489,-36.72458],[142.20485,-36.72355]]}},{"type":"Feature","properties":{"name":"O'Callaghans Parade","class":4,"surf":0,"highway":"tertiary"},"geometry":{"type":"LineString","coordinates":[[142.20406,-36.72236],[142.20415,-36.72229]]}},{"type":"Feature","properties":{"name":"O'Callaghans Parade","class":4,"surf":0,"highway":"tertiary"},"geometry":{"type":"LineString","coordinates":[[142.20419,-36.72248],[142.2043,-36.72241]]}},{"type":"Feature","properties":{"name":"O'Callaghans Parade","class":4,"surf":0,"highway":"tertiary"},"geometry":{"type":"LineString","coordinates":[[142.20394,-36.72211],[142.20385,-36.72217]]}},{"type":"Feature","properties":{"name":"Hocking Street","class":4,"surf":0,"highway":"tertiary"},"geometry":{"type":"LineString","coordinates":[[142.2036,-36.72194],[142.20368,-36.72188]]}},{"type":"Feature","properties":{"name":"McPherson Street","class":1,"surf":0,"highway":"trunk","ref":"A8;A200"},"geometry":{"type":"LineString","coordinates":[[142.20498,-36.722],[142.205,-36.72217],[142.20503,-36.72249],[142.20504,-36.72264],[142.20505,-36.7227],[142.20505,-36.72275],[142.20507,-36.72281],[142.20509,-36.72286],[142.20513,-36.72298],[142.20515,-36.72304],[142.20516,-36.7231],[142.20516,-36.72316],[142.20515,-36.72322],[142.20513,-36.7233],[142.2051,-36.72336]]}},{"type":"Feature","properties":{"name":"O'Callaghans Parade","class":4,"surf":0,"highway":"tertiary"},"geometry":{"type":"LineString","coordinates":[[142.2,-36.71872],[142.20005,-36.71877],[142.20011,-36.71884],[142.20116,-36.71972],[142.20137,-36.7199],[142.20189,-36.72035],[142.20226,-36.72066]]}},{"type":"Feature","properties":{"name":"Clark Street","class":4,"surf":0,"highway":"tertiary"},"geometry":{"type":"LineString","coordinates":[[142.2036,-36.72181],[142.20352,-36.72187]]}},{"type":"Feature","properties":{"name":"Urquhart Street","class":4,"surf":0,"highway":"tertiary"},"geometry":{"type":"LineString","coordinates":[[142.20234,-36.72073],[142.20223,-36.72077]]}},{"type":"Feature","properties":{"name":"Urquhart Street","class":4,"surf":0,"highway":"tertiary"},"geometry":{"type":"LineString","coordinates":[[142.2024,-36.71673],[142.20239,-36.71681],[142.20238,-36.71687],[142.20237,-36.71693],[142.20238,-36.71746],[142.20239,-36.71753],[142.2024,-36.71761],[142.2024,-36.71771]]}},{"type":"Feature","properties":{"name":"Urquhart Street","class":4,"surf":0,"highway":"tertiary"},"geometry":{"type":"LineString","coordinates":[[142.20226,-36.72066],[142.20229,-36.72046],[142.2023,-36.72031],[142.2023,-36.7197]]}},{"type":"Feature","properties":{"name":"Urquhart Street","class":4,"surf":0,"highway":"tertiary"},"geometry":{"type":"LineString","coordinates":[[142.20223,-36.72077],[142.20226,-36.72066]]}},{"type":"Feature","properties":{"name":"Stawell Road","class":1,"surf":0,"highway":"trunk","ref":"A8;A200"},"geometry":{"type":"LineString","coordinates":[[142.20485,-36.72355],[142.20485,-36.72347],[142.20484,-36.72343],[142.20483,-36.72339],[142.20481,-36.72335],[142.20479,-36.7233],[142.20477,-36.72326]]}},{"type":"Feature","properties":{"name":"Stawell Road","class":1,"surf":0,"highway":"trunk","ref":"A8;A200"},"geometry":{"type":"LineString","coordinates":[[142.20505,-36.72354],[142.20514,-36.72438]]}},{"type":"Feature","properties":{"name":"Williams Road","class":1,"surf":0,"highway":"trunk","ref":"C215"},"geometry":{"type":"LineString","coordinates":[[142.20524,-36.72607],[142.20499,-36.72607]]}},{"type":"Feature","properties":{"name":"","class":1,"surf":0,"highway":"trunk_link"},"geometry":{"type":"LineString","coordinates":[[142.20517,-36.72532],[142.20514,-36.72539],[142.20512,-36.72542],[142.20508,-36.72544],[142.20504,-36.72545],[142.20501,-36.72546],[142.20492,-36.72547]]}},{"type":"Feature","properties":{"name":"Stawell Road","class":1,"surf":0,"highway":"trunk","ref":"A8;A200"},"geometry":{"type":"LineString","coordinates":[[142.20528,-36.72801],[142.20532,-36.72943],[142.20534,-36.73004]]}},{"type":"Feature","properties":{"name":"Stawell Road","class":1,"surf":0,"highway":"trunk","ref":"A8;A200"},"geometry":{"type":"LineString","coordinates":[[142.20509,-36.72801],[142.20507,-36.72785]]}},{"type":"Feature","properties":{"name":"Hamilton Road","class":1,"surf":0,"highway":"trunk","ref":"A200"},"geometry":{"type":"LineString","coordinates":[[142.2058,-36.73421],[142.20572,-36.73431],[142.20562,-36.73448],[142.20554,-36.73468]]}},{"type":"Feature","properties":{"name":"Stawell Road","class":1,"surf":0,"highway":"trunk","ref":"A8;A200"},"geometry":{"type":"LineString","coordinates":[[142.20594,-36.73394],[142.20583,-36.73384],[142.20569,-36.73369],[142.20556,-36.73352],[142.20553,-36.73347]]}},{"type":"Feature","properties":{"name":"Hamilton Road","class":1,"surf":0,"highway":"trunk","ref":"A200"},"geometry":{"type":"LineString","coordinates":[[142.20554,-36.73468],[142.20559,-36.73445],[142.20565,-36.73432],[142.20576,-36.73414],[142.20588,-36.734],[142.20594,-36.73394]]}},{"type":"Feature","properties":{"name":"Henty Highway","class":1,"surf":0,"highway":"trunk","ref":"A200"},"geometry":{"type":"LineString","coordinates":[[142.20608,-36.73392],[142.206,-36.73399]]}},{"type":"Feature","properties":{"name":"Hamilton Road","class":1,"surf":0,"highway":"trunk","ref":"A200"},"geometry":{"type":"LineString","coordinates":[[142.2054,-36.73877],[142.20544,-36.73858],[142.20548,-36.7384],[142.20551,-36.73822],[142.20553,-36.73803],[142.20554,-36.73786],[142.20554,-36.73764]]}},{"type":"Feature","properties":{"name":"","class":1,"surf":0,"highway":"trunk_link"},"geometry":{"type":"LineString","coordinates":[[142.20534,-36.73494],[142.2055,-36.73494]]}},{"type":"Feature","properties":{"name":"Stawell Road","class":1,"surf":0,"highway":"trunk","ref":"A8"},"geometry":{"type":"LineString","coordinates":[[142.20869,-36.73606],[142.20923,-36.7365],[142.21002,-36.73716]]}},{"type":"Feature","properties":{"name":"","class":1,"surf":0,"highway":"trunk_link"},"geometry":{"type":"LineString","coordinates":[[142.20553,-36.73347],[142.20567,-36.73345]]}},{"type":"Feature","properties":{"name":"","class":1,"surf":0,"highway":"trunk_link"},"geometry":{"type":"LineString","coordinates":[[142.20567,-36.73345],[142.20556,-36.73352]]}},{"type":"Feature","properties":{"name":"Golf Course Road","class":4,"surf":0,"highway":"tertiary"},"geometry":{"type":"LineString","coordinates":[[142.20512,-36.73361],[142.20537,-36.73351],[142.20553,-36.73347]]}},{"type":"Feature","properties":{"name":"","class":1,"surf":0,"highway":"trunk_link"},"geometry":{"type":"LineString","coordinates":[[142.20552,-36.73664],[142.20545,-36.73632],[142.20539,-36.73585],[142.20535,-36.73558],[142.20533,-36.73538],[142.20533,-36.73522],[142.20534,-36.73494],[142.20532,-36.73426],[142.2053,-36.73408],[142.20528,-36.73388],[142.20526,-36.73382],[142.20524,-36.73377],[142.20519,-36.73373],[142.20514,-36.7337],[142.20509,-36.73368],[142.20499,-36.73364]]}},{"type":"Feature","properties":{"name":"Golf Course Road","class":4,"surf":0,"highway":"tertiary"},"geometry":{"type":"LineString","coordinates":[[142.20556,-36.73352],[142.20538,-36.73356],[142.20512,-36.73361]]}},{"type":"Feature","properties":{"name":"Hamilton Road","class":1,"surf":0,"highway":"trunk"},"geometry":{"type":"LineString","coordinates":[[142.20594,-36.73394],[142.20603,-36.73387]]}},{"type":"Feature","properties":{"name":"","class":1,"surf":0,"highway":"trunk_link"},"geometry":{"type":"LineString","coordinates":[[142.20539,-36.73585],[142.20549,-36.73585]]}},{"type":"Feature","properties":{"name":"","class":1,"surf":0,"highway":"trunk_link"},"geometry":{"type":"LineString","coordinates":[[142.20635,-36.73428],[142.2062,-36.73419],[142.20614,-36.73416],[142.20607,-36.73415],[142.20601,-36.73414],[142.20594,-36.73415],[142.20589,-36.73416],[142.2058,-36.73421]]}},{"type":"Feature","properties":{"name":"Wilson Street","class":2,"surf":0,"highway":"primary","ref":"B240"},"geometry":{"type":"LineString","coordinates":[[142.20433,-36.71662],[142.20473,-36.71658],[142.20481,-36.71658],[142.20492,-36.71657]]}},{"type":"Feature","properties":{"name":"Wilson Street","class":2,"surf":0,"highway":"primary","ref":"B240"},"geometry":{"type":"LineString","coordinates":[[142.20493,-36.71666],[142.20478,-36.71666],[142.2047,-36.71666],[142.20433,-36.71662]]}},{"type":"Feature","properties":{"name":"Cooack Road","class":4,"surf":0,"highway":"tertiary"},"geometry":{"type":"LineString","coordinates":[[141.86118,-36.63209],[141.86752,-36.63273],[141.87022,-36.63304],[141.89055,-36.63505],[141.91669,-36.63765]]}},{"type":"Feature","properties":{"name":"Baillie Street","class":2,"surf":0,"highway":"primary"},"geometry":{"type":"LineString","coordinates":[[142.20555,-36.71164],[142.20554,-36.71162],[142.20553,-36.71161],[142.20552,-36.7116],[142.20552,-36.71158],[142.20553,-36.71156],[142.20553,-36.71154],[142.20554,-36.71152],[142.20556,-36.7115]]}},{"type":"Feature","properties":{"name":"Baillie Street","class":4,"surf":0,"highway":"tertiary"},"geometry":{"type":"LineString","coordinates":[[142.2059,-36.7117],[142.20643,-36.7117],[142.20674,-36.7117]]}},{"type":"Feature","properties":{"name":"Urquhart Street","class":4,"surf":0,"highway":"tertiary"},"geometry":{"type":"LineString","coordinates":[[142.20223,-36.71417],[142.20225,-36.71406],[142.20226,-36.71396],[142.20226,-36.71341],[142.20221,-36.71317]]}},{"type":"Feature","properties":{"name":"Urquhart Street","class":4,"surf":0,"highway":"tertiary"},"geometry":{"type":"LineString","coordinates":[[142.2024,-36.71434],[142.20237,-36.71445],[142.20236,-36.71452],[142.20237,-36.7152],[142.20239,-36.71536]]}},{"type":"Feature","properties":{"name":"","class":4,"surf":0,"highway":"tertiary"},"geometry":{"type":"LineString","coordinates":[[142.2024,-36.713],[142.20243,-36.71304],[142.20244,-36.71308],[142.20244,-36.71312],[142.20241,-36.71316]]}},{"type":"Feature","properties":{"name":"","class":4,"surf":0,"highway":"tertiary"},"geometry":{"type":"LineString","coordinates":[[142.19977,-36.71319],[142.19973,-36.7132],[142.19968,-36.71321],[142.19964,-36.7132],[142.1996,-36.71318]]}},{"type":"Feature","properties":{"name":"Urquhart Street","class":4,"surf":0,"highway":"tertiary"},"geometry":{"type":"LineString","coordinates":[[142.20235,-36.7118],[142.20235,-36.71281],[142.20238,-36.71299]]}},{"type":"Feature","properties":{"name":"Urquhart Street","class":4,"surf":0,"highway":"tertiary"},"geometry":{"type":"LineString","coordinates":[[142.20223,-36.71299],[142.20223,-36.71281],[142.20221,-36.7119],[142.20221,-36.7118]]}},{"type":"Feature","properties":{"name":"Urquhart Street","class":4,"surf":0,"highway":"tertiary"},"geometry":{"type":"LineString","coordinates":[[142.20239,-36.71317],[142.20237,-36.7134],[142.20236,-36.71396],[142.20237,-36.71401],[142.20238,-36.71405],[142.20242,-36.71418]]}},{"type":"Feature","properties":{"name":"","class":4,"surf":0,"highway":"tertiary"},"geometry":{"type":"LineString","coordinates":[[142.20221,-36.71537],[142.20224,-36.71535]]}},{"type":"Feature","properties":{"name":"","class":4,"surf":0,"highway":"tertiary"},"geometry":{"type":"LineString","coordinates":[[142.20242,-36.71418],[142.20244,-36.7142]]}},{"type":"Feature","properties":{"name":"Urquhart Street","class":4,"surf":0,"highway":"tertiary"},"geometry":{"type":"LineString","coordinates":[[142.20224,-36.71535],[142.20226,-36.7152],[142.20226,-36.71452],[142.20226,-36.71435]]}},{"type":"Feature","properties":{"name":"Urquhart Street","class":4,"surf":0,"highway":"tertiary"},"geometry":{"type":"LineString","coordinates":[[142.20239,-36.71552],[142.20237,-36.71563],[142.20237,-36.71636],[142.20241,-36.71655]]}},{"type":"Feature","properties":{"name":"B240","class":2,"surf":0,"highway":"primary","ref":"B240"},"geometry":{"type":"LineString","coordinates":[[142.20221,-36.71655],[142.20222,-36.71654]]}},{"type":"Feature","properties":{"name":"Urquhart Street","class":4,"surf":0,"highway":"tertiary"},"geometry":{"type":"LineString","coordinates":[[142.20222,-36.71654],[142.20227,-36.71637],[142.20227,-36.71609],[142.20226,-36.71563],[142.20224,-36.71553]]}},{"type":"Feature","properties":{"name":"Williams Road","class":3,"surf":0,"highway":"secondary","ref":"C215"},"geometry":{"type":"LineString","coordinates":[[142.21616,-36.72617],[142.21513,-36.72616]]}},{"type":"Feature","properties":{"name":"Williams Road","class":3,"surf":0,"highway":"secondary","ref":"C215"},"geometry":{"type":"LineString","coordinates":[[142.21864,-36.72621],[142.2185,-36.72621]]}},{"type":"Feature","properties":{"name":"Williams Road","class":3,"surf":0,"highway":"secondary","ref":"C215"},"geometry":{"type":"LineString","coordinates":[[142.2185,-36.72621],[142.21732,-36.72618],[142.21688,-36.72618],[142.21637,-36.72617]]}},{"type":"Feature","properties":{"name":"Williams Road","class":3,"surf":0,"highway":"secondary","ref":"C215"},"geometry":{"type":"LineString","coordinates":[[142.21637,-36.72617],[142.21616,-36.72617]]}},{"type":"Feature","properties":{"name":"Firebrace Street","class":4,"surf":0,"highway":"tertiary"},"geometry":{"type":"LineString","coordinates":[[142.19965,-36.71539],[142.19969,-36.71521],[142.19969,-36.71438],[142.19969,-36.71428]]}},{"type":"Feature","properties":{"name":"Wilson Street","class":2,"surf":0,"highway":"primary","ref":"B240"},"geometry":{"type":"LineString","coordinates":[[142.20033,-36.71663],[142.20183,-36.71663],[142.20197,-36.71663]]}},{"type":"Feature","properties":{"name":"Wilson Street","class":2,"surf":0,"highway":"primary","ref":"B240"},"geometry":{"type":"LineString","coordinates":[[142.19887,-36.71664],[142.19913,-36.71661],[142.1992,-36.7166],[142.1993,-36.7166],[142.19956,-36.7166],[142.19966,-36.7166],[142.19976,-36.7166],[142.20007,-36.71659],[142.20022,-36.7166],[142.20033,-36.71663]]}},{"type":"Feature","properties":{"name":"Firebrace Street","class":4,"surf":0,"highway":"tertiary"},"geometry":{"type":"LineString","coordinates":[[142.19961,-36.71302],[142.19965,-36.71286],[142.19965,-36.71229],[142.19965,-36.71215],[142.19965,-36.71199],[142.19965,-36.71191],[142.19965,-36.71181]]}},{"type":"Feature","properties":{"name":"Firebrace Street","class":4,"surf":0,"highway":"tertiary"},"geometry":{"type":"LineString","coordinates":[[142.19965,-36.71767],[142.19964,-36.71762],[142.19968,-36.71676],[142.19966,-36.71667]]}},{"type":"Feature","properties":{"name":"Wilson Street","class":2,"surf":0,"highway":"primary","ref":"B240"},"geometry":{"type":"LineString","coordinates":[[142.20033,-36.71663],[142.20017,-36.71666],[142.20003,-36.71666],[142.19992,-36.71667],[142.19975,-36.71667],[142.19966,-36.71667],[142.19957,-36.71667],[142.19933,-36.71667],[142.19915,-36.71667],[142.19906,-36.71666],[142.19887,-36.71664]]}},{"type":"Feature","properties":{"name":"Firebrace Street","class":4,"surf":0,"highway":"tertiary"},"geometry":{"type":"LineString","coordinates":[[142.19969,-36.71428],[142.19967,-36.71369],[142.19967,-36.7133],[142.1996,-36.71318]]}},{"type":"Feature","properties":{"name":"","class":4,"surf":0,"highway":"tertiary"},"geometry":{"type":"LineString","coordinates":[[142.19964,-36.71552],[142.19963,-36.7155],[142.19961,-36.71548],[142.19961,-36.71546],[142.19961,-36.71543],[142.19963,-36.71541],[142.19965,-36.71539],[142.19968,-36.71538],[142.19971,-36.71537],[142.19974,-36.71537],[142.19977,-36.71538],[142.1998,-36.71539],[142.19982,-36.71541],[142.19983,-36.71544],[142.19983,-36.71547],[142.19982,-36.7155],[142.1998,-36.71552],[142.19978,-36.71554],[142.19974,-36.71555],[142.19971,-36.71555],[142.19967,-36.71554],[142.19964,-36.71552]]}},{"type":"Feature","properties":{"name":"Firebrace Street","class":4,"surf":0,"highway":"tertiary"},"geometry":{"type":"LineString","coordinates":[[142.19977,-36.71319],[142.19976,-36.7133],[142.19976,-36.71406],[142.19977,-36.7142],[142.19977,-36.71428]]}},{"type":"Feature","properties":{"name":"Firebrace Street","class":2,"surf":0,"highway":"primary"},"geometry":{"type":"LineString","coordinates":[[142.19966,-36.71667],[142.19966,-36.7166]]}},{"type":"Feature","properties":{"name":"Firebrace Street","class":4,"surf":0,"highway":"tertiary"},"geometry":{"type":"LineString","coordinates":[[142.1998,-36.71552],[142.19972,-36.71567],[142.19976,-36.71648],[142.19976,-36.7166]]}},{"type":"Feature","properties":{"name":"Firebrace Street","class":4,"surf":0,"highway":"tertiary"},"geometry":{"type":"LineString","coordinates":[[142.19966,-36.7166],[142.19963,-36.71569],[142.19964,-36.71552]]}},{"type":"Feature","properties":{"name":"Firebrace Street","class":2,"surf":0,"highway":"primary"},"geometry":{"type":"LineString","coordinates":[[142.19976,-36.7166],[142.19975,-36.71667]]}},{"type":"Feature","properties":{"name":"Firebrace Street","class":4,"surf":0,"highway":"tertiary"},"geometry":{"type":"LineString","coordinates":[[142.19976,-36.71182],[142.19975,-36.71192],[142.19974,-36.71287],[142.19974,-36.71301]]}},{"type":"Feature","properties":{"name":"Firebrace Street","class":4,"surf":0,"highway":"tertiary"},"geometry":{"type":"LineString","coordinates":[[142.19977,-36.71428],[142.19976,-36.71521],[142.1998,-36.71539]]}},{"type":"Feature","properties":{"name":"Firebrace Street","class":4,"surf":0,"highway":"tertiary"},"geometry":{"type":"LineString","coordinates":[[142.19975,-36.71667],[142.19974,-36.71763],[142.19976,-36.71768]]}},{"type":"Feature","properties":{"name":"","class":4,"surf":0,"highway":"tertiary"},"geometry":{"type":"LineString","coordinates":[[142.19963,-36.71768],[142.19965,-36.71767]]}},{"type":"Feature","properties":{"name":"Dimboola Road","class":1,"surf":0,"highway":"trunk","ref":"A8"},"geometry":{"type":"LineString","coordinates":[[142.18886,-36.70698],[142.18989,-36.70738]]}},{"type":"Feature","properties":{"name":"Dimboola Road","class":1,"surf":0,"highway":"trunk","ref":"A8"},"geometry":{"type":"LineString","coordinates":[[142.18886,-36.70698],[142.18816,-36.70669],[142.1868,-36.70605],[142.18449,-36.70493],[142.18163,-36.70356]]}},{"type":"Feature","properties":{"name":"Wilson Street","class":2,"surf":0,"highway":"primary","ref":"B240"},"geometry":{"type":"LineString","coordinates":[[142.20284,-36.71663],[142.20433,-36.71662]]}},{"type":"Feature","properties":{"name":"Baillie Street","class":1,"surf":0,"highway":"trunk","ref":"A8"},"geometry":{"type":"LineString","coordinates":[[142.20079,-36.7117],[142.20088,-36.7117],[142.201,-36.7117],[142.20103,-36.7117],[142.20121,-36.7117],[142.20209,-36.7117],[142.20221,-36.7117]]}},{"type":"Feature","properties":{"name":"Drung-Jung Road","class":4,"surf":0,"highway":"tertiary"},"geometry":{"type":"LineString","coordinates":[[142.32189,-36.72664],[142.32207,-36.72578],[142.32216,-36.72549],[142.32228,-36.7252],[142.32243,-36.72493],[142.32265,-36.72467],[142.32285,-36.72447],[142.32305,-36.72431],[142.32348,-36.72402],[142.32623,-36.7226],[142.32661,-36.72236],[142.32767,-36.72143],[142.328,-36.72117],[142.32848,-36.72078]]}},{"type":"Feature","properties":{"name":"Drung-Jung Road","class":4,"surf":0,"highway":"tertiary"},"geometry":{"type":"LineString","coordinates":[[142.32348,-36.72402],[142.32287,-36.72425],[142.32235,-36.72436],[142.32148,-36.72436],[142.32067,-36.72421],[142.31981,-36.72402]]}},{"type":"Feature","properties":{"name":"Drung-Jung Road","class":4,"surf":0,"highway":"tertiary"},"geometry":{"type":"LineString","coordinates":[[142.32897,-36.72039],[142.32917,-36.72023],[142.33129,-36.71857],[142.33341,-36.71686],[142.33437,-36.71613],[142.33488,-36.71556],[142.33517,-36.71502],[142.33531,-36.71438],[142.33528,-36.71003],[142.33524,-36.70889],[142.3352,-36.70857],[142.33513,-36.7081],[142.33493,-36.70747],[142.33458,-36.7068],[142.33395,-36.70602],[142.33239,-36.70475],[142.33167,-36.70402],[142.33113,-36.70314],[142.33088,-36.7025],[142.33075,-36.70183],[142.3307,-36.70127],[142.33068,-36.69702],[142.33066,-36.69411],[142.3306,-36.68904],[142.3306,-36.68697],[142.33063,-36.68648]]}},{"type":"Feature","properties":{"name":"Drung-Jung Road","class":4,"surf":0,"highway":"tertiary"},"geometry":{"type":"LineString","coordinates":[[142.32848,-36.72078],[142.32897,-36.72039]]}},{"type":"Feature","properties":{"name":"Dooen Road","class":2,"surf":0,"highway":"primary","ref":"B200;B240"},"geometry":{"type":"LineString","coordinates":[[142.20551,-36.71154],[142.20556,-36.7115],[142.20581,-36.71129],[142.20614,-36.71107]]}},{"type":"Feature","properties":{"name":"Baillie Street","class":2,"surf":0,"highway":"primary","ref":"B200;B240"},"geometry":{"type":"LineString","coordinates":[[142.20494,-36.71169],[142.20509,-36.71169],[142.20515,-36.71169],[142.20522,-36.71168],[142.20528,-36.71167],[142.20535,-36.71164],[142.20543,-36.71159],[142.20551,-36.71154]]}},{"type":"Feature","properties":{"name":"Dooen Road","class":2,"surf":0,"highway":"primary","ref":"B200;B240"},"geometry":{"type":"LineString","coordinates":[[142.20614,-36.71107],[142.20587,-36.71134],[142.2056,-36.71159],[142.20555,-36.71164]]}},{"type":"Feature","properties":{"name":"McPherson Street","class":1,"surf":0,"highway":"trunk","ref":"A8;A200;B240"},"geometry":{"type":"LineString","coordinates":[[142.20494,-36.71181],[142.20494,-36.71188],[142.20494,-36.71197],[142.20493,-36.7121],[142.20488,-36.71239]]}},{"type":"Feature","properties":{"name":"Baillie Street","class":2,"surf":0,"highway":"primary","ref":"B200;B240"},"geometry":{"type":"LineString","coordinates":[[142.20555,-36.71164],[142.20545,-36.7117],[142.20537,-36.71174],[142.20528,-36.71178],[142.20521,-36.71179],[142.20514,-36.7118],[142.20506,-36.71181],[142.20494,-36.71181]]}},{"type":"Feature","properties":{"name":"McPherson Street","class":1,"surf":0,"highway":"trunk","ref":"A200;B240"},"geometry":{"type":"LineString","coordinates":[[142.20485,-36.71211],[142.20484,-36.71204],[142.20484,-36.71189],[142.20483,-36.7118]]}},{"type":"Feature","properties":{"name":"Baillie Street","class":4,"surf":0,"highway":"tertiary"},"geometry":{"type":"LineString","coordinates":[[142.2056,-36.71159],[142.20564,-36.71162],[142.20568,-36.71165],[142.20572,-36.71167],[142.20577,-36.71168],[142.20583,-36.71169],[142.2059,-36.7117]]}},{"type":"Feature","properties":{"name":"Baillie Street","class":4,"surf":0,"highway":"tertiary"},"geometry":{"type":"LineString","coordinates":[[142.2162,-36.71174],[142.21614,-36.71172],[142.21607,-36.7117],[142.21601,-36.71168],[142.21593,-36.71167],[142.21582,-36.71167]]}},{"type":"Feature","properties":{"name":"Baillie Street","class":4,"surf":0,"highway":"tertiary"},"geometry":{"type":"LineString","coordinates":[[142.21582,-36.71167],[142.21629,-36.71164]]}},{"type":"Feature","properties":{"name":"Firebrace Street","class":4,"surf":0,"highway":"tertiary"},"geometry":{"type":"LineString","coordinates":[[142.19991,-36.71881],[142.19981,-36.71867],[142.19976,-36.71856],[142.19971,-36.71848],[142.1997,-36.7184],[142.19969,-36.71831],[142.19968,-36.71801],[142.19967,-36.71789]]}},{"type":"Feature","properties":{"name":"Firebrace Street","class":4,"surf":0,"highway":"tertiary"},"geometry":{"type":"LineString","coordinates":[[142.20116,-36.71972],[142.20107,-36.71979]]}},{"type":"Feature","properties":{"name":"Firebrace Street","class":4,"surf":0,"highway":"tertiary"},"geometry":{"type":"LineString","coordinates":[[142.2,-36.71872],[142.19991,-36.71881]]}},{"type":"Feature","properties":{"name":"Firebrace Street","class":4,"surf":0,"highway":"tertiary"},"geometry":{"type":"LineString","coordinates":[[142.19979,-36.71789],[142.1998,-36.71798],[142.1998,-36.71816],[142.19981,-36.71827],[142.19982,-36.71838],[142.19985,-36.71847],[142.19989,-36.71857],[142.19993,-36.71863],[142.2,-36.71872]]}},{"type":"Feature","properties":{"name":"Firebrace Street","class":1,"surf":0,"highway":"trunk"},"geometry":{"type":"LineString","coordinates":[[142.19976,-36.71171],[142.19976,-36.71182]]}},{"type":"Feature","properties":{"name":"Firebrace Street","class":1,"surf":0,"highway":"trunk"},"geometry":{"type":"LineString","coordinates":[[142.19965,-36.71181],[142.19966,-36.71171]]}},{"type":"Feature","properties":{"name":"","class":1,"surf":0,"highway":"trunk_link"},"geometry":{"type":"LineString","coordinates":[[142.20324,-36.7118],[142.20324,-36.71169]]}},{"type":"Feature","properties":{"name":"Urquhart Street","class":3,"surf":0,"highway":"secondary","ref":"C221"},"geometry":{"type":"LineString","coordinates":[[142.20221,-36.7117],[142.2022,-36.71121],[142.2022,-36.71057],[142.2022,-36.7104],[142.20222,-36.70939],[142.20224,-36.70893]]}},{"type":"Feature","properties":{"name":"Baillie Street","class":1,"surf":0,"highway":"trunk"},"geometry":{"type":"LineString","coordinates":[[142.20079,-36.71181],[142.20079,-36.7117]]}},{"type":"Feature","properties":{"name":"Wilson Street","class":2,"surf":0,"highway":"primary","ref":"B240"},"geometry":{"type":"LineString","coordinates":[[142.20221,-36.71672],[142.20197,-36.71663]]}},{"type":"Feature","properties":{"name":"Wilson Street","class":2,"surf":0,"highway":"primary","ref":"B240"},"geometry":{"type":"LineString","coordinates":[[142.20243,-36.71656],[142.20284,-36.71663]]}},{"type":"Feature","properties":{"name":"Wilson Street","class":2,"surf":0,"highway":"primary","ref":"B240"},"geometry":{"type":"LineString","coordinates":[[142.20197,-36.71663],[142.20221,-36.71655]]}},{"type":"Feature","properties":{"name":"Wilson Street","class":2,"surf":0,"highway":"primary","ref":"B240"},"geometry":{"type":"LineString","coordinates":[[142.20284,-36.71663],[142.20241,-36.71672]]}},{"type":"Feature","properties":{"name":"May Park Terrace","class":1,"surf":0,"highway":"trunk"},"geometry":{"type":"LineString","coordinates":[[142.19625,-36.71034],[142.19626,-36.71046]]}},{"type":"Feature","properties":{"name":"Millar Street","class":1,"surf":0,"highway":"trunk"},"geometry":{"type":"LineString","coordinates":[[142.19277,-36.70871],[142.19271,-36.70878]]}},{"type":"Feature","properties":{"name":"Dimboola Road","class":1,"surf":0,"highway":"trunk"},"geometry":{"type":"LineString","coordinates":[[142.19558,-36.71016],[142.19564,-36.71007]]}},{"type":"Feature","properties":{"name":"Dimboola Road","class":1,"surf":0,"highway":"trunk"},"geometry":{"type":"LineString","coordinates":[[142.19568,-36.71009],[142.19561,-36.71018]]}},{"type":"Feature","properties":{"name":"Dimboola Road","class":1,"surf":0,"highway":"trunk"},"geometry":{"type":"LineString","coordinates":[[142.19489,-36.70973],[142.19483,-36.70981]]}},{"type":"Feature","properties":{"name":"Dimboola Road","class":1,"surf":0,"highway":"trunk"},"geometry":{"type":"LineString","coordinates":[[142.19454,-36.70966],[142.1946,-36.70958]]}},{"type":"Feature","properties":{"name":"Small Street","class":1,"surf":0,"highway":"trunk"},"geometry":{"type":"LineString","coordinates":[[142.19384,-36.70933],[142.1939,-36.70925]]}},{"type":"Feature","properties":{"name":"Dimboola Road","class":1,"surf":0,"highway":"trunk","ref":"A8"},"geometry":{"type":"LineString","coordinates":[[142.19277,-36.70871],[142.19331,-36.70897],[142.19344,-36.70903],[142.19368,-36.70914],[142.1939,-36.70925],[142.1941,-36.70935],[142.19414,-36.70937],[142.19433,-36.70946],[142.19437,-36.70948],[142.19445,-36.70951],[142.1946,-36.70958],[142.19462,-36.7096],[142.19489,-36.70973],[142.19505,-36.7098],[142.19511,-36.70983],[142.19543,-36.70998],[142.19547,-36.71],[142.19553,-36.71003],[142.19564,-36.71007],[142.19568,-36.71009],[142.19574,-36.71012],[142.19612,-36.71028],[142.19625,-36.71034]]}},{"type":"Feature","properties":{"name":"","class":1,"surf":0,"highway":"trunk_link"},"geometry":{"type":"LineString","coordinates":[[142.18989,-36.70738],[142.18983,-36.70746]]}},{"type":"Feature","properties":{"name":"O'Connor Street","class":1,"surf":0,"highway":"trunk"},"geometry":{"type":"LineString","coordinates":[[142.19153,-36.70822],[142.19159,-36.70815]]}},{"type":"Feature","properties":{"name":"Saul Crescent","class":1,"surf":0,"highway":"trunk"},"geometry":{"type":"LineString","coordinates":[[142.19216,-36.70842],[142.1921,-36.70849]]}},{"type":"Feature","properties":{"name":"O'Connor Street","class":1,"surf":0,"highway":"trunk"},"geometry":{"type":"LineString","coordinates":[[142.19169,-36.70819],[142.19163,-36.70827]]}},{"type":"Feature","properties":{"name":"Dimboola Road","class":1,"surf":0,"highway":"trunk"},"geometry":{"type":"LineString","coordinates":[[142.19325,-36.70904],[142.19331,-36.70897]]}},{"type":"Feature","properties":{"name":"Horsham-Drung South Road","class":3,"surf":0,"highway":"secondary","ref":"C215"},"geometry":{"type":"LineString","coordinates":[[142.32182,-36.79801],[142.32184,-36.79793],[142.32186,-36.79781],[142.32187,-36.79733],[142.32179,-36.78259],[142.32181,-36.77519],[142.32187,-36.76793],[142.32186,-36.76614],[142.32186,-36.76555]]}},{"type":"Feature","properties":{"name":"Horsham-Lubeck Road","class":3,"surf":0,"highway":"secondary","ref":"C215"},"geometry":{"type":"LineString","coordinates":[[142.32184,-36.73851],[142.32188,-36.73054],[142.32189,-36.72664]]}},{"type":"Feature","properties":{"name":"Horsham-Lubeck Road","class":3,"surf":0,"highway":"secondary","ref":"C215"},"geometry":{"type":"LineString","coordinates":[[142.32186,-36.76555],[142.32186,-36.76489],[142.32186,-36.76289],[142.32191,-36.74855],[142.32189,-36.74718],[142.32184,-36.73851]]}},{"type":"Feature","properties":{"name":"Northern Grampians Road","class":3,"surf":0,"highway":"secondary","ref":"C222"},"geometry":{"type":"LineString","coordinates":[[142.32384,-36.9467],[142.32277,-36.9518],[142.32279,-36.95268],[142.32319,-36.95429],[142.32394,-36.96545],[142.32395,-36.96556],[142.32404,-36.96667],[142.32466,-36.97413],[142.32516,-36.98028],[142.32664,-36.98652],[142.32678,-36.98715],[142.32744,-36.98994],[142.32865,-36.99489],[142.33074,-37.00341],[142.33091,-37.00393],[142.33119,-37.00458],[142.33537,-37.00933],[142.33757,-37.01175],[142.33822,-37.0125],[142.34339,-37.01847],[142.34359,-37.01872]]}},{"type":"Feature","properties":{"name":"Smiths Road","class":4,"surf":1,"highway":"tertiary"},"geometry":{"type":"LineString","coordinates":[[142.3906,-37.00923],[142.39048,-37.00888],[142.38933,-37.00608],[142.38846,-37.0045],[142.38786,-37.00361],[142.38739,-37.00217],[142.38702,-37.00101],[142.38702,-37.0007],[142.38795,-36.99816],[142.38808,-36.99778],[142.38808,-36.99769],[142.38808,-36.99747],[142.3879,-36.99713],[142.38752,-36.99668],[142.38718,-36.99644],[142.3867,-36.99607],[142.38632,-36.99562],[142.38576,-36.99473],[142.38439,-36.99226],[142.38396,-36.99168],[142.38374,-36.9914],[142.38344,-36.99123],[142.38301,-36.99092],[142.38237,-36.99068],[142.38147,-36.99027],[142.38087,-36.99],[142.38044,-36.98969],[142.38005,-36.98938],[142.37958,-36.98883],[142.3763,-36.98399],[142.37608,-36.98375],[142.37545,-36.98355],[142.37493,-36.9833],[142.37394,-36.98273],[142.37292,-36.98227],[142.37235,-36.98188],[142.3717,-36.98161],[142.37067,-36.98123],[142.36971,-36.98081],[142.36883,-36.98043],[142.36834,-36.98033],[142.36602,-36.98026],[142.36301,-36.9803],[142.3581,-36.98026]]}},{"type":"Feature","properties":{"name":"Winfields Road","class":4,"surf":1,"highway":"tertiary"},"geometry":{"type":"LineString","coordinates":[[142.3581,-36.98026],[142.35812,-36.97779],[142.35808,-36.96562],[142.35821,-36.96435],[142.35812,-36.95585],[142.35816,-36.94811],[142.35816,-36.94731],[142.35812,-36.94677]]}},{"type":"Feature","properties":{"name":"McTavishs Road","class":4,"surf":1,"highway":"tertiary"},"geometry":{"type":"LineString","coordinates":[[142.35812,-36.94677],[142.35799,-36.94676],[142.35765,-36.94676],[142.34603,-36.94676],[142.34441,-36.94674],[142.34291,-36.94672],[142.34162,-36.94668],[142.34053,-36.9467],[142.33924,-36.94673],[142.33744,-36.94671],[142.33276,-36.94669],[142.33087,-36.94669],[142.32508,-36.94673],[142.32384,-36.9467]]}},{"type":"Feature","properties":{"name":"Horsham-Lubeck Road","class":3,"surf":0,"highway":"secondary","ref":"C215"},"geometry":{"type":"LineString","coordinates":[[142.23981,-36.72375],[142.22819,-36.72368],[142.22733,-36.72367],[142.22634,-36.72372],[142.22561,-36.72389],[142.22503,-36.72413]]}},{"type":"Feature","properties":{"name":"Wimmera Highway","class":2,"surf":0,"highway":"primary","ref":"B240"},"geometry":{"type":"LineString","coordinates":[[142.16788,-36.72594],[142.16427,-36.7267],[142.16014,-36.72761],[142.15601,-36.72853],[142.15188,-36.72944],[142.14775,-36.73035],[142.14362,-36.73126],[142.14305,-36.73137],[142.14279,-36.73141],[142.14272,-36.73142],[142.14236,-36.73148],[142.13818,-36.73199],[142.13758,-36.73204],[142.13596,-36.73211],[142.13522,-36.73218],[142.1346,-36.73231],[142.13404,-36.73247],[142.13343,-36.73271],[142.12879,-36.7348],[142.12828,-36.73502],[142.12304,-36.73702],[142.11879,-36.73865],[142.11801,-36.73887],[142.11731,-36.73898],[142.11702,-36.73903],[142.11642,-36.73906],[142.10541,-36.7391],[142.09923,-36.73911],[142.0944,-36.73915],[142.0834,-36.73919],[142.08279,-36.73917],[142.08115,-36.73904],[142.08063,-36.73902],[142.07336,-36.73906],[142.07277,-36.73904],[142.07109,-36.73893],[142.07032,-36.73891],[142.06304,-36.73891],[142.05395,-36.739],[142.04591,-36.73902],[142.0455,-36.73902],[142.04498,-36.739],[142.03509,-36.73842],[142.02832,-36.738],[142.02766,-36.73797],[142.02513,-36.73781],[142.02158,-36.73759],[142.02056,-36.73753],[142.01991,-36.73748],[142.01885,-36.73742],[142.01516,-36.7372],[142.01446,-36.73718],[142.01316,-36.73719],[142.01257,-36.7372],[142.01203,-36.7372],[142.01168,-36.73717],[142.01132,-36.73713],[142.01095,-36.73706],[142.01061,-36.73699],[142.01019,-36.73689],[142.00969,-36.73672],[142.00928,-36.73656],[142.00888,-36.73637],[142.0064,-36.73511],[142.00597,-36.73491],[142.00554,-36.73474],[142.00517,-36.73463],[142.00441,-36.73442],[142.00361,-36.73423]]}},{"type":"Feature","properties":{"name":"Obrees Road","class":4,"surf":1,"highway":"tertiary"},"geometry":{"type":"LineString","coordinates":[[141.97424,-36.69979],[141.97404,-36.69981]]}},{"type":"Feature","properties":{"name":"Obrees Road","class":4,"surf":1,"highway":"tertiary"},"geometry":{"type":"LineString","coordinates":[[141.97404,-36.69981],[141.97311,-36.69986],[141.96862,-36.70075],[141.9649,-36.7014],[141.96461,-36.70146],[141.96433,-36.70145],[141.96371,-36.70129]]}},{"type":"Feature","properties":{"name":"Dooen Road","class":2,"surf":0,"highway":"primary","ref":"B200;B240"},"geometry":{"type":"LineString","coordinates":[[142.20614,-36.71107],[142.20804,-36.7095],[142.20846,-36.70916],[142.2098,-36.70808],[142.20986,-36.70803],[142.21162,-36.70659],[142.21385,-36.70477]]}},{"type":"Feature","properties":{"name":"Riverside Road","class":4,"surf":0,"highway":"tertiary"},"geometry":{"type":"LineString","coordinates":[[142.23648,-36.69713],[142.23636,-36.69706],[142.23624,-36.69701],[142.23606,-36.69695]]}},{"type":"Feature","properties":{"name":"Riverside Road","class":4,"surf":0,"highway":"tertiary"},"geometry":{"type":"LineString","coordinates":[[142.23606,-36.69695],[142.23588,-36.69688],[142.2354,-36.69677],[142.23475,-36.6967],[142.23432,-36.69672],[142.23376,-36.69674],[142.22435,-36.69677]]}},{"type":"Feature","properties":{"name":"Dimboola Road","class":1,"surf":0,"highway":"trunk","ref":"A8"},"geometry":{"type":"LineString","coordinates":[[142.19838,-36.71154],[142.19788,-36.71126],[142.19767,-36.71115],[142.19728,-36.71095]]}},{"type":"Feature","properties":{"name":"Horsham-Lubeck Road","class":4,"surf":0,"highway":"tertiary"},"geometry":{"type":"LineString","coordinates":[[142.32292,-36.76555],[142.32273,-36.76554],[142.32255,-36.76551],[142.32235,-36.76545],[142.32217,-36.76534],[142.32204,-36.76522],[142.32194,-36.76509],[142.32186,-36.76489]]}},{"type":"Feature","properties":{"name":"Horsham-Lubeck Road","class":4,"surf":0,"highway":"tertiary"},"geometry":{"type":"LineString","coordinates":[[142.46345,-36.74533],[142.4634,-36.74533],[142.46285,-36.74534],[142.46229,-36.74534],[142.46152,-36.74533],[142.46099,-36.74534],[142.46088,-36.74535],[142.46033,-36.74536],[142.4602,-36.74536],[142.45984,-36.74536],[142.45947,-36.74536],[142.45901,-36.74536],[142.45867,-36.74536],[142.45833,-36.74535],[142.45806,-36.74536],[142.44957,-36.74538],[142.43475,-36.74536],[142.43395,-36.74539],[142.4335,-36.74544],[142.43302,-36.74557],[142.43259,-36.74576],[142.43216,-36.74606],[142.43186,-36.74635],[142.43159,-36.74672],[142.43145,-36.74702],[142.43136,-36.74731],[142.43128,-36.74777],[142.43129,-36.75132],[142.4311,-36.75178],[142.43084,-36.75224],[142.43042,-36.75265],[142.42963,-36.75305],[142.429,-36.75324],[142.42834,-36.75328],[142.42261,-36.75331],[142.41558,-36.75326],[142.41303,-36.75329],[142.40618,-36.75328],[142.40262,-36.7533],[142.40232,-36.75335],[142.40202,-36.7534],[142.40131,-36.75358],[142.40086,-36.75389],[142.40028,-36.75439],[142.39887,-36.75603],[142.3962,-36.75918],[142.39554,-36.75982],[142.39517,-36.76013],[142.39478,-36.76038],[142.39414,-36.7606],[142.39387,-36.76064],[142.39361,-36.76069],[142.39317,-36.7607],[142.39253,-36.76062],[142.3918,-36.76042],[142.39059,-36.76018],[142.38844,-36.7599],[142.38536,-36.75958],[142.38454,-36.75952],[142.38403,-36.75954],[142.38353,-36.75959],[142.38297,-36.75969],[142.38232,-36.75986],[142.37944,-36.76073],[142.37839,-36.76109],[142.378,-36.76125],[142.37768,-36.76146],[142.37737,-36.76171],[142.37716,-36.76194],[142.37692,-36.7623],[142.37676,-36.76264],[142.37669,-36.76293],[142.37661,-36.76362],[142.37653,-36.76442],[142.37644,-36.76541],[142.37641,-36.76562],[142.37629,-36.76616],[142.37611,-36.76654],[142.37595,-36.76679],[142.37585,-36.76689],[142.37565,-36.7671],[142.37528,-36.7674],[142.37479,-36.76767],[142.37436,-36.76781],[142.37384,-36.76792],[142.37315,-36.76794],[142.3722,-36.76794],[142.36313,-36.76793],[142.35829,-36.76794],[142.3556,-36.76794],[142.35447,-36.7679],[142.35327,-36.76756],[142.34965,-36.76636],[142.347,-36.76552],[142.34601,-36.76529],[142.34206,-36.76464],[142.34002,-36.76451],[142.33934,-36.76446],[142.33874,-36.76452],[142.3381,-36.76472],[142.33678,-36.76531],[142.33595,-36.76552],[142.33308,-36.76555],[142.33239,-36.76555]]}},{"type":"Feature","properties":{"name":"Horsham-Lubeck Road","class":4,"surf":0,"highway":"tertiary"},"geometry":{"type":"LineString","coordinates":[[142.46721,-36.74517],[142.46677,-36.74518]]}},{"type":"Feature","properties":{"name":"Stawell Road","class":1,"surf":0,"highway":"trunk","ref":"A8"},"geometry":{"type":"LineString","coordinates":[[142.20608,-36.73392],[142.20618,-36.734],[142.20652,-36.73428],[142.20683,-36.73453]]}},{"type":"Feature","properties":{"name":"Apricot Avenue","class":4,"surf":0,"highway":"tertiary"},"geometry":{"type":"LineString","coordinates":[[142.20683,-36.73453],[142.2077,-36.73385]]}},{"type":"Feature","properties":{"name":"Peach Avenue","class":4,"surf":0,"highway":"tertiary"},"geometry":{"type":"LineString","coordinates":[[142.20923,-36.7365],[142.21014,-36.73572]]}},{"type":"Feature","properties":{"name":"Vine South Avenue","class":4,"surf":1,"highway":"tertiary"},"geometry":{"type":"LineString","coordinates":[[142.21014,-36.73572],[142.21022,-36.73566],[142.21028,-36.73554],[142.2103,-36.73533],[142.21029,-36.73454]]}},{"type":"Feature","properties":{"name":"Riley Road","class":4,"surf":1,"highway":"tertiary"},"geometry":{"type":"LineString","coordinates":[[142.18566,-36.69703],[142.17047,-36.697],[142.17007,-36.69699]]}},{"type":"Feature","properties":{"name":"Rasmussen Road","class":4,"surf":0,"highway":"tertiary"},"geometry":{"type":"LineString","coordinates":[[142.22309,-36.6968],[142.22333,-36.69693],[142.2234,-36.69698]]}},{"type":"Feature","properties":{"name":"Polkemmet Road","class":4,"surf":0,"highway":"tertiary"},"geometry":{"type":"LineString","coordinates":[[142.15721,-36.67412],[142.15705,-36.67415],[142.15687,-36.67413],[142.15623,-36.67405],[142.15465,-36.67388],[142.14832,-36.67322],[142.14537,-36.67293],[142.14383,-36.67274],[142.14343,-36.67268],[142.14304,-36.67259],[142.14242,-36.67241],[142.14171,-36.67218],[142.13555,-36.67015],[142.13105,-36.66863],[142.12652,-36.6671],[142.11687,-36.66383],[142.11464,-36.66309],[142.11414,-36.66293],[142.11388,-36.66287],[142.11362,-36.66284],[142.11325,-36.6628],[142.10819,-36.66252],[142.0988,-36.66186]]}},{"type":"Feature","properties":{"name":"Green Lake Road","class":4,"surf":0,"highway":"tertiary"},"geometry":{"type":"LineString","coordinates":[[142.28494,-36.87801],[142.28501,-36.87449],[142.28501,-36.87066],[142.28504,-36.86682],[142.28505,-36.86326],[142.28503,-36.85952],[142.28509,-36.85645],[142.28509,-36.85329],[142.28508,-36.85309],[142.28509,-36.85181],[142.28511,-36.84924],[142.28512,-36.84552],[142.28514,-36.84281],[142.28515,-36.84122],[142.28515,-36.84034],[142.28515,-36.83769],[142.28517,-36.83504],[142.2852,-36.83246],[142.28519,-36.82957],[142.2852,-36.82909],[142.28522,-36.82674],[142.28522,-36.82656],[142.28519,-36.82558],[142.28518,-36.82308],[142.28521,-36.81941],[142.28524,-36.81559],[142.28525,-36.81189],[142.28526,-36.80774],[142.28527,-36.80403],[142.28529,-36.80029],[142.28529,-36.7972],[142.28528,-36.79535],[142.28528,-36.79497],[142.28519,-36.79455],[142.28507,-36.79404],[142.28492,-36.79357],[142.28489,-36.79312],[142.28494,-36.79271],[142.28511,-36.79136],[142.28528,-36.79037],[142.28529,-36.78984],[142.28534,-36.78896],[142.28532,-36.78656],[142.28531,-36.78251],[142.28539,-36.78043],[142.28542,-36.78035]]}},{"type":"Feature","properties":{"name":"Dock Lake Road","class":4,"surf":1,"highway":"tertiary"},"geometry":{"type":"LineString","coordinates":[[142.2997,-36.78554],[142.30031,-36.78439],[142.30116,-36.78321],[142.30146,-36.78278],[142.30169,-36.78261],[142.30189,-36.78253],[142.30214,-36.78253],[142.30255,-36.78253],[142.30357,-36.78258],[142.32179,-36.78259]]}},{"type":"Feature","properties":{"name":"Northern Grampians Road","class":3,"surf":0,"highway":"secondary","ref":"C222"},"geometry":{"type":"LineString","coordinates":[[142.34017,-36.80862],[142.34002,-36.8091],[142.34006,-36.81814],[142.33994,-36.82666],[142.33994,-36.82683]]}},{"type":"Feature","properties":{"name":"North East Wonwondah Road","class":4,"surf":0,"highway":"tertiary"},"geometry":{"type":"LineString","coordinates":[[142.19044,-36.87813],[142.19109,-36.87813]]}},{"type":"Feature","properties":{"name":"North East Wonwondah Road","class":4,"surf":0,"highway":"tertiary"},"geometry":{"type":"LineString","coordinates":[[142.19109,-36.87813],[142.19133,-36.87814],[142.20032,-36.87827],[142.20724,-36.8782],[142.21146,-36.87818],[142.21295,-36.87805],[142.21398,-36.87804],[142.22239,-36.87804],[142.23016,-36.87812],[142.23131,-36.87806],[142.23136,-36.87806],[142.23179,-36.87786],[142.23213,-36.87762],[142.23254,-36.87721]]}},{"type":"Feature","properties":{"name":"Laharum Road","class":3,"surf":0,"highway":"secondary","ref":"C793"},"geometry":{"type":"LineString","coordinates":[[142.23254,-36.87721],[142.23188,-36.87675],[142.23152,-36.87641],[142.23123,-36.8761],[142.23109,-36.87591],[142.23084,-36.87552]]}},{"type":"Feature","properties":{"name":"School Road","class":4,"surf":0,"highway":"tertiary"},"geometry":{"type":"LineString","coordinates":[[142.28526,-36.78026],[142.28532,-36.78019],[142.28535,-36.78009],[142.28533,-36.76785],[142.28536,-36.75315],[142.28539,-36.73845],[142.28543,-36.72384]]}},{"type":"Feature","properties":{"name":"Stawell Road","class":1,"surf":0,"highway":"trunk","ref":"A8"},"geometry":{"type":"LineString","coordinates":[[142.20683,-36.73453],[142.20793,-36.7354],[142.20869,-36.73606]]}},{"type":"Feature","properties":{"name":"Plozzas Road","class":4,"surf":0,"highway":"tertiary"},"geometry":{"type":"LineString","coordinates":[[142.19611,-36.75297],[142.18742,-36.75295],[142.18418,-36.75292],[142.17921,-36.75293],[142.1755,-36.75287],[142.17541,-36.75286],[142.17535,-36.75282]]}},{"type":"Feature","properties":{"name":"Horsham-Lubeck Road","class":4,"surf":0,"highway":"tertiary"},"geometry":{"type":"LineString","coordinates":[[142.33239,-36.76555],[142.33222,-36.76555]]}},{"type":"Feature","properties":{"name":"Horsham-Lubeck Road","class":4,"surf":0,"highway":"tertiary"},"geometry":{"type":"LineString","coordinates":[[142.33222,-36.76555],[142.32292,-36.76555],[142.32274,-36.76557],[142.32254,-36.76561],[142.32235,-36.76567],[142.32212,-36.76576],[142.32201,-36.76588],[142.32193,-36.76599],[142.32186,-36.76614]]}},{"type":"Feature","properties":{"name":"Wonwondah - Dadswells Bridge Road","class":4,"surf":0,"highway":"tertiary"},"geometry":{"type":"LineString","coordinates":[[142.31646,-36.87555],[142.31649,-36.87548],[142.31651,-36.87545],[142.31654,-36.87542],[142.31661,-36.87537],[142.31668,-36.87534],[142.31679,-36.87529],[142.31695,-36.87525],[142.31716,-36.87521],[142.31828,-36.87507],[142.32366,-36.87436],[142.32372,-36.87436],[142.32379,-36.87435],[142.33088,-36.87339],[142.33971,-36.87223],[142.33985,-36.87221],[142.34754,-36.87119],[142.35254,-36.87049],[142.35601,-36.87002],[142.357,-36.86989],[142.35789,-36.86975],[142.35816,-36.86969],[142.35823,-36.86968],[142.35847,-36.86961],[142.35877,-36.86952],[142.35904,-36.86943],[142.35934,-36.86931],[142.3596,-36.86918],[142.36055,-36.86855],[142.36074,-36.8684],[142.36444,-36.86543],[142.3736,-36.85812],[142.3748,-36.85715],[142.37518,-36.85686],[142.37551,-36.85665],[142.3758,-36.85647],[142.37608,-36.85634],[142.37631,-36.85624],[142.37655,-36.85615],[142.37696,-36.85603],[142.37729,-36.85596],[142.37767,-36.8559],[142.3781,-36.85587],[142.37886,-36.85586],[142.39012,-36.85583],[142.39475,-36.85582],[142.42283,-36.85584],[142.42302,-36.85582],[142.42314,-36.8558],[142.42325,-36.85578],[142.42334,-36.85575],[142.42342,-36.85569]]}},{"type":"Feature","properties":{"name":"Laharum Road","class":3,"surf":0,"highway":"secondary","ref":"C793"},"geometry":{"type":"LineString","coordinates":[[142.23061,-36.87515],[142.23043,-36.87472],[142.2303,-36.87437],[142.23024,-36.87406],[142.23021,-36.87376],[142.23019,-36.86953],[142.2302,-36.86589],[142.23025,-36.86082],[142.23023,-36.8594],[142.23023,-36.85626],[142.23026,-36.85298],[142.23027,-36.85039],[142.2303,-36.84667],[142.23032,-36.84121],[142.23032,-36.8411],[142.23032,-36.8386],[142.23032,-36.83577],[142.23035,-36.8319],[142.23032,-36.82853],[142.23035,-36.82639],[142.23038,-36.82426],[142.2304,-36.82024],[142.23041,-36.81695],[142.23041,-36.81178],[142.23042,-36.80935],[142.23043,-36.80633],[142.23045,-36.80407],[142.23047,-36.80008],[142.23049,-36.79708],[142.2305,-36.79413],[142.2305,-36.79037],[142.23054,-36.78343],[142.23055,-36.7824],[142.23054,-36.7791],[142.23053,-36.7758],[142.23053,-36.77426],[142.23055,-36.77142],[142.23055,-36.76771],[142.23055,-36.76558],[142.23056,-36.76276],[142.23058,-36.76064],[142.23058,-36.75616],[142.2306,-36.75304],[142.23061,-36.75091],[142.23064,-36.75083]]}},{"type":"Feature","properties":{"name":"Laharum Road","class":3,"surf":0,"highway":"secondary","ref":"C793"},"geometry":{"type":"LineString","coordinates":[[142.23084,-36.87552],[142.23061,-36.87515]]}},{"type":"Feature","properties":{"name":"Western Highway","class":1,"surf":0,"highway":"trunk","ref":"A8"},"geometry":{"type":"LineString","coordinates":[[142.39444,-36.83533],[142.39389,-36.83508],[142.38208,-36.82957],[142.37646,-36.82698],[142.37537,-36.82649],[142.37018,-36.82409],[142.36254,-36.82008]]}},{"type":"Feature","properties":{"name":"Western Highway","class":1,"surf":0,"highway":"trunk","ref":"A8"},"geometry":{"type":"LineString","coordinates":[[142.39461,-36.83541],[142.39444,-36.83533]]}},{"type":"Feature","properties":{"name":"Northern Grampians Road","class":3,"surf":0,"highway":"secondary","ref":"C222"},"geometry":{"type":"LineString","coordinates":[[142.33994,-36.82683],[142.33994,-36.82706]]}},{"type":"Feature","properties":{"name":"Northern Grampians Road","class":3,"surf":0,"highway":"secondary","ref":"C222"},"geometry":{"type":"LineString","coordinates":[[142.33994,-36.82706],[142.33995,-36.82743],[142.33995,-36.82847],[142.33994,-36.82974],[142.33993,-36.8309],[142.33993,-36.83184],[142.33992,-36.83323],[142.33992,-36.83457],[142.33992,-36.83558],[142.33993,-36.8364],[142.33992,-36.83719],[142.33991,-36.83806],[142.33991,-36.83894],[142.33991,-36.83984],[142.33994,-36.84067],[142.33995,-36.84102],[142.33999,-36.8414],[142.34002,-36.84165],[142.34004,-36.8419],[142.34005,-36.84223],[142.34005,-36.84252],[142.34003,-36.84277],[142.33998,-36.84306],[142.33989,-36.84335],[142.33982,-36.84347],[142.33977,-36.84358],[142.33961,-36.84381],[142.33945,-36.84402],[142.33919,-36.84429],[142.33886,-36.84461],[142.33846,-36.84501],[142.33791,-36.84563],[142.33716,-36.84648],[142.33599,-36.84783],[142.33491,-36.84906],[142.33363,-36.85051],[142.33242,-36.8519],[142.33109,-36.85342],[142.32975,-36.85495],[142.32849,-36.85639],[142.32734,-36.85771],[142.32702,-36.85809],[142.32687,-36.8583],[142.32672,-36.85854],[142.32661,-36.85875],[142.3265,-36.85904],[142.32643,-36.85923],[142.32638,-36.85944],[142.32634,-36.85966],[142.32632,-36.85975],[142.32625,-36.86024],[142.32612,-36.86107],[142.32595,-36.86213],[142.32582,-36.86299],[142.32565,-36.86414],[142.32554,-36.86479],[142.32548,-36.86525],[142.32542,-36.86554],[142.32538,-36.8657],[142.3253,-36.86604],[142.325,-36.86706],[142.32479,-36.86778],[142.32469,-36.86816],[142.32462,-36.86845],[142.32455,-36.86888],[142.32438,-36.86999],[142.32421,-36.87106],[142.32412,-36.87166],[142.32399,-36.87265],[142.32384,-36.87362],[142.32372,-36.87436],[142.32366,-36.87473],[142.32359,-36.87526],[142.32352,-36.87577],[142.32336,-36.87688],[142.32317,-36.87802],[142.32296,-36.87931],[142.3227,-36.88104],[142.32256,-36.88195],[142.32249,-36.88242],[142.32239,-36.88311],[142.32237,-36.88329],[142.32235,-36.88358],[142.32234,-36.8838],[142.32241,-36.88448],[142.32249,-36.88494],[142.32252,-36.88508],[142.3226,-36.88576],[142.32268,-36.88615],[142.32278,-36.88692],[142.32289,-36.88788],[142.32298,-36.88885],[142.3231,-36.88974],[142.32314,-36.89037],[142.32331,-36.89177],[142.32348,-36.89338],[142.32366,-36.89484],[142.32383,-36.8964],[142.32404,-36.89828],[142.3242,-36.89946],[142.32442,-36.90126],[142.32465,-36.90323],[142.32484,-36.90474],[142.32505,-36.90654],[142.32527,-36.90826],[142.32546,-36.91001],[142.32566,-36.91151],[142.32579,-36.91271],[142.32598,-36.91428],[142.32622,-36.91633],[142.32626,-36.91672],[142.32635,-36.9175],[142.32647,-36.91845],[142.32661,-36.9196],[142.32675,-36.92081],[142.32692,-36.92228],[142.32715,-36.9241],[142.32729,-36.92535],[142.32741,-36.9262],[142.32745,-36.92647],[142.32753,-36.92707],[142.32761,-36.92775],[142.32769,-36.9284],[142.32772,-36.92888],[142.32774,-36.92915],[142.32771,-36.9294],[142.32766,-36.9297],[142.32746,-36.93064],[142.32711,-36.93223],[142.32673,-36.93393],[142.32649,-36.93501],[142.32611,-36.93669],[142.32581,-36.93797],[142.32556,-36.93921],[142.32527,-36.94045],[142.32507,-36.94136],[142.3246,-36.94339],[142.32421,-36.94506],[142.3242,-36.94511],[142.32391,-36.94636],[142.32384,-36.9467]]}},{"type":"Feature","properties":{"name":"Hutchinsons Road","class":4,"surf":1,"highway":"tertiary"},"geometry":{"type":"LineString","coordinates":[[142.05229,-36.77021],[142.05259,-36.77031],[142.05269,-36.77032],[142.05279,-36.77031],[142.05284,-36.77028],[142.05286,-36.77025],[142.05283,-36.77022],[142.05276,-36.77021],[142.05229,-36.77021],[142.05168,-36.77021],[142.05136,-36.77028],[142.05118,-36.77028],[142.05049,-36.77023],[142.04983,-36.77027],[142.04536,-36.77029],[142.04523,-36.77027],[142.04516,-36.77021],[142.04514,-36.77012],[142.04514,-36.76869]]}},{"type":"Feature","properties":{"name":"Riley Road","class":4,"surf":0,"highway":"tertiary"},"geometry":{"type":"LineString","coordinates":[[142.17007,-36.69699],[142.16975,-36.69695]]}},{"type":"Feature","properties":{"name":"Western Highway","class":1,"surf":0,"highway":"trunk","ref":"A8"},"geometry":{"type":"LineString","coordinates":[[142.36254,-36.82008],[142.36235,-36.81997]]}},{"type":"Feature","properties":{"name":"Western Highway","class":1,"surf":0,"highway":"trunk","ref":"A8"},"geometry":{"type":"LineString","coordinates":[[142.36235,-36.81997],[142.35832,-36.8178],[142.35774,-36.81748],[142.34757,-36.81203],[142.34271,-36.80936],[142.3405,-36.80809],[142.3403,-36.80797],[142.33805,-36.80672],[142.32418,-36.79928],[142.32196,-36.79809],[142.32182,-36.79801]]}},{"type":"Feature","properties":{"name":"Old Minyip Road","class":4,"surf":0,"highway":"tertiary"},"geometry":{"type":"LineString","coordinates":[[142.07854,-36.47044],[142.08265,-36.47044],[142.09088,-36.47042],[142.09682,-36.4704],[142.09997,-36.47032],[142.10294,-36.47025],[142.10584,-36.47019],[142.10991,-36.47018],[142.1154,-36.47017],[142.11831,-36.47016],[142.12405,-36.47014],[142.12869,-36.47013],[142.1335,-36.47011],[142.13707,-36.47011],[142.14166,-36.4701],[142.14628,-36.47009],[142.14744,-36.47008],[142.15056,-36.47005],[142.15152,-36.47006],[142.15174,-36.47006],[142.15292,-36.47007],[142.15446,-36.47006],[142.15626,-36.47006],[142.15675,-36.47004],[142.15778,-36.46998],[142.1587,-36.46994],[142.1608,-36.46984],[142.16314,-36.4697],[142.16455,-36.46963],[142.16531,-36.4696],[142.16593,-36.46959],[142.16645,-36.46959],[142.16847,-36.4696],[142.17349,-36.46956],[142.1795,-36.46958],[142.18258,-36.46956],[142.18303,-36.4696],[142.18418,-36.46971],[142.18778,-36.47007],[142.18845,-36.47012],[142.18888,-36.47014],[142.18964,-36.47014],[142.19317,-36.47016],[142.19542,-36.47016],[142.20484,-36.47015],[142.20613,-36.47016],[142.207,-36.47012],[142.2086,-36.46997],[142.20946,-36.46993],[142.21857,-36.46997],[142.21967,-36.46998],[142.22086,-36.46999]]}},{"type":"Feature","properties":{"name":"Lower Norton-Nurrabiel Road","class":4,"surf":0,"highway":"tertiary"},"geometry":{"type":"LineString","coordinates":[[142.03848,-36.91322],[142.04209,-36.90315],[142.04849,-36.8853],[142.05552,-36.8658],[142.05874,-36.85684],[142.06662,-36.83472],[142.06669,-36.83451],[142.07858,-36.80129],[142.08351,-36.78748],[142.08363,-36.78711],[142.08369,-36.78689],[142.0837,-36.78659],[142.08363,-36.78634],[142.08344,-36.78577]]}},{"type":"Feature","properties":{"name":"Henty Highway","class":1,"surf":0,"highway":"trunk","ref":"A200"},"geometry":{"type":"LineString","coordinates":[[142.1864,-37.11176],[142.18613,-37.11148],[142.18595,-37.11126],[142.18576,-37.11096],[142.18561,-37.11059],[142.18556,-37.11039],[142.18553,-37.11016],[142.18553,-37.10992],[142.18555,-37.10968],[142.18559,-37.10946],[142.18568,-37.10921],[142.18607,-37.1083],[142.18623,-37.10781],[142.18658,-37.10559],[142.18723,-37.10022],[142.18781,-37.09586],[142.18794,-37.09504],[142.18805,-37.09448],[142.18826,-37.09385],[142.18842,-37.09333],[142.18857,-37.09284],[142.18874,-37.09216],[142.18918,-37.08873],[142.1892,-37.08765],[142.18836,-37.07968],[142.18765,-37.07372],[142.18769,-37.07327],[142.18774,-37.07287],[142.18795,-37.07214],[142.19403,-37.05869],[142.19414,-37.05826],[142.1942,-37.05797],[142.19424,-37.05762],[142.19424,-37.05733],[142.19423,-37.05691],[142.19317,-37.0524],[142.19298,-37.05144],[142.19286,-37.05096],[142.1928,-37.05045],[142.19282,-37.04996],[142.1929,-37.04945],[142.19307,-37.04868],[142.1931,-37.04853],[142.19391,-37.0449],[142.1956,-37.03385],[142.19562,-37.03376],[142.19632,-37.03038],[142.19662,-37.02961],[142.19712,-37.02879],[142.19855,-37.0275],[142.20193,-37.02545],[142.2049,-37.02325],[142.20547,-37.02248],[142.20593,-37.0216],[142.20621,-37.02065],[142.20627,-37.01955],[142.2061,-37.0138],[142.20582,-37.01272],[142.20531,-37.01166],[142.20382,-37.0102],[142.19615,-37.00297],[142.19185,-36.99954],[142.18979,-36.9946],[142.18845,-36.99196],[142.18082,-36.97694],[142.17885,-36.97306],[142.17857,-36.97261],[142.17832,-36.97232],[142.17805,-36.97203],[142.1777,-36.9717],[142.17273,-36.96814],[142.17204,-36.96766],[142.17158,-36.96739],[142.17107,-36.96713],[142.17038,-36.96689],[142.16897,-36.96648],[142.16193,-36.96445],[142.15472,-36.96233],[142.15394,-36.96201],[142.15362,-36.96188],[142.15276,-36.96139],[142.152,-36.96079],[142.15154,-36.9603]]}},{"type":"Feature","properties":{"name":"Harrow-Clear Lake Road","class":4,"surf":0,"highway":"tertiary"},"geometry":{"type":"LineString","coordinates":[[141.86857,-36.96765],[141.84957,-36.97549],[141.83755,-36.98112],[141.83711,-36.98133],[141.83673,-36.9815],[141.83667,-36.98153],[141.83616,-36.98171],[141.83594,-36.98177]]}},{"type":"Feature","properties":{"name":"Clear Lake - Sherwoods Dam Road","class":4,"surf":0,"highway":"tertiary"},"geometry":{"type":"LineString","coordinates":[[141.85461,-36.88606],[141.85536,-36.88139],[141.85534,-36.88053],[141.85191,-36.86575],[141.84842,-36.85081],[141.84708,-36.84484],[141.84703,-36.84442],[141.84702,-36.84417],[141.84709,-36.84387],[141.84727,-36.84343],[141.84751,-36.84312],[141.84806,-36.84259],[141.85698,-36.83751],[141.8577,-36.8368],[141.85799,-36.83588],[141.85891,-36.82992],[141.86006,-36.82247],[141.86228,-36.80806],[141.86595,-36.78427],[141.86657,-36.78022],[141.86663,-36.77928],[141.86675,-36.77742],[141.86679,-36.77402],[141.86679,-36.77397]]}},{"type":"Feature","properties":{"name":"Clear Lake - Sherwoods Dam Road","class":4,"surf":0,"highway":"tertiary"},"geometry":{"type":"LineString","coordinates":[[141.85461,-36.88606],[141.8546,-36.88611],[141.85416,-36.88925],[141.85291,-36.89716],[141.85294,-36.89802],[141.85546,-36.90826],[141.85556,-36.90865],[141.85847,-36.92047],[141.85965,-36.92528]]}},{"type":"Feature","properties":{"name":"Tooan - Mitre Road","class":4,"surf":0,"highway":"tertiary"},"geometry":{"type":"LineString","coordinates":[[141.78137,-36.73156],[141.78022,-36.73904],[141.78013,-36.73942],[141.78001,-36.7398],[141.77983,-36.74018],[141.7796,-36.74056],[141.77929,-36.74094],[141.77892,-36.74129],[141.77849,-36.74161],[141.77705,-36.74245],[141.77651,-36.74283],[141.77595,-36.74332],[141.77559,-36.74372],[141.77411,-36.74549],[141.77116,-36.74905],[141.76936,-36.75286],[141.76861,-36.7536],[141.7661,-36.75553],[141.76573,-36.7562],[141.76411,-36.76784],[141.76405,-36.76835],[141.76405,-36.7688],[141.76429,-36.76961],[141.76481,-36.7704],[141.76599,-36.77177],[141.76902,-36.77515],[141.77899,-36.78659],[141.77956,-36.78711],[141.78006,-36.78745],[141.78045,-36.78768],[141.78113,-36.78802],[141.78217,-36.78851],[141.78242,-36.78864],[141.78269,-36.78878],[141.78302,-36.78901],[141.78317,-36.78916],[141.78392,-36.78981],[141.7882,-36.79427],[141.79766,-36.80065],[141.79863,-36.80164],[141.79974,-36.80302],[141.79975,-36.80306]]}},{"type":"Feature","properties":{"name":"Mitre - Grass Flat Road","class":4,"surf":0,"highway":"tertiary"},"geometry":{"type":"LineString","coordinates":[[141.86241,-36.68369],[141.85202,-36.68262],[141.83594,-36.68097],[141.83436,-36.69135],[141.83434,-36.69143],[141.83428,-36.6915],[141.83421,-36.69153],[141.83411,-36.69155],[141.80776,-36.6889],[141.80495,-36.70708],[141.8043,-36.71125],[141.80141,-36.72987],[141.80141,-36.73006]]}},{"type":"Feature","properties":{"name":"Wonwondah - Toolondo Road","class":4,"surf":0,"highway":"tertiary"},"geometry":{"type":"LineString","coordinates":[[142.12673,-36.87593],[142.12596,-36.87589],[142.12545,-36.8759],[142.12481,-36.87595],[142.12395,-36.87606],[142.12199,-36.87637],[142.12141,-36.87646],[142.10986,-36.87888],[142.1038,-36.88022],[142.10365,-36.88024],[142.1035,-36.88026],[142.10319,-36.88029],[142.10285,-36.8803],[142.0885,-36.88005],[142.08785,-36.8801],[142.08743,-36.88015],[142.08722,-36.88022],[142.08679,-36.88039],[142.08633,-36.88062],[142.08593,-36.88093],[142.08558,-36.88122],[142.07347,-36.89309],[142.07249,-36.89401],[142.07221,-36.89425],[142.07185,-36.89452],[142.06242,-36.90038],[142.06192,-36.90066],[142.06153,-36.90086],[142.06107,-36.90101],[142.06057,-36.90117],[142.05284,-36.90344],[142.05225,-36.90364],[142.0518,-36.90381],[142.05148,-36.904],[142.05108,-36.90427],[142.05077,-36.90451],[142.04039,-36.912],[142.03961,-36.91256],[142.03878,-36.91313],[142.03868,-36.91317],[142.03857,-36.91321],[142.03848,-36.91322],[142.0349,-36.92405],[142.02938,-36.94077],[142.02927,-36.94105],[142.02909,-36.94143],[142.02883,-36.94177],[142.01791,-36.95383],[142.01524,-36.95683],[142.01369,-36.95851],[142.00999,-36.96264],[142.00856,-36.96409],[142.00728,-36.96547],[142.00626,-36.96656],[142.00559,-36.96733],[142.00449,-36.96875],[142.00362,-36.96974],[142.0023,-36.9709],[141.99547,-36.97599],[141.98387,-36.98462],[141.98209,-36.98559],[141.98201,-36.98563],[141.98083,-36.98627],[141.98007,-36.98666],[141.97889,-36.98718],[141.97838,-36.98731],[141.97786,-36.98738],[141.9716,-36.98793],[141.97152,-36.98794],[141.95704,-36.98911],[141.94971,-36.98974],[141.94717,-36.98998],[141.94525,-36.99032],[141.94382,-36.99059],[141.94279,-36.99086],[141.94152,-36.99138],[141.94121,-36.99148],[141.94083,-36.99156],[141.93998,-36.99166],[141.93987,-36.99167],[141.93906,-36.99171],[141.93819,-36.9917],[141.93782,-36.99173],[141.93614,-36.99204],[141.93602,-36.99208],[141.93565,-36.9922],[141.93513,-36.99247],[141.93496,-36.99257],[141.93486,-36.99263],[141.93471,-36.99271],[141.93456,-36.99275],[141.93437,-36.99277],[141.934,-36.99277]]}},{"type":"Feature","properties":{"name":"Natimuk - Hamilton Road","class":3,"surf":0,"highway":"secondary","ref":"C214"},"geometry":{"type":"LineString","coordinates":[[141.92493,-37.04211],[141.9249,-37.04237],[141.92477,-37.04326],[141.92441,-37.04572],[141.92414,-37.0476],[141.92396,-37.04881],[141.92388,-37.04932],[141.92373,-37.05029],[141.92356,-37.05135],[141.92342,-37.0523],[141.92326,-37.05334],[141.92309,-37.0544],[141.92294,-37.05538],[141.92277,-37.0565],[141.92263,-37.05736],[141.92245,-37.05854],[141.92237,-37.05905],[141.92229,-37.05953],[141.92215,-37.0604],[141.92193,-37.06182],[141.92163,-37.06374],[141.9214,-37.06525],[141.92125,-37.06628],[141.92118,-37.06669],[141.92113,-37.06693],[141.92107,-37.06716],[141.92103,-37.06732],[141.92089,-37.0677],[141.92039,-37.06905],[141.92036,-37.06912],[141.91161,-37.08938],[141.91121,-37.09033],[141.91088,-37.09109],[141.91011,-37.09287],[141.9095,-37.09426],[141.90828,-37.09709],[141.90753,-37.09882],[141.90678,-37.10057],[141.90648,-37.10124],[141.90633,-37.10153],[141.90618,-37.10175],[141.90599,-37.10199],[141.90586,-37.10213],[141.90568,-37.1023],[141.90553,-37.10244],[141.90533,-37.10258],[141.90518,-37.10268],[141.90497,-37.10281],[141.90472,-37.10295],[141.9043,-37.10317],[141.90324,-37.10372],[141.90093,-37.10492],[141.90056,-37.10511],[141.89984,-37.10549],[141.89916,-37.10583],[141.89802,-37.10643],[141.89716,-37.10689],[141.89651,-37.10721],[141.89577,-37.1076],[141.89449,-37.10827],[141.89301,-37.10904],[141.89018,-37.11052],[141.88666,-37.11235],[141.8848,-37.11329],[141.88342,-37.11401],[141.88107,-37.11522],[141.87914,-37.11624],[141.8751,-37.11834],[141.87347,-37.1192],[141.87284,-37.11952],[141.87251,-37.11968],[141.87216,-37.11984],[141.87189,-37.11994],[141.87158,-37.12004],[141.87124,-37.12015],[141.87099,-37.12022],[141.87049,-37.12034],[141.86978,-37.12051],[141.86743,-37.12103],[141.8649,-37.1216],[141.86412,-37.12177],[141.86234,-37.12217],[141.86049,-37.12257],[141.85892,-37.12292],[141.85855,-37.12299],[141.85817,-37.12306],[141.85781,-37.1231],[141.8575,-37.12312],[141.85682,-37.12317],[141.85624,-37.12322],[141.85583,-37.12327],[141.85555,-37.12333],[141.85521,-37.12341],[141.85484,-37.12351],[141.8546,-37.1236],[141.85433,-37.12373],[141.85411,-37.12383],[141.85388,-37.12397],[141.85357,-37.12418],[141.85317,-37.12451],[141.85271,-37.12492],[141.85182,-37.12577],[141.85147,-37.12611],[141.84865,-37.12878],[141.84809,-37.12934],[141.84778,-37.1297],[141.84751,-37.13007],[141.84726,-37.13055],[141.84414,-37.13713],[141.84397,-37.13776],[141.84382,-37.13857],[141.84454,-37.14369],[141.84476,-37.14468],[141.8449,-37.14509],[141.84517,-37.14551],[141.84641,-37.14659],[141.847,-37.14716],[141.84739,-37.14766],[141.84759,-37.14836],[141.84773,-37.14924]]}},{"type":"Feature","properties":{"name":"Natimuk - Hamilton Road","class":3,"surf":0,"highway":"secondary","ref":"C214"},"geometry":{"type":"LineString","coordinates":[[141.93983,-36.93714],[141.93926,-36.93784],[141.93896,-36.93823],[141.93879,-36.93849],[141.93867,-36.93873],[141.93856,-36.93902],[141.93845,-36.93938],[141.93841,-36.93967],[141.93838,-36.93997],[141.9384,-36.9403],[141.93844,-36.9406],[141.93853,-36.94095],[141.93869,-36.94131],[141.94027,-36.94432],[141.94053,-36.9448],[141.9412,-36.94607],[141.94143,-36.94646],[141.94177,-36.9469],[141.94203,-36.94725],[141.94218,-36.94754],[141.94228,-36.94783],[141.94235,-36.94815],[141.94234,-36.94838],[141.94232,-36.94874],[141.94223,-36.94904],[141.9421,-36.94935],[141.94185,-36.94972],[141.94155,-36.95015],[141.94143,-36.95036],[141.94132,-36.95058],[141.94124,-36.95078],[141.94117,-36.95101],[141.94113,-36.95125],[141.9403,-36.95674],[141.94,-36.95861]]}},{"type":"Feature","properties":{"name":"Natimuk - Hamilton Road","class":3,"surf":0,"highway":"secondary","ref":"C214"},"geometry":{"type":"LineString","coordinates":[[141.93983,-36.93714],[141.94159,-36.93493],[141.94288,-36.93334],[141.94372,-36.93225]]}},{"type":"Feature","properties":{"name":"Natimuk-Hamilton Road","class":3,"surf":0,"highway":"secondary","ref":"C219"},"geometry":{"type":"LineString","coordinates":[[141.9663,-36.82266],[141.96667,-36.82016],[141.96702,-36.81792],[141.96859,-36.8076],[141.97119,-36.79062],[141.97159,-36.78803],[141.97167,-36.78728],[141.97171,-36.78673],[141.97173,-36.78108],[141.97173,-36.77989],[141.97173,-36.77932],[141.9717,-36.77907],[141.97166,-36.77877],[141.97152,-36.77813],[141.96988,-36.77124],[141.96906,-36.76779],[141.96905,-36.76777],[141.96852,-36.76551],[141.96801,-36.76341],[141.96772,-36.76213],[141.96744,-36.76094],[141.96688,-36.7586],[141.96633,-36.75628],[141.96624,-36.75587],[141.96624,-36.75586],[141.96622,-36.75556],[141.96618,-36.75434],[141.96609,-36.74608],[141.96606,-36.7377],[141.966,-36.73181],[141.96597,-36.73158],[141.96589,-36.73136],[141.96578,-36.73115],[141.96574,-36.7311]]}},{"type":"Feature","properties":{"name":"Polkemmet Road","class":4,"surf":0,"highway":"tertiary"},"geometry":{"type":"LineString","coordinates":[[141.97785,-36.65398],[141.97739,-36.65427]]}},{"type":"Feature","properties":{"name":"Polkemmet Road","class":4,"surf":0,"highway":"tertiary"},"geometry":{"type":"LineString","coordinates":[[141.97739,-36.65427],[141.97656,-36.65483],[141.97445,-36.6563],[141.9743,-36.65639],[141.97295,-36.6572],[141.97243,-36.6575],[141.96733,-36.66048],[141.95868,-36.66546],[141.95801,-36.66603],[141.95768,-36.66636],[141.95718,-36.66711],[141.95711,-36.66828],[141.95714,-36.67116],[141.95714,-36.67764],[141.95733,-36.67849],[141.95881,-36.68348],[141.95936,-36.6852],[141.96048,-36.68917],[141.96098,-36.69112],[141.96346,-36.6986],[141.9638,-36.69975],[141.96387,-36.70025],[141.96385,-36.70065],[141.96371,-36.70129],[141.96325,-36.70269],[141.96318,-36.70336],[141.96324,-36.70398],[141.96353,-36.70469],[141.96403,-36.70533],[141.96519,-36.70647],[141.96563,-36.7071],[141.96593,-36.70784],[141.96679,-36.71089],[141.96737,-36.71292],[141.96772,-36.71413],[141.96808,-36.71564],[141.96847,-36.71795],[141.96969,-36.72517],[141.97,-36.72696],[141.97042,-36.72921],[141.97044,-36.72928]]}},{"type":"Feature","properties":{"name":"Wilson Street","class":2,"surf":0,"highway":"primary","ref":"B240"},"geometry":{"type":"LineString","coordinates":[[142.19701,-36.7167],[142.19662,-36.71669],[142.1948,-36.71672]]}},{"type":"Feature","properties":{"name":"Quantong Cemetery Road","class":4,"surf":0,"highway":"tertiary"},"geometry":{"type":"LineString","coordinates":[[142.04498,-36.739],[142.04498,-36.73895],[142.04499,-36.73865],[142.04497,-36.73642],[142.04498,-36.73385],[142.04495,-36.73182],[142.04494,-36.72985],[142.04494,-36.72756],[142.04493,-36.72662],[142.04493,-36.72553],[142.04491,-36.72324],[142.0449,-36.72103],[142.0449,-36.71896],[142.0449,-36.71843],[142.04486,-36.71389],[142.04487,-36.71087],[142.04485,-36.70813],[142.04485,-36.70606],[142.04483,-36.7039],[142.04482,-36.70187],[142.04481,-36.69957],[142.04482,-36.6975],[142.04479,-36.69428],[142.0448,-36.69235],[142.04477,-36.69047],[142.04478,-36.68812],[142.04476,-36.68609],[142.04476,-36.68378],[142.04476,-36.68299],[142.04476,-36.68184],[142.04475,-36.67882],[142.04473,-36.67673],[142.04474,-36.67448],[142.04472,-36.67307],[142.04472,-36.673],[142.04471,-36.67202],[142.0447,-36.66958],[142.0447,-36.66737],[142.04469,-36.66523],[142.04469,-36.66294],[142.04468,-36.66052],[142.04468,-36.65819],[142.04466,-36.65724]]}},{"type":"Feature","properties":{"name":"Noradjuha-Tooan East Road","class":4,"surf":0,"highway":"tertiary"},"geometry":{"type":"LineString","coordinates":[[141.96496,-36.83143],[141.96362,-36.83184],[141.95801,-36.83126],[141.94103,-36.82956],[141.93159,-36.82864],[141.91131,-36.82627],[141.89532,-36.82437],[141.89371,-36.82452],[141.89286,-36.82487],[141.89201,-36.82523],[141.89077,-36.82547],[141.87818,-36.82424],[141.86006,-36.82247]]}},{"type":"Feature","properties":{"name":"Hammond-McCuish Road","class":4,"surf":0,"highway":"tertiary"},"geometry":{"type":"LineString","coordinates":[[141.94103,-36.82956],[141.94257,-36.81976],[141.94235,-36.81914],[141.9427,-36.81719],[141.94265,-36.81683],[141.93109,-36.80697],[141.91986,-36.79746],[141.91942,-36.79708],[141.9189,-36.79671],[141.90683,-36.78932],[141.89813,-36.784],[141.89786,-36.78368],[141.89674,-36.78198]]}},{"type":"Feature","properties":{"name":"Creek Road","class":4,"surf":0,"highway":"tertiary"},"geometry":{"type":"LineString","coordinates":[[141.89674,-36.78198],[141.90123,-36.77999],[141.90131,-36.77994],[141.90137,-36.77987],[141.90139,-36.77981],[141.90137,-36.77971],[141.90132,-36.77961],[141.90096,-36.77893],[141.90069,-36.778],[141.90059,-36.77743],[141.90083,-36.7771],[141.90359,-36.77625],[141.90404,-36.77566],[141.90441,-36.77481],[141.90473,-36.77441],[141.90537,-36.77394],[141.90658,-36.77315],[141.90785,-36.77267],[141.91072,-36.77289],[141.91125,-36.77279],[141.91146,-36.77241],[141.9113,-36.77199],[141.91116,-36.77139],[141.91109,-36.77038],[141.91105,-36.7694],[141.91112,-36.76918],[141.91208,-36.76834],[141.91281,-36.76671],[141.91321,-36.76658],[141.91591,-36.76659],[141.91634,-36.76649],[141.91675,-36.76607],[141.91829,-36.76396],[141.91843,-36.76304],[141.91997,-36.75811],[141.9204,-36.75744],[141.9208,-36.7571],[141.92135,-36.75667],[141.92142,-36.75661],[141.92229,-36.75591],[141.92313,-36.75516],[141.92374,-36.75484],[141.92539,-36.75425],[141.92853,-36.752],[141.93099,-36.74785],[141.93116,-36.74756],[141.93156,-36.74655]]}},{"type":"Feature","properties":{"name":"Western Highway","class":1,"surf":0,"highway":"trunk","ref":"A8"},"geometry":{"type":"LineString","coordinates":[[142.6032,-36.96719],[142.59172,-36.96078],[142.58633,-36.95774],[142.58043,-36.95443],[142.57867,-36.95345],[142.57765,-36.95291],[142.57739,-36.95275],[142.56845,-36.94776],[142.56506,-36.94577],[142.56349,-36.94483],[142.56086,-36.94351],[142.55952,-36.94278],[142.55944,-36.94273],[142.55936,-36.94269],[142.55459,-36.93998],[142.54124,-36.93259],[142.53,-36.92632],[142.52816,-36.92538],[142.52691,-36.92474],[142.52325,-36.92271],[142.51981,-36.92081]]}},{"type":"Feature","properties":{"name":"Western Highway","class":1,"surf":0,"highway":"trunk","ref":"A8"},"geometry":{"type":"LineString","coordinates":[[142.46795,-36.88886],[142.46724,-36.88831],[142.46693,-36.88808],[142.46425,-36.88604],[142.45331,-36.87773],[142.45224,-36.87692],[142.44966,-36.87497],[142.44917,-36.87458],[142.4485,-36.87408],[142.43604,-36.86456],[142.43211,-36.86197]]}},{"type":"Feature","properties":{"name":"Western Highway","class":1,"surf":0,"highway":"trunk","ref":"A8"},"geometry":{"type":"LineString","coordinates":[[142.51087,-36.91578],[142.51062,-36.91563]]}},{"type":"Feature","properties":{"name":"Western Highway","class":1,"surf":0,"highway":"trunk","ref":"A8"},"geometry":{"type":"LineString","coordinates":[[142.47782,-36.89644],[142.46795,-36.88886]]}},{"type":"Feature","properties":{"name":"Western Highway","class":1,"surf":0,"highway":"trunk","ref":"A8"},"geometry":{"type":"LineString","coordinates":[[142.48653,-36.90295],[142.4813,-36.89905],[142.48017,-36.8982],[142.47937,-36.8976],[142.47782,-36.89644]]}},{"type":"Feature","properties":{"name":"Western Highway","class":1,"surf":0,"highway":"trunk","ref":"A8"},"geometry":{"type":"LineString","coordinates":[[142.51981,-36.92081],[142.51935,-36.92056],[142.51906,-36.92043],[142.51872,-36.92027],[142.51731,-36.91971],[142.51687,-36.91951],[142.51639,-36.91925],[142.51568,-36.9188]]}},{"type":"Feature","properties":{"name":"Harrow - Kanagulk Road","class":4,"surf":0,"highway":"tertiary"},"geometry":{"type":"LineString","coordinates":[[141.67838,-37.11987],[141.67867,-37.11973],[141.67891,-37.11972],[141.67916,-37.11971],[141.68038,-37.11984],[141.68212,-37.12001],[141.68366,-37.12018],[141.68503,-37.12029],[141.68664,-37.12044],[141.68821,-37.12061],[141.68969,-37.12076],[141.69155,-37.12095],[141.69319,-37.1211],[141.69499,-37.12126],[141.6964,-37.1214],[141.69802,-37.12154],[141.69976,-37.12172],[141.70097,-37.12185],[141.70156,-37.12181],[141.7018,-37.1218],[141.70264,-37.12163],[141.70332,-37.12138],[141.70465,-37.12092],[141.70598,-37.12044],[141.70736,-37.11998],[141.70871,-37.11952],[141.70972,-37.11916],[141.71112,-37.11871],[141.71242,-37.11826],[141.7138,-37.11777],[141.71523,-37.11727],[141.71671,-37.11679],[141.71793,-37.11634],[141.71954,-37.1158],[141.72091,-37.11534],[141.72229,-37.11486],[141.72382,-37.11433],[141.72509,-37.11391],[141.72658,-37.1134],[141.72804,-37.11289],[141.72948,-37.11241],[141.73102,-37.11191],[141.73304,-37.11119],[141.73353,-37.111],[141.73383,-37.11089],[141.73415,-37.11077],[141.73471,-37.1106],[141.7355,-37.11035],[141.73867,-37.10929],[141.74111,-37.10845],[141.74326,-37.10772],[141.74513,-37.10712],[141.7464,-37.10676],[141.74793,-37.10654],[141.74921,-37.10645],[141.75046,-37.10611],[141.75189,-37.10545],[141.75421,-37.10427],[141.75735,-37.1026],[141.76174,-37.1003],[141.76602,-37.09812],[141.77031,-37.09597],[141.77333,-37.09443],[141.77392,-37.09413],[141.77421,-37.09396]]}},{"type":"Feature","properties":{"name":"Natimuk - Hamilton Road","class":3,"surf":0,"highway":"secondary","ref":"C214"},"geometry":{"type":"LineString","coordinates":[[141.84773,-37.14924],[141.84778,-37.15004]]}},{"type":"Feature","properties":{"name":"Natimuk - Hamilton Road","class":3,"surf":0,"highway":"secondary","ref":"C214"},"geometry":{"type":"LineString","coordinates":[[141.84778,-37.15004],[141.84815,-37.15284],[141.84853,-37.15361],[141.84912,-37.15439],[141.85017,-37.15562],[141.85215,-37.15811],[141.85282,-37.15902],[141.8534,-37.16021],[141.85363,-37.16132],[141.85367,-37.16211],[141.85371,-37.16725],[141.85363,-37.16849],[141.85343,-37.16967],[141.85272,-37.1732],[141.8516,-37.17826],[141.85118,-37.18041],[141.85094,-37.18145],[141.85068,-37.1821],[141.84937,-37.18534],[141.84819,-37.18765],[141.84474,-37.19355],[141.84311,-37.19725],[141.84289,-37.19781],[141.84264,-37.19839],[141.84251,-37.19895],[141.84242,-37.19943],[141.84238,-37.2001],[141.84222,-37.20447],[141.84119,-37.21575],[141.8409,-37.21885],[141.84097,-37.21994],[141.8414,-37.22155],[141.8417,-37.22262],[141.84207,-37.22431],[141.842,-37.22589],[141.84187,-37.22708],[141.84176,-37.22754],[141.84159,-37.22815],[141.84138,-37.22859],[141.84118,-37.22889],[141.84089,-37.22924],[141.84058,-37.22954],[141.84032,-37.22975],[141.83858,-37.2309],[141.83766,-37.23164],[141.83631,-37.23279],[141.83556,-37.23344],[141.8352,-37.23378],[141.835,-37.23407],[141.83482,-37.23439],[141.83473,-37.2347],[141.83469,-37.23503],[141.83467,-37.2354],[141.835,-37.23643]]}},{"type":"Feature","properties":{"name":"Baillie Street","class":1,"surf":0,"highway":"trunk","ref":"A8"},"geometry":{"type":"LineString","coordinates":[[142.20221,-36.7118],[142.2021,-36.71181],[142.20121,-36.71181],[142.20103,-36.71181],[142.201,-36.71181],[142.20089,-36.71181],[142.20079,-36.71181]]}},{"type":"Feature","properties":{"name":"Urquhart Street","class":3,"surf":0,"highway":"secondary","ref":"C221"},"geometry":{"type":"LineString","coordinates":[[142.20224,-36.70893],[142.20224,-36.70885],[142.20224,-36.7087],[142.20225,-36.70856]]}},{"type":"Feature","properties":{"name":"Urquhart Street","class":3,"surf":0,"highway":"secondary","ref":"C221"},"geometry":{"type":"LineString","coordinates":[[142.20236,-36.7087],[142.20233,-36.70939],[142.20233,-36.71057],[142.20234,-36.71108],[142.20235,-36.7116],[142.20235,-36.7117]]}},{"type":"Feature","properties":{"name":"Wimmera Highway","class":2,"surf":0,"highway":"primary","ref":"B240"},"geometry":{"type":"LineString","coordinates":[[141.93114,-36.74571],[141.90597,-36.75678],[141.90566,-36.75691],[141.89571,-36.76128],[141.89435,-36.76187],[141.88579,-36.76562],[141.87709,-36.76944],[141.86679,-36.77397],[141.86564,-36.77446],[141.85969,-36.77709],[141.8572,-36.77818],[141.85605,-36.77868],[141.84264,-36.78457],[141.84071,-36.78541],[141.82608,-36.79184],[141.81571,-36.79637],[141.81171,-36.79813],[141.81059,-36.79863],[141.80976,-36.79908],[141.80949,-36.79924],[141.80791,-36.80032],[141.80704,-36.80103],[141.80618,-36.80167],[141.80566,-36.80198],[141.80501,-36.8023],[141.80378,-36.80273],[141.80298,-36.80291],[141.80248,-36.80298],[141.80192,-36.80304],[141.80125,-36.80309],[141.80042,-36.80308],[141.79975,-36.80306],[141.79658,-36.80303],[141.79505,-36.80309],[141.79443,-36.80317],[141.79316,-36.80337],[141.78879,-36.8041],[141.78802,-36.80424],[141.78733,-36.80442],[141.78677,-36.80459],[141.78605,-36.80486],[141.78545,-36.80514],[141.78347,-36.80622],[141.7812,-36.80746],[141.78063,-36.80775],[141.77981,-36.80817],[141.77957,-36.8083],[141.77766,-36.80935],[141.77601,-36.81026],[141.77468,-36.81099],[141.7705,-36.81324],[141.76656,-36.81539],[141.76458,-36.81656],[141.75947,-36.81954],[141.7591,-36.81974],[141.75864,-36.81999],[141.75569,-36.82161],[141.75287,-36.82313],[141.75214,-36.82354],[141.75099,-36.82416],[141.74798,-36.82578],[141.74794,-36.8258],[141.74491,-36.82728],[141.74069,-36.82932],[141.73978,-36.82977],[141.73911,-36.83015],[141.73844,-36.83056],[141.73803,-36.83088],[141.73762,-36.83122],[141.73718,-36.83159],[141.73712,-36.83164],[141.73646,-36.83233],[141.73602,-36.83289],[141.73594,-36.83299],[141.73534,-36.83393],[141.73502,-36.83463],[141.73443,-36.83627],[141.73321,-36.83987],[141.73287,-36.84057],[141.73254,-36.84117],[141.73202,-36.84198],[141.73183,-36.84226],[141.73068,-36.84359],[141.73054,-36.84374],[141.72893,-36.84532],[141.72843,-36.84582],[141.72676,-36.84749],[141.72578,-36.84848],[141.72455,-36.84969],[141.72412,-36.85001],[141.72368,-36.85029],[141.7233,-36.85052],[141.7229,-36.8507],[141.72129,-36.85134],[141.72007,-36.85183],[141.71847,-36.85245],[141.71709,-36.853],[141.71652,-36.85325],[141.7147,-36.85402],[141.713,-36.85472],[141.71046,-36.8557],[141.70966,-36.85596],[141.70863,-36.85633],[141.70684,-36.85705],[141.70441,-36.85805],[141.70175,-36.85911],[141.70082,-36.85952],[141.70026,-36.85981],[141.69923,-36.86044],[141.69881,-36.86071],[141.69766,-36.8613],[141.69713,-36.86149],[141.69666,-36.86161],[141.69644,-36.86167],[141.69545,-36.86191],[141.69479,-36.86208],[141.69439,-36.86219],[141.69399,-36.86232],[141.69365,-36.86243],[141.69225,-36.86295],[141.68973,-36.86376],[141.68709,-36.86466],[141.68648,-36.86485],[141.68637,-36.86489],[141.68592,-36.86499],[141.68562,-36.86507],[141.68526,-36.86512],[141.68498,-36.86516],[141.68439,-36.86519],[141.68308,-36.86522],[141.68256,-36.86526],[141.68217,-36.8653],[141.68165,-36.86539],[141.68108,-36.86554],[141.68044,-36.86574],[141.67866,-36.86632],[141.6786,-36.86633],[141.67796,-36.86653],[141.67765,-36.86665],[141.67708,-36.86688],[141.67647,-36.86717],[141.67596,-36.86746],[141.67564,-36.86767],[141.67517,-36.86803],[141.67439,-36.86865],[141.67279,-36.86994],[141.67239,-36.8702],[141.67202,-36.87039],[141.67185,-36.87047],[141.67155,-36.87061],[141.6706,-36.87096],[141.66959,-36.87133],[141.66866,-36.87165],[141.66766,-36.87191],[141.6666,-36.87204],[141.66564,-36.87218],[141.66501,-36.87233],[141.66479,-36.8724],[141.66451,-36.87249],[141.66429,-36.87256],[141.66272,-36.87318],[141.66048,-36.87406],[141.6573,-36.87533],[141.6543,-36.87651],[141.65343,-36.87683],[141.65223,-36.87719]]}},{"type":"Feature","properties":{"name":"O'Callaghans Parade","class":4,"surf":0,"highway":"tertiary"},"geometry":{"type":"LineString","coordinates":[[142.20264,-36.72098],[142.2029,-36.72121],[142.20335,-36.7216],[142.20351,-36.72174],[142.2036,-36.72181]]}},{"type":"Feature","properties":{"name":"O'Callaghans Parade","class":4,"surf":0,"highway":"tertiary"},"geometry":{"type":"LineString","coordinates":[[142.2043,-36.72241],[142.20438,-36.72248],[142.20454,-36.72262],[142.20461,-36.72268],[142.20466,-36.72272],[142.2047,-36.72275],[142.20478,-36.72279],[142.20482,-36.72281]]}},{"type":"Feature","properties":{"name":"O'Callaghans Parade","class":4,"surf":0,"highway":"tertiary"},"geometry":{"type":"LineString","coordinates":[[142.20352,-36.72187],[142.20343,-36.72179],[142.20328,-36.72166],[142.20282,-36.72127],[142.20223,-36.72077]]}},{"type":"Feature","properties":{"name":"Stawell Road","class":1,"surf":0,"highway":"trunk","ref":"A8;A200"},"geometry":{"type":"LineString","coordinates":[[142.20567,-36.73345],[142.20581,-36.73362],[142.20592,-36.73375],[142.20603,-36.73387]]}},{"type":"Feature","properties":{"name":"Baillie Street","class":4,"surf":0,"highway":"tertiary"},"geometry":{"type":"LineString","coordinates":[[142.21044,-36.71168],[142.21192,-36.71168]]}},{"type":"Feature","properties":{"name":"Kalkee Road","class":3,"surf":0,"highway":"secondary","ref":"C221"},"geometry":{"type":"LineString","coordinates":[[142.20083,-36.70533],[142.20083,-36.70521],[142.20084,-36.70507],[142.20087,-36.7047]]}},{"type":"Feature","properties":{"name":"Kalkee Road","class":3,"surf":0,"highway":"secondary","ref":"C221"},"geometry":{"type":"LineString","coordinates":[[142.20095,-36.70533],[142.20096,-36.70555],[142.20097,-36.70573],[142.20099,-36.70586],[142.20102,-36.70597],[142.20107,-36.70609],[142.20112,-36.70617],[142.20119,-36.70627],[142.20129,-36.70637],[142.20142,-36.70648],[142.20165,-36.70666]]}},{"type":"Feature","properties":{"name":"Kalkee Road","class":3,"surf":0,"highway":"secondary","ref":"C221"},"geometry":{"type":"LineString","coordinates":[[142.20088,-36.70261],[142.20086,-36.70341],[142.20087,-36.70377],[142.20087,-36.7047]]}},{"type":"Feature","properties":{"name":"Kalkee Road","class":3,"surf":0,"highway":"secondary","ref":"C221"},"geometry":{"type":"LineString","coordinates":[[142.20181,-36.69872],[142.20155,-36.6994],[142.20126,-36.70025],[142.20114,-36.70062],[142.20087,-36.70133],[142.20088,-36.70261]]}},{"type":"Feature","properties":{"name":"Baillie Street","class":4,"surf":0,"highway":"tertiary"},"geometry":{"type":"LineString","coordinates":[[142.21321,-36.71168],[142.2145,-36.71167],[142.21582,-36.71167]]}},{"type":"Feature","properties":{"name":"Baillie Street","class":4,"surf":0,"highway":"tertiary"},"geometry":{"type":"LineString","coordinates":[[142.20674,-36.7117],[142.20683,-36.7117]]}},{"type":"Feature","properties":{"name":"Dooen Road","class":2,"surf":0,"highway":"primary","ref":"B200;B240"},"geometry":{"type":"LineString","coordinates":[[142.21845,-36.70102],[142.21976,-36.69999],[142.22307,-36.69725],[142.22328,-36.69708],[142.2234,-36.69698],[142.22376,-36.69669],[142.22387,-36.69658],[142.22406,-36.69643],[142.22432,-36.69612],[142.22476,-36.69548]]}},{"type":"Feature","properties":{"name":"Dimboola Road","class":1,"surf":0,"highway":"trunk","ref":"A8"},"geometry":{"type":"LineString","coordinates":[[142.18983,-36.70746],[142.18886,-36.70698]]}},{"type":"Feature","properties":{"name":"Urquhart Street","class":4,"surf":0,"highway":"tertiary"},"geometry":{"type":"LineString","coordinates":[[142.20238,-36.7179],[142.2024,-36.71793],[142.20239,-36.71796],[142.20239,-36.718],[142.20239,-36.71862]]}},{"type":"Feature","properties":{"name":"Urquhart Street","class":4,"surf":0,"highway":"tertiary"},"geometry":{"type":"LineString","coordinates":[[142.20225,-36.7177],[142.20228,-36.71762],[142.20229,-36.71753],[142.20229,-36.71746],[142.20228,-36.71692],[142.20227,-36.71687],[142.20226,-36.71682],[142.20222,-36.71673]]}},{"type":"Feature","properties":{"name":"O'Callaghans Parade","class":4,"surf":0,"highway":"tertiary"},"geometry":{"type":"LineString","coordinates":[[142.20223,-36.72077],[142.20181,-36.72041],[142.20128,-36.71997],[142.20118,-36.71988],[142.20107,-36.71979],[142.19995,-36.71885],[142.19991,-36.71881]]}},{"type":"Feature","properties":{"name":"Stawell Road","class":1,"surf":0,"highway":"trunk","ref":"A8;A200"},"geometry":{"type":"LineString","coordinates":[[142.20524,-36.72607],[142.20524,-36.72617],[142.20525,-36.72698]]}},{"type":"Feature","properties":{"name":"O'Callaghans Parade","class":4,"surf":0,"highway":"tertiary"},"geometry":{"type":"LineString","coordinates":[[142.20226,-36.72066],[142.20234,-36.72073]]}},{"type":"Feature","properties":{"name":"Stawell Road","class":1,"surf":0,"highway":"trunk","ref":"A8;A200"},"geometry":{"type":"LineString","coordinates":[[142.20499,-36.72607],[142.20499,-36.72596],[142.20492,-36.72547],[142.20489,-36.72458]]}},{"type":"Feature","properties":{"name":"Williams Road","class":3,"surf":0,"highway":"secondary","ref":"C215"},"geometry":{"type":"LineString","coordinates":[[142.2207,-36.72623],[142.21948,-36.72622],[142.21864,-36.72621]]}},{"type":"Feature","properties":{"name":"Williams Road","class":3,"surf":0,"highway":"secondary","ref":"C215"},"geometry":{"type":"LineString","coordinates":[[142.21349,-36.72615],[142.2131,-36.72614],[142.21067,-36.72612]]}},{"type":"Feature","properties":{"name":"Williams Road","class":3,"surf":0,"highway":"secondary","ref":"C215"},"geometry":{"type":"LineString","coordinates":[[142.21067,-36.72612],[142.21022,-36.72612]]}},{"type":"Feature","properties":{"name":"Stawell Road","class":1,"surf":0,"highway":"trunk","ref":"A8;A200"},"geometry":{"type":"LineString","coordinates":[[142.20518,-36.73004],[142.20509,-36.72801]]}},{"type":"Feature","properties":{"name":"Golf Course Road","class":4,"surf":0,"highway":"tertiary"},"geometry":{"type":"LineString","coordinates":[[142.20499,-36.73364],[142.20491,-36.73367],[142.20478,-36.73372],[142.20428,-36.73392],[142.20326,-36.73436],[142.2018,-36.73498],[142.20126,-36.73521],[142.1997,-36.73586],[142.19954,-36.73593],[142.19918,-36.73608],[142.19873,-36.73627],[142.19861,-36.73632],[142.19504,-36.73784],[142.19425,-36.73818],[142.19223,-36.73904],[142.19012,-36.73993],[142.18887,-36.74048],[142.18877,-36.74053],[142.18778,-36.74079],[142.18733,-36.74088],[142.18631,-36.74107],[142.18584,-36.74121],[142.18535,-36.74146],[142.18413,-36.74241],[142.18244,-36.7438],[142.18205,-36.7441],[142.18142,-36.74468],[142.18111,-36.745],[142.18063,-36.74556],[142.17897,-36.74788],[142.17883,-36.74807],[142.17809,-36.74908],[142.17754,-36.74983],[142.17729,-36.75018],[142.17591,-36.75213],[142.17535,-36.75282]]}},{"type":"Feature","properties":{"name":"Williams Road","class":3,"surf":0,"highway":"secondary","ref":"C215"},"geometry":{"type":"LineString","coordinates":[[142.21022,-36.72612],[142.2086,-36.7261],[142.20742,-36.72609],[142.20684,-36.72608],[142.20635,-36.72608],[142.20542,-36.72607],[142.20534,-36.72607],[142.2053,-36.72607],[142.20524,-36.72607]]}},{"type":"Feature","properties":{"name":"Stawell Road","class":1,"surf":0,"highway":"trunk","ref":"A8;A200"},"geometry":{"type":"LineString","coordinates":[[142.20551,-36.73308],[142.20553,-36.73313],[142.20558,-36.73329],[142.20567,-36.73345]]}},{"type":"Feature","properties":{"name":"Stawell Road","class":1,"surf":0,"highway":"trunk","ref":"A8;A200"},"geometry":{"type":"LineString","coordinates":[[142.20534,-36.73004],[142.20544,-36.73268],[142.20545,-36.73279]]}},{"type":"Feature","properties":{"name":"Natimuk Road","class":2,"surf":0,"highway":"primary","ref":"B240"},"geometry":{"type":"LineString","coordinates":[[142.19289,-36.71672],[142.19281,-36.71673],[142.19272,-36.71675],[142.19264,-36.71678],[142.19253,-36.71681],[142.19125,-36.71729],[142.1899,-36.71779],[142.18787,-36.71855],[142.18726,-36.71877],[142.18555,-36.71939]]}},{"type":"Feature","properties":{"name":"Natimuk Road","class":2,"surf":0,"highway":"primary","ref":"B240"},"geometry":{"type":"LineString","coordinates":[[142.17342,-36.72397],[142.17394,-36.72377]]}},{"type":"Feature","properties":{"name":"Hamilton Road","class":1,"surf":0,"highway":"trunk","ref":"A200"},"geometry":{"type":"LineString","coordinates":[[142.20554,-36.73764],[142.20554,-36.73735],[142.20552,-36.73664],[142.20552,-36.73656],[142.2055,-36.73605],[142.20549,-36.73585],[142.20548,-36.73554],[142.20548,-36.73529],[142.20548,-36.73516],[142.20548,-36.73506],[142.20549,-36.73499],[142.2055,-36.73494]]}},{"type":"Feature","properties":{"name":"Stawell Road","class":1,"surf":0,"highway":"trunk","ref":"A8;A200"},"geometry":{"type":"LineString","coordinates":[[142.20536,-36.73308],[142.20533,-36.73289],[142.20531,-36.73265],[142.20529,-36.73229],[142.20518,-36.73004]]}},{"type":"Feature","properties":{"name":"Henty Highway","class":1,"surf":0,"highway":"trunk","ref":"A200"},"geometry":{"type":"LineString","coordinates":[[142.19636,-36.7526],[142.19743,-36.75101],[142.20301,-36.74275]]}},{"type":"Feature","properties":{"name":"Stawell Road","class":1,"surf":0,"highway":"trunk","ref":"A8;A200"},"geometry":{"type":"LineString","coordinates":[[142.20553,-36.73347],[142.20544,-36.73333],[142.20538,-36.73315],[142.20536,-36.73308]]}},{"type":"Feature","properties":{"name":"Three Bridges Road","class":4,"surf":0,"highway":"tertiary"},"geometry":{"type":"LineString","coordinates":[[142.1748,-36.75325],[142.17248,-36.75504],[142.16886,-36.75775],[142.16449,-36.76013],[142.16375,-36.76056],[142.16325,-36.76095],[142.16285,-36.76136],[142.16171,-36.76267],[142.16138,-36.76299],[142.16108,-36.76319],[142.16104,-36.76322],[142.16058,-36.76349]]}},{"type":"Feature","properties":{"name":"Henty Highway","class":1,"surf":0,"highway":"trunk","ref":"A200"},"geometry":{"type":"LineString","coordinates":[[142.19611,-36.75297],[142.19636,-36.7526]]}},{"type":"Feature","properties":{"name":"Natimuk - Frances Road","class":3,"surf":0,"highway":"secondary","ref":"C213"},"geometry":{"type":"LineString","coordinates":[[141.73021,-36.73329],[141.72869,-36.73336],[141.72815,-36.73336]]}},{"type":"Feature","properties":{"name":"Dimboola-Minyip Road","class":4,"surf":0,"highway":"tertiary"},"geometry":{"type":"LineString","coordinates":[[142.32747,-36.44022],[142.32596,-36.43996],[142.32526,-36.43991],[142.32444,-36.43991],[142.31289,-36.43988],[142.30933,-36.43988],[142.30926,-36.43988],[142.30847,-36.43989],[142.30726,-36.43993],[142.30357,-36.44015],[142.30076,-36.4403],[142.29107,-36.44032],[142.28896,-36.4403],[142.28491,-36.43994],[142.28399,-36.43991],[142.27404,-36.43987],[142.27294,-36.43992],[142.2692,-36.44013],[142.26804,-36.44016],[142.26215,-36.44012],[142.24459,-36.43996],[142.2439,-36.4399],[142.22969,-36.4375],[142.22867,-36.43745],[142.22566,-36.43744],[142.19888,-36.43758],[142.19849,-36.43757],[142.19811,-36.43754],[142.19772,-36.4375],[142.19712,-36.43739],[142.19283,-36.43648],[142.19279,-36.43647],[142.17535,-36.43276],[142.17482,-36.4327],[142.17426,-36.43266],[142.16587,-36.43269]]}},{"type":"Feature","properties":{"name":"Dimboola-Minyip Road","class":4,"surf":0,"highway":"tertiary"},"geometry":{"type":"LineString","coordinates":[[142.16587,-36.43269],[142.14723,-36.43275]]}},{"type":"Feature","properties":{"name":"Mitre-Nurcoung Road","class":4,"surf":0,"highway":"tertiary"},"geometry":{"type":"LineString","coordinates":[[141.73856,-36.68132],[141.73975,-36.68237],[141.74086,-36.68336],[141.74125,-36.68373],[141.74151,-36.68402],[141.74173,-36.68429],[141.74187,-36.68451],[141.74208,-36.68493],[141.74252,-36.68623],[141.7429,-36.68738],[141.74309,-36.68776],[141.7433,-36.68808],[141.74349,-36.68833],[141.74366,-36.68853],[141.74393,-36.6888],[141.74418,-36.689],[141.74443,-36.6892],[141.74501,-36.68957],[141.74629,-36.69012],[141.74874,-36.69116],[141.75066,-36.69195],[141.75121,-36.69222],[141.75164,-36.69251],[141.75357,-36.69384],[141.7557,-36.69533],[141.75622,-36.69572],[141.75667,-36.69608],[141.75805,-36.69771],[141.75874,-36.69849],[141.75961,-36.69966],[141.76062,-36.70092],[141.76115,-36.7016],[141.76162,-36.70206],[141.76197,-36.7023],[141.76231,-36.7025],[141.76285,-36.70273],[141.76337,-36.70288],[141.7639,-36.70296],[141.76569,-36.70314],[141.76887,-36.70345],[141.77082,-36.70363],[141.7719,-36.70372],[141.77294,-36.70387],[141.77594,-36.70419],[141.77727,-36.70431],[141.77852,-36.70445],[141.77885,-36.7045],[141.77914,-36.70456]]}},{"type":"Feature","properties":{"name":"Natimuk - Hamilton Road","class":3,"surf":0,"highway":"secondary","ref":"C214"},"geometry":{"type":"LineString","coordinates":[[141.94372,-36.93225],[141.94676,-36.92856]]}},{"type":"Feature","properties":{"name":"Jallumba - Clear Lake Road","class":4,"surf":0,"highway":"tertiary"},"geometry":{"type":"LineString","coordinates":[[141.94372,-36.93225],[141.94097,-36.93198]]}},{"type":"Feature","properties":{"name":"Natimuk - Hamilton Road","class":3,"surf":0,"highway":"secondary","ref":"C214"},"geometry":{"type":"LineString","coordinates":[[141.94676,-36.92856],[141.94685,-36.92844]]}},{"type":"Feature","properties":{"name":"Natimuk - Hamilton Road","class":3,"surf":0,"highway":"secondary","ref":"C214"},"geometry":{"type":"LineString","coordinates":[[141.94685,-36.92844],[141.94725,-36.92796],[141.95339,-36.92053],[141.95426,-36.91877],[141.95477,-36.91524],[141.95631,-36.90516],[141.96059,-36.87663],[141.96504,-36.84769],[141.96534,-36.84593],[141.96538,-36.84412],[141.96507,-36.84259],[141.96496,-36.84203],[141.96423,-36.83906],[141.96411,-36.83838],[141.96406,-36.83814],[141.96405,-36.8378]]}},{"type":"Feature","properties":{"name":"Hammondd-McCuish Road","class":4,"surf":0,"highway":"tertiary"},"geometry":{"type":"LineString","coordinates":[[141.95801,-36.83126],[141.95826,-36.83146],[141.96201,-36.83574]]}},{"type":"Feature","properties":{"name":"Arapiles-Grass Flat Road","class":4,"surf":0,"highway":"tertiary"},"geometry":{"type":"LineString","coordinates":[[141.8561,-36.74741],[141.85609,-36.74736],[141.85585,-36.73657],[141.85585,-36.73638],[141.85572,-36.72753],[141.85574,-36.72727]]}},{"type":"Feature","properties":{"name":"Lake Road","class":4,"surf":0,"highway":"tertiary"},"geometry":{"type":"LineString","coordinates":[[141.93198,-36.66824],[141.93193,-36.67087],[141.93195,-36.67464],[141.93208,-36.6766],[141.93213,-36.67711],[141.93222,-36.67762],[141.93225,-36.67803],[141.93224,-36.68065],[141.93224,-36.68413],[141.93224,-36.68549],[141.93225,-36.6865],[141.9323,-36.68681],[141.93244,-36.68723],[141.9327,-36.68766],[141.93306,-36.68802],[141.93361,-36.6884],[141.93421,-36.68865],[141.93447,-36.6887],[141.93493,-36.68875],[141.93548,-36.68877],[141.93633,-36.68875],[141.93686,-36.68879],[141.93733,-36.68891],[141.93781,-36.68908],[141.94004,-36.69021],[141.9405,-36.69056],[141.94116,-36.69126],[141.94196,-36.69218],[141.94223,-36.69254],[141.94255,-36.6931],[141.94347,-36.69497],[141.94374,-36.69584],[141.94416,-36.69733],[141.94427,-36.69814],[141.94435,-36.69865],[141.94448,-36.69903],[141.94481,-36.69955],[141.94663,-36.70231],[141.94685,-36.70274],[141.94709,-36.70334],[141.94726,-36.70399],[141.94746,-36.70575],[141.94749,-36.70651],[141.94735,-36.7074],[141.94695,-36.70947],[141.94681,-36.71003],[141.94656,-36.71059],[141.9463,-36.711],[141.9459,-36.71149],[141.94561,-36.71177],[141.94416,-36.7133],[141.94281,-36.71475],[141.94254,-36.71521],[141.94244,-36.7155],[141.94241,-36.71579],[141.94249,-36.71612],[141.94262,-36.71649],[141.94296,-36.71686],[141.94412,-36.71787],[141.94716,-36.7194],[141.95058,-36.72108],[141.95113,-36.72144],[141.95153,-36.72186],[141.95172,-36.72227],[141.9519,-36.72293],[141.9521,-36.72362],[141.95236,-36.72407],[141.95265,-36.72442],[141.95373,-36.72526],[141.95411,-36.72565],[141.95437,-36.72611],[141.95448,-36.72662],[141.95445,-36.72718],[141.95419,-36.72776],[141.95386,-36.72812],[141.95346,-36.72842],[141.95269,-36.72882],[141.95253,-36.7289],[141.9506,-36.72992],[141.94941,-36.73063],[141.94743,-36.73178],[141.94705,-36.73205],[141.94674,-36.73236],[141.94652,-36.73273],[141.94604,-36.73462],[141.94585,-36.7353]]}},{"type":"Feature","properties":{"name":"Lake Road","class":4,"surf":0,"highway":"tertiary"},"geometry":{"type":"LineString","coordinates":[[141.92028,-36.6402],[141.9203,-36.64099],[141.92028,-36.64677],[141.92036,-36.64717],[141.92082,-36.64801],[141.92183,-36.64871],[141.93124,-36.65395],[141.93182,-36.6545],[141.93207,-36.65494],[141.93228,-36.65546],[141.93228,-36.65594],[141.93227,-36.66111],[141.93225,-36.66521],[141.93223,-36.66612],[141.93207,-36.66689],[141.93198,-36.66824]]}},{"type":"Feature","properties":{"name":"Dimboola Road","class":1,"surf":0,"highway":"trunk","ref":"A8"},"geometry":{"type":"LineString","coordinates":[[142.17709,-36.70137],[142.17341,-36.69962]]}},{"type":"Feature","properties":{"name":"Dimboola Road","class":1,"surf":0,"highway":"trunk","ref":"A8"},"geometry":{"type":"LineString","coordinates":[[142.18163,-36.70356],[142.17709,-36.70137]]}},{"type":"Feature","properties":{"name":"Urquhart Street","class":3,"surf":0,"highway":"secondary"},"geometry":{"type":"LineString","coordinates":[[142.20235,-36.7117],[142.20235,-36.7118]]}},{"type":"Feature","properties":{"name":"Urquhart Street","class":3,"surf":0,"highway":"secondary"},"geometry":{"type":"LineString","coordinates":[[142.20221,-36.7118],[142.20221,-36.7117]]}},{"type":"Feature","properties":{"name":"Henty Highway","class":2,"surf":0,"highway":"primary","ref":"B200;B240"},"geometry":{"type":"LineString","coordinates":[[142.22476,-36.69548],[142.2255,-36.69458],[142.22721,-36.6923],[142.22846,-36.69062],[142.22945,-36.68903],[142.22961,-36.68881],[142.23225,-36.68533],[142.23424,-36.68269],[142.23447,-36.68234],[142.23801,-36.67768],[142.2404,-36.67457],[142.24049,-36.67445],[142.24364,-36.67029],[142.24514,-36.66833],[142.24555,-36.66773],[142.2469,-36.66598],[142.24798,-36.66456],[142.2483,-36.6642],[142.24866,-36.66387],[142.24909,-36.66354],[142.2497,-36.66318],[142.25038,-36.66288],[142.25109,-36.66265],[142.25213,-36.66238]]}},{"type":"Feature","properties":{"name":"Henty Highway","class":2,"surf":0,"highway":"primary","ref":"B200;B240"},"geometry":{"type":"LineString","coordinates":[[142.25918,-36.65356],[142.25923,-36.6533],[142.25928,-36.65307],[142.25932,-36.65281],[142.25935,-36.65246],[142.25938,-36.65098],[142.25934,-36.64654],[142.25933,-36.64561],[142.25933,-36.64549],[142.25933,-36.64531],[142.25926,-36.64211],[142.25926,-36.64176],[142.25926,-36.64171],[142.25929,-36.64017]]}},{"type":"Feature","properties":{"name":"Henty Highway","class":2,"surf":0,"highway":"primary","ref":"B200;B240"},"geometry":{"type":"LineString","coordinates":[[142.25213,-36.66238],[142.25321,-36.66211],[142.254,-36.66183],[142.25471,-36.66146],[142.25506,-36.6612],[142.25515,-36.66112],[142.2556,-36.66074],[142.25599,-36.66026],[142.25685,-36.65864],[142.25744,-36.6574],[142.25789,-36.65647],[142.25811,-36.65602],[142.25836,-36.65551],[142.25836,-36.6555],[142.25847,-36.65527],[142.2587,-36.65479],[142.25893,-36.65424],[142.25912,-36.65376],[142.25918,-36.65356]]}},{"type":"Feature","properties":{"name":"","class":4,"surf":0,"highway":"tertiary"},"geometry":{"type":"LineString","coordinates":[[141.96377,-36.83775],[141.96385,-36.83779],[141.96392,-36.8378],[141.96399,-36.8378],[141.96405,-36.8378]]}},{"type":"Feature","properties":{"name":"Hammondd-McCuish Road","class":4,"surf":0,"highway":"tertiary"},"geometry":{"type":"LineString","coordinates":[[141.96406,-36.83814],[141.96398,-36.83799],[141.9639,-36.83788],[141.96377,-36.83775]]}},{"type":"Feature","properties":{"name":"Hammondd-McCuish Road","class":4,"surf":0,"highway":"tertiary"},"geometry":{"type":"LineString","coordinates":[[141.96201,-36.83574],[141.96294,-36.83681],[141.96377,-36.83775]]}},{"type":"Feature","properties":{"name":"Jallumba-Clear Lake Road","class":4,"surf":0,"highway":"tertiary_link"},"geometry":{"type":"LineString","coordinates":[[141.86106,-36.92507],[141.86083,-36.92515],[141.86068,-36.92521],[141.86049,-36.92531],[141.86036,-36.92541],[141.86022,-36.92554],[141.86011,-36.92566],[141.86001,-36.92581],[141.85991,-36.92599],[141.85986,-36.92617],[141.85984,-36.92632],[141.85982,-36.9265]]}},{"type":"Feature","properties":{"name":"Horsham - Noradjuha Road","class":3,"surf":0,"highway":"secondary","ref":"C214"},"geometry":{"type":"LineString","coordinates":[[142.11372,-36.75877],[142.11439,-36.75755],[142.11712,-36.7521],[142.11725,-36.7517],[142.11734,-36.75129],[142.11737,-36.75088],[142.11731,-36.73907],[142.11731,-36.73898]]}},{"type":"Feature","properties":{"name":"Horsham - Noradjuha Road","class":3,"surf":0,"highway":"secondary","ref":"C214"},"geometry":{"type":"LineString","coordinates":[[142.11343,-36.75929],[142.11372,-36.75877]]}},{"type":"Feature","properties":{"name":"Meyers Road","class":4,"surf":0,"highway":"tertiary"},"geometry":{"type":"LineString","coordinates":[[141.93227,-36.66111],[141.93647,-36.66112],[141.93661,-36.66111],[141.93682,-36.66111],[141.94207,-36.66112],[141.94227,-36.66111],[141.94248,-36.6611],[141.94269,-36.66111],[141.9429,-36.66114],[141.94311,-36.66116],[141.94331,-36.6612],[141.94351,-36.66124],[141.94372,-36.66129],[141.94391,-36.66135],[141.9441,-36.66143],[141.94429,-36.66151],[141.94464,-36.66168],[141.94496,-36.6619],[141.94526,-36.66213],[141.94552,-36.66239],[141.94576,-36.66267],[141.94665,-36.66377],[141.9469,-36.66403],[141.94719,-36.66427],[141.9475,-36.66447],[141.94784,-36.66466],[141.94819,-36.6648],[141.94855,-36.66492],[141.94893,-36.66501],[141.94931,-36.66506],[141.95758,-36.6659],[141.95768,-36.66591],[141.95783,-36.66595],[141.95785,-36.66598],[141.95793,-36.666],[141.95796,-36.666],[141.95801,-36.66603]]}},{"type":"Feature","properties":{"name":"Three Chain Road","class":4,"surf":0,"highway":"tertiary"},"geometry":{"type":"LineString","coordinates":[[141.85574,-36.72727],[141.862,-36.72552],[141.86827,-36.72363],[141.87857,-36.72062],[141.87947,-36.72026],[141.88039,-36.71986],[141.88134,-36.71961],[141.88148,-36.71958],[141.88259,-36.71939],[141.89904,-36.7146],[141.90887,-36.71174],[141.90928,-36.71169],[141.92129,-36.71173]]}},{"type":"Feature","properties":{"name":"Wimmera Highway","class":2,"surf":0,"highway":"primary","ref":"B240"},"geometry":{"type":"LineString","coordinates":[[141.95307,-36.73666],[141.95216,-36.73708],[141.95117,-36.73763]]}},{"type":"Feature","properties":{"name":"Main Street","class":2,"surf":0,"highway":"primary","ref":"B240"},"geometry":{"type":"LineString","coordinates":[[141.95117,-36.73763],[141.9509,-36.73777],[141.9507,-36.73788],[141.94997,-36.73826],[141.94673,-36.73968],[141.94665,-36.73972],[141.94533,-36.74028]]}},{"type":"Feature","properties":{"name":"Wonwondah-Toolondo Road","class":4,"surf":0,"highway":"tertiary"},"geometry":{"type":"LineString","coordinates":[[142.12757,-36.87604],[142.1324,-36.87655],[142.13318,-36.87663],[142.1344,-36.87676],[142.13731,-36.87707],[142.13756,-36.8771]]}},{"type":"Feature","properties":{"name":"Wonwondah-Toolondo Road","class":4,"surf":0,"highway":"tertiary"},"geometry":{"type":"LineString","coordinates":[[142.12673,-36.87593],[142.12757,-36.87604]]}},{"type":"Feature","properties":{"name":"Henty Highway","class":1,"surf":0,"highway":"trunk","ref":"A200"},"geometry":{"type":"LineString","coordinates":[[142.15118,-36.95981],[142.15051,-36.95873],[142.14425,-36.94687],[142.1416,-36.94158],[142.14154,-36.94147],[142.14039,-36.93962],[142.14005,-36.93875],[142.13985,-36.93819],[142.13973,-36.93752],[142.13969,-36.93695],[142.13967,-36.93627],[142.13972,-36.92579],[142.13978,-36.91996],[142.13984,-36.91926],[142.13983,-36.91138],[142.13975,-36.91074],[142.13965,-36.91035],[142.13951,-36.90991],[142.13935,-36.90951],[142.13556,-36.9001],[142.13544,-36.8998],[142.13533,-36.89955],[142.13512,-36.89898],[142.13494,-36.89831],[142.13484,-36.89788],[142.13479,-36.89707],[142.13473,-36.89032],[142.13468,-36.88488],[142.13471,-36.88442],[142.13473,-36.8841],[142.13478,-36.88375],[142.13497,-36.88315],[142.13584,-36.88097],[142.13667,-36.87888],[142.13683,-36.87849],[142.13707,-36.87805],[142.13756,-36.8771],[142.13864,-36.87536],[142.1421,-36.86935],[142.14218,-36.86921],[142.14575,-36.86305],[142.14583,-36.86297],[142.14604,-36.86253],[142.15647,-36.84615],[142.15927,-36.84167],[142.16075,-36.83935],[142.16621,-36.83068],[142.16777,-36.82822],[142.16807,-36.82771],[142.16835,-36.82714],[142.16858,-36.82637],[142.16865,-36.8258],[142.1688,-36.82494],[142.16924,-36.82248],[142.1699,-36.81874],[142.17042,-36.81583],[142.17065,-36.81462],[142.17083,-36.814],[142.17108,-36.81352],[142.17134,-36.8132],[142.17163,-36.81281],[142.17302,-36.81126],[142.17323,-36.81098],[142.17345,-36.81057],[142.17367,-36.8101],[142.17375,-36.80988],[142.17388,-36.80947],[142.17393,-36.80907],[142.17394,-36.80859],[142.17402,-36.79946],[142.17405,-36.79531],[142.17407,-36.78334],[142.1741,-36.7827],[142.17412,-36.78263],[142.1742,-36.78219],[142.17423,-36.78199],[142.17455,-36.78124],[142.17484,-36.78074],[142.17507,-36.78045],[142.17524,-36.78024],[142.17546,-36.78001],[142.17579,-36.77973],[142.17608,-36.77949],[142.17635,-36.7793],[142.17699,-36.77889]]}},{"type":"Feature","properties":{"name":"Henty Highway","class":1,"surf":0,"highway":"trunk","ref":"A200"},"geometry":{"type":"LineString","coordinates":[[142.15154,-36.9603],[142.15118,-36.95981]]}},{"type":"Feature","properties":{"name":"Telangatuk East-Rocklands Road","class":4,"surf":0,"highway":"tertiary"},"geometry":{"type":"LineString","coordinates":[[141.96585,-37.14341],[141.96511,-37.14825],[141.96506,-37.14854],[141.96495,-37.1493],[141.96432,-37.15372],[141.9641,-37.15526],[141.96407,-37.15544],[141.96435,-37.15656],[141.9645,-37.15716],[141.9646,-37.15757],[141.96575,-37.16178],[141.96601,-37.16266],[141.96632,-37.16373],[141.96658,-37.16446],[141.9669,-37.16498],[141.9673,-37.16539],[141.96804,-37.16585],[141.96896,-37.16633],[141.96937,-37.16654],[141.97047,-37.1671],[141.9709,-37.16727],[141.97192,-37.16758],[141.97262,-37.16775],[141.97343,-37.16799],[141.97401,-37.1682],[141.97438,-37.1685],[141.97479,-37.16896],[141.97586,-37.17059],[141.97586,-37.17103],[141.97586,-37.17114],[141.97586,-37.17157],[141.9756,-37.17233],[141.97548,-37.17258],[141.97524,-37.17312],[141.97477,-37.17423],[141.97453,-37.17482],[141.97441,-37.17524],[141.97428,-37.17594],[141.97416,-37.17661],[141.97384,-37.1789],[141.97376,-37.17951],[141.97363,-37.18035],[141.97333,-37.18223],[141.97326,-37.18272],[141.97323,-37.1829],[141.97316,-37.18333],[141.97285,-37.18542],[141.97283,-37.18557],[141.9728,-37.18574],[141.97273,-37.18614],[141.97254,-37.18736],[141.97248,-37.18864],[141.97247,-37.18886],[141.97227,-37.19014],[141.97187,-37.19283],[141.97184,-37.19304],[141.97145,-37.1948],[141.97142,-37.19496],[141.97105,-37.19581],[141.97072,-37.19611],[141.97,-37.19651],[141.96956,-37.19672],[141.96907,-37.19684],[141.96889,-37.19688],[141.96867,-37.19687],[141.96787,-37.19683],[141.96652,-37.19669],[141.96496,-37.19653],[141.96437,-37.19647],[141.96163,-37.19622],[141.96081,-37.19614],[141.96042,-37.19611],[141.95948,-37.19615],[141.95836,-37.19633],[141.95768,-37.19658],[141.95697,-37.19701],[141.95623,-37.19743],[141.9559,-37.19801],[141.95568,-37.19852],[141.95543,-37.19924],[141.95515,-37.20105],[141.95451,-37.20466],[141.95409,-37.20724],[141.95395,-37.20784],[141.95381,-37.20821],[141.95374,-37.2084],[141.95345,-37.20875],[141.95338,-37.20881],[141.95305,-37.20908],[141.95283,-37.20923],[141.95232,-37.20945],[141.9509,-37.20977],[141.94879,-37.21014],[141.94555,-37.21073],[141.94518,-37.21078],[141.94506,-37.21078],[141.94485,-37.21072]]}},{"type":"Feature","properties":{"name":"Natimuk Road","class":2,"surf":0,"highway":"primary","ref":"B240"},"geometry":{"type":"LineString","coordinates":[[142.18551,-36.71933],[142.18727,-36.71865]]}},{"type":"Feature","properties":{"name":"Natimuk Road","class":2,"surf":0,"highway":"primary","ref":"B240"},"geometry":{"type":"LineString","coordinates":[[142.18523,-36.71951],[142.183,-36.72035],[142.18278,-36.72043],[142.18266,-36.72047],[142.18255,-36.72051],[142.18213,-36.72065]]}},{"type":"Feature","properties":{"name":"Wimmera Highway","class":2,"surf":0,"highway":"primary","ref":"B240"},"geometry":{"type":"LineString","coordinates":[[141.93424,-36.74475],[141.93373,-36.74486]]}},{"type":"Feature","properties":{"name":"Wimmera Highway","class":2,"surf":0,"highway":"primary","ref":"B240"},"geometry":{"type":"LineString","coordinates":[[141.93373,-36.74486],[141.93368,-36.74487],[141.93274,-36.74507],[141.93224,-36.74523]]}},{"type":"Feature","properties":{"name":"Horsham-Minyip Road","class":3,"surf":0,"highway":"secondary","ref":"C236"},"geometry":{"type":"LineString","coordinates":[[142.40029,-36.50044],[142.3999,-36.50043]]}},{"type":"Feature","properties":{"name":"Horsham-Minyip Road","class":3,"surf":0,"highway":"secondary","ref":"C236"},"geometry":{"type":"LineString","coordinates":[[142.3999,-36.50043],[142.39935,-36.50045],[142.39897,-36.50049],[142.39859,-36.50055],[142.39822,-36.50063],[142.39482,-36.50151],[142.39113,-36.50238],[142.39084,-36.50243],[142.39043,-36.50248],[142.39001,-36.5025],[142.38955,-36.50249],[142.37971,-36.50251],[142.35345,-36.50249],[142.34776,-36.50247],[142.34672,-36.50246],[142.34647,-36.50244],[142.34635,-36.50243],[142.3462,-36.5024],[142.34606,-36.50236],[142.34598,-36.50233]]}},{"type":"Feature","properties":{"name":"Dimboola-Minyip Road","class":4,"surf":0,"highway":"tertiary"},"geometry":{"type":"LineString","coordinates":[[142.37987,-36.44922],[142.37965,-36.44918],[142.37947,-36.44916],[142.3793,-36.44915],[142.37882,-36.44912],[142.35919,-36.44906],[142.35503,-36.44906],[142.35243,-36.44906],[142.35186,-36.44901],[142.35127,-36.44888],[142.35067,-36.44858],[142.35016,-36.44819],[142.34978,-36.44778],[142.34908,-36.44693],[142.34489,-36.44167],[142.34457,-36.44134],[142.34414,-36.44098],[142.3437,-36.44069],[142.34326,-36.44046],[142.34273,-36.44025],[142.34225,-36.44009],[142.34181,-36.44],[142.34118,-36.43993],[142.34053,-36.4399],[142.33507,-36.4399],[142.33438,-36.43991],[142.33365,-36.43999],[142.33128,-36.44038],[142.33079,-36.44041],[142.33,-36.44038],[142.32868,-36.44031],[142.32747,-36.44022]]}},{"type":"Feature","properties":{"name":"Jallumba - Clear Lake Road","class":4,"surf":0,"highway":"tertiary"},"geometry":{"type":"LineString","coordinates":[[141.94097,-36.93198],[141.94083,-36.93197]]}},{"type":"Feature","properties":{"name":"Jallumba - Clear Lake Road","class":4,"surf":0,"highway":"tertiary"},"geometry":{"type":"LineString","coordinates":[[141.94083,-36.93197],[141.94043,-36.93193],[141.92758,-36.93074],[141.90601,-36.92849],[141.87427,-36.92533],[141.86534,-36.92444],[141.86467,-36.92453],[141.86106,-36.92507],[141.85965,-36.92528]]}},{"type":"Feature","properties":{"name":"Horsham - Noradjuha Road","class":3,"surf":0,"highway":"secondary","ref":"C214"},"geometry":{"type":"LineString","coordinates":[[142.08435,-36.78528],[142.09948,-36.77707],[142.09957,-36.77702],[142.10428,-36.77444],[142.10473,-36.77413],[142.10514,-36.77379],[142.10529,-36.77364],[142.10988,-36.76864],[142.11016,-36.76828],[142.11033,-36.7679],[142.11042,-36.76746],[142.11046,-36.76702],[142.11041,-36.76661],[142.11032,-36.76597],[142.11025,-36.76551],[142.11023,-36.76524],[142.11029,-36.76495],[142.11045,-36.76466],[142.11135,-36.763],[142.11298,-36.76012],[142.11343,-36.75929]]}},{"type":"Feature","properties":{"name":"Horsham - Noradjuha Road","class":3,"surf":0,"highway":"secondary","ref":"C214"},"geometry":{"type":"LineString","coordinates":[[142.08413,-36.7854],[142.08435,-36.78528]]}},{"type":"Feature","properties":{"name":"Western Highway","class":1,"surf":0,"highway":"trunk","ref":"A8"},"geometry":{"type":"LineString","coordinates":[[142.05898,-36.46003],[142.05963,-36.46036],[142.06075,-36.46095],[142.06539,-36.46338],[142.06834,-36.46492],[142.07457,-36.46817],[142.07552,-36.46866],[142.07712,-36.46953],[142.07752,-36.46976],[142.07843,-36.47035],[142.07854,-36.47044],[142.07929,-36.47098],[142.08645,-36.47652],[142.09711,-36.48477],[142.09769,-36.48525],[142.09824,-36.48576],[142.09875,-36.48641],[142.09913,-36.48702],[142.09926,-36.48728],[142.09946,-36.48772],[142.09962,-36.48821],[142.0997,-36.48861],[142.09977,-36.48899],[142.0998,-36.48937],[142.09982,-36.49027],[142.09988,-36.49283],[142.09987,-36.49733],[142.09987,-36.50108],[142.09991,-36.50158],[142.09998,-36.50197],[142.10008,-36.50236],[142.10028,-36.50283],[142.1005,-36.50322],[142.10074,-36.50359],[142.101,-36.50391],[142.10226,-36.5052],[142.10266,-36.50559],[142.10314,-36.50615],[142.10324,-36.50627],[142.10353,-36.50674],[142.10379,-36.50726],[142.10395,-36.50776],[142.10405,-36.50818],[142.10415,-36.509]]}},{"type":"Feature","properties":{"name":"Wimmera Highway","class":2,"surf":0,"highway":"primary_link"},"geometry":{"type":"LineString","coordinates":[[142.25964,-36.6382],[142.25968,-36.63828],[142.25973,-36.63835],[142.25978,-36.63836]]}},{"type":"Feature","properties":{"name":"Wimmera Highway","class":2,"surf":0,"highway":"primary_link","ref":"B240"},"geometry":{"type":"LineString","coordinates":[[142.26005,-36.63835],[142.25988,-36.63852],[142.25974,-36.63868],[142.25962,-36.63886],[142.25952,-36.63904],[142.25943,-36.63932],[142.25933,-36.63972]]}},{"type":"Feature","properties":{"name":"Wimmera Highway","class":2,"surf":0,"highway":"primary","ref":"B240"},"geometry":{"type":"LineString","coordinates":[[142.26005,-36.63835],[142.25995,-36.6384],[142.25975,-36.63853],[142.25966,-36.63858],[142.25956,-36.6386],[142.25951,-36.6386],[142.25943,-36.6386]]}},{"type":"Feature","properties":{"name":"Wimmera Highway","class":2,"surf":0,"highway":"primary","ref":"B240"},"geometry":{"type":"LineString","coordinates":[[142.26094,-36.63791],[142.26235,-36.63749],[142.26444,-36.63685],[142.27297,-36.63421],[142.27631,-36.63322],[142.27748,-36.63288],[142.27795,-36.63283],[142.27853,-36.63277],[142.29359,-36.63271],[142.30305,-36.63267],[142.3052,-36.63267]]}},{"type":"Feature","properties":{"name":"Baillie Street","class":1,"surf":0,"highway":"trunk","ref":"A8"},"geometry":{"type":"LineString","coordinates":[[142.19976,-36.71182],[142.19965,-36.71181],[142.19928,-36.71181],[142.19919,-36.7118],[142.19909,-36.7118],[142.19898,-36.71179],[142.1989,-36.71177],[142.19883,-36.71175],[142.19874,-36.71172]]}},{"type":"Feature","properties":{"name":"Baillie Street","class":1,"surf":0,"highway":"trunk","ref":"A8"},"geometry":{"type":"LineString","coordinates":[[142.19858,-36.71155],[142.19864,-36.71158],[142.19871,-36.71161],[142.19881,-36.71165],[142.19892,-36.71167],[142.19903,-36.71169],[142.19913,-36.7117],[142.19926,-36.7117],[142.19951,-36.7117],[142.19966,-36.71171]]}},{"type":"Feature","properties":{"name":"Baillie Street","class":1,"surf":0,"highway":"trunk","ref":"A8"},"geometry":{"type":"LineString","coordinates":[[142.20324,-36.71169],[142.2047,-36.71169],[142.20483,-36.71169]]}},{"type":"Feature","properties":{"name":"Baillie Street","class":1,"surf":0,"highway":"trunk","ref":"A8"},"geometry":{"type":"LineString","coordinates":[[142.20447,-36.7118],[142.20324,-36.7118],[142.20251,-36.7118],[142.20235,-36.7118]]}},{"type":"Feature","properties":{"name":"Henty Highway","class":2,"surf":0,"highway":"primary","ref":"B200;B240"},"geometry":{"type":"LineString","coordinates":[[142.25943,-36.6386],[142.25944,-36.63857],[142.25946,-36.63851]]}},{"type":"Feature","properties":{"name":"Natimuk - Hamilton Road","class":3,"surf":0,"highway":"secondary","ref":"C214"},"geometry":{"type":"LineString","coordinates":[[141.93996,-36.95887],[141.93896,-36.9658],[141.93785,-36.97296],[141.93702,-36.97843],[141.93634,-36.98288],[141.93602,-36.98492],[141.93574,-36.98678]]}},{"type":"Feature","properties":{"name":"Natimuk - Hamilton Road","class":3,"surf":0,"highway":"secondary","ref":"C214"},"geometry":{"type":"LineString","coordinates":[[141.94,-36.95861],[141.93996,-36.95887]]}},{"type":"Feature","properties":{"name":"Dimboola Road","class":1,"surf":0,"highway":"trunk","ref":"A8"},"geometry":{"type":"LineString","coordinates":[[142.19755,-36.71102],[142.19769,-36.71109],[142.19809,-36.71129],[142.19834,-36.71142],[142.19846,-36.71148],[142.19858,-36.71155]]}},{"type":"Feature","properties":{"name":"Dimboola Road","class":1,"surf":0,"highway":"trunk","ref":"A8"},"geometry":{"type":"LineString","coordinates":[[142.19626,-36.71046],[142.19607,-36.71038],[142.19583,-36.71028],[142.19568,-36.71021],[142.19561,-36.71018],[142.19558,-36.71016],[142.19547,-36.71011],[142.19537,-36.71006],[142.19522,-36.70999],[142.19511,-36.70994],[142.19505,-36.70991],[142.19499,-36.70988],[142.19483,-36.70981],[142.19466,-36.70973]]}},{"type":"Feature","properties":{"name":"Lake Road","class":4,"surf":0,"highway":"tertiary"},"geometry":{"type":"LineString","coordinates":[[141.94469,-36.74015],[141.94485,-36.74043],[141.94489,-36.74048]]}},{"type":"Feature","properties":{"name":"Main Street","class":2,"surf":0,"highway":"primary","ref":"B240"},"geometry":{"type":"LineString","coordinates":[[141.94489,-36.74048],[141.94398,-36.74088],[141.94347,-36.7411]]}},{"type":"Feature","properties":{"name":"Main Street","class":2,"surf":0,"highway":"primary","ref":"B240"},"geometry":{"type":"LineString","coordinates":[[141.93951,-36.74285],[141.93917,-36.74301],[141.9373,-36.74381],[141.93698,-36.74396],[141.93631,-36.74422],[141.93583,-36.74438],[141.93568,-36.74442],[141.93424,-36.74475]]}},{"type":"Feature","properties":{"name":"Arapiles-Grass Flat Road","class":4,"surf":0,"highway":"tertiary"},"geometry":{"type":"LineString","coordinates":[[141.85818,-36.71116],[141.86073,-36.69469],[141.86079,-36.69423],[141.86241,-36.68369],[141.86332,-36.67768],[141.86529,-36.66494],[141.86616,-36.65927],[141.87022,-36.63304]]}},{"type":"Feature","properties":{"name":"Arapiles-Grass Flat Road","class":4,"surf":0,"highway":"tertiary"},"geometry":{"type":"LineString","coordinates":[[141.85574,-36.72727],[141.85576,-36.72715],[141.85817,-36.71121],[141.85818,-36.71116]]}},{"type":"Feature","properties":{"name":"Main Street","class":2,"surf":0,"highway":"primary","ref":"B240"},"geometry":{"type":"LineString","coordinates":[[141.94326,-36.74118],[141.94316,-36.74123]]}},{"type":"Feature","properties":{"name":"Main Street","class":2,"surf":0,"highway":"primary","ref":"B240"},"geometry":{"type":"LineString","coordinates":[[141.94347,-36.7411],[141.94326,-36.74118]]}},{"type":"Feature","properties":{"name":"Main Street","class":2,"surf":0,"highway":"primary","ref":"B240"},"geometry":{"type":"LineString","coordinates":[[141.94316,-36.74123],[141.94219,-36.74167],[141.94137,-36.74202],[141.94019,-36.74253],[141.93951,-36.74285]]}},{"type":"Feature","properties":{"name":"Main Street","class":2,"surf":0,"highway":"primary","ref":"B240"},"geometry":{"type":"LineString","coordinates":[[141.94533,-36.74028],[141.94489,-36.74048]]}},{"type":"Feature","properties":{"name":"Henty Highway","class":2,"surf":0,"highway":"primary","ref":"B200;B240"},"geometry":{"type":"LineString","coordinates":[[142.25929,-36.64017],[142.25926,-36.63999],[142.25926,-36.63968],[142.25929,-36.63945],[142.25934,-36.63912],[142.25937,-36.6389],[142.25941,-36.63869],[142.25943,-36.6386]]}},{"type":"Feature","properties":{"name":"Longerenong Road","class":4,"surf":0,"highway":"tertiary"},"geometry":{"type":"LineString","coordinates":[[142.25506,-36.6612],[142.25515,-36.66124],[142.26021,-36.66336]]}},{"type":"Feature","properties":{"name":"Wimmera Highway","class":2,"surf":0,"highway":"primary","ref":"B240"},"geometry":{"type":"LineString","coordinates":[[142.3052,-36.63267],[142.30865,-36.63266],[142.31133,-36.63266],[142.31204,-36.63265]]}},{"type":"Feature","properties":{"name":"Wimmera Highway","class":2,"surf":0,"highway":"primary","ref":"B240"},"geometry":{"type":"LineString","coordinates":[[142.31204,-36.63265],[142.32127,-36.63249],[142.33154,-36.6325],[142.3373,-36.63251],[142.34464,-36.63251],[142.34547,-36.63246],[142.34636,-36.63229],[142.347,-36.63209],[142.34771,-36.6318],[142.34826,-36.63152],[142.34894,-36.63109],[142.3548,-36.62667],[142.35859,-36.62374],[142.36009,-36.62261],[142.36063,-36.62222],[142.36119,-36.62186],[142.36172,-36.62158],[142.36246,-36.6213],[142.3632,-36.62114],[142.36382,-36.62106],[142.36485,-36.62103],[142.37272,-36.62104]]}},{"type":"Feature","properties":{"name":"McPherson Street","class":1,"surf":0,"highway":"trunk","ref":"A8;A200;B240"},"geometry":{"type":"LineString","coordinates":[[142.20493,-36.71666],[142.20492,-36.71657]]}},{"type":"Feature","properties":{"name":"McPherson Street","class":1,"surf":0,"highway":"trunk","ref":"A8;A200"},"geometry":{"type":"LineString","coordinates":[[142.20498,-36.722],[142.20498,-36.72143],[142.20497,-36.72085],[142.20497,-36.72054],[142.20496,-36.72026],[142.20496,-36.71965],[142.20495,-36.71868]]}},{"type":"Feature","properties":{"name":"McPherson Street","class":1,"surf":0,"highway":"trunk","ref":"A8;A200;B240"},"geometry":{"type":"LineString","coordinates":[[142.20494,-36.71169],[142.20494,-36.71181]]}},{"type":"Feature","properties":{"name":"Baillie Street","class":1,"surf":0,"highway":"trunk","ref":"A8;B200;B240"},"geometry":{"type":"LineString","coordinates":[[142.20483,-36.71169],[142.20494,-36.71169]]}},{"type":"Feature","properties":{"name":"Baillie Street","class":1,"surf":0,"highway":"trunk","ref":"A8"},"geometry":{"type":"LineString","coordinates":[[142.20494,-36.71181],[142.20483,-36.7118]]}},{"type":"Feature","properties":{"name":"Polkemmet Road","class":4,"surf":0,"highway":"tertiary"},"geometry":{"type":"LineString","coordinates":[[142.0988,-36.66186],[142.09598,-36.66167],[142.08075,-36.66052],[142.07667,-36.66024],[142.06703,-36.65961],[142.06269,-36.65927],[142.05829,-36.65904],[142.05746,-36.65895],[142.05679,-36.65881],[142.05533,-36.65829],[142.05409,-36.6579],[142.05332,-36.65778],[142.05042,-36.65767],[142.04554,-36.65729],[142.04466,-36.65724],[142.03936,-36.65685],[142.03586,-36.65662],[142.03475,-36.65664],[142.03253,-36.6569],[142.03146,-36.65692],[142.02545,-36.6565],[142.01601,-36.65597],[142.00935,-36.65556],[142.00381,-36.65522],[141.99952,-36.6552],[141.99531,-36.65519],[141.99457,-36.65513],[141.99386,-36.65495],[141.99094,-36.65393],[141.99059,-36.65387],[141.99003,-36.65377],[141.9825,-36.65269],[141.98172,-36.65263],[141.98126,-36.65265],[141.98076,-36.65277],[141.97903,-36.65347],[141.97785,-36.65398]]}},{"type":"Feature","properties":{"name":"Hutchinsons Road","class":4,"surf":0,"highway":"tertiary"},"geometry":{"type":"LineString","coordinates":[[142.04514,-36.76869],[142.04511,-36.76409],[142.0451,-36.7628],[142.04509,-36.76123],[142.04507,-36.75573],[142.04498,-36.73905],[142.04498,-36.739]]}},{"type":"Feature","properties":{"name":"Three Bridges Road","class":4,"surf":0,"highway":"tertiary"},"geometry":{"type":"LineString","coordinates":[[142.16058,-36.76349],[142.1604,-36.7636]]}},{"type":"Feature","properties":{"name":"Three Bridges Road","class":4,"surf":0,"highway":"tertiary"},"geometry":{"type":"LineString","coordinates":[[142.1604,-36.7636],[142.15925,-36.7642],[142.15877,-36.76442],[142.15828,-36.76461],[142.15776,-36.76476],[142.15703,-36.76487],[142.15504,-36.76512],[142.1539,-36.76515],[142.15009,-36.76511],[142.1493,-36.76514],[142.14697,-36.76508],[142.14093,-36.76509],[142.13856,-36.76507],[142.13824,-36.76505],[142.13785,-36.76499],[142.1375,-36.76489],[142.13703,-36.7647],[142.13683,-36.76458],[142.13653,-36.76437],[142.13626,-36.76416],[142.13601,-36.76387],[142.1358,-36.76356],[142.13566,-36.76327],[142.13556,-36.76295],[142.13553,-36.76275],[142.1355,-36.76206],[142.13545,-36.75881],[142.13544,-36.75808],[142.13542,-36.75795],[142.13541,-36.75786],[142.13537,-36.75771],[142.13518,-36.75727],[142.13498,-36.757],[142.13474,-36.75673],[142.13447,-36.75649],[142.13416,-36.75626],[142.13387,-36.75611],[142.13352,-36.75598],[142.13313,-36.75586],[142.13281,-36.75577],[142.13242,-36.75574],[142.13185,-36.75576],[142.13089,-36.75585],[142.12592,-36.75639],[142.12528,-36.75648],[142.12472,-36.75659],[142.12425,-36.75673],[142.12311,-36.75716],[142.11704,-36.75987],[142.11651,-36.76007],[142.11585,-36.76025],[142.11526,-36.76034],[142.11492,-36.76034],[142.11456,-36.76033],[142.11365,-36.76022],[142.11298,-36.76012]]}},{"type":"Feature","properties":{"name":"Henty Highway","class":1,"surf":0,"highway":"trunk","ref":"A200"},"geometry":{"type":"LineString","coordinates":[[142.17739,-36.77862],[142.17782,-36.77833],[142.17839,-36.77792],[142.17894,-36.77754],[142.17907,-36.77745],[142.17954,-36.77708],[142.17991,-36.77673],[142.18037,-36.77616],[142.1815,-36.77452],[142.18186,-36.774],[142.18372,-36.77118],[142.18615,-36.76761],[142.18693,-36.76646],[142.19028,-36.76154]]}},{"type":"Feature","properties":{"name":"Henty Highway","class":1,"surf":0,"highway":"trunk","ref":"A200"},"geometry":{"type":"LineString","coordinates":[[142.17699,-36.77889],[142.17739,-36.77862]]}},{"type":"Feature","properties":{"name":"Kalkee Road","class":3,"surf":0,"highway":"secondary","ref":"C221"},"geometry":{"type":"LineString","coordinates":[[142.20125,-36.70652],[142.20118,-36.70646],[142.20115,-36.70643]]}},{"type":"Feature","properties":{"name":"Kalkee Road","class":3,"surf":0,"highway":"secondary","ref":"C221"},"geometry":{"type":"LineString","coordinates":[[142.20202,-36.70708],[142.20195,-36.70702],[142.20187,-36.70696],[142.20181,-36.70691],[142.20166,-36.70681],[142.20148,-36.70669],[142.20135,-36.7066],[142.20125,-36.70652]]}},{"type":"Feature","properties":{"name":"Dimboola Road","class":1,"surf":0,"highway":"trunk","ref":"A8"},"geometry":{"type":"LineString","coordinates":[[142.19732,-36.71089],[142.19755,-36.71102]]}},{"type":"Feature","properties":{"name":"Dimboola Road","class":1,"surf":0,"highway":"trunk","ref":"A8"},"geometry":{"type":"LineString","coordinates":[[142.19708,-36.71076],[142.19732,-36.71089]]}},{"type":"Feature","properties":{"name":"Dimboola Road","class":1,"surf":0,"highway":"trunk","ref":"A8"},"geometry":{"type":"LineString","coordinates":[[142.19728,-36.71095],[142.19704,-36.71083]]}},{"type":"Feature","properties":{"name":"McPherson Street","class":1,"surf":0,"highway":"trunk","ref":"A200;B240"},"geometry":{"type":"LineString","coordinates":[[142.20483,-36.7118],[142.20483,-36.71169]]}},{"type":"Feature","properties":{"name":"Baillie Street","class":1,"surf":0,"highway":"trunk","ref":"A8"},"geometry":{"type":"LineString","coordinates":[[142.20483,-36.7118],[142.20447,-36.7118]]}},{"type":"Feature","properties":{"name":"Baillie Street","class":1,"surf":0,"highway":"trunk","ref":"A8"},"geometry":{"type":"LineString","coordinates":[[142.20235,-36.7118],[142.20221,-36.7118]]}},{"type":"Feature","properties":{"name":"Baillie Street","class":1,"surf":0,"highway":"trunk","ref":"A8"},"geometry":{"type":"LineString","coordinates":[[142.20221,-36.7117],[142.20235,-36.7117]]}},{"type":"Feature","properties":{"name":"Dimboola Road","class":1,"surf":0,"highway":"trunk","ref":"A8"},"geometry":{"type":"LineString","coordinates":[[142.1921,-36.70849],[142.19182,-36.70836],[142.19169,-36.7083],[142.19163,-36.70827]]}},{"type":"Feature","properties":{"name":"Dimboola Road","class":1,"surf":0,"highway":"trunk","ref":"A8"},"geometry":{"type":"LineString","coordinates":[[142.19271,-36.70878],[142.19262,-36.70874]]}},{"type":"Feature","properties":{"name":"Dimboola Road","class":1,"surf":0,"highway":"trunk","ref":"A8"},"geometry":{"type":"LineString","coordinates":[[142.19268,-36.70866],[142.19277,-36.70871]]}},{"type":"Feature","properties":{"name":"Dimboola Road","class":1,"surf":0,"highway":"trunk","ref":"A8"},"geometry":{"type":"LineString","coordinates":[[142.18989,-36.70738],[142.19001,-36.70743],[142.19047,-36.70762],[142.19099,-36.70786],[142.19159,-36.70815]]}},{"type":"Feature","properties":{"name":"Dimboola Road","class":1,"surf":0,"highway":"trunk","ref":"A8"},"geometry":{"type":"LineString","coordinates":[[142.19153,-36.70822],[142.191,-36.70798],[142.19083,-36.70791],[142.18996,-36.70752],[142.18983,-36.70746]]}},{"type":"Feature","properties":{"name":"Dimboola Road","class":1,"surf":0,"highway":"trunk","ref":"A8"},"geometry":{"type":"LineString","coordinates":[[142.19163,-36.70827],[142.19153,-36.70822]]}},{"type":"Feature","properties":{"name":"Dimboola Road","class":1,"surf":0,"highway":"trunk","ref":"A8"},"geometry":{"type":"LineString","coordinates":[[142.19169,-36.70819],[142.19175,-36.70822],[142.19216,-36.70842]]}},{"type":"Feature","properties":{"name":"Dimboola Road","class":1,"surf":0,"highway":"trunk","ref":"A8"},"geometry":{"type":"LineString","coordinates":[[142.19159,-36.70815],[142.19169,-36.70819]]}},{"type":"Feature","properties":{"name":"Dimboola Road","class":1,"surf":0,"highway":"trunk","ref":"A8"},"geometry":{"type":"LineString","coordinates":[[142.19262,-36.70874],[142.1921,-36.70849]]}},{"type":"Feature","properties":{"name":"Dimboola Road","class":1,"surf":0,"highway":"trunk","ref":"A8"},"geometry":{"type":"LineString","coordinates":[[142.19216,-36.70842],[142.19268,-36.70866]]}},{"type":"Feature","properties":{"name":"Riverside Road","class":4,"surf":0,"highway":"tertiary"},"geometry":{"type":"LineString","coordinates":[[142.22387,-36.69658],[142.22408,-36.69669],[142.22435,-36.69677]]}},{"type":"Feature","properties":{"name":"Riverside Road","class":4,"surf":0,"highway":"tertiary"},"geometry":{"type":"LineString","coordinates":[[142.22435,-36.69677],[142.22421,-36.69679],[142.224,-36.69677],[142.22384,-36.69672],[142.22376,-36.69669]]}},{"type":"Feature","properties":{"name":"Wimmera Highway","class":2,"surf":0,"highway":"primary","ref":"B240"},"geometry":{"type":"LineString","coordinates":[[142.26094,-36.63791],[142.26048,-36.63812]]}},{"type":"Feature","properties":{"name":"Wimmera Highway","class":2,"surf":0,"highway":"primary","ref":"B240"},"geometry":{"type":"LineString","coordinates":[[142.26051,-36.63804],[142.26094,-36.63791]]}},{"type":"Feature","properties":{"name":"Mount Victory Road","class":3,"surf":0,"highway":"secondary","ref":"C222"},"geometry":{"type":"LineString","coordinates":[[142.36492,-37.06487],[142.36572,-37.06581],[142.36699,-37.06716],[142.36742,-37.06765],[142.36767,-37.06802],[142.36786,-37.06837],[142.36801,-37.0689],[142.36829,-37.0711],[142.36826,-37.07154],[142.36818,-37.07193],[142.36807,-37.0723],[142.36782,-37.07273],[142.36688,-37.07388],[142.36662,-37.07426],[142.36644,-37.07458],[142.36632,-37.07503],[142.36622,-37.07592],[142.36625,-37.07642],[142.36631,-37.07672],[142.36658,-37.07764]]}},{"type":"Feature","properties":{"name":"Northern Grampians Road","class":3,"surf":0,"highway":"secondary","ref":"C793"},"geometry":{"type":"LineString","coordinates":[[142.32234,-36.8838],[142.32215,-36.88379],[142.322,-36.88379],[142.32192,-36.88372],[142.32188,-36.88364],[142.32186,-36.88337],[142.32179,-36.88312],[142.32175,-36.88299],[142.32024,-36.87966],[142.31941,-36.87761],[142.31905,-36.8771],[142.31869,-36.87668],[142.31819,-36.87626],[142.31742,-36.87586],[142.31687,-36.87565],[142.31646,-36.87555]]}},{"type":"Feature","properties":{"name":"Henty Highway","class":1,"surf":0,"highway":"trunk","ref":"A200"},"geometry":{"type":"LineString","coordinates":[[142.20301,-36.74275],[142.2043,-36.74085],[142.20483,-36.74008],[142.20524,-36.73913],[142.20536,-36.73889],[142.2054,-36.73877]]}},{"type":"Feature","properties":{"name":"Henty Highway","class":1,"surf":0,"highway":"trunk","ref":"A200"},"geometry":{"type":"LineString","coordinates":[[142.19028,-36.76154],[142.19046,-36.76127],[142.19213,-36.75884],[142.1937,-36.75652],[142.19454,-36.75528],[142.19473,-36.75501],[142.19494,-36.75469],[142.19611,-36.75297]]}},{"type":"Feature","properties":{"name":"Kalkee Road","class":3,"surf":0,"highway":"secondary","ref":"C221"},"geometry":{"type":"LineString","coordinates":[[142.20221,-36.69696],[142.2022,-36.69738],[142.2022,-36.69754],[142.20219,-36.69766],[142.20216,-36.69777],[142.20212,-36.69787],[142.20181,-36.69872]]}},{"type":"Feature","properties":{"name":"Harrow - Clear Lake Road","class":4,"surf":0,"highway":"tertiary"},"geometry":{"type":"LineString","coordinates":[[141.85965,-36.92528],[141.85982,-36.9265],[141.86111,-36.93546],[141.86113,-36.93554],[141.86121,-36.93604],[141.86132,-36.9364],[141.86184,-36.9381],[141.8643,-36.94572],[141.86571,-36.95009],[141.86584,-36.9504],[141.86597,-36.95068],[141.86621,-36.95115],[141.86901,-36.95566],[141.86912,-36.95599],[141.86916,-36.95634],[141.86857,-36.96765]]}},{"type":"Feature","properties":{"name":"Western Highway","class":1,"surf":0,"highway":"trunk","ref":"A8"},"geometry":{"type":"LineString","coordinates":[[142.22142,-36.74569],[142.21872,-36.7442],[142.21808,-36.74376],[142.21719,-36.74305],[142.21577,-36.74186]]}},{"type":"Feature","properties":{"name":"Western Highway","class":1,"surf":0,"highway":"trunk","ref":"A8"},"geometry":{"type":"LineString","coordinates":[[142.21577,-36.74186],[142.21444,-36.74078],[142.21409,-36.74052]]}},{"type":"Feature","properties":{"name":"O'Callaghans Parade","class":4,"surf":0,"highway":"tertiary"},"geometry":{"type":"LineString","coordinates":[[142.2036,-36.72181],[142.20368,-36.72188],[142.20378,-36.72197],[142.20394,-36.72211],[142.20415,-36.72229],[142.2043,-36.72241]]}},{"type":"Feature","properties":{"name":"Mitre Road","class":4,"surf":0,"highway":"tertiary"},"geometry":{"type":"LineString","coordinates":[[141.64445,-36.64941],[141.64969,-36.64993],[141.65557,-36.65051],[141.65845,-36.65078],[141.65903,-36.65081],[141.65943,-36.65078],[141.65987,-36.6507],[141.66022,-36.6506],[141.66289,-36.64931],[141.66313,-36.6492],[141.66361,-36.64905],[141.66406,-36.64899],[141.66457,-36.64898],[141.66501,-36.649],[141.66629,-36.6491],[141.66805,-36.64929],[141.67238,-36.64976],[141.6748,-36.65002],[141.67521,-36.65011],[141.67572,-36.65027],[141.67619,-36.65047],[141.67644,-36.65067],[141.67669,-36.65092],[141.67692,-36.65122],[141.67709,-36.65155],[141.67721,-36.65195],[141.67721,-36.65264],[141.67716,-36.65306],[141.67704,-36.65395],[141.67706,-36.65438],[141.6771,-36.65469],[141.67719,-36.65498],[141.67745,-36.65544],[141.67778,-36.65579],[141.67858,-36.65642],[141.68092,-36.65826],[141.68121,-36.65847],[141.68157,-36.65863],[141.68197,-36.65876],[141.68247,-36.65887],[141.68292,-36.65893],[141.68349,-36.65898],[141.68652,-36.65927],[141.68765,-36.65938],[141.68882,-36.65952],[141.692,-36.65982],[141.69412,-36.66001],[141.69621,-36.66005],[141.69737,-36.66006],[141.698,-36.6601],[141.70003,-36.66014],[141.70045,-36.66012],[141.70084,-36.66009],[141.70125,-36.66003],[141.70215,-36.65986],[141.70298,-36.65967],[141.70326,-36.65968],[141.70362,-36.65969],[141.70815,-36.66009],[141.71004,-36.66029],[141.71059,-36.66037],[141.71116,-36.66037],[141.71166,-36.66043],[141.71288,-36.66057],[141.71463,-36.66074],[141.71709,-36.66097],[141.71833,-36.66109],[141.7195,-36.66123],[141.71994,-36.66132],[141.72033,-36.66146],[141.72076,-36.6617],[141.72346,-36.66401],[141.72515,-36.66552],[141.72723,-36.66735],[141.72772,-36.6678],[141.72835,-36.66861],[141.73066,-36.67153],[141.73313,-36.67465],[141.73438,-36.67623],[141.73548,-36.67766],[141.73664,-36.67912],[141.73787,-36.6806],[141.73817,-36.68095],[141.73856,-36.68132]]}},{"type":"Feature","properties":{"name":"","class":4,"surf":0,"highway":"tertiary"},"geometry":{"type":"LineString","coordinates":[[142.20238,-36.7179],[142.20234,-36.71791],[142.20231,-36.71791],[142.20227,-36.7179],[142.20224,-36.71789]]}},{"type":"Feature","properties":{"name":"Mitre-Nurcoung Road","class":4,"surf":0,"highway":"tertiary"},"geometry":{"type":"LineString","coordinates":[[141.7805,-36.70612],[141.78047,-36.70642],[141.77984,-36.71049],[141.7784,-36.71978],[141.77836,-36.72045],[141.77846,-36.7211],[141.77864,-36.72161],[141.77888,-36.72209],[141.78023,-36.72462]]}},{"type":"Feature","properties":{"name":"Mitre-Nurcoung Road","class":4,"surf":0,"highway":"tertiary"},"geometry":{"type":"LineString","coordinates":[[141.77914,-36.70456],[141.77944,-36.70468],[141.77968,-36.7048],[141.7799,-36.70495],[141.78005,-36.70508],[141.78019,-36.70523],[141.7803,-36.70542],[141.78043,-36.7057],[141.78048,-36.70592],[141.7805,-36.70612]]}},{"type":"Feature","properties":{"name":"Dooen Road","class":2,"surf":0,"highway":"primary","ref":"B200;B240"},"geometry":{"type":"LineString","coordinates":[[142.21385,-36.70477],[142.21443,-36.7043]]}},{"type":"Feature","properties":{"name":"Longerenong Road","class":4,"surf":0,"highway":"tertiary"},"geometry":{"type":"LineString","coordinates":[[142.44346,-36.67543],[142.44275,-36.67576],[142.44059,-36.67692],[142.43572,-36.67924],[142.43071,-36.6815],[142.42333,-36.6846],[142.41907,-36.68639],[142.41269,-36.68908],[142.41226,-36.68923],[142.41181,-36.68933],[142.41139,-36.6894],[142.41082,-36.68937],[142.40809,-36.6891],[142.40418,-36.68871],[142.40209,-36.68845],[142.40166,-36.6884],[142.40156,-36.68839],[142.40047,-36.68825],[142.39992,-36.68818],[142.39863,-36.68804],[142.39587,-36.6878],[142.39371,-36.68765],[142.38905,-36.68736],[142.38148,-36.6869],[142.37887,-36.68673],[142.37675,-36.68659],[142.37659,-36.68658],[142.37653,-36.68658],[142.37582,-36.68656],[142.37576,-36.68656],[142.36729,-36.68647],[142.36404,-36.6864],[142.35908,-36.68639],[142.35413,-36.68638],[142.3493,-36.68637],[142.34904,-36.68637],[142.34471,-36.68638],[142.33899,-36.68639],[142.3356,-36.6864],[142.33166,-36.6864],[142.33098,-36.68644],[142.33081,-36.68645],[142.33063,-36.68648],[142.33033,-36.68656],[142.33009,-36.68664],[142.32983,-36.68675],[142.32741,-36.68792],[142.32311,-36.68992],[142.3205,-36.69116],[142.31992,-36.69137],[142.31938,-36.69152],[142.3188,-36.69162],[142.31828,-36.69167],[142.31511,-36.69174],[142.31453,-36.69171],[142.3139,-36.69162],[142.31326,-36.69146],[142.31027,-36.69034],[142.3098,-36.69008],[142.3093,-36.68973],[142.30702,-36.68783],[142.30308,-36.68453],[142.3024,-36.68397],[142.30048,-36.68236],[142.29794,-36.68024],[142.29761,-36.67996],[142.29698,-36.67944],[142.29666,-36.67921],[142.2964,-36.67905],[142.29623,-36.67895],[142.29589,-36.67878],[142.29247,-36.67732],[142.28979,-36.67618],[142.28529,-36.67427],[142.28039,-36.67219],[142.27996,-36.67198],[142.2787,-36.67128],[142.27804,-36.67096],[142.278,-36.67094],[142.27034,-36.66767],[142.26566,-36.66567],[142.26021,-36.66336]]}},{"type":"Feature","properties":{"name":"McPherson Street","class":1,"surf":0,"highway":"trunk","ref":"A8;A200;B240"},"geometry":{"type":"LineString","coordinates":[[142.2049,-36.71425],[142.2049,-36.71379],[142.20489,-36.71371],[142.20489,-36.71363],[142.20489,-36.71343]]}},{"type":"Feature","properties":{"name":"McPherson Street","class":1,"surf":0,"highway":"trunk","ref":"A8;A200;B240"},"geometry":{"type":"LineString","coordinates":[[142.20491,-36.71542],[142.20491,-36.7149],[142.2049,-36.71425]]}},{"type":"Feature","properties":{"name":"Hamilton Road","class":1,"surf":0,"highway":"trunk","ref":"A200"},"geometry":{"type":"LineString","coordinates":[[142.2055,-36.73494],[142.2055,-36.7349],[142.20552,-36.7348],[142.20554,-36.73468]]}},{"type":"Feature","properties":{"name":"Hamilton Road","class":1,"surf":0,"highway":"trunk","ref":"A200"},"geometry":{"type":"LineString","coordinates":[[142.206,-36.73399],[142.20588,-36.73412],[142.2058,-36.73421]]}},{"type":"Feature","properties":{"name":"Stawell Road","class":1,"surf":0,"highway":"trunk","ref":"A8;A200"},"geometry":{"type":"LineString","coordinates":[[142.20603,-36.73387],[142.20608,-36.73392]]}},{"type":"Feature","properties":{"name":"","class":1,"surf":0,"highway":"trunk_link"},"geometry":{"type":"LineString","coordinates":[[142.19863,-36.71167],[142.19861,-36.71165],[142.19859,-36.71163],[142.19857,-36.71162],[142.19855,-36.7116],[142.19853,-36.71159],[142.19851,-36.71158],[142.19849,-36.71155],[142.19848,-36.71153],[142.19847,-36.71152],[142.19847,-36.7115],[142.19846,-36.71148]]}},{"type":"Feature","properties":{"name":"","class":1,"surf":0,"highway":"trunk_link"},"geometry":{"type":"LineString","coordinates":[[142.19858,-36.71155],[142.1986,-36.71156],[142.19861,-36.71158],[142.19863,-36.71159],[142.19865,-36.71161],[142.19869,-36.71163],[142.19874,-36.71167],[142.19875,-36.71167],[142.19875,-36.71169],[142.19875,-36.7117],[142.19875,-36.71171],[142.19874,-36.71172]]}},{"type":"Feature","properties":{"name":"A8","class":1,"surf":0,"highway":"trunk_link","ref":"A8"},"geometry":{"type":"LineString","coordinates":[[142.20485,-36.71211],[142.20483,-36.71204],[142.20481,-36.71199],[142.20477,-36.71194],[142.20474,-36.71191],[142.20472,-36.71188],[142.20468,-36.71186],[142.20463,-36.71184],[142.20457,-36.71182],[142.20447,-36.7118]]}},{"type":"Feature","properties":{"name":"Baillie Street","class":2,"surf":0,"highway":"primary_link"},"geometry":{"type":"LineString","coordinates":[[142.20509,-36.71169],[142.20515,-36.7117],[142.20519,-36.7117],[142.20522,-36.71171],[142.20525,-36.71171],[142.20527,-36.7117],[142.20531,-36.71169],[142.20536,-36.71167],[142.20542,-36.71164],[142.20548,-36.71161],[142.2055,-36.7116],[142.20552,-36.7116],[142.20555,-36.7116],[142.2056,-36.71159]]}},{"type":"Feature","properties":{"name":"McPherson Street","class":1,"surf":0,"highway":"trunk","ref":"A8;A200"},"geometry":{"type":"LineString","coordinates":[[142.20482,-36.72281],[142.20485,-36.72277],[142.20488,-36.72272],[142.2049,-36.72267],[142.20492,-36.72261],[142.20493,-36.72254],[142.20493,-36.72249],[142.20494,-36.72245],[142.20495,-36.72237],[142.20497,-36.72219],[142.20498,-36.722]]}},{"type":"Feature","properties":{"name":"O'Callaghans Parade","class":4,"surf":0,"highway":"tertiary"},"geometry":{"type":"LineString","coordinates":[[142.20477,-36.72326],[142.20473,-36.72323],[142.20468,-36.72316],[142.20464,-36.72308],[142.20461,-36.72299],[142.20459,-36.72292],[142.20455,-36.72286],[142.2045,-36.72279],[142.20445,-36.72273],[142.20439,-36.72268],[142.20434,-36.72263],[142.20427,-36.72256],[142.20419,-36.72248],[142.20406,-36.72236],[142.20385,-36.72217],[142.2036,-36.72194],[142.20352,-36.72187]]}},{"type":"Feature","properties":{"name":"O'Callaghans Parade","class":4,"surf":0,"highway":"tertiary"},"geometry":{"type":"LineString","coordinates":[[142.20482,-36.72281],[142.20489,-36.72285],[142.20496,-36.7229],[142.20499,-36.72293],[142.20501,-36.72296],[142.20504,-36.72299],[142.20506,-36.72303],[142.20508,-36.72308],[142.20509,-36.72312],[142.20509,-36.72317],[142.20509,-36.7232],[142.20509,-36.72325],[142.20509,-36.7233],[142.2051,-36.72336]]}},{"type":"Feature","properties":{"name":"Stawell Road","class":1,"surf":0,"highway":"trunk","ref":"A8;A200"},"geometry":{"type":"LineString","coordinates":[[142.2051,-36.72336],[142.20507,-36.72338],[142.20506,-36.72342],[142.20505,-36.72348],[142.20505,-36.72354]]}},{"type":"Feature","properties":{"name":"McPherson Street","class":1,"surf":0,"highway":"trunk"},"geometry":{"type":"LineString","coordinates":[[142.20503,-36.72249],[142.20493,-36.72249]]}},{"type":"Feature","properties":{"name":"Sloss Street","class":4,"surf":0,"highway":"tertiary"},"geometry":{"type":"LineString","coordinates":[[142.20239,-36.7197],[142.2023,-36.7197]]}},{"type":"Feature","properties":{"name":"Sloss Street","class":4,"surf":0,"highway":"tertiary"},"geometry":{"type":"LineString","coordinates":[[142.2023,-36.71964],[142.20239,-36.71964]]}},{"type":"Feature","properties":{"name":"Baker Street","class":4,"surf":0,"highway":"tertiary"},"geometry":{"type":"LineString","coordinates":[[142.20181,-36.72041],[142.20189,-36.72035]]}},{"type":"Feature","properties":{"name":"Stawell Road","class":1,"surf":0,"highway":"trunk","ref":"A8"},"geometry":{"type":"LineString","coordinates":[[142.21409,-36.74052],[142.21289,-36.73953],[142.21192,-36.73873],[142.2114,-36.7383],[142.21102,-36.73799],[142.2102,-36.7373],[142.21002,-36.73716]]}},{"type":"Feature","properties":{"name":"Dock Lake Road","class":4,"surf":0,"highway":"tertiary"},"geometry":{"type":"LineString","coordinates":[[142.29876,-36.78679],[142.29881,-36.78672],[142.2997,-36.78554]]}},{"type":"Feature","properties":{"name":"Obrees Road","class":4,"surf":1,"highway":"tertiary"},"geometry":{"type":"LineString","coordinates":[[142.01103,-36.69764],[141.99162,-36.6977],[141.98034,-36.69776],[141.97528,-36.69772],[141.97501,-36.69775],[141.9749,-36.69787]]}},{"type":"Feature","properties":{"name":"Western Highway","class":1,"surf":0,"highway":"trunk","ref":"A8"},"geometry":{"type":"LineString","coordinates":[[142.28161,-36.77832],[142.27001,-36.77212]]}},{"type":"Feature","properties":{"name":"Western Highway","class":1,"surf":0,"highway":"trunk","ref":"A8"},"geometry":{"type":"LineString","coordinates":[[142.32182,-36.79801],[142.3169,-36.79537],[142.31439,-36.79404],[142.31229,-36.79297],[142.30369,-36.78906],[142.30348,-36.78896],[142.29908,-36.78696],[142.29876,-36.78679],[142.29307,-36.78423],[142.29067,-36.78312],[142.28789,-36.78173],[142.28542,-36.78035],[142.28526,-36.78026],[142.28161,-36.77832]]}},{"type":"Feature","properties":{"name":"McPherson Street","class":1,"surf":0,"highway":"trunk","ref":"A8;A200;B240"},"geometry":{"type":"LineString","coordinates":[[142.20488,-36.71239],[142.20485,-36.71211]]}},{"type":"Feature","properties":{"name":"McPherson Street","class":1,"surf":0,"highway":"trunk","ref":"A8;A200"},"geometry":{"type":"LineString","coordinates":[[142.20477,-36.72326],[142.20476,-36.72321],[142.20474,-36.72317],[142.20473,-36.72314],[142.20472,-36.72311],[142.20471,-36.72307],[142.20471,-36.72301],[142.20472,-36.72296],[142.20473,-36.72292],[142.20476,-36.72288],[142.20482,-36.72281]]}},{"type":"Feature","properties":{"name":"Wilson Street","class":2,"surf":0,"highway":"primary","ref":"B240"},"geometry":{"type":"LineString","coordinates":[[142.19339,-36.71671],[142.19322,-36.71671],[142.19309,-36.71671],[142.19299,-36.71671],[142.19289,-36.71672]]}},{"type":"Feature","properties":{"name":"Natimuk Road","class":2,"surf":0,"highway":"primary","ref":"B240"},"geometry":{"type":"LineString","coordinates":[[142.18213,-36.72065],[142.18251,-36.72045],[142.18274,-36.72038],[142.18297,-36.7203],[142.18517,-36.71946],[142.18551,-36.71933]]}},{"type":"Feature","properties":{"name":"Natimuk Road","class":2,"surf":0,"highway":"primary","ref":"B240"},"geometry":{"type":"LineString","coordinates":[[142.18555,-36.71939],[142.18523,-36.71951]]}},{"type":"Feature","properties":{"name":"Natimuk Road","class":2,"surf":0,"highway":"primary","ref":"B240"},"geometry":{"type":"LineString","coordinates":[[142.18098,-36.72107],[142.18213,-36.72065]]}},{"type":"Feature","properties":{"name":"Wimmera Highway","class":2,"surf":0,"highway":"primary","ref":"B240"},"geometry":{"type":"LineString","coordinates":[[141.93224,-36.74523],[141.93196,-36.74536],[141.93114,-36.74571]]}},{"type":"Feature","properties":{"name":"Wimmera Highway","class":2,"surf":0,"highway":"primary","ref":"B240"},"geometry":{"type":"LineString","coordinates":[[141.95935,-36.73392],[141.95307,-36.73666]]}},{"type":"Feature","properties":{"name":"Wimmera Highway","class":2,"surf":0,"highway":"primary","ref":"B240"},"geometry":{"type":"LineString","coordinates":[[142.16788,-36.72594],[142.16841,-36.72581],[142.16896,-36.72565]]}},{"type":"Feature","properties":{"name":"Natimuk Road","class":2,"surf":0,"highway":"primary","ref":"B240"},"geometry":{"type":"LineString","coordinates":[[142.17059,-36.72505],[142.17124,-36.72478],[142.17342,-36.72397]]}},{"type":"Feature","properties":{"name":"Wilson Street","class":2,"surf":0,"highway":"primary","ref":"B240"},"geometry":{"type":"LineString","coordinates":[[142.19471,-36.7166],[142.19479,-36.7166],[142.19488,-36.7166],[142.19555,-36.71659],[142.19662,-36.71661],[142.19701,-36.71661]]}},{"type":"Feature","properties":{"name":"Wimmera Highway","class":2,"surf":0,"highway":"primary","ref":"B240"},"geometry":{"type":"LineString","coordinates":[[142.26048,-36.63812],[142.26016,-36.63828],[142.26005,-36.63835]]}},{"type":"Feature","properties":{"name":"Henty Highway","class":2,"surf":0,"highway":"primary","ref":"B200;B240"},"geometry":{"type":"LineString","coordinates":[[142.25933,-36.63972],[142.25929,-36.64017]]}},{"type":"Feature","properties":{"name":"Henty Highway","class":2,"surf":0,"highway":"primary","ref":"B200"},"geometry":{"type":"LineString","coordinates":[[142.25983,-36.63758],[142.25978,-36.63777],[142.25964,-36.6382],[142.25955,-36.63849],[142.25951,-36.6386]]}},{"type":"Feature","properties":{"name":"Henty Highway","class":2,"surf":0,"highway":"primary","ref":"B200;B240"},"geometry":{"type":"LineString","coordinates":[[142.25951,-36.6386],[142.25941,-36.63914],[142.25935,-36.6395],[142.25933,-36.63972]]}},{"type":"Feature","properties":{"name":"Henty Highway","class":2,"surf":0,"highway":"primary","ref":"B200"},"geometry":{"type":"LineString","coordinates":[[142.25946,-36.63851],[142.25952,-36.63831],[142.25958,-36.63814],[142.2597,-36.63783],[142.25983,-36.63758]]}},{"type":"Feature","properties":{"name":"Northern Grampians Road","class":3,"surf":0,"highway":"secondary","ref":"C222"},"geometry":{"type":"LineString","coordinates":[[142.34017,-36.80862],[142.34018,-36.80851],[142.34026,-36.80837],[142.3404,-36.80813],[142.3405,-36.80809]]}},{"type":"Feature","properties":{"name":"Northern Grampians Road","class":3,"surf":0,"highway":"secondary","ref":"C222"},"geometry":{"type":"LineString","coordinates":[[142.3405,-36.80809],[142.34048,-36.80817],[142.34032,-36.80839],[142.34024,-36.80853],[142.34017,-36.80862]]}},{"type":"Feature","properties":{"name":"Jallumba - Douglas Road","class":4,"surf":0,"highway":"tertiary"},"geometry":{"type":"LineString","coordinates":[[141.94043,-36.93193],[141.93986,-36.93406],[141.92901,-36.93919],[141.91341,-36.94655],[141.9004,-36.95269],[141.86873,-36.96759],[141.86857,-36.96765]]}},{"type":"Feature","properties":{"name":"Baillie Street","class":1,"surf":0,"highway":"trunk","ref":"A8"},"geometry":{"type":"LineString","coordinates":[[142.20079,-36.71181],[142.2006,-36.71181],[142.20042,-36.71181],[142.2003,-36.71181],[142.20016,-36.71181]]}},{"type":"Feature","properties":{"name":"Baillie Street","class":1,"surf":0,"highway":"trunk","ref":"A8"},"geometry":{"type":"LineString","coordinates":[[142.19976,-36.71171],[142.20011,-36.7117],[142.20015,-36.7117],[142.20019,-36.7117],[142.2003,-36.7117],[142.20041,-36.7117],[142.20056,-36.7117],[142.2006,-36.7117],[142.20079,-36.7117]]}},{"type":"Feature","properties":{"name":"Western Highway","class":1,"surf":0,"highway":"trunk","ref":"A8"},"geometry":{"type":"LineString","coordinates":[[142.51463,-36.91814],[142.5113,-36.91604],[142.51087,-36.91578]]}},{"type":"Feature","properties":{"name":"Western Highway","class":1,"surf":0,"highway":"trunk","ref":"A8"},"geometry":{"type":"LineString","coordinates":[[142.51471,-36.91819],[142.51463,-36.91814]]}},{"type":"Feature","properties":{"name":"Dimboola Road","class":1,"surf":0,"highway":"trunk","ref":"A8"},"geometry":{"type":"LineString","coordinates":[[142.19466,-36.70973],[142.19454,-36.70966],[142.19439,-36.7096],[142.19431,-36.70956],[142.19427,-36.70954],[142.19408,-36.70945],[142.19404,-36.70943],[142.19384,-36.70933],[142.19362,-36.70922],[142.19338,-36.70911],[142.19325,-36.70904],[142.19271,-36.70878]]}},{"type":"Feature","properties":{"name":"Dimboola Road","class":1,"surf":0,"highway":"trunk","ref":"A8"},"geometry":{"type":"LineString","coordinates":[[142.19704,-36.71083],[142.19686,-36.71074],[142.19673,-36.71068],[142.1966,-36.71062],[142.19647,-36.71056],[142.19626,-36.71046]]}},{"type":"Feature","properties":{"name":"Baillie Street","class":1,"surf":0,"highway":"trunk","ref":"A8"},"geometry":{"type":"LineString","coordinates":[[142.20016,-36.71181],[142.19988,-36.71182],[142.19976,-36.71182]]}},{"type":"Feature","properties":{"name":"Dimboola Road","class":1,"surf":0,"highway":"trunk","ref":"A8"},"geometry":{"type":"LineString","coordinates":[[142.19625,-36.71034],[142.19664,-36.71053],[142.19691,-36.71067],[142.19708,-36.71076]]}},{"type":"Feature","properties":{"name":"Baillie Street","class":1,"surf":0,"highway":"trunk","ref":"A8"},"geometry":{"type":"LineString","coordinates":[[142.20235,-36.7117],[142.20324,-36.71169]]}},{"type":"Feature","properties":{"name":"McPherson Street","class":1,"surf":0,"highway":"trunk","ref":"A8;A200"},"geometry":{"type":"LineString","coordinates":[[142.20495,-36.71868],[142.20494,-36.7178],[142.20493,-36.71713],[142.20493,-36.71679],[142.20493,-36.71666]]}},{"type":"Feature","properties":{"name":"Harrow-Clear Lake Road","class":4,"surf":0,"highway":"tertiary"},"geometry":{"type":"LineString","coordinates":[[141.83594,-36.98177],[141.8358,-36.98179],[141.83566,-36.98181],[141.8354,-36.98183],[141.83294,-36.98186],[141.83045,-36.98188],[141.82704,-36.98192],[141.82635,-36.98195],[141.82596,-36.98203],[141.8257,-36.9821],[141.8252,-36.98229],[141.82471,-36.98255],[141.82371,-36.98306],[141.82174,-36.98411],[141.82138,-36.98429],[141.818,-36.98596],[141.81777,-36.98608],[141.79306,-36.99828],[141.7929,-36.99836],[141.78602,-37.00178],[141.78391,-37.00283]]}},{"type":"Feature","properties":{"name":"Natimuk-Hamilton Road","class":3,"surf":0,"highway":"secondary","ref":"C219"},"geometry":{"type":"LineString","coordinates":[[141.96405,-36.8378],[141.96406,-36.8374],[141.96408,-36.83716],[141.9641,-36.83692],[141.96414,-36.83664],[141.96418,-36.83635],[141.96425,-36.8359],[141.96433,-36.83536],[141.96442,-36.83482],[141.96496,-36.83143],[141.96521,-36.82973],[141.96549,-36.82797],[141.96606,-36.82423],[141.96619,-36.82336],[141.96626,-36.82288]]}},{"type":"Feature","properties":{"name":"Natimuk-Hamilton Road","class":3,"surf":0,"highway":"secondary","ref":"C219"},"geometry":{"type":"LineString","coordinates":[[141.96626,-36.82288],[141.9663,-36.82266]]}},{"type":"Feature","properties":{"name":"Obrees Road","class":4,"surf":1,"highway":"tertiary"},"geometry":{"type":"LineString","coordinates":[[141.9749,-36.69787],[141.97479,-36.69799],[141.97483,-36.69836],[141.97484,-36.69851],[141.9749,-36.69888],[141.97494,-36.69928],[141.97486,-36.69947],[141.97478,-36.69959],[141.97468,-36.69967],[141.97455,-36.69973],[141.97424,-36.69979]]}},{"type":"Feature","properties":{"name":"Lake Road","class":4,"surf":0,"highway":"tertiary"},"geometry":{"type":"LineString","coordinates":[[141.94585,-36.7353],[141.94551,-36.73652],[141.94499,-36.73844],[141.94498,-36.73848],[141.94465,-36.73965],[141.94464,-36.73992],[141.94469,-36.74015]]}},{"type":"Feature","properties":{"name":"Mitre-Nurcoung Road","class":4,"surf":0,"highway":"tertiary"},"geometry":{"type":"LineString","coordinates":[[141.78023,-36.72462],[141.78114,-36.72632],[141.78141,-36.72683],[141.78148,-36.72709],[141.78144,-36.72737],[141.78132,-36.72802],[141.78131,-36.72808]]}},{"type":"Feature","properties":{"name":"Creek Road","class":4,"surf":0,"highway":"tertiary"},"geometry":{"type":"LineString","coordinates":[[141.93156,-36.74655],[141.93201,-36.74573],[141.93204,-36.74562],[141.93203,-36.74552],[141.932,-36.74542],[141.93196,-36.74536]]}},{"type":"Feature","properties":{"name":"Cooack Road","class":4,"surf":0,"highway":"tertiary"},"geometry":{"type":"LineString","coordinates":[[141.91669,-36.63765],[141.91771,-36.63785],[141.91861,-36.63813],[141.91939,-36.63861],[141.91996,-36.63938],[141.92028,-36.6402]]}},{"type":"Feature","properties":{"name":"Western Highway","class":1,"surf":0,"highway":"trunk","ref":"A8"},"geometry":{"type":"LineString","coordinates":[[142.5154,-36.91862],[142.51507,-36.91842],[142.51471,-36.91819]]}},{"type":"Feature","properties":{"name":"Western Highway","class":1,"surf":0,"highway":"trunk","ref":"A8"},"geometry":{"type":"LineString","coordinates":[[142.51568,-36.9188],[142.5154,-36.91862]]}},{"type":"Feature","properties":{"name":"Riley Road","class":4,"surf":1,"highway":"tertiary"},"geometry":{"type":"LineString","coordinates":[[142.18681,-36.69703],[142.18566,-36.69703]]}},{"type":"Feature","properties":{"name":"Tooan - Mitre Road","class":4,"surf":0,"highway":"tertiary"},"geometry":{"type":"LineString","coordinates":[[141.78189,-36.72813],[141.78188,-36.72822],[141.78168,-36.72952],[141.78137,-36.73156]]}},{"type":"Feature","properties":{"name":"Horsham-Lubeck Road","class":4,"surf":0,"highway":"tertiary"},"geometry":{"type":"LineString","coordinates":[[142.46677,-36.74518],[142.46668,-36.74519],[142.46623,-36.7452],[142.46541,-36.74523],[142.46452,-36.74527],[142.46423,-36.74528]]}},{"type":"Feature","properties":{"name":"Horsham-Lubeck Road","class":4,"surf":0,"highway":"tertiary"},"geometry":{"type":"LineString","coordinates":[[142.46423,-36.74528],[142.46345,-36.74533]]}},{"type":"Feature","properties":{"name":"Western Highway","class":1,"surf":0,"highway":"trunk","ref":"A8"},"geometry":{"type":"LineString","coordinates":[[142.17341,-36.69962],[142.1713,-36.69849],[142.17023,-36.69785],[142.16976,-36.69754],[142.16933,-36.69721],[142.16924,-36.69711],[142.16908,-36.69697]]}},{"type":"Feature","properties":{"name":"","class":4,"surf":0,"highway":"tertiary_link"},"geometry":{"type":"LineString","coordinates":[[142.20239,-36.71862],[142.20229,-36.71862]]}},{"type":"Feature","properties":{"name":"Wilson Street","class":2,"surf":0,"highway":"primary","ref":"B240"},"geometry":{"type":"LineString","coordinates":[[142.1948,-36.71672],[142.19453,-36.7167],[142.19339,-36.71671]]}},{"type":"Feature","properties":{"name":"Wilson Street","class":2,"surf":0,"highway":"primary","ref":"B240"},"geometry":{"type":"LineString","coordinates":[[142.19727,-36.71659],[142.19733,-36.71659],[142.19743,-36.71661],[142.19759,-36.71664]]}},{"type":"Feature","properties":{"name":"Wilson Street","class":2,"surf":0,"highway":"primary","ref":"B240"},"geometry":{"type":"LineString","coordinates":[[142.19759,-36.71664],[142.19734,-36.71669],[142.19727,-36.71669]]}},{"type":"Feature","properties":{"name":"Wilson Street","class":2,"surf":0,"highway":"primary","ref":"B240"},"geometry":{"type":"LineString","coordinates":[[142.19288,-36.71664],[142.19296,-36.71664],[142.19305,-36.71663],[142.19322,-36.71663],[142.19339,-36.71663],[142.19471,-36.7166]]}},{"type":"Feature","properties":{"name":"Brimpaen Laharum Road","class":4,"surf":0,"highway":"tertiary"},"geometry":{"type":"LineString","coordinates":[[142.26324,-37.03764],[142.24023,-37.03757],[142.23781,-37.03765],[142.23524,-37.03782],[142.23512,-37.03782],[142.23474,-37.0378],[142.21672,-37.03603],[142.21488,-37.03585],[142.2145,-37.03582],[142.21391,-37.03576],[142.21342,-37.03571],[142.20569,-37.03492],[142.20321,-37.03453],[142.20226,-37.0344],[142.20119,-37.03431],[142.19882,-37.03418],[142.19571,-37.03386],[142.1956,-37.03385]]}},{"type":"Feature","properties":{"name":"Brimpaen Laharum Road","class":4,"surf":0,"highway":"tertiary"},"geometry":{"type":"LineString","coordinates":[[142.26329,-37.03764],[142.26324,-37.03764]]}},{"type":"Feature","properties":{"name":"Three Bridges Road","class":4,"surf":0,"highway":"tertiary"},"geometry":{"type":"LineString","coordinates":[[142.17535,-36.75282],[142.1748,-36.75325]]}},{"type":"Feature","properties":{"name":"B240","class":2,"surf":0,"highway":"primary","ref":"B240"},"geometry":{"type":"LineString","coordinates":[[142.19703,-36.71673],[142.19701,-36.7167]]}},{"type":"Feature","properties":{"name":"B240","class":2,"surf":0,"highway":"primary","ref":"B240"},"geometry":{"type":"LineString","coordinates":[[142.1971,-36.71655],[142.19715,-36.71654],[142.19719,-36.71655],[142.19723,-36.71656],[142.19726,-36.71657]]}},{"type":"Feature","properties":{"name":"B240","class":2,"surf":0,"highway":"primary","ref":"B240"},"geometry":{"type":"LineString","coordinates":[[142.19726,-36.71657],[142.19727,-36.71659]]}},{"type":"Feature","properties":{"name":"B240","class":2,"surf":0,"highway":"primary","ref":"B240"},"geometry":{"type":"LineString","coordinates":[[142.19727,-36.71659],[142.19727,-36.71663],[142.19727,-36.71669]]}},{"type":"Feature","properties":{"name":"B240","class":2,"surf":0,"highway":"primary","ref":"B240"},"geometry":{"type":"LineString","coordinates":[[142.19727,-36.71669],[142.19724,-36.71672],[142.19722,-36.71673]]}},{"type":"Feature","properties":{"name":"B240","class":2,"surf":0,"highway":"primary","ref":"B240"},"geometry":{"type":"LineString","coordinates":[[142.19722,-36.71673],[142.19718,-36.71675],[142.19716,-36.71676],[142.19713,-36.71676],[142.1971,-36.71675],[142.19707,-36.71675],[142.19703,-36.71673]]}},{"type":"Feature","properties":{"name":"B240","class":2,"surf":0,"highway":"primary","ref":"B240"},"geometry":{"type":"LineString","coordinates":[[142.19701,-36.7167],[142.197,-36.71667],[142.197,-36.71663],[142.19701,-36.71661]]}},{"type":"Feature","properties":{"name":"Rasmussen Road","class":4,"surf":0,"highway":"tertiary"},"geometry":{"type":"LineString","coordinates":[[142.2038,-36.69695],[142.20564,-36.69693]]}},{"type":"Feature","properties":{"name":"Rasmussen Road","class":4,"surf":0,"highway":"tertiary"},"geometry":{"type":"LineString","coordinates":[[142.20564,-36.69693],[142.20806,-36.6969]]}},{"type":"Feature","properties":{"name":"Rasmussen Road","class":4,"surf":0,"highway":"tertiary"},"geometry":{"type":"LineString","coordinates":[[142.20806,-36.6969],[142.21282,-36.69685]]}},{"type":"Feature","properties":{"name":"Rasmussen Road","class":4,"surf":0,"highway":"tertiary"},"geometry":{"type":"LineString","coordinates":[[142.21282,-36.69685],[142.22018,-36.69677],[142.22285,-36.69678],[142.22309,-36.6968]]}},{"type":"Feature","properties":{"name":"","class":4,"surf":0,"highway":"tertiary"},"geometry":{"type":"LineString","coordinates":[[142.20238,-36.71299],[142.2024,-36.713]]}},{"type":"Feature","properties":{"name":"","class":4,"surf":0,"highway":"tertiary"},"geometry":{"type":"LineString","coordinates":[[142.20241,-36.71316],[142.20239,-36.71317]]}},{"type":"Feature","properties":{"name":"","class":4,"surf":0,"highway":"tertiary"},"geometry":{"type":"LineString","coordinates":[[142.20239,-36.71317],[142.20235,-36.71319],[142.2023,-36.7132],[142.20225,-36.71319],[142.20221,-36.71317]]}},{"type":"Feature","properties":{"name":"","class":4,"surf":0,"highway":"tertiary"},"geometry":{"type":"LineString","coordinates":[[142.20221,-36.71317],[142.2022,-36.71316]]}},{"type":"Feature","properties":{"name":"","class":4,"surf":0,"highway":"tertiary"},"geometry":{"type":"LineString","coordinates":[[142.2022,-36.71316],[142.20217,-36.71312],[142.20216,-36.71308],[142.20217,-36.71304],[142.2022,-36.713]]}},{"type":"Feature","properties":{"name":"","class":4,"surf":0,"highway":"tertiary"},"geometry":{"type":"LineString","coordinates":[[142.2022,-36.713],[142.20223,-36.71299]]}},{"type":"Feature","properties":{"name":"","class":4,"surf":0,"highway":"tertiary"},"geometry":{"type":"LineString","coordinates":[[142.20223,-36.71299],[142.20227,-36.71297],[142.20231,-36.71297],[142.20235,-36.71297],[142.20238,-36.71299]]}},{"type":"Feature","properties":{"name":"","class":4,"surf":0,"highway":"tertiary"},"geometry":{"type":"LineString","coordinates":[[142.19978,-36.71318],[142.19977,-36.71319]]}},{"type":"Feature","properties":{"name":"","class":4,"surf":0,"highway":"tertiary"},"geometry":{"type":"LineString","coordinates":[[142.1996,-36.71318],[142.19959,-36.71316]]}},{"type":"Feature","properties":{"name":"","class":4,"surf":0,"highway":"tertiary"},"geometry":{"type":"LineString","coordinates":[[142.19959,-36.71316],[142.19957,-36.71314],[142.19956,-36.71311],[142.19956,-36.71308],[142.19957,-36.71306],[142.19959,-36.71303]]}},{"type":"Feature","properties":{"name":"","class":4,"surf":0,"highway":"tertiary"},"geometry":{"type":"LineString","coordinates":[[142.19959,-36.71303],[142.19961,-36.71302]]}},{"type":"Feature","properties":{"name":"","class":4,"surf":0,"highway":"tertiary"},"geometry":{"type":"LineString","coordinates":[[142.19961,-36.71302],[142.19965,-36.71301],[142.19968,-36.713],[142.19971,-36.713],[142.19974,-36.71301]]}},{"type":"Feature","properties":{"name":"","class":4,"surf":0,"highway":"tertiary"},"geometry":{"type":"LineString","coordinates":[[142.19974,-36.71301],[142.19978,-36.71303]]}},{"type":"Feature","properties":{"name":"","class":4,"surf":0,"highway":"tertiary"},"geometry":{"type":"LineString","coordinates":[[142.19978,-36.71303],[142.1998,-36.71305],[142.19981,-36.71307],[142.19982,-36.7131],[142.19982,-36.71313],[142.1998,-36.71315],[142.19978,-36.71318]]}},{"type":"Feature","properties":{"name":"","class":4,"surf":0,"highway":"tertiary"},"geometry":{"type":"LineString","coordinates":[[142.20239,-36.71536],[142.20241,-36.71538]]}},{"type":"Feature","properties":{"name":"","class":4,"surf":0,"highway":"tertiary"},"geometry":{"type":"LineString","coordinates":[[142.20241,-36.71538],[142.20244,-36.71543],[142.20243,-36.71547],[142.20241,-36.71551]]}},{"type":"Feature","properties":{"name":"","class":4,"surf":0,"highway":"tertiary"},"geometry":{"type":"LineString","coordinates":[[142.20241,-36.71551],[142.20239,-36.71552]]}},{"type":"Feature","properties":{"name":"","class":4,"surf":0,"highway":"tertiary"},"geometry":{"type":"LineString","coordinates":[[142.20224,-36.71535],[142.20225,-36.71535],[142.20228,-36.71534],[142.20232,-36.71534],[142.20236,-36.71534],[142.20239,-36.71536]]}},{"type":"Feature","properties":{"name":"","class":4,"surf":0,"highway":"tertiary"},"geometry":{"type":"LineString","coordinates":[[142.20239,-36.71552],[142.20235,-36.71554],[142.20228,-36.71554],[142.20224,-36.71553]]}},{"type":"Feature","properties":{"name":"","class":4,"surf":0,"highway":"tertiary"},"geometry":{"type":"LineString","coordinates":[[142.20224,-36.71553],[142.20222,-36.71551]]}},{"type":"Feature","properties":{"name":"","class":4,"surf":0,"highway":"tertiary"},"geometry":{"type":"LineString","coordinates":[[142.20222,-36.71551],[142.20219,-36.71547],[142.20218,-36.71543],[142.20218,-36.71541],[142.20221,-36.71537]]}},{"type":"Feature","properties":{"name":"","class":4,"surf":0,"highway":"tertiary"},"geometry":{"type":"LineString","coordinates":[[142.20221,-36.71419],[142.20223,-36.71417]]}},{"type":"Feature","properties":{"name":"","class":4,"surf":0,"highway":"tertiary"},"geometry":{"type":"LineString","coordinates":[[142.20223,-36.71417],[142.20226,-36.71416],[142.2023,-36.71415],[142.20233,-36.71414],[142.20237,-36.71415],[142.2024,-36.71416],[142.20242,-36.71418]]}},{"type":"Feature","properties":{"name":"","class":4,"surf":0,"highway":"tertiary"},"geometry":{"type":"LineString","coordinates":[[142.20244,-36.7142],[142.20245,-36.71423],[142.20246,-36.71425],[142.20245,-36.71428],[142.20244,-36.7143],[142.20243,-36.71432]]}},{"type":"Feature","properties":{"name":"","class":4,"surf":0,"highway":"tertiary"},"geometry":{"type":"LineString","coordinates":[[142.20243,-36.71432],[142.2024,-36.71434]]}},{"type":"Feature","properties":{"name":"","class":4,"surf":0,"highway":"tertiary"},"geometry":{"type":"LineString","coordinates":[[142.2024,-36.71434],[142.20237,-36.71436],[142.20233,-36.71436],[142.20229,-36.71436],[142.20226,-36.71435]]}},{"type":"Feature","properties":{"name":"","class":4,"surf":0,"highway":"tertiary"},"geometry":{"type":"LineString","coordinates":[[142.20226,-36.71435],[142.20223,-36.71433]]}},{"type":"Feature","properties":{"name":"","class":4,"surf":0,"highway":"tertiary"},"geometry":{"type":"LineString","coordinates":[[142.20223,-36.71433],[142.2022,-36.7143],[142.20218,-36.71426],[142.20219,-36.71423],[142.20221,-36.71419]]}},{"type":"Feature","properties":{"name":"B240","class":2,"surf":0,"highway":"primary","ref":"B240"},"geometry":{"type":"LineString","coordinates":[[142.20241,-36.71655],[142.20243,-36.71656]]}},{"type":"Feature","properties":{"name":"B240","class":2,"surf":0,"highway":"primary","ref":"B240"},"geometry":{"type":"LineString","coordinates":[[142.20243,-36.71656],[142.20245,-36.71661],[142.20246,-36.71665],[142.20245,-36.71668],[142.20241,-36.71672]]}},{"type":"Feature","properties":{"name":"B240","class":2,"surf":0,"highway":"primary","ref":"B240"},"geometry":{"type":"LineString","coordinates":[[142.20241,-36.71672],[142.2024,-36.71673]]}},{"type":"Feature","properties":{"name":"B240","class":2,"surf":0,"highway":"primary","ref":"B240"},"geometry":{"type":"LineString","coordinates":[[142.20222,-36.71654],[142.20227,-36.71652],[142.20232,-36.71652],[142.20237,-36.71653],[142.20241,-36.71655]]}},{"type":"Feature","properties":{"name":"B240","class":2,"surf":0,"highway":"primary","ref":"B240"},"geometry":{"type":"LineString","coordinates":[[142.2024,-36.71673],[142.20235,-36.71675],[142.20231,-36.71675],[142.20227,-36.71675],[142.20222,-36.71673]]}},{"type":"Feature","properties":{"name":"B240","class":2,"surf":0,"highway":"primary","ref":"B240"},"geometry":{"type":"LineString","coordinates":[[142.20222,-36.71673],[142.20221,-36.71672]]}},{"type":"Feature","properties":{"name":"B240","class":2,"surf":0,"highway":"primary","ref":"B240"},"geometry":{"type":"LineString","coordinates":[[142.20221,-36.71672],[142.20218,-36.71667],[142.20217,-36.71664],[142.20218,-36.7166],[142.20221,-36.71655]]}},{"type":"Feature","properties":{"name":"","class":4,"surf":0,"highway":"tertiary"},"geometry":{"type":"LineString","coordinates":[[142.1998,-36.71789],[142.19979,-36.71789]]}},{"type":"Feature","properties":{"name":"","class":4,"surf":0,"highway":"tertiary"},"geometry":{"type":"LineString","coordinates":[[142.19979,-36.71789],[142.19976,-36.71791],[142.19973,-36.71791],[142.1997,-36.71791],[142.19967,-36.71789]]}},{"type":"Feature","properties":{"name":"","class":4,"surf":0,"highway":"tertiary"},"geometry":{"type":"LineString","coordinates":[[142.19967,-36.71789],[142.19966,-36.71789]]}},{"type":"Feature","properties":{"name":"","class":4,"surf":0,"highway":"tertiary"},"geometry":{"type":"LineString","coordinates":[[142.19965,-36.71767],[142.1997,-36.71766],[142.19973,-36.71767],[142.19976,-36.71768]]}},{"type":"Feature","properties":{"name":"","class":4,"surf":0,"highway":"tertiary"},"geometry":{"type":"LineString","coordinates":[[142.19976,-36.71768],[142.1998,-36.71774]]}},{"type":"Feature","properties":{"name":"","class":4,"surf":0,"highway":"tertiary"},"geometry":{"type":"LineString","coordinates":[[142.1998,-36.71774],[142.19983,-36.71777],[142.19985,-36.7178],[142.19985,-36.71783],[142.19983,-36.71786],[142.1998,-36.71789]]}},{"type":"Feature","properties":{"name":"","class":4,"surf":0,"highway":"tertiary"},"geometry":{"type":"LineString","coordinates":[[142.19966,-36.71789],[142.19964,-36.71787],[142.19962,-36.71784],[142.19962,-36.71782],[142.19962,-36.71779],[142.1996,-36.71771],[142.19963,-36.71768]]}},{"type":"Feature","properties":{"name":"","class":4,"surf":0,"highway":"tertiary"},"geometry":{"type":"LineString","coordinates":[[142.2024,-36.71771],[142.20243,-36.71773]]}},{"type":"Feature","properties":{"name":"","class":4,"surf":0,"highway":"tertiary"},"geometry":{"type":"LineString","coordinates":[[142.20243,-36.71773],[142.20245,-36.71776],[142.20246,-36.71779],[142.20245,-36.71782],[142.20244,-36.71785],[142.20241,-36.71788]]}},{"type":"Feature","properties":{"name":"","class":4,"surf":0,"highway":"tertiary"},"geometry":{"type":"LineString","coordinates":[[142.20241,-36.71788],[142.20238,-36.7179]]}},{"type":"Feature","properties":{"name":"","class":4,"surf":0,"highway":"tertiary"},"geometry":{"type":"LineString","coordinates":[[142.20224,-36.71789],[142.20221,-36.71787]]}},{"type":"Feature","properties":{"name":"","class":4,"surf":0,"highway":"tertiary"},"geometry":{"type":"LineString","coordinates":[[142.20221,-36.71787],[142.20219,-36.71784],[142.20218,-36.71782],[142.20218,-36.71779],[142.20219,-36.71775],[142.20221,-36.71773]]}},{"type":"Feature","properties":{"name":"","class":4,"surf":0,"highway":"tertiary"},"geometry":{"type":"LineString","coordinates":[[142.20221,-36.71773],[142.20225,-36.7177]]}},{"type":"Feature","properties":{"name":"","class":4,"surf":0,"highway":"tertiary"},"geometry":{"type":"LineString","coordinates":[[142.20225,-36.7177],[142.20228,-36.71769],[142.20232,-36.71769],[142.20236,-36.71769],[142.2024,-36.71771]]}},{"type":"Feature","properties":{"name":"Natimuk Road","class":2,"surf":0,"highway":"primary","ref":"B240"},"geometry":{"type":"LineString","coordinates":[[142.17394,-36.72377],[142.17478,-36.72343],[142.17593,-36.72296],[142.17785,-36.72222]]}},{"type":"Feature","properties":{"name":"Natimuk Road","class":2,"surf":0,"highway":"primary","ref":"B240"},"geometry":{"type":"LineString","coordinates":[[142.17785,-36.72222],[142.178,-36.72217]]}},{"type":"Feature","properties":{"name":"Natimuk Road","class":2,"surf":0,"highway":"primary","ref":"B240"},"geometry":{"type":"LineString","coordinates":[[142.178,-36.72217],[142.18098,-36.72107]]}},{"type":"Feature","properties":{"name":"Natimuk Road","class":2,"surf":0,"highway":"primary","ref":"B240"},"geometry":{"type":"LineString","coordinates":[[142.18727,-36.71865],[142.18749,-36.71855],[142.18877,-36.71811],[142.18987,-36.7177]]}},{"type":"Feature","properties":{"name":"Natimuk Road","class":2,"surf":0,"highway":"primary","ref":"B240"},"geometry":{"type":"LineString","coordinates":[[142.18987,-36.7177],[142.1912,-36.71721]]}},{"type":"Feature","properties":{"name":"Natimuk Road","class":2,"surf":0,"highway":"primary","ref":"B240"},"geometry":{"type":"LineString","coordinates":[[142.1912,-36.71721],[142.19257,-36.71673],[142.19268,-36.71669],[142.1928,-36.71666],[142.19288,-36.71664]]}},{"type":"Feature","properties":{"name":"Baillie Street","class":1,"surf":0,"highway":"trunk","ref":"A8"},"geometry":{"type":"LineString","coordinates":[[142.19966,-36.71171],[142.19976,-36.71171]]}},{"type":"Feature","properties":{"name":"Baillie Street","class":4,"surf":0,"highway":"tertiary"},"geometry":{"type":"LineString","coordinates":[[142.21192,-36.71168],[142.21321,-36.71168]]}},{"type":"Feature","properties":{"name":"Dooen Road","class":2,"surf":0,"highway":"primary","ref":"B200;B240"},"geometry":{"type":"LineString","coordinates":[[142.21443,-36.7043],[142.21487,-36.70397],[142.21688,-36.7023]]}},{"type":"Feature","properties":{"name":"Dooen Road","class":2,"surf":0,"highway":"primary","ref":"B200;B240"},"geometry":{"type":"LineString","coordinates":[[142.21688,-36.7023],[142.21845,-36.70102]]}},{"type":"Feature","properties":{"name":"Baillie Street","class":4,"surf":0,"highway":"tertiary"},"geometry":{"type":"LineString","coordinates":[[142.20734,-36.7117],[142.20768,-36.71169],[142.20826,-36.71169],[142.2087,-36.71169],[142.20893,-36.71169],[142.2099,-36.71169]]}},{"type":"Feature","properties":{"name":"Baillie Street","class":4,"surf":0,"highway":"tertiary"},"geometry":{"type":"LineString","coordinates":[[142.2099,-36.71169],[142.21044,-36.71168]]}},{"type":"Feature","properties":{"name":"Baillie Street","class":4,"surf":0,"highway":"tertiary"},"geometry":{"type":"LineString","coordinates":[[142.20683,-36.7117],[142.20734,-36.7117]]}},{"type":"Feature","properties":{"name":"McPherson Street","class":1,"surf":0,"highway":"trunk","ref":"A8;A200;B240"},"geometry":{"type":"LineString","coordinates":[[142.20489,-36.71343],[142.20489,-36.71305]]}},{"type":"Feature","properties":{"name":"McPherson Street","class":1,"surf":0,"highway":"trunk","ref":"A8;A200;B240"},"geometry":{"type":"LineString","coordinates":[[142.20489,-36.71305],[142.20488,-36.71239]]}},{"type":"Feature","properties":{"name":"Williams Road","class":3,"surf":0,"highway":"secondary","ref":"C215"},"geometry":{"type":"LineString","coordinates":[[142.21513,-36.72616],[142.21384,-36.72615],[142.21349,-36.72615]]}},{"type":"Feature","properties":{"name":"Urquhart Street","class":4,"surf":0,"highway":"tertiary"},"geometry":{"type":"LineString","coordinates":[[142.20239,-36.71862],[142.20239,-36.71918]]}},{"type":"Feature","properties":{"name":"Urquhart Street","class":4,"surf":0,"highway":"tertiary"},"geometry":{"type":"LineString","coordinates":[[142.20239,-36.71918],[142.20239,-36.71964]]}},{"type":"Feature","properties":{"name":"Urquhart Street","class":4,"surf":0,"highway":"tertiary"},"geometry":{"type":"LineString","coordinates":[[142.20239,-36.71964],[142.20239,-36.7197]]}},{"type":"Feature","properties":{"name":"Urquhart Street","class":4,"surf":0,"highway":"tertiary"},"geometry":{"type":"LineString","coordinates":[[142.20239,-36.7197],[142.20239,-36.72027]]}},{"type":"Feature","properties":{"name":"Urquhart Street","class":4,"surf":0,"highway":"tertiary"},"geometry":{"type":"LineString","coordinates":[[142.20239,-36.72027],[142.20239,-36.72032],[142.20238,-36.72045],[142.20237,-36.72055],[142.20236,-36.72067],[142.20234,-36.72073]]}},{"type":"Feature","properties":{"name":"O'Callaghans Parade","class":4,"surf":0,"highway":"tertiary"},"geometry":{"type":"LineString","coordinates":[[142.20234,-36.72073],[142.20245,-36.72082]]}},{"type":"Feature","properties":{"name":"O'Callaghans Parade","class":4,"surf":0,"highway":"tertiary"},"geometry":{"type":"LineString","coordinates":[[142.20245,-36.72082],[142.20264,-36.72098]]}},{"type":"Feature","properties":{"name":"Urquhart Street","class":4,"surf":0,"highway":"tertiary"},"geometry":{"type":"LineString","coordinates":[[142.2023,-36.7197],[142.2023,-36.71964]]}},{"type":"Feature","properties":{"name":"Urquhart Street","class":4,"surf":0,"highway":"tertiary"},"geometry":{"type":"LineString","coordinates":[[142.2023,-36.71964],[142.2023,-36.71919]]}},{"type":"Feature","properties":{"name":"Urquhart Street","class":4,"surf":0,"highway":"tertiary"},"geometry":{"type":"LineString","coordinates":[[142.2023,-36.71919],[142.20229,-36.71862]]}},{"type":"Feature","properties":{"name":"Urquhart Street","class":4,"surf":0,"highway":"tertiary"},"geometry":{"type":"LineString","coordinates":[[142.20229,-36.71862],[142.20229,-36.718],[142.20228,-36.71796],[142.20228,-36.71793],[142.20224,-36.71789]]}},{"type":"Feature","properties":{"name":"Stawell Road","class":1,"surf":0,"highway":"trunk","ref":"A8;A200"},"geometry":{"type":"LineString","coordinates":[[142.20503,-36.72685],[142.20501,-36.72654],[142.205,-36.72621],[142.205,-36.72617],[142.20499,-36.72607]]}},{"type":"Feature","properties":{"name":"Stawell Road","class":1,"surf":0,"highway":"trunk","ref":"A8;A200"},"geometry":{"type":"LineString","coordinates":[[142.20507,-36.72785],[142.20504,-36.7271]]}},{"type":"Feature","properties":{"name":"Stawell Road","class":1,"surf":0,"highway":"trunk","ref":"A8;A200"},"geometry":{"type":"LineString","coordinates":[[142.20504,-36.7271],[142.20503,-36.72685]]}},{"type":"Feature","properties":{"name":"Stawell Road","class":1,"surf":0,"highway":"trunk","ref":"A8;A200"},"geometry":{"type":"LineString","coordinates":[[142.20525,-36.72698],[142.20528,-36.72801]]}},{"type":"Feature","properties":{"name":"Stawell Road","class":1,"surf":0,"highway":"trunk","ref":"A8;A200"},"geometry":{"type":"LineString","coordinates":[[142.20545,-36.73279],[142.20546,-36.73289]]}},{"type":"Feature","properties":{"name":"Stawell Road","class":1,"surf":0,"highway":"trunk","ref":"A8;A200"},"geometry":{"type":"LineString","coordinates":[[142.20546,-36.73289],[142.20551,-36.73308]]}}]}