{"type":"FeatureCollection","name":"HRCC sealed roads","source":"Vicmap Transport TR_ROAD road_seal=1, clipped to Horsham Rural City","features":[{"type":"Feature","properties":{"name":"McLean Drive","class":5,"surf":0,"highway":"unclassified"},"geometry":{"type":"LineString","coordinates":[[142.20257,-36.73012],[142.20163,-36.73011]]}},{"type":"Feature","properties":{"name":"Jahn Avenue","class":5,"surf":0,"highway":"unclassified"},"geometry":{"type":"LineString","coordinates":[[142.02501,-36.74696],[142.02835,-36.74695]]}},{"type":"Feature","properties":{"name":"Rules Road","class":5,"surf":0,"highway":"unclassified"},"geometry":{"type":"LineString","coordinates":[[142.12507,-36.59513],[142.12532,-36.59512]]}},{"type":"Feature","properties":{"name":"Ladlows Road","class":5,"surf":0,"highway":"unclassified"},"geometry":{"type":"LineString","coordinates":[[142.24133,-36.60788],[142.24351,-36.6079]]}},{"type":"Feature","properties":{"name":"Freeman Street","class":5,"surf":0,"highway":"unclassified"},"geometry":{"type":"LineString","coordinates":[[142.17641,-36.7131],[142.17669,-36.71322]]}},{"type":"Feature","properties":{"name":"Rogers Street","class":5,"surf":0,"highway":"unclassified"},"geometry":{"type":"LineString","coordinates":[[142.18069,-36.71376],[142.17957,-36.71403]]}},{"type":"Feature","properties":{"name":"Park Drive","class":5,"surf":0,"highway":"unclassified"},"geometry":{"type":"LineString","coordinates":[[142.19387,-36.71448],[142.19381,-36.71463]]}},{"type":"Feature","properties":{"name":"Western Highway","class":1,"surf":0,"highway":"trunk","ref":"A8"},"geometry":{"type":"LineString","coordinates":[[142.24924,-36.76078],[142.24994,-36.76116]]}},{"type":"Feature","properties":{"name":"Henty Highway","class":1,"surf":0,"highway":"trunk","ref":"A200"},"geometry":{"type":"LineString","coordinates":[[142.18702,-37.11236],[142.18668,-37.11198]]}},{"type":"Feature","properties":{"name":"Pynsent Street","class":5,"surf":0,"highway":"unclassified"},"geometry":{"type":"LineString","coordinates":[[142.19811,-36.71547],[142.19832,-36.71547]]}},{"type":"Feature","properties":{"name":"Stawell Road","class":1,"surf":0,"highway":"trunk","ref":"A8"},"geometry":{"type":"LineString","coordinates":[[142.20508,-36.72353],[142.20509,-36.7237]]}},{"type":"Feature","properties":{"name":"Bushby Road","class":5,"surf":0,"highway":"unclassified"},"geometry":{"type":"LineString","coordinates":[[142.20514,-36.77558],[142.19867,-36.77555]]}},{"type":"Feature","properties":{"name":"Fulton Avenue","class":5,"surf":0,"highway":"unclassified"},"geometry":{"type":"LineString","coordinates":[[142.17559,-36.72648],[142.17592,-36.72703],[142.17587,-36.72754]]}},{"type":"Feature","properties":{"name":"Kooyong Street","class":5,"surf":0,"highway":"unclassified"},"geometry":{"type":"LineString","coordinates":[[142.17851,-36.71841],[142.17851,-36.71859],[142.17865,-36.71896],[142.17891,-36.7194]]}},{"type":"Feature","properties":{"name":"","class":5,"surf":0,"highway":"unclassified"},"geometry":{"type":"LineString","coordinates":[[142.18136,-36.71849],[142.18242,-36.71809]]}},{"type":"Feature","properties":{"name":"McLachlan Street","class":5,"surf":0,"highway":"unclassified"},"geometry":{"type":"LineString","coordinates":[[142.20231,-36.71308],[142.20491,-36.71306]]}},{"type":"Feature","properties":{"name":"Sisson Street","class":5,"surf":0,"highway":"unclassified"},"geometry":{"type":"LineString","coordinates":[[141.93967,-36.74374],[141.94008,-36.74437]]}},{"type":"Feature","properties":{"name":"Western Highway","class":1,"surf":0,"highway":"trunk","ref":"A8"},"geometry":{"type":"LineString","coordinates":[[142.09986,-36.4942],[142.09993,-36.50145],[142.10008,-36.50216],[142.10047,-36.50307],[142.10091,-36.50371],[142.10323,-36.50615]]}},{"type":"Feature","properties":{"name":"Horsham-Noradjuha Road","class":2,"surf":0,"highway":"primary","ref":"C214"},"geometry":{"type":"LineString","coordinates":[[142.11562,-36.75509],[142.11537,-36.75559]]}},{"type":"Feature","properties":{"name":"Horsham-Noradjuha Road","class":2,"surf":0,"highway":"primary","ref":"C214"},"geometry":{"type":"LineString","coordinates":[[142.11537,-36.75559],[142.11477,-36.75687],[142.11386,-36.75854]]}},{"type":"Feature","properties":{"name":"Horsham-Noradjuha Road","class":2,"surf":0,"highway":"primary","ref":"C214"},"geometry":{"type":"LineString","coordinates":[[142.11386,-36.75854],[142.11352,-36.75914]]}},{"type":"Feature","properties":{"name":"Western Highway","class":1,"surf":0,"highway":"trunk","ref":"A8"},"geometry":{"type":"LineString","coordinates":[[142.1161,-36.57385],[142.11617,-36.57635],[142.11643,-36.58093],[142.11659,-36.58207],[142.11677,-36.58258]]}},{"type":"Feature","properties":{"name":"Old Hamilton Road","class":5,"surf":0,"highway":"unclassified"},"geometry":{"type":"LineString","coordinates":[[142.20512,-36.78082],[142.20512,-36.78125]]}},{"type":"Feature","properties":{"name":"Old Hamilton Road","class":3,"surf":0,"highway":"secondary"},"geometry":{"type":"LineString","coordinates":[[142.20518,-36.76436],[142.20518,-36.76672]]}},{"type":"Feature","properties":{"name":"Jung North Road","class":5,"surf":0,"highway":"unclassified"},"geometry":{"type":"LineString","coordinates":[[142.35559,-36.51574],[142.3555,-36.5246]]}},{"type":"Feature","properties":{"name":"Mitre-Nurcoung Road","class":3,"surf":0,"highway":"secondary"},"geometry":{"type":"LineString","coordinates":[[141.7812,-36.72634],[141.78148,-36.72689],[141.78131,-36.72807]]}},{"type":"Feature","properties":{"name":"Horsham-Lubeck Road","class":3,"surf":0,"highway":"secondary"},"geometry":{"type":"LineString","coordinates":[[142.33635,-36.76544],[142.33492,-36.76556],[142.32271,-36.76554]]}},{"type":"Feature","properties":{"name":"Heards Road","class":5,"surf":0,"highway":"unclassified"},"geometry":{"type":"LineString","coordinates":[[142.24906,-36.69436],[142.24227,-36.69435],[142.24142,-36.6944],[142.24044,-36.69467]]}},{"type":"Feature","properties":{"name":"Wimmera Highway","class":1,"surf":0,"highway":"trunk","ref":"B240"},"geometry":{"type":"LineString","coordinates":[[142.30308,-36.63269],[142.30293,-36.63268]]}},{"type":"Feature","properties":{"name":"Banyena Road","class":5,"surf":0,"highway":"unclassified"},"geometry":{"type":"LineString","coordinates":[[142.30074,-36.5528],[142.30121,-36.55295],[142.3033,-36.55295]]}},{"type":"Feature","properties":{"name":"Jung North Road","class":5,"surf":0,"highway":"unclassified"},"geometry":{"type":"LineString","coordinates":[[142.35375,-36.53913],[142.35368,-36.55064],[142.35375,-36.55118],[142.35425,-36.55284]]}},{"type":"Feature","properties":{"name":"Rasmussen Road","class":3,"surf":0,"highway":"secondary"},"geometry":{"type":"LineString","coordinates":[[142.2203,-36.6968],[142.22291,-36.69677]]}},{"type":"Feature","properties":{"name":"Riverside Road","class":5,"surf":0,"highway":"unclassified"},"geometry":{"type":"LineString","coordinates":[[142.23802,-36.70157],[142.23803,-36.70374]]}},{"type":"Feature","properties":{"name":"Williams Road","class":2,"surf":0,"highway":"primary","ref":"C215"},"geometry":{"type":"LineString","coordinates":[[142.21025,-36.72612],[142.21068,-36.72612]]}},{"type":"Feature","properties":{"name":"Lower Norton-Nurrabiel Road","class":3,"surf":0,"highway":"secondary"},"geometry":{"type":"LineString","coordinates":[[142.05169,-36.87643],[142.04859,-36.8853]]}},{"type":"Feature","properties":{"name":"Jallumba-Mockinya Road","class":3,"surf":0,"highway":"secondary"},"geometry":{"type":"LineString","coordinates":[[141.98449,-36.9363],[141.98472,-36.93632]]}},{"type":"Feature","properties":{"name":"Henty Highway","class":1,"surf":0,"highway":"trunk","ref":"A200"},"geometry":{"type":"LineString","coordinates":[[142.19077,-37.06602],[142.19385,-37.05931],[142.19413,-37.05863],[142.19428,-37.058],[142.19435,-37.05701],[142.19423,-37.05624],[142.19289,-37.05083],[142.19285,-37.04992],[142.19309,-37.04852]]}},{"type":"Feature","properties":{"name":"Horsham-Noradjuha Road","class":2,"surf":0,"highway":"primary","ref":"C214"},"geometry":{"type":"LineString","coordinates":[[142.02589,-36.81671],[142.0252,-36.81694]]}},{"type":"Feature","properties":{"name":"Lower Norton-Nurrabiel Road","class":3,"surf":0,"highway":"secondary"},"geometry":{"type":"LineString","coordinates":[[142.04217,-36.90315],[142.04067,-36.90734]]}},{"type":"Feature","properties":{"name":"Curtis Road","class":5,"surf":0,"highway":"unclassified"},"geometry":{"type":"LineString","coordinates":[[142.18309,-36.9044],[142.18472,-36.9054]]}},{"type":"Feature","properties":{"name":"Western Highway","class":1,"surf":0,"highway":"trunk","ref":"A8"},"geometry":{"type":"LineString","coordinates":[[142.52837,-36.92551],[142.52639,-36.92446]]}},{"type":"Feature","properties":{"name":"Laharum Road","class":2,"surf":0,"highway":"primary"},"geometry":{"type":"LineString","coordinates":[[142.30774,-36.87642],[142.2968,-36.87797],[142.29382,-36.87805]]}},{"type":"Feature","properties":{"name":"Hammond-McCuish Road","class":3,"surf":0,"highway":"secondary"},"geometry":{"type":"LineString","coordinates":[[141.92009,-36.79763],[141.93114,-36.80704]]}},{"type":"Feature","properties":{"name":"Polkemmet Road","class":3,"surf":0,"highway":"secondary"},"geometry":{"type":"LineString","coordinates":[[141.98255,-36.65268],[141.98201,-36.65261],[141.98148,-36.65265],[141.98034,-36.65293]]}},{"type":"Feature","properties":{"name":"McPherson Street","class":5,"surf":0,"highway":"unclassified"},"geometry":{"type":"LineString","coordinates":[[142.20489,-36.70937],[142.20489,-36.71056]]}},{"type":"Feature","properties":{"name":"Bowden Street","class":5,"surf":0,"highway":"unclassified"},"geometry":{"type":"LineString","coordinates":[[142.20226,-36.71057],[142.20489,-36.71056]]}},{"type":"Feature","properties":{"name":"Arnold Street","class":5,"surf":0,"highway":"unclassified"},"geometry":{"type":"LineString","coordinates":[[142.18831,-36.7063],[142.18954,-36.70679]]}},{"type":"Feature","properties":{"name":"Lawrence Street","class":5,"surf":0,"highway":"unclassified"},"geometry":{"type":"LineString","coordinates":[[142.21438,-36.70753],[142.21646,-36.70752]]}},{"type":"Feature","properties":{"name":"Culliver Street","class":5,"surf":0,"highway":"unclassified"},"geometry":{"type":"LineString","coordinates":[[142.21468,-36.70681],[142.21447,-36.70717],[142.21438,-36.70753]]}},{"type":"Feature","properties":{"name":"Mitre Road","class":3,"surf":0,"highway":"secondary"},"geometry":{"type":"LineString","coordinates":[[141.73664,-36.67898],[141.73671,-36.67907]]}},{"type":"Feature","properties":{"name":"Birch Avenue","class":5,"surf":0,"highway":"unclassified"},"geometry":{"type":"LineString","coordinates":[[142.1928,-36.7102],[142.19332,-36.71045],[142.19332,-36.71104]]}},{"type":"Feature","properties":{"name":"Lewis Street","class":5,"surf":0,"highway":"unclassified"},"geometry":{"type":"LineString","coordinates":[[142.21344,-36.70801],[142.21411,-36.70801]]}},{"type":"Feature","properties":{"name":"Lewis Street","class":5,"surf":0,"highway":"unclassified"},"geometry":{"type":"LineString","coordinates":[[142.21189,-36.70801],[142.21344,-36.70801]]}},{"type":"Feature","properties":{"name":"Bennett Road","class":4,"surf":0,"highway":"tertiary"},"geometry":{"type":"LineString","coordinates":[[142.18725,-36.72018],[142.18725,-36.72045]]}},{"type":"Feature","properties":{"name":"Gardenia Street","class":5,"surf":0,"highway":"unclassified"},"geometry":{"type":"LineString","coordinates":[[142.19291,-36.71955],[142.19291,-36.72061]]}},{"type":"Feature","properties":{"name":"Bolton Street","class":5,"surf":0,"highway":"unclassified"},"geometry":{"type":"LineString","coordinates":[[142.20238,-36.72085],[142.20365,-36.72085]]}},{"type":"Feature","properties":{"name":"Urquhart Street","class":5,"surf":0,"highway":"unclassified"},"geometry":{"type":"LineString","coordinates":[[142.20235,-36.72027],[142.20238,-36.72085]]}},{"type":"Feature","properties":{"name":"Wilmoth Avenue","class":5,"surf":0,"highway":"unclassified"},"geometry":{"type":"LineString","coordinates":[[142.186,-36.72048],[142.18615,-36.72042],[142.18725,-36.72045]]}},{"type":"Feature","properties":{"name":"Wattle Street","class":5,"surf":0,"highway":"unclassified"},"geometry":{"type":"LineString","coordinates":[[142.19155,-36.72061],[142.19291,-36.72061]]}},{"type":"Feature","properties":{"name":"Wattle Street","class":5,"surf":0,"highway":"unclassified"},"geometry":{"type":"LineString","coordinates":[[142.19046,-36.72062],[142.19155,-36.72061]]}},{"type":"Feature","properties":{"name":"Selkirk Drive","class":5,"surf":0,"highway":"unclassified"},"geometry":{"type":"LineString","coordinates":[[142.19423,-36.72029],[142.194,-36.72076],[142.194,-36.72116]]}},{"type":"Feature","properties":{"name":"Bennett Road","class":4,"surf":0,"highway":"tertiary"},"geometry":{"type":"LineString","coordinates":[[142.18725,-36.72341],[142.18725,-36.72397]]}},{"type":"Feature","properties":{"name":"Federation Avenue","class":5,"surf":0,"highway":"unclassified"},"geometry":{"type":"LineString","coordinates":[[142.17704,-36.7238],[142.17806,-36.72341]]}},{"type":"Feature","properties":{"name":"Federation Avenue","class":5,"surf":0,"highway":"unclassified"},"geometry":{"type":"LineString","coordinates":[[142.17678,-36.72393],[142.17704,-36.7238]]}},{"type":"Feature","properties":{"name":"Wotonga Drive","class":5,"surf":0,"highway":"unclassified"},"geometry":{"type":"LineString","coordinates":[[142.19502,-36.72339],[142.19503,-36.7244]]}},{"type":"Feature","properties":{"name":"Federation Avenue","class":5,"surf":0,"highway":"unclassified"},"geometry":{"type":"LineString","coordinates":[[142.17607,-36.72431],[142.17678,-36.72393]]}},{"type":"Feature","properties":{"name":"Jackson Street","class":5,"surf":0,"highway":"unclassified"},"geometry":{"type":"LineString","coordinates":[[142.18948,-36.72341],[142.18949,-36.72481]]}},{"type":"Feature","properties":{"name":"Albert Street","class":4,"surf":0,"highway":"tertiary"},"geometry":{"type":"LineString","coordinates":[[142.20503,-36.70079],[142.20503,-36.70161]]}},{"type":"Feature","properties":{"name":"Wotonga Drive","class":5,"surf":0,"highway":"unclassified"},"geometry":{"type":"LineString","coordinates":[[142.19292,-36.72116],[142.194,-36.72116]]}},{"type":"Feature","properties":{"name":"Clark Street","class":5,"surf":0,"highway":"unclassified"},"geometry":{"type":"LineString","coordinates":[[142.20365,-36.72085],[142.20366,-36.72144]]}},{"type":"Feature","properties":{"name":"Kenny Road","class":5,"surf":0,"highway":"unclassified"},"geometry":{"type":"LineString","coordinates":[[142.19591,-36.74088],[142.20178,-36.74087]]}},{"type":"Feature","properties":{"name":"Turnbull Drive","class":5,"surf":0,"highway":"unclassified"},"geometry":{"type":"LineString","coordinates":[[142.19558,-36.73974],[142.19582,-36.74009],[142.19593,-36.74057],[142.19591,-36.74088]]}},{"type":"Feature","properties":{"name":"Wimmera Highway","class":1,"surf":0,"highway":"trunk","ref":"C240"},"geometry":{"type":"LineString","coordinates":[[141.73071,-36.84358],[141.73194,-36.84213],[141.73266,-36.84098],[141.73336,-36.83949],[141.73385,-36.83809]]}},{"type":"Feature","properties":{"name":"Murray Street","class":5,"surf":0,"highway":"unclassified"},"geometry":{"type":"LineString","coordinates":[[142.18431,-36.70565],[142.1852,-36.70608],[142.18507,-36.70752]]}},{"type":"Feature","properties":{"name":"Colin Street","class":5,"surf":0,"highway":"unclassified"},"geometry":{"type":"LineString","coordinates":[[142.18414,-36.70746],[142.18507,-36.70752]]}},{"type":"Feature","properties":{"name":"Jenkinson Avenue","class":5,"surf":0,"highway":"unclassified"},"geometry":{"type":"LineString","coordinates":[[142.18431,-36.70565],[142.18414,-36.70746]]}},{"type":"Feature","properties":{"name":"Derimal Street","class":5,"surf":0,"highway":"unclassified"},"geometry":{"type":"LineString","coordinates":[[142.17719,-36.72105],[142.17939,-36.72024]]}},{"type":"Feature","properties":{"name":"Baillie Street","class":4,"surf":0,"highway":"tertiary"},"geometry":{"type":"LineString","coordinates":[[142.19569,-36.71174],[142.19627,-36.71173]]}},{"type":"Feature","properties":{"name":"Birch Avenue","class":5,"surf":0,"highway":"unclassified"},"geometry":{"type":"LineString","coordinates":[[142.19332,-36.71104],[142.19333,-36.71175]]}},{"type":"Feature","properties":{"name":"Begg Street","class":5,"surf":0,"highway":"unclassified"},"geometry":{"type":"LineString","coordinates":[[142.19094,-36.70864],[142.19094,-36.71176]]}},{"type":"Feature","properties":{"name":"Baillie Street","class":4,"surf":0,"highway":"tertiary"},"geometry":{"type":"LineString","coordinates":[[142.18955,-36.71176],[142.19094,-36.71176]]}},{"type":"Feature","properties":{"name":"James Street","class":5,"surf":0,"highway":"unclassified"},"geometry":{"type":"LineString","coordinates":[[142.18954,-36.70906],[142.18955,-36.71176]]}},{"type":"Feature","properties":{"name":"Baillie Street","class":4,"surf":0,"highway":"tertiary"},"geometry":{"type":"LineString","coordinates":[[142.18815,-36.71176],[142.18955,-36.71176]]}},{"type":"Feature","properties":{"name":"Rennison Street","class":5,"surf":0,"highway":"unclassified"},"geometry":{"type":"LineString","coordinates":[[142.21361,-36.71256],[142.21544,-36.71255]]}},{"type":"Feature","properties":{"name":"Rennison Street","class":5,"surf":0,"highway":"unclassified"},"geometry":{"type":"LineString","coordinates":[[142.21325,-36.71257],[142.21361,-36.71256]]}},{"type":"Feature","properties":{"name":"Rennison Street","class":5,"surf":0,"highway":"unclassified"},"geometry":{"type":"LineString","coordinates":[[142.21164,-36.71257],[142.21262,-36.71257]]}},{"type":"Feature","properties":{"name":"Wimmera Highway","class":1,"surf":0,"highway":"trunk","ref":"C240"},"geometry":{"type":"LineString","coordinates":[[141.73604,-36.83289],[141.73722,-36.83159]]}},{"type":"Feature","properties":{"name":"Ocallaghans Parade","class":5,"surf":0,"highway":"unclassified"},"geometry":{"type":"LineString","coordinates":[[142.20238,-36.72085],[142.20366,-36.72195]]}},{"type":"Feature","properties":{"name":"Edith Street","class":5,"surf":0,"highway":"unclassified"},"geometry":{"type":"LineString","coordinates":[[142.21028,-36.70439],[142.213,-36.70437],[142.21338,-36.70445]]}},{"type":"Feature","properties":{"name":"Shirley Street","class":5,"surf":0,"highway":"unclassified"},"geometry":{"type":"LineString","coordinates":[[142.21031,-36.70352],[142.21028,-36.70439]]}},{"type":"Feature","properties":{"name":"Robin Street","class":5,"surf":0,"highway":"unclassified"},"geometry":{"type":"LineString","coordinates":[[142.20306,-36.70423],[142.20509,-36.70422]]}},{"type":"Feature","properties":{"name":"Edith Street","class":5,"surf":0,"highway":"unclassified"},"geometry":{"type":"LineString","coordinates":[[142.20779,-36.70439],[142.21028,-36.70439]]}},{"type":"Feature","properties":{"name":"Palm Avenue","class":5,"surf":0,"highway":"unclassified"},"geometry":{"type":"LineString","coordinates":[[142.21272,-36.70497],[142.21338,-36.70445]]}},{"type":"Feature","properties":{"name":"Mary Street","class":5,"surf":0,"highway":"unclassified"},"geometry":{"type":"LineString","coordinates":[[142.20779,-36.70499],[142.21272,-36.70497]]}},{"type":"Feature","properties":{"name":"Errett Street","class":5,"surf":0,"highway":"unclassified"},"geometry":{"type":"LineString","coordinates":[[142.19214,-36.70264],[142.19216,-36.70463]]}},{"type":"Feature","properties":{"name":"Edward Street","class":5,"surf":0,"highway":"unclassified"},"geometry":{"type":"LineString","coordinates":[[142.1908,-36.70464],[142.19216,-36.70463]]}},{"type":"Feature","properties":{"name":"Kalimna Avenue","class":5,"surf":0,"highway":"unclassified"},"geometry":{"type":"LineString","coordinates":[[142.18277,-36.72044],[142.18269,-36.72138]]}},{"type":"Feature","properties":{"name":"Clark Street","class":5,"surf":0,"highway":"unclassified"},"geometry":{"type":"LineString","coordinates":[[142.20366,-36.72144],[142.20366,-36.72195]]}},{"type":"Feature","properties":{"name":"Valentine Avenue","class":5,"surf":0,"highway":"unclassified"},"geometry":{"type":"LineString","coordinates":[[142.186,-36.72048],[142.186,-36.72172]]}},{"type":"Feature","properties":{"name":"Wotonga Drive","class":5,"surf":0,"highway":"unclassified"},"geometry":{"type":"LineString","coordinates":[[142.194,-36.72116],[142.19439,-36.72121],[142.19478,-36.72143],[142.195,-36.72177],[142.195,-36.72197]]}},{"type":"Feature","properties":{"name":"Brierwood Court","class":5,"surf":0,"highway":"unclassified"},"geometry":{"type":"LineString","coordinates":[[142.19399,-36.72198],[142.195,-36.72197]]}},{"type":"Feature","properties":{"name":"Gardenia Street","class":5,"surf":0,"highway":"unclassified"},"geometry":{"type":"LineString","coordinates":[[142.19292,-36.72116],[142.19292,-36.72197]]}},{"type":"Feature","properties":{"name":"Rose Street","class":5,"surf":0,"highway":"unclassified"},"geometry":{"type":"LineString","coordinates":[[142.19155,-36.72061],[142.19156,-36.72197]]}},{"type":"Feature","properties":{"name":"Rose Street","class":5,"surf":0,"highway":"unclassified"},"geometry":{"type":"LineString","coordinates":[[142.19157,-36.7234],[142.19158,-36.72497]]}},{"type":"Feature","properties":{"name":"Barnes Boulevard","class":4,"surf":0,"highway":"tertiary"},"geometry":{"type":"LineString","coordinates":[[142.18842,-36.72493],[142.18892,-36.72482],[142.18949,-36.72481]]}},{"type":"Feature","properties":{"name":"Barnes Boulevard","class":4,"surf":0,"highway":"tertiary"},"geometry":{"type":"LineString","coordinates":[[142.18726,-36.725],[142.18842,-36.72493]]}},{"type":"Feature","properties":{"name":"Bennett Road","class":4,"surf":0,"highway":"tertiary"},"geometry":{"type":"LineString","coordinates":[[142.18725,-36.72397],[142.18726,-36.725]]}},{"type":"Feature","properties":{"name":"Mintern Crescent","class":5,"surf":0,"highway":"unclassified"},"geometry":{"type":"LineString","coordinates":[[142.17392,-36.72481],[142.17414,-36.72518]]}},{"type":"Feature","properties":{"name":"Cecil Street","class":5,"surf":0,"highway":"unclassified"},"geometry":{"type":"LineString","coordinates":[[142.19079,-36.70264],[142.1908,-36.70464]]}},{"type":"Feature","properties":{"name":"Tucker Street","class":5,"surf":0,"highway":"unclassified"},"geometry":{"type":"LineString","coordinates":[[142.21189,-36.70801],[142.21081,-36.70888]]}},{"type":"Feature","properties":{"name":"Lake Road","class":3,"surf":0,"highway":"secondary"},"geometry":{"type":"LineString","coordinates":[[141.9323,-36.68672],[141.93258,-36.68742],[141.93309,-36.68802],[141.93377,-36.68845],[141.93458,-36.6887]]}},{"type":"Feature","properties":{"name":"Edward Street","class":5,"surf":0,"highway":"unclassified"},"geometry":{"type":"LineString","coordinates":[[142.18952,-36.70464],[142.1908,-36.70464]]}},{"type":"Feature","properties":{"name":"Edward Street","class":5,"surf":0,"highway":"unclassified"},"geometry":{"type":"LineString","coordinates":[[142.1883,-36.70465],[142.18952,-36.70464]]}},{"type":"Feature","properties":{"name":"Florence Street","class":5,"surf":0,"highway":"unclassified"},"geometry":{"type":"LineString","coordinates":[[142.18708,-36.70265],[142.1871,-36.70466]]}},{"type":"Feature","properties":{"name":"Wawunna Road","class":4,"surf":0,"highway":"tertiary"},"geometry":{"type":"LineString","coordinates":[[142.19625,-36.7082],[142.19625,-36.70882]]}},{"type":"Feature","properties":{"name":"McPherson Street","class":5,"surf":0,"highway":"unclassified"},"geometry":{"type":"LineString","coordinates":[[142.20489,-36.70869],[142.20489,-36.70937]]}},{"type":"Feature","properties":{"name":"Olympic Street","class":5,"surf":0,"highway":"unclassified"},"geometry":{"type":"LineString","coordinates":[[142.18841,-36.72018],[142.18842,-36.72198]]}},{"type":"Feature","properties":{"name":"Laurel Street","class":5,"surf":0,"highway":"unclassified"},"geometry":{"type":"LineString","coordinates":[[142.18725,-36.72198],[142.18842,-36.72198]]}},{"type":"Feature","properties":{"name":"Bennett Road","class":4,"surf":0,"highway":"tertiary"},"geometry":{"type":"LineString","coordinates":[[142.18725,-36.72045],[142.18725,-36.72198]]}},{"type":"Feature","properties":{"name":"Darlot Street","class":5,"surf":0,"highway":"unclassified"},"geometry":{"type":"LineString","coordinates":[[142.19712,-36.71311],[142.19712,-36.71371]]}},{"type":"Feature","properties":{"name":"Albert Street","class":4,"surf":0,"highway":"tertiary"},"geometry":{"type":"LineString","coordinates":[[142.20509,-36.7044],[142.2051,-36.70531]]}},{"type":"Feature","properties":{"name":"Lynott Street","class":5,"surf":0,"highway":"unclassified"},"geometry":{"type":"LineString","coordinates":[[142.20307,-36.70532],[142.2051,-36.70531]]}},{"type":"Feature","properties":{"name":"Gertrude Street","class":5,"surf":0,"highway":"unclassified"},"geometry":{"type":"LineString","coordinates":[[142.20306,-36.70423],[142.20307,-36.70532]]}},{"type":"Feature","properties":{"name":"Francis Street","class":5,"surf":0,"highway":"unclassified"},"geometry":{"type":"LineString","coordinates":[[142.19758,-36.70261],[142.19759,-36.70534]]}},{"type":"Feature","properties":{"name":"Lynott Street","class":5,"surf":0,"highway":"unclassified"},"geometry":{"type":"LineString","coordinates":[[142.19624,-36.70535],[142.19759,-36.70534]]}},{"type":"Feature","properties":{"name":"Palm Avenue","class":5,"surf":0,"highway":"unclassified"},"geometry":{"type":"LineString","coordinates":[[142.21126,-36.70597],[142.21198,-36.70554],[142.21272,-36.70497]]}},{"type":"Feature","properties":{"name":"Albert Street","class":4,"surf":0,"highway":"tertiary"},"geometry":{"type":"LineString","coordinates":[[142.2051,-36.70531],[142.2051,-36.706]]}},{"type":"Feature","properties":{"name":"Robinson Street","class":5,"surf":0,"highway":"unclassified"},"geometry":{"type":"LineString","coordinates":[[142.20737,-36.71778],[142.20738,-36.71938]]}},{"type":"Feature","properties":{"name":"Curran Road","class":3,"surf":0,"highway":"secondary"},"geometry":{"type":"LineString","coordinates":[[142.16885,-36.71343],[142.16896,-36.72567]]}},{"type":"Feature","properties":{"name":"Clark Street","class":5,"surf":0,"highway":"unclassified"},"geometry":{"type":"LineString","coordinates":[[142.20363,-36.71781],[142.20365,-36.71967]]}},{"type":"Feature","properties":{"name":"Selkirk Drive","class":5,"surf":0,"highway":"unclassified"},"geometry":{"type":"LineString","coordinates":[[142.19466,-36.71891],[142.19454,-36.71905],[142.19452,-36.71954]]}},{"type":"Feature","properties":{"name":"Lilac Street","class":5,"surf":0,"highway":"unclassified"},"geometry":{"type":"LineString","coordinates":[[142.19291,-36.71955],[142.19452,-36.71954]]}},{"type":"Feature","properties":{"name":"Kendal Drive","class":5,"surf":0,"highway":"unclassified"},"geometry":{"type":"LineString","coordinates":[[142.20111,-36.73797],[142.19924,-36.73845],[142.19558,-36.73974]]}},{"type":"Feature","properties":{"name":"Jackson Street","class":5,"surf":0,"highway":"unclassified"},"geometry":{"type":"LineString","coordinates":[[142.18948,-36.72198],[142.18948,-36.72341]]}},{"type":"Feature","properties":{"name":"Cathcart Street","class":5,"surf":0,"highway":"unclassified"},"geometry":{"type":"LineString","coordinates":[[142.21213,-36.70888],[142.21214,-36.70974]]}},{"type":"Feature","properties":{"name":"Culliver Street","class":5,"surf":0,"highway":"unclassified"},"geometry":{"type":"LineString","coordinates":[[142.21414,-36.70888],[142.21415,-36.70988]]}},{"type":"Feature","properties":{"name":"Murray Street","class":5,"surf":0,"highway":"unclassified"},"geometry":{"type":"LineString","coordinates":[[142.18507,-36.70752],[142.18496,-36.70882],[142.18521,-36.70934]]}},{"type":"Feature","properties":{"name":"Oconnor Street","class":5,"surf":0,"highway":"unclassified"},"geometry":{"type":"LineString","coordinates":[[142.18814,-36.70948],[142.18954,-36.70906]]}},{"type":"Feature","properties":{"name":"Wawunna Road","class":4,"surf":0,"highway":"tertiary"},"geometry":{"type":"LineString","coordinates":[[142.19625,-36.70882],[142.19626,-36.70974]]}},{"type":"Feature","properties":{"name":"Landy Street","class":5,"surf":0,"highway":"unclassified"},"geometry":{"type":"LineString","coordinates":[[142.19157,-36.7234],[142.19293,-36.7234]]}},{"type":"Feature","properties":{"name":"Western Highway","class":1,"surf":0,"highway":"trunk","ref":"A8"},"geometry":{"type":"LineString","coordinates":[[142.15594,-36.6716],[142.15724,-36.67416]]}},{"type":"Feature","properties":{"name":"Jenkinson Avenue","class":5,"surf":0,"highway":"unclassified"},"geometry":{"type":"LineString","coordinates":[[142.18414,-36.70746],[142.18394,-36.70973]]}},{"type":"Feature","properties":{"name":"Valentine Avenue","class":5,"surf":0,"highway":"unclassified"},"geometry":{"type":"LineString","coordinates":[[142.186,-36.72172],[142.186,-36.72294]]}},{"type":"Feature","properties":{"name":"Kalimna Avenue","class":5,"surf":0,"highway":"unclassified"},"geometry":{"type":"LineString","coordinates":[[142.18257,-36.72267],[142.18254,-36.72299]]}},{"type":"Feature","properties":{"name":"Landy Street","class":5,"surf":0,"highway":"unclassified"},"geometry":{"type":"LineString","coordinates":[[142.19293,-36.7234],[142.19502,-36.72339]]}},{"type":"Feature","properties":{"name":"Landy Street","class":5,"surf":0,"highway":"unclassified"},"geometry":{"type":"LineString","coordinates":[[142.18842,-36.72341],[142.18948,-36.72341]]}},{"type":"Feature","properties":{"name":"Olympic Street","class":5,"surf":0,"highway":"unclassified"},"geometry":{"type":"LineString","coordinates":[[142.18842,-36.72198],[142.18842,-36.72341]]}},{"type":"Feature","properties":{"name":"Culliver Street","class":5,"surf":0,"highway":"unclassified"},"geometry":{"type":"LineString","coordinates":[[142.21647,-36.70647],[142.21514,-36.70646],[142.21468,-36.70681]]}},{"type":"Feature","properties":{"name":"Albert Street","class":4,"surf":0,"highway":"tertiary"},"geometry":{"type":"LineString","coordinates":[[142.2051,-36.706],[142.20511,-36.70659]]}},{"type":"Feature","properties":{"name":"Gertrude Street","class":5,"surf":0,"highway":"unclassified"},"geometry":{"type":"LineString","coordinates":[[142.20307,-36.70532],[142.20306,-36.70661]]}},{"type":"Feature","properties":{"name":"Vermont Street","class":5,"surf":0,"highway":"unclassified"},"geometry":{"type":"LineString","coordinates":[[142.1883,-36.70465],[142.18831,-36.7063]]}},{"type":"Feature","properties":{"name":"Wawunna Road","class":4,"surf":0,"highway":"tertiary"},"geometry":{"type":"LineString","coordinates":[[142.19624,-36.70535],[142.19624,-36.70663]]}},{"type":"Feature","properties":{"name":"Hazel Street","class":5,"surf":0,"highway":"unclassified"},"geometry":{"type":"LineString","coordinates":[[142.19489,-36.70661],[142.19624,-36.70663]]}},{"type":"Feature","properties":{"name":"Hazel Street","class":5,"surf":0,"highway":"unclassified"},"geometry":{"type":"LineString","coordinates":[[142.19352,-36.70658],[142.19489,-36.70661]]}},{"type":"Feature","properties":{"name":"Stewart Street","class":5,"surf":0,"highway":"unclassified"},"geometry":{"type":"LineString","coordinates":[[142.19351,-36.70463],[142.19352,-36.70658]]}},{"type":"Feature","properties":{"name":"Clark Street","class":5,"surf":0,"highway":"unclassified"},"geometry":{"type":"LineString","coordinates":[[142.20365,-36.71967],[142.20365,-36.72026]]}},{"type":"Feature","properties":{"name":"Bennett Road","class":4,"surf":0,"highway":"tertiary"},"geometry":{"type":"LineString","coordinates":[[142.18725,-36.72198],[142.18725,-36.72341]]}},{"type":"Feature","properties":{"name":"Federation Avenue","class":5,"surf":0,"highway":"unclassified"},"geometry":{"type":"LineString","coordinates":[[142.17806,-36.72341],[142.18266,-36.72171]]}},{"type":"Feature","properties":{"name":"Ivy Street","class":5,"surf":0,"highway":"unclassified"},"geometry":{"type":"LineString","coordinates":[[142.18725,-36.72018],[142.18841,-36.72018]]}},{"type":"Feature","properties":{"name":"Bennett Road","class":4,"surf":0,"highway":"tertiary"},"geometry":{"type":"LineString","coordinates":[[142.18725,-36.71929],[142.18725,-36.72018]]}},{"type":"Feature","properties":{"name":"Bleakley Street","class":5,"surf":0,"highway":"unclassified"},"geometry":{"type":"LineString","coordinates":[[142.20386,-36.69696],[142.20323,-36.69869]]}},{"type":"Feature","properties":{"name":"Bracken Street","class":5,"surf":0,"highway":"unclassified"},"geometry":{"type":"LineString","coordinates":[[142.20111,-36.73797],[142.20176,-36.7393],[142.20178,-36.74087]]}},{"type":"Feature","properties":{"name":"Curran Road","class":3,"surf":0,"highway":"secondary"},"geometry":{"type":"LineString","coordinates":[[142.16874,-36.69705],[142.16885,-36.71343]]}},{"type":"Feature","properties":{"name":"Lake Road","class":3,"surf":0,"highway":"secondary"},"geometry":{"type":"LineString","coordinates":[[141.9473,-36.70783],[141.94727,-36.70798]]}},{"type":"Feature","properties":{"name":"Barnes Boulevard","class":4,"surf":0,"highway":"tertiary"},"geometry":{"type":"LineString","coordinates":[[142.18169,-36.7269],[142.1825,-36.72668],[142.18329,-36.72625],[142.18494,-36.72582],[142.18706,-36.725],[142.18726,-36.725]]}},{"type":"Feature","properties":{"name":"Barnes Boulevard","class":4,"surf":0,"highway":"tertiary"},"geometry":{"type":"LineString","coordinates":[[142.18049,-36.72717],[142.18169,-36.7269]]}},{"type":"Feature","properties":{"name":"De Castella Drive","class":5,"surf":0,"highway":"unclassified"},"geometry":{"type":"LineString","coordinates":[[142.18926,-36.70173],[142.18925,-36.70265]]}},{"type":"Feature","properties":{"name":"Felstead Avenue","class":5,"surf":0,"highway":"unclassified"},"geometry":{"type":"LineString","coordinates":[[142.20882,-36.70203],[142.20888,-36.70297],[142.20914,-36.70325]]}},{"type":"Feature","properties":{"name":"Forsyth Avenue","class":5,"surf":0,"highway":"unclassified"},"geometry":{"type":"LineString","coordinates":[[142.21173,-36.70312],[142.2122,-36.70338],[142.21256,-36.70343]]}},{"type":"Feature","properties":{"name":"Shirley Street","class":5,"surf":0,"highway":"unclassified"},"geometry":{"type":"LineString","coordinates":[[142.2106,-36.70294],[142.21031,-36.70352]]}},{"type":"Feature","properties":{"name":"Obrees Road","class":3,"surf":0,"highway":"secondary"},"geometry":{"type":"LineString","coordinates":[[142.16806,-36.69705],[142.16874,-36.69705]]}},{"type":"Feature","properties":{"name":"Gerlach Street","class":5,"surf":0,"highway":"unclassified"},"geometry":{"type":"LineString","coordinates":[[142.20569,-36.69848],[142.2072,-36.69847]]}},{"type":"Feature","properties":{"name":"Pearl Street","class":5,"surf":0,"highway":"unclassified"},"geometry":{"type":"LineString","coordinates":[[142.18428,-36.71744],[142.1854,-36.71744]]}},{"type":"Feature","properties":{"name":"Churchill Road","class":5,"surf":0,"highway":"unclassified"},"geometry":{"type":"LineString","coordinates":[[142.18428,-36.71651],[142.18428,-36.71744]]}},{"type":"Feature","properties":{"name":"Natimuk Road","class":1,"surf":0,"highway":"trunk","ref":"C240"},"geometry":{"type":"LineString","coordinates":[[142.18996,-36.71773],[142.19123,-36.71726]]}},{"type":"Feature","properties":{"name":"Albert Street","class":4,"surf":0,"highway":"tertiary"},"geometry":{"type":"LineString","coordinates":[[142.20571,-36.69771],[142.20569,-36.69848]]}},{"type":"Feature","properties":{"name":"Obrees Road","class":3,"surf":0,"highway":"secondary"},"geometry":{"type":"LineString","coordinates":[[142.14545,-36.69713],[142.16806,-36.69705]]}},{"type":"Feature","properties":{"name":"Delta Street","class":5,"surf":0,"highway":"unclassified"},"geometry":{"type":"LineString","coordinates":[[142.2018,-36.69871],[142.20323,-36.69869]]}},{"type":"Feature","properties":{"name":"Bleakley Street","class":5,"surf":0,"highway":"unclassified"},"geometry":{"type":"LineString","coordinates":[[142.20323,-36.69869],[142.20319,-36.6988]]}},{"type":"Feature","properties":{"name":"Albert Street","class":4,"surf":0,"highway":"tertiary"},"geometry":{"type":"LineString","coordinates":[[142.20569,-36.69848],[142.20551,-36.69894]]}},{"type":"Feature","properties":{"name":"Jones Street","class":5,"surf":0,"highway":"unclassified"},"geometry":{"type":"LineString","coordinates":[[142.20319,-36.6988],[142.2046,-36.69878],[142.20551,-36.69894]]}},{"type":"Feature","properties":{"name":"Roberts Avenue","class":5,"surf":0,"highway":"unclassified"},"geometry":{"type":"LineString","coordinates":[[142.19777,-36.71428],[142.19832,-36.71428]]}},{"type":"Feature","properties":{"name":"Roberts Avenue","class":5,"surf":0,"highway":"unclassified"},"geometry":{"type":"LineString","coordinates":[[142.19713,-36.71428],[142.19777,-36.71428]]}},{"type":"Feature","properties":{"name":"Darlot Street","class":5,"surf":0,"highway":"unclassified"},"geometry":{"type":"LineString","coordinates":[[142.19712,-36.71371],[142.19713,-36.71428]]}},{"type":"Feature","properties":{"name":"Carr Street","class":5,"surf":0,"highway":"unclassified"},"geometry":{"type":"LineString","coordinates":[[142.21361,-36.71256],[142.21363,-36.71468]]}},{"type":"Feature","properties":{"name":"Gillespie Street","class":5,"surf":0,"highway":"unclassified"},"geometry":{"type":"LineString","coordinates":[[142.21264,-36.71469],[142.21363,-36.71468]]}},{"type":"Feature","properties":{"name":"Gillespie Street","class":5,"surf":0,"highway":"unclassified"},"geometry":{"type":"LineString","coordinates":[[142.21168,-36.7147],[142.21264,-36.71469]]}},{"type":"Feature","properties":{"name":"Philip Street","class":5,"surf":0,"highway":"unclassified"},"geometry":{"type":"LineString","coordinates":[[142.18185,-36.71708],[142.18242,-36.71809]]}},{"type":"Feature","properties":{"name":"Hayes Drive","class":5,"surf":0,"highway":"unclassified"},"geometry":{"type":"LineString","coordinates":[[142.17587,-36.72754],[142.1764,-36.72772]]}},{"type":"Feature","properties":{"name":"Colla Court","class":5,"surf":0,"highway":"unclassified"},"geometry":{"type":"LineString","coordinates":[[142.20792,-36.72719],[142.20793,-36.72847]]}},{"type":"Feature","properties":{"name":"Darlot Street","class":5,"surf":0,"highway":"unclassified"},"geometry":{"type":"LineString","coordinates":[[142.19713,-36.71428],[142.19713,-36.71461]]}},{"type":"Feature","properties":{"name":"Bowen Street","class":5,"surf":0,"highway":"unclassified"},"geometry":{"type":"LineString","coordinates":[[142.20567,-36.71489],[142.20736,-36.71487]]}},{"type":"Feature","properties":{"name":"Churchill Road","class":5,"surf":0,"highway":"unclassified"},"geometry":{"type":"LineString","coordinates":[[142.18331,-36.71417],[142.18338,-36.71454]]}},{"type":"Feature","properties":{"name":"West Wail Road","class":3,"surf":0,"highway":"secondary"},"geometry":{"type":"LineString","coordinates":[[142.10264,-36.58033],[142.10278,-36.58093],[142.10291,-36.5812],[142.10352,-36.58195],[142.10394,-36.58225],[142.10455,-36.58247],[142.10535,-36.58266]]}},{"type":"Feature","properties":{"name":"Albert Street","class":4,"surf":0,"highway":"tertiary"},"geometry":{"type":"LineString","coordinates":[[142.20551,-36.69894],[142.20539,-36.69925]]}},{"type":"Feature","properties":{"name":"Paterson Street","class":5,"surf":0,"highway":"unclassified"},"geometry":{"type":"LineString","coordinates":[[142.19631,-36.69924],[142.19676,-36.69935],[142.19784,-36.69936]]}},{"type":"Feature","properties":{"name":"Bleakley Street","class":5,"surf":0,"highway":"unclassified"},"geometry":{"type":"LineString","coordinates":[[142.20319,-36.6988],[142.20291,-36.69957]]}},{"type":"Feature","properties":{"name":"Albert Street","class":4,"surf":0,"highway":"tertiary"},"geometry":{"type":"LineString","coordinates":[[142.20509,-36.70002],[142.20502,-36.70029]]}},{"type":"Feature","properties":{"name":"McIntyre Street","class":5,"surf":0,"highway":"unclassified"},"geometry":{"type":"LineString","coordinates":[[142.18236,-36.71477],[142.18275,-36.71461],[142.18338,-36.71454]]}},{"type":"Feature","properties":{"name":"Pynsent Street","class":5,"surf":0,"highway":"unclassified"},"geometry":{"type":"LineString","coordinates":[[142.19972,-36.71546],[142.20027,-36.71546]]}},{"type":"Feature","properties":{"name":"Pynsent Street","class":5,"surf":0,"highway":"unclassified"},"geometry":{"type":"LineString","coordinates":[[142.19832,-36.71547],[142.19886,-36.71547]]}},{"type":"Feature","properties":{"name":"Darlot Street","class":5,"surf":0,"highway":"unclassified"},"geometry":{"type":"LineString","coordinates":[[142.19713,-36.71461],[142.19713,-36.71548]]}},{"type":"Feature","properties":{"name":"Robinson Street","class":5,"surf":0,"highway":"unclassified"},"geometry":{"type":"LineString","coordinates":[[142.20736,-36.71487],[142.20737,-36.71577]]}},{"type":"Feature","properties":{"name":"Western Highway","class":1,"surf":0,"highway":"trunk","ref":"A8"},"geometry":{"type":"LineString","coordinates":[[142.14261,-36.64633],[142.14342,-36.64775]]}},{"type":"Feature","properties":{"name":"Barnes Boulevard","class":4,"surf":0,"highway":"tertiary"},"geometry":{"type":"LineString","coordinates":[[142.17595,-36.72885],[142.17693,-36.72818]]}},{"type":"Feature","properties":{"name":"Vine Avenue","class":5,"surf":0,"highway":"unclassified"},"geometry":{"type":"LineString","coordinates":[[142.21025,-36.72891],[142.21025,-36.7298]]}},{"type":"Feature","properties":{"name":"Barnes Boulevard","class":4,"surf":0,"highway":"tertiary"},"geometry":{"type":"LineString","coordinates":[[142.17492,-36.72946],[142.17595,-36.72885]]}},{"type":"Feature","properties":{"name":"Crump Street","class":5,"surf":0,"highway":"unclassified"},"geometry":{"type":"LineString","coordinates":[[142.20264,-36.70031],[142.20502,-36.70029]]}},{"type":"Feature","properties":{"name":"Bleakley Street","class":5,"surf":0,"highway":"unclassified"},"geometry":{"type":"LineString","coordinates":[[142.20291,-36.69957],[142.20264,-36.70031]]}},{"type":"Feature","properties":{"name":"Albert Street","class":4,"surf":0,"highway":"tertiary"},"geometry":{"type":"LineString","coordinates":[[142.20502,-36.70029],[142.20503,-36.70079]]}},{"type":"Feature","properties":{"name":"Churchill Road","class":5,"surf":0,"highway":"unclassified"},"geometry":{"type":"LineString","coordinates":[[142.1836,-36.71508],[142.18415,-36.71571]]}},{"type":"Feature","properties":{"name":"Creek Crescent","class":5,"surf":0,"highway":"unclassified"},"geometry":{"type":"LineString","coordinates":[[142.21047,-36.70184],[142.21106,-36.70154],[142.21167,-36.7015]]}},{"type":"Feature","properties":{"name":"Felstead Avenue","class":5,"surf":0,"highway":"unclassified"},"geometry":{"type":"LineString","coordinates":[[142.20882,-36.70153],[142.20882,-36.70203]]}},{"type":"Feature","properties":{"name":"Bowler Street","class":5,"surf":0,"highway":"unclassified"},"geometry":{"type":"LineString","coordinates":[[142.2078,-36.70204],[142.20882,-36.70203]]}},{"type":"Feature","properties":{"name":"Fraser Drive","class":5,"surf":0,"highway":"unclassified"},"geometry":{"type":"LineString","coordinates":[[142.19232,-36.70091],[142.19221,-36.70158],[142.19225,-36.70173]]}},{"type":"Feature","properties":{"name":"De Castella Drive","class":5,"surf":0,"highway":"unclassified"},"geometry":{"type":"LineString","coordinates":[[142.18918,-36.70121],[142.18925,-36.70139],[142.18926,-36.70173]]}},{"type":"Feature","properties":{"name":"Forsyth Avenue","class":5,"surf":0,"highway":"unclassified"},"geometry":{"type":"LineString","coordinates":[[142.21047,-36.70184],[142.21111,-36.7025]]}},{"type":"Feature","properties":{"name":"Hutchesson Street","class":5,"surf":0,"highway":"unclassified"},"geometry":{"type":"LineString","coordinates":[[142.20504,-36.70252],[142.2078,-36.70252]]}},{"type":"Feature","properties":{"name":"Shirley Street","class":5,"surf":0,"highway":"unclassified"},"geometry":{"type":"LineString","coordinates":[[142.21111,-36.7025],[142.2106,-36.70294]]}},{"type":"Feature","properties":{"name":"Wavell Street","class":4,"surf":0,"highway":"tertiary"},"geometry":{"type":"LineString","coordinates":[[142.19622,-36.70262],[142.19758,-36.70261]]}},{"type":"Feature","properties":{"name":"Frederick Street","class":5,"surf":0,"highway":"unclassified"},"geometry":{"type":"LineString","coordinates":[[142.19487,-36.70062],[142.19488,-36.70263]]}},{"type":"Feature","properties":{"name":"Wavell Street","class":4,"surf":0,"highway":"tertiary"},"geometry":{"type":"LineString","coordinates":[[142.1935,-36.70263],[142.19488,-36.70263]]}},{"type":"Feature","properties":{"name":"Churchill Road","class":5,"surf":0,"highway":"unclassified"},"geometry":{"type":"LineString","coordinates":[[142.18415,-36.71571],[142.18428,-36.71605],[142.18428,-36.71651]]}},{"type":"Feature","properties":{"name":"Henty Highway","class":1,"surf":0,"highway":"trunk","ref":"B200"},"geometry":{"type":"LineString","coordinates":[[142.22344,-36.69697],[142.22329,-36.69709]]}},{"type":"Feature","properties":{"name":"Rasmussen Road","class":3,"surf":0,"highway":"secondary"},"geometry":{"type":"LineString","coordinates":[[142.21277,-36.69687],[142.21704,-36.69683]]}},{"type":"Feature","properties":{"name":"Elizabeth Street","class":5,"surf":0,"highway":"unclassified"},"geometry":{"type":"LineString","coordinates":[[142.18185,-36.71708],[142.18332,-36.71659],[142.18428,-36.71651]]}},{"type":"Feature","properties":{"name":"Rasmussen Road","class":3,"surf":0,"highway":"secondary"},"geometry":{"type":"LineString","coordinates":[[142.20806,-36.69692],[142.21277,-36.69687]]}},{"type":"Feature","properties":{"name":"Rasmussen Road","class":3,"surf":0,"highway":"secondary"},"geometry":{"type":"LineString","coordinates":[[142.2057,-36.69694],[142.20806,-36.69692]]}},{"type":"Feature","properties":{"name":"Western Highway","class":1,"surf":0,"highway":"trunk","ref":"A8"},"geometry":{"type":"LineString","coordinates":[[142.16476,-36.68899],[142.16779,-36.69496],[142.16834,-36.69598],[142.16873,-36.69654]]}},{"type":"Feature","properties":{"name":"Albert Street","class":4,"surf":0,"highway":"tertiary"},"geometry":{"type":"LineString","coordinates":[[142.2057,-36.69694],[142.20571,-36.69771]]}},{"type":"Feature","properties":{"name":"Gleed Street","class":5,"surf":0,"highway":"unclassified"},"geometry":{"type":"LineString","coordinates":[[142.1957,-36.71372],[142.19712,-36.71371]]}},{"type":"Feature","properties":{"name":"Wallis Street","class":5,"surf":0,"highway":"unclassified"},"geometry":{"type":"LineString","coordinates":[[142.19569,-36.71174],[142.1957,-36.71372]]}},{"type":"Feature","properties":{"name":"Wimmera Highway","class":1,"surf":0,"highway":"trunk","ref":"C240"},"geometry":{"type":"LineString","coordinates":[[141.74787,-36.82586],[141.75294,-36.82313]]}},{"type":"Feature","properties":{"name":"Henty Highway","class":1,"surf":0,"highway":"trunk","ref":"A200"},"geometry":{"type":"LineString","coordinates":[[142.17784,-36.77833],[142.17744,-36.77858]]}},{"type":"Feature","properties":{"name":"Wimmera Highway","class":1,"surf":0,"highway":"trunk","ref":"C240"},"geometry":{"type":"LineString","coordinates":[[141.74541,-36.82706],[141.74787,-36.82586]]}},{"type":"Feature","properties":{"name":"Western Highway","class":1,"surf":0,"highway":"trunk","ref":"A8"},"geometry":{"type":"LineString","coordinates":[[142.51536,-36.91861],[142.51475,-36.91822]]}},{"type":"Feature","properties":{"name":"High Street S","class":5,"surf":0,"highway":"unclassified"},"geometry":{"type":"LineString","coordinates":[[142.18649,-36.70978],[142.18649,-36.71177]]}},{"type":"Feature","properties":{"name":"McIntyre Street","class":5,"surf":0,"highway":"unclassified"},"geometry":{"type":"LineString","coordinates":[[142.1818,-36.71573],[142.1821,-36.71498],[142.18236,-36.71477]]}},{"type":"Feature","properties":{"name":"Macdonald Court","class":5,"surf":0,"highway":"unclassified"},"geometry":{"type":"LineString","coordinates":[[142.18253,-36.71601],[142.1818,-36.71573]]}},{"type":"Feature","properties":{"name":"Barnes Boulevard","class":4,"surf":0,"highway":"tertiary"},"geometry":{"type":"LineString","coordinates":[[142.19158,-36.72497],[142.19248,-36.72509],[142.19428,-36.72458]]}},{"type":"Feature","properties":{"name":"Edith Street","class":5,"surf":0,"highway":"unclassified"},"geometry":{"type":"LineString","coordinates":[[142.20509,-36.7044],[142.20644,-36.7044]]}},{"type":"Feature","properties":{"name":"Edith Street","class":5,"surf":0,"highway":"unclassified"},"geometry":{"type":"LineString","coordinates":[[142.20644,-36.7044],[142.20779,-36.70439]]}},{"type":"Feature","properties":{"name":"Anderson Street","class":5,"surf":0,"highway":"unclassified"},"geometry":{"type":"LineString","coordinates":[[142.20645,-36.70599],[142.2078,-36.70599]]}},{"type":"Feature","properties":{"name":"Winifred Street","class":5,"surf":0,"highway":"unclassified"},"geometry":{"type":"LineString","coordinates":[[142.20779,-36.70499],[142.2078,-36.70599]]}},{"type":"Feature","properties":{"name":"Winifred Street","class":5,"surf":0,"highway":"unclassified"},"geometry":{"type":"LineString","coordinates":[[142.2078,-36.70252],[142.2078,-36.70343]]}},{"type":"Feature","properties":{"name":"Winifred Street","class":5,"surf":0,"highway":"unclassified"},"geometry":{"type":"LineString","coordinates":[[142.2078,-36.70343],[142.20779,-36.70439]]}},{"type":"Feature","properties":{"name":"Carroll Street","class":5,"surf":0,"highway":"unclassified"},"geometry":{"type":"LineString","coordinates":[[142.21313,-36.707],[142.21348,-36.70727],[142.21344,-36.70801]]}},{"type":"Feature","properties":{"name":"Fechler Avenue","class":5,"surf":0,"highway":"unclassified"},"geometry":{"type":"LineString","coordinates":[[142.18321,-36.72399],[142.186,-36.72294]]}},{"type":"Feature","properties":{"name":"Hamilton Street","class":4,"surf":0,"highway":"tertiary"},"geometry":{"type":"LineString","coordinates":[[142.19714,-36.71783],[142.19821,-36.71783]]}},{"type":"Feature","properties":{"name":"Laharum Road","class":2,"surf":0,"highway":"primary"},"geometry":{"type":"LineString","coordinates":[[142.23021,-36.87382],[142.23043,-36.87454],[142.23069,-36.87509]]}},{"type":"Feature","properties":{"name":"Valentine Avenue","class":5,"surf":0,"highway":"unclassified"},"geometry":{"type":"LineString","coordinates":[[142.186,-36.7237],[142.186,-36.72444]]}},{"type":"Feature","properties":{"name":"Kalimna Avenue","class":5,"surf":0,"highway":"unclassified"},"geometry":{"type":"LineString","coordinates":[[142.18344,-36.72542],[142.18332,-36.72468]]}},{"type":"Feature","properties":{"name":"Wilson Street","class":1,"surf":0,"highway":"trunk","ref":"C240"},"geometry":{"type":"LineString","coordinates":[[142.19482,-36.71665],[142.19556,-36.71665]]}},{"type":"Feature","properties":{"name":"Madden Street","class":5,"surf":0,"highway":"unclassified"},"geometry":{"type":"LineString","coordinates":[[142.1985,-36.72009],[142.1985,-36.72054]]}},{"type":"Feature","properties":{"name":"Mill Street","class":5,"surf":0,"highway":"unclassified"},"geometry":{"type":"LineString","coordinates":[[142.20186,-36.70662],[142.20306,-36.70661]]}},{"type":"Feature","properties":{"name":"Golf Course Road","class":3,"surf":0,"highway":"secondary"},"geometry":{"type":"LineString","coordinates":[[142.1788,-36.74807],[142.17892,-36.7479]]}},{"type":"Feature","properties":{"name":"Golf Course Road","class":3,"surf":0,"highway":"secondary"},"geometry":{"type":"LineString","coordinates":[[142.17892,-36.7479],[142.18059,-36.7456]]}},{"type":"Feature","properties":{"name":"Army Lane","class":5,"surf":0,"highway":"unclassified"},"geometry":{"type":"LineString","coordinates":[[142.19886,-36.71473],[142.19886,-36.71547]]}},{"type":"Feature","properties":{"name":"Knowles Street","class":5,"surf":0,"highway":"unclassified"},"geometry":{"type":"LineString","coordinates":[[142.2175,-36.70657],[142.21753,-36.70571]]}},{"type":"Feature","properties":{"name":"Barnes Boulevard","class":4,"surf":0,"highway":"tertiary"},"geometry":{"type":"LineString","coordinates":[[142.17149,-36.72968],[142.1722,-36.72968]]}},{"type":"Feature","properties":{"name":"Davey Lane","class":5,"surf":0,"highway":"unclassified"},"geometry":{"type":"LineString","coordinates":[[142.19778,-36.71473],[142.19778,-36.71499]]}},{"type":"Feature","properties":{"name":"Davey Lane","class":5,"surf":0,"highway":"unclassified"},"geometry":{"type":"LineString","coordinates":[[142.19778,-36.71499],[142.19778,-36.71507]]}},{"type":"Feature","properties":{"name":"Davey Lane","class":5,"surf":0,"highway":"unclassified"},"geometry":{"type":"LineString","coordinates":[[142.19778,-36.71507],[142.19778,-36.71547]]}},{"type":"Feature","properties":{"name":"Ward Street","class":5,"surf":0,"highway":"unclassified"},"geometry":{"type":"LineString","coordinates":[[142.19832,-36.71428],[142.19832,-36.71547]]}},{"type":"Feature","properties":{"name":"Major Mitchell Drive","class":5,"surf":0,"highway":"unclassified"},"geometry":{"type":"LineString","coordinates":[[142.20152,-36.72402],[142.20068,-36.72431]]}},{"type":"Feature","properties":{"name":"Chequers Road","class":5,"surf":0,"highway":"unclassified"},"geometry":{"type":"LineString","coordinates":[[142.02501,-36.74696],[142.02505,-36.74982]]}},{"type":"Feature","properties":{"name":"","class":5,"surf":0,"highway":"unclassified"},"geometry":{"type":"LineString","coordinates":[[142.18332,-36.72468],[142.186,-36.7237]]}},{"type":"Feature","properties":{"name":"Magee Court","class":5,"surf":0,"highway":"unclassified"},"geometry":{"type":"LineString","coordinates":[[142.19482,-36.71665],[142.1948,-36.7177]]}},{"type":"Feature","properties":{"name":"Major Mitchell Drive","class":5,"surf":0,"highway":"unclassified"},"geometry":{"type":"LineString","coordinates":[[142.19812,-36.72538],[142.19697,-36.72583]]}},{"type":"Feature","properties":{"name":"Stapylton Court","class":5,"surf":0,"highway":"unclassified"},"geometry":{"type":"LineString","coordinates":[[142.19812,-36.72538],[142.19853,-36.72612],[142.19876,-36.7264]]}},{"type":"Feature","properties":{"name":"Ballard Street","class":5,"surf":0,"highway":"unclassified"},"geometry":{"type":"LineString","coordinates":[[142.19606,-36.72909],[142.19605,-36.72864],[142.19598,-36.72843],[142.19533,-36.72742],[142.19499,-36.72714]]}},{"type":"Feature","properties":{"name":"Newton Court","class":5,"surf":0,"highway":"unclassified"},"geometry":{"type":"LineString","coordinates":[[142.19655,-36.72721],[142.19579,-36.72647]]}},{"type":"Feature","properties":{"name":"Lake Road","class":3,"surf":0,"highway":"secondary"},"geometry":{"type":"LineString","coordinates":[[141.92048,-36.64729],[141.92089,-36.64795],[141.9214,-36.64838]]}},{"type":"Feature","properties":{"name":"Lake Road","class":3,"surf":0,"highway":"secondary"},"geometry":{"type":"LineString","coordinates":[[141.93208,-36.67379],[141.9321,-36.67535]]}},{"type":"Feature","properties":{"name":"Tucker Street","class":5,"surf":0,"highway":"unclassified"},"geometry":{"type":"LineString","coordinates":[[142.21313,-36.707],[142.21189,-36.70801]]}},{"type":"Feature","properties":{"name":"Polkemmet Road","class":3,"surf":0,"highway":"secondary"},"geometry":{"type":"LineString","coordinates":[[141.97428,-36.65638],[141.97245,-36.65746]]}},{"type":"Feature","properties":{"name":"Wimmera Highway","class":1,"surf":0,"highway":"trunk","ref":"C240"},"geometry":{"type":"LineString","coordinates":[[141.85668,-36.7784],[141.85689,-36.7783]]}},{"type":"Feature","properties":{"name":"Voigt Lane","class":5,"surf":0,"highway":"unclassified"},"geometry":{"type":"LineString","coordinates":[[142.20366,-36.72144],[142.20427,-36.72143]]}},{"type":"Feature","properties":{"name":"Three Bridges Road","class":3,"surf":0,"highway":"secondary"},"geometry":{"type":"LineString","coordinates":[[142.12402,-36.75681],[142.12441,-36.75664]]}},{"type":"Feature","properties":{"name":"Drung-Jung Road","class":3,"surf":0,"highway":"secondary"},"geometry":{"type":"LineString","coordinates":[[142.33076,-36.68648],[142.33057,-36.68651]]}},{"type":"Feature","properties":{"name":"Dimboola-Minyip Road","class":3,"surf":0,"highway":"secondary"},"geometry":{"type":"LineString","coordinates":[[142.16589,-36.43265],[142.17307,-36.43265],[142.17413,-36.43267],[142.17527,-36.4328],[142.17666,-36.43301],[142.19284,-36.43644]]}},{"type":"Feature","properties":{"name":"Horsham-Noradjuha Road","class":2,"surf":0,"highway":"primary","ref":"C214"},"geometry":{"type":"LineString","coordinates":[[141.96678,-36.83688],[141.96913,-36.83609]]}},{"type":"Feature","properties":{"name":"Brimpaen-Laharum Road","class":3,"surf":0,"highway":"secondary"},"geometry":{"type":"LineString","coordinates":[[142.27991,-37.03496],[142.27792,-37.03535]]}},{"type":"Feature","properties":{"name":"Harrow-Clear Lake Road","class":3,"surf":0,"highway":"secondary"},"geometry":{"type":"LineString","coordinates":[[141.7839,-37.00287],[141.78361,-37.00301]]}},{"type":"Feature","properties":{"name":"Natimuk-Hamilton Road","class":2,"surf":0,"highway":"primary","ref":"C219"},"geometry":{"type":"LineString","coordinates":[[141.97121,-36.79063],[141.96971,-36.80052]]}},{"type":"Feature","properties":{"name":"Natimuk-Hamilton Road","class":2,"surf":0,"highway":"primary","ref":"C219"},"geometry":{"type":"LineString","coordinates":[[141.96908,-36.76778],[141.9699,-36.77124]]}},{"type":"Feature","properties":{"name":"Wonwondah-Toolondo Road","class":3,"surf":0,"highway":"secondary"},"geometry":{"type":"LineString","coordinates":[[141.98076,-36.98631],[141.98089,-36.98625]]}},{"type":"Feature","properties":{"name":"Horsham-Noradjuha Road","class":2,"surf":0,"highway":"primary","ref":"C214"},"geometry":{"type":"LineString","coordinates":[[142.1133,-36.75954],[142.11303,-36.76005]]}},{"type":"Feature","properties":{"name":"Natimuk-Hamilton Road","class":2,"surf":0,"highway":"primary","ref":"C214"},"geometry":{"type":"LineString","coordinates":[[141.94003,-36.95863],[141.93998,-36.95895]]}},{"type":"Feature","properties":{"name":"Natimuk-Hamilton Road","class":2,"surf":0,"highway":"primary","ref":"C214"},"geometry":{"type":"LineString","coordinates":[[141.94672,-36.92863],[141.94376,-36.93226]]}},{"type":"Feature","properties":{"name":"Mitre-Grass Flat Road","class":3,"surf":0,"highway":"secondary"},"geometry":{"type":"LineString","coordinates":[[141.84726,-36.68208],[141.84817,-36.68217]]}},{"type":"Feature","properties":{"name":"Mitre-Nurcoung Road","class":3,"surf":0,"highway":"secondary"},"geometry":{"type":"LineString","coordinates":[[141.77922,-36.70448],[141.77955,-36.70462],[141.78011,-36.70504],[141.78044,-36.70559],[141.78051,-36.70606]]}},{"type":"Feature","properties":{"name":"Natimuk-Hamilton Road","class":2,"surf":0,"highway":"primary","ref":"C214"},"geometry":{"type":"LineString","coordinates":[[141.94697,-36.92832],[141.94672,-36.92863]]}},{"type":"Feature","properties":{"name":"Wonwondah-Toolondo Road","class":3,"surf":0,"highway":"secondary"},"geometry":{"type":"LineString","coordinates":[[142.04031,-36.91216],[142.0399,-36.91247]]}},{"type":"Feature","properties":{"name":"Dimboola-Minyip Road","class":3,"surf":0,"highway":"secondary"},"geometry":{"type":"LineString","coordinates":[[142.30345,-36.44017],[142.30657,-36.44]]}},{"type":"Feature","properties":{"name":"Dimboola-Minyip Road","class":3,"surf":0,"highway":"secondary"},"geometry":{"type":"LineString","coordinates":[[142.29104,-36.44034],[142.30023,-36.44031],[142.30345,-36.44017]]}},{"type":"Feature","properties":{"name":"Dimboola-Minyip Road","class":3,"surf":0,"highway":"secondary"},"geometry":{"type":"LineString","coordinates":[[142.24377,-36.43986],[142.24473,-36.43995],[142.25474,-36.44004]]}},{"type":"Feature","properties":{"name":"Jallumba-Clear Lake Road","class":3,"surf":0,"highway":"secondary"},"geometry":{"type":"LineString","coordinates":[[141.94048,-36.93194],[141.94073,-36.93196]]}},{"type":"Feature","properties":{"name":"Jallumba-Clear Lake Road","class":3,"surf":0,"highway":"secondary"},"geometry":{"type":"LineString","coordinates":[[141.94073,-36.93196],[141.94114,-36.932]]}},{"type":"Feature","properties":{"name":"Rodan Place","class":5,"surf":0,"highway":"unclassified"},"geometry":{"type":"LineString","coordinates":[[142.19332,-36.71104],[142.19394,-36.71103]]}},{"type":"Feature","properties":{"name":"Rodan Place","class":5,"surf":0,"highway":"unclassified"},"geometry":{"type":"LineString","coordinates":[[142.19394,-36.71103],[142.19485,-36.71103]]}},{"type":"Feature","properties":{"name":"Rodan Place","class":5,"surf":0,"highway":"unclassified"},"geometry":{"type":"LineString","coordinates":[[142.19485,-36.71103],[142.1956,-36.71103]]}},{"type":"Feature","properties":{"name":"Barton Drive","class":5,"surf":0,"highway":"unclassified"},"geometry":{"type":"LineString","coordinates":[[142.21024,-36.72305],[142.21048,-36.72328],[142.21058,-36.72347],[142.21058,-36.72465]]}},{"type":"Feature","properties":{"name":"Barton Drive","class":5,"surf":0,"highway":"unclassified"},"geometry":{"type":"LineString","coordinates":[[142.21058,-36.72465],[142.21063,-36.72501]]}},{"type":"Feature","properties":{"name":"Mardon Drive","class":5,"surf":0,"highway":"unclassified"},"geometry":{"type":"LineString","coordinates":[[142.21024,-36.72305],[142.21061,-36.72283],[142.21093,-36.72273],[142.21184,-36.72275]]}},{"type":"Feature","properties":{"name":"Ritchie Court","class":5,"surf":0,"highway":"unclassified"},"geometry":{"type":"LineString","coordinates":[[142.18031,-36.71218],[142.18012,-36.71176]]}},{"type":"Feature","properties":{"name":"Green Lake Road","class":3,"surf":0,"highway":"secondary"},"geometry":{"type":"LineString","coordinates":[[142.28507,-36.85307],[142.28507,-36.85365]]}},{"type":"Feature","properties":{"name":"Telangatuk East-Rocklands Road","class":3,"surf":0,"highway":"secondary"},"geometry":{"type":"LineString","coordinates":[[141.97286,-37.1854],[141.97281,-37.18573]]}},{"type":"Feature","properties":{"name":"Davidson Court","class":5,"surf":0,"highway":"unclassified"},"geometry":{"type":"LineString","coordinates":[[142.20925,-36.72492],[142.20956,-36.72531]]}},{"type":"Feature","properties":{"name":"Natoli Court","class":5,"surf":0,"highway":"unclassified"},"geometry":{"type":"LineString","coordinates":[[142.2079,-36.72373],[142.20838,-36.72418]]}},{"type":"Feature","properties":{"name":"John McPhees Drive","class":5,"surf":0,"highway":"unclassified"},"geometry":{"type":"LineString","coordinates":[[141.97876,-37.02531],[141.97946,-37.0253]]}},{"type":"Feature","properties":{"name":"Kalkee Road","class":3,"surf":0,"highway":"secondary","ref":"C231"},"geometry":{"type":"LineString","coordinates":[[142.20125,-36.70024],[142.20111,-36.70061]]}},{"type":"Feature","properties":{"name":"Kalkee Road","class":3,"surf":0,"highway":"secondary","ref":"C231"},"geometry":{"type":"LineString","coordinates":[[142.2018,-36.69871],[142.20156,-36.69938]]}},{"type":"Feature","properties":{"name":"Major Mitchell Drive","class":5,"surf":0,"highway":"unclassified"},"geometry":{"type":"LineString","coordinates":[[142.20152,-36.72402],[142.20184,-36.72392]]}},{"type":"Feature","properties":{"name":"Barnes Boulevard","class":5,"surf":0,"highway":"unclassified"},"geometry":{"type":"LineString","coordinates":[[142.17114,-36.72969],[142.17149,-36.72968]]}},{"type":"Feature","properties":{"name":"Rules East Road","class":5,"surf":0,"highway":"unclassified"},"geometry":{"type":"LineString","coordinates":[[142.16838,-36.60803],[142.17959,-36.60797]]}},{"type":"Feature","properties":{"name":"Rogersons Road","class":5,"surf":0,"highway":"unclassified"},"geometry":{"type":"LineString","coordinates":[[142.24473,-36.70373],[142.24402,-36.70373]]}},{"type":"Feature","properties":{"name":"Remlaw Road","class":5,"surf":0,"highway":"unclassified"},"geometry":{"type":"LineString","coordinates":[[142.15964,-36.71348],[142.16885,-36.71343]]}},{"type":"Feature","properties":{"name":"Matthews Court","class":5,"surf":0,"highway":"unclassified"},"geometry":{"type":"LineString","coordinates":[[142.18815,-36.70352],[142.18816,-36.70422],[142.1883,-36.70465]]}},{"type":"Feature","properties":{"name":"Sudholz Street","class":5,"surf":0,"highway":"unclassified"},"geometry":{"type":"LineString","coordinates":[[141.93589,-36.74173],[141.93708,-36.7435]]}},{"type":"Feature","properties":{"name":"Arapiles-Grass Flat Road","class":3,"surf":0,"highway":"secondary"},"geometry":{"type":"LineString","coordinates":[[141.86082,-36.69415],[141.86075,-36.69467]]}},{"type":"Feature","properties":{"name":"Alexander Avenue","class":5,"surf":0,"highway":"unclassified"},"geometry":{"type":"LineString","coordinates":[[142.19892,-36.70261],[142.19893,-36.70442]]}},{"type":"Feature","properties":{"name":"Alexander Avenue","class":5,"surf":0,"highway":"unclassified"},"geometry":{"type":"LineString","coordinates":[[142.19893,-36.70442],[142.19893,-36.70534]]}},{"type":"Feature","properties":{"name":"Henty Highway","class":1,"surf":0,"highway":"trunk","ref":"B200"},"geometry":{"type":"LineString","coordinates":[[142.24048,-36.67446],[142.24517,-36.66828]]}},{"type":"Feature","properties":{"name":"","class":5,"surf":0,"highway":"unclassified"},"geometry":{"type":"LineString","coordinates":[[142.29902,-36.78534],[142.29889,-36.78506],[142.29848,-36.7848],[142.29792,-36.78462],[142.29735,-36.78462]]}},{"type":"Feature","properties":{"name":"Chequers Road","class":5,"surf":0,"highway":"unclassified"},"geometry":{"type":"LineString","coordinates":[[142.02513,-36.75522],[142.02513,-36.75575]]}},{"type":"Feature","properties":{"name":"McKenzie Creek Reserve Road","class":3,"surf":0,"highway":"secondary"},"geometry":{"type":"LineString","coordinates":[[142.17873,-36.81007],[142.17922,-36.81007]]}},{"type":"Feature","properties":{"name":"Henty Highway","class":1,"surf":0,"highway":"trunk","ref":"A200"},"geometry":{"type":"LineString","coordinates":[[142.17407,-36.78927],[142.17407,-36.78965]]}},{"type":"Feature","properties":{"name":"Horsham-Noradjuha Road","class":2,"surf":0,"highway":"primary","ref":"C214"},"geometry":{"type":"LineString","coordinates":[[141.96413,-36.83781],[141.96678,-36.83688]]}},{"type":"Feature","properties":{"name":"Creek Road","class":3,"surf":0,"highway":"secondary"},"geometry":{"type":"LineString","coordinates":[[141.90436,-36.77509],[141.90429,-36.77523]]}},{"type":"Feature","properties":{"name":"Horsham Plaza","class":5,"surf":0,"highway":"unclassified"},"geometry":{"type":"LineString","coordinates":[[142.19713,-36.71548],[142.19646,-36.71548]]}},{"type":"Feature","properties":{"name":"Bennett Road","class":4,"surf":0,"highway":"tertiary"},"geometry":{"type":"LineString","coordinates":[[142.18727,-36.71476],[142.18726,-36.71558]]}},{"type":"Feature","properties":{"name":"Natimuk Road","class":1,"surf":0,"highway":"trunk","ref":"C240"},"geometry":{"type":"LineString","coordinates":[[142.16896,-36.72567],[142.17126,-36.72479]]}},{"type":"Feature","properties":{"name":"Baillie Street","class":4,"surf":0,"highway":"tertiary"},"geometry":{"type":"LineString","coordinates":[[142.19458,-36.71174],[142.19569,-36.71174]]}},{"type":"Feature","properties":{"name":"Hamilton Street","class":4,"surf":0,"highway":"tertiary"},"geometry":{"type":"LineString","coordinates":[[142.19915,-36.71783],[142.19974,-36.71782]]}},{"type":"Feature","properties":{"name":"Ocallaghans Parade","class":5,"surf":0,"highway":"unclassified"},"geometry":{"type":"LineString","coordinates":[[142.20427,-36.72247],[142.20495,-36.72304]]}},{"type":"Feature","properties":{"name":"Riverside Road","class":3,"surf":0,"highway":"secondary"},"geometry":{"type":"LineString","coordinates":[[142.23477,-36.69672],[142.23558,-36.69682]]}},{"type":"Feature","properties":{"name":"Riverside Road","class":3,"surf":0,"highway":"secondary"},"geometry":{"type":"LineString","coordinates":[[142.23177,-36.69676],[142.23477,-36.69672]]}},{"type":"Feature","properties":{"name":"Alexander Avenue","class":5,"surf":0,"highway":"unclassified"},"geometry":{"type":"LineString","coordinates":[[142.19891,-36.69936],[142.19891,-36.70025]]}},{"type":"Feature","properties":{"name":"Old Minyip Road","class":3,"surf":0,"highway":"secondary"},"geometry":{"type":"LineString","coordinates":[[142.21361,-36.46994],[142.21758,-36.46994]]}},{"type":"Feature","properties":{"name":"George Street","class":5,"surf":0,"highway":"unclassified"},"geometry":{"type":"LineString","coordinates":[[142.2099,-36.71068],[142.21197,-36.71072]]}},{"type":"Feature","properties":{"name":"Gillespie Street","class":5,"surf":0,"highway":"unclassified"},"geometry":{"type":"LineString","coordinates":[[142.21002,-36.71471],[142.21168,-36.7147]]}},{"type":"Feature","properties":{"name":"Stockton Drive","class":5,"surf":0,"highway":"unclassified"},"geometry":{"type":"LineString","coordinates":[[142.21633,-36.72218],[142.21649,-36.72255]]}},{"type":"Feature","properties":{"name":"Madden Street","class":5,"surf":0,"highway":"unclassified"},"geometry":{"type":"LineString","coordinates":[[142.19821,-36.71783],[142.19821,-36.71847],[142.19841,-36.71875]]}},{"type":"Feature","properties":{"name":"","class":5,"surf":0,"highway":"unclassified"},"geometry":{"type":"LineString","coordinates":[[142.19593,-36.71878],[142.19592,-36.71966]]}},{"type":"Feature","properties":{"name":"Firebrace Street","class":4,"surf":0,"highway":"tertiary"},"geometry":{"type":"LineString","coordinates":[[142.19989,-36.71869],[142.19972,-36.71901],[142.19972,-36.72053]]}},{"type":"Feature","properties":{"name":"Baker Street","class":5,"surf":0,"highway":"unclassified"},"geometry":{"type":"LineString","coordinates":[[142.19972,-36.72053],[142.20194,-36.72048]]}},{"type":"Feature","properties":{"name":"Kalimna Avenue","class":5,"surf":0,"highway":"unclassified"},"geometry":{"type":"LineString","coordinates":[[142.18254,-36.72299],[142.18251,-36.72327],[142.18321,-36.72399]]}},{"type":"Feature","properties":{"name":"Scott Heard Lights Road","class":3,"surf":0,"highway":"secondary"},"geometry":{"type":"LineString","coordinates":[[141.89646,-36.84089],[141.89541,-36.84098],[141.89484,-36.84114],[141.89434,-36.84137],[141.89363,-36.84189],[141.89328,-36.84227],[141.8929,-36.843]]}},{"type":"Feature","properties":{"name":"Western Highway","class":1,"surf":0,"highway":"trunk","ref":"A8"},"geometry":{"type":"LineString","coordinates":[[142.39377,-36.83501],[142.39414,-36.83518]]}},{"type":"Feature","properties":{"name":"Western Highway","class":1,"surf":0,"highway":"trunk","ref":"A8"},"geometry":{"type":"LineString","coordinates":[[142.39638,-36.83623],[142.39895,-36.83741]]}},{"type":"Feature","properties":{"name":"Western Highway","class":1,"surf":0,"highway":"trunk","ref":"A8"},"geometry":{"type":"LineString","coordinates":[[142.39496,-36.83557],[142.39638,-36.83623]]}},{"type":"Feature","properties":{"name":"Western Highway","class":1,"surf":0,"highway":"trunk","ref":"A8"},"geometry":{"type":"LineString","coordinates":[[142.39464,-36.83542],[142.39496,-36.83557]]}},{"type":"Feature","properties":{"name":"Henty Highway","class":1,"surf":0,"highway":"trunk","ref":"A200"},"geometry":{"type":"LineString","coordinates":[[142.19191,-36.75922],[142.19174,-36.75948]]}},{"type":"Feature","properties":{"name":"Henty Highway","class":1,"surf":0,"highway":"trunk","ref":"A200"},"geometry":{"type":"LineString","coordinates":[[142.19219,-36.7588],[142.19191,-36.75922]]}},{"type":"Feature","properties":{"name":"Henty Highway","class":1,"surf":0,"highway":"trunk","ref":"A200"},"geometry":{"type":"LineString","coordinates":[[142.19174,-36.75948],[142.18936,-36.76297]]}},{"type":"Feature","properties":{"name":"Henty Highway","class":1,"surf":0,"highway":"trunk","ref":"B200"},"geometry":{"type":"LineString","coordinates":[[142.22381,-36.69665],[142.22344,-36.69697]]}},{"type":"Feature","properties":{"name":"Osborne Road","class":5,"surf":0,"highway":"unclassified"},"geometry":{"type":"LineString","coordinates":[[142.21448,-36.74083],[142.21467,-36.74078],[142.22354,-36.74079],[142.22366,-36.74073]]}},{"type":"Feature","properties":{"name":"Bowden Street","class":5,"surf":0,"highway":"unclassified"},"geometry":{"type":"LineString","coordinates":[[142.20053,-36.7107],[142.20105,-36.71059],[142.20226,-36.71057]]}},{"type":"Feature","properties":{"name":"Hocking Street","class":5,"surf":0,"highway":"unclassified"},"geometry":{"type":"LineString","coordinates":[[142.20314,-36.72202],[142.20366,-36.72195]]}},{"type":"Feature","properties":{"name":"Ocallaghans Parade","class":5,"surf":0,"highway":"unclassified"},"geometry":{"type":"LineString","coordinates":[[142.20366,-36.72195],[142.20427,-36.72247]]}},{"type":"Feature","properties":{"name":"Firebrace Street","class":4,"surf":0,"highway":"tertiary"},"geometry":{"type":"LineString","coordinates":[[142.19974,-36.71782],[142.19974,-36.71844],[142.19989,-36.71869]]}},{"type":"Feature","properties":{"name":"Drung-Jung Road","class":3,"surf":0,"highway":"secondary"},"geometry":{"type":"LineString","coordinates":[[142.33077,-36.70125],[142.33085,-36.70211],[142.33097,-36.70259],[142.33135,-36.7034],[142.33202,-36.7043],[142.33372,-36.70576],[142.33447,-36.7066],[142.33502,-36.70759],[142.33526,-36.70858]]}},{"type":"Feature","properties":{"name":"Western Highway","class":1,"surf":0,"highway":"trunk","ref":"A8"},"geometry":{"type":"LineString","coordinates":[[142.34055,-36.80804],[142.34376,-36.80995],[142.34899,-36.81276]]}},{"type":"Feature","properties":{"name":"Horsham-Lubeck Road","class":3,"surf":0,"highway":"secondary"},"geometry":{"type":"LineString","coordinates":[[142.37666,-36.76381],[142.37665,-36.76409]]}},{"type":"Feature","properties":{"name":"Western Highway","class":1,"surf":0,"highway":"trunk","ref":"A8"},"geometry":{"type":"LineString","coordinates":[[142.37654,-36.82703],[142.39377,-36.83501]]}},{"type":"Feature","properties":{"name":"Horsham-Lubeck Road","class":3,"surf":0,"highway":"secondary"},"geometry":{"type":"LineString","coordinates":[[142.35941,-36.76793],[142.35834,-36.76792]]}},{"type":"Feature","properties":{"name":"Horsham-Lubeck Road","class":3,"surf":0,"highway":"secondary"},"geometry":{"type":"LineString","coordinates":[[142.34847,-36.76596],[142.34732,-36.76558]]}},{"type":"Feature","properties":{"name":"Horsham-Lubeck Road","class":2,"surf":0,"highway":"primary","ref":"C215"},"geometry":{"type":"LineString","coordinates":[[142.32184,-36.76477],[142.32185,-36.76618]]}},{"type":"Feature","properties":{"name":"Horsham-Lubeck Road","class":3,"surf":0,"highway":"secondary"},"geometry":{"type":"LineString","coordinates":[[142.32271,-36.76554],[142.32225,-36.76538],[142.32206,-36.76524],[142.32184,-36.76477]]}},{"type":"Feature","properties":{"name":"Drung-Jung Road","class":3,"surf":0,"highway":"secondary"},"geometry":{"type":"LineString","coordinates":[[142.3235,-36.72398],[142.32313,-36.72422],[142.32242,-36.72497],[142.32219,-36.72538],[142.32195,-36.72655]]}},{"type":"Feature","properties":{"name":"Drung-Jung Road","class":3,"surf":0,"highway":"secondary"},"geometry":{"type":"LineString","coordinates":[[142.32844,-36.72089],[142.3279,-36.72134]]}},{"type":"Feature","properties":{"name":"Henty Highway","class":1,"surf":0,"highway":"trunk","ref":"A200"},"geometry":{"type":"LineString","coordinates":[[142.20106,-36.74568],[142.20035,-36.74673]]}},{"type":"Feature","properties":{"name":"Hunts Road","class":3,"surf":0,"highway":"secondary"},"geometry":{"type":"LineString","coordinates":[[142.19642,-36.75261],[142.19668,-36.75269]]}},{"type":"Feature","properties":{"name":"Henty Highway","class":1,"surf":0,"highway":"trunk","ref":"A200"},"geometry":{"type":"LineString","coordinates":[[142.19642,-36.75261],[142.19616,-36.75297]]}},{"type":"Feature","properties":{"name":"Horsham-Lubeck Road","class":3,"surf":0,"highway":"secondary"},"geometry":{"type":"LineString","coordinates":[[142.37665,-36.76409],[142.37656,-36.76484]]}},{"type":"Feature","properties":{"name":"Laharum Road","class":2,"surf":0,"highway":"primary"},"geometry":{"type":"LineString","coordinates":[[142.23061,-36.7677],[142.23059,-36.77185]]}},{"type":"Feature","properties":{"name":"Grampians Road","class":2,"surf":0,"highway":"primary"},"geometry":{"type":"LineString","coordinates":[[142.23069,-36.75083],[142.23065,-36.75307]]}},{"type":"Feature","properties":{"name":"Stawell Road","class":1,"surf":0,"highway":"trunk","ref":"A8"},"geometry":{"type":"LineString","coordinates":[[142.21414,-36.74055],[142.21448,-36.74083]]}},{"type":"Feature","properties":{"name":"Rogersons Road","class":5,"surf":0,"highway":"unclassified"},"geometry":{"type":"LineString","coordinates":[[142.24402,-36.70373],[142.23803,-36.70374]]}},{"type":"Feature","properties":{"name":"Browns Road","class":5,"surf":0,"highway":"unclassified"},"geometry":{"type":"LineString","coordinates":[[142.24904,-36.70905],[142.23527,-36.70901]]}},{"type":"Feature","properties":{"name":"Cameron Road","class":5,"surf":0,"highway":"unclassified"},"geometry":{"type":"LineString","coordinates":[[142.22312,-36.72568],[142.2235,-36.72601],[142.22365,-36.72635],[142.22366,-36.73088]]}},{"type":"Feature","properties":{"name":"Western Highway","class":1,"surf":0,"highway":"trunk","ref":"A8"},"geometry":{"type":"LineString","coordinates":[[142.24508,-36.75855],[142.24752,-36.75987]]}},{"type":"Feature","properties":{"name":"Western Highway","class":1,"surf":0,"highway":"trunk","ref":"A8"},"geometry":{"type":"LineString","coordinates":[[142.2614,-36.76749],[142.26708,-36.77054]]}},{"type":"Feature","properties":{"name":"Western Highway","class":1,"surf":0,"highway":"trunk","ref":"A8"},"geometry":{"type":"LineString","coordinates":[[142.25811,-36.76571],[142.2614,-36.76749]]}},{"type":"Feature","properties":{"name":"Western Highway","class":1,"surf":0,"highway":"trunk","ref":"A8"},"geometry":{"type":"LineString","coordinates":[[142.24994,-36.76116],[142.25085,-36.76165]]}},{"type":"Feature","properties":{"name":"Western Highway","class":1,"surf":0,"highway":"trunk","ref":"A8"},"geometry":{"type":"LineString","coordinates":[[142.24873,-36.76052],[142.24924,-36.76078]]}},{"type":"Feature","properties":{"name":"Western Highway","class":1,"surf":0,"highway":"trunk","ref":"A8"},"geometry":{"type":"LineString","coordinates":[[142.24111,-36.75645],[142.24367,-36.75781]]}},{"type":"Feature","properties":{"name":"Horsham-Lubeck Road","class":2,"surf":0,"highway":"primary","ref":"C215"},"geometry":{"type":"LineString","coordinates":[[142.26991,-36.72378],[142.26724,-36.72377]]}},{"type":"Feature","properties":{"name":"Western Highway","class":1,"surf":0,"highway":"trunk","ref":"A8"},"geometry":{"type":"LineString","coordinates":[[142.21772,-36.74345],[142.21869,-36.74418]]}},{"type":"Feature","properties":{"name":"Western Highway","class":1,"surf":0,"highway":"trunk","ref":"A8"},"geometry":{"type":"LineString","coordinates":[[142.21678,-36.7427],[142.21722,-36.74305]]}},{"type":"Feature","properties":{"name":"Western Highway","class":1,"surf":0,"highway":"trunk","ref":"A8"},"geometry":{"type":"LineString","coordinates":[[142.21722,-36.74305],[142.21772,-36.74345]]}},{"type":"Feature","properties":{"name":"Western Highway","class":1,"surf":0,"highway":"trunk","ref":"A8"},"geometry":{"type":"LineString","coordinates":[[142.21615,-36.74217],[142.21678,-36.7427]]}},{"type":"Feature","properties":{"name":"North Road","class":3,"surf":0,"highway":"secondary"},"geometry":{"type":"LineString","coordinates":[[142.29936,-36.73849],[142.29819,-36.73849]]}},{"type":"Feature","properties":{"name":"Riverside East Road","class":3,"surf":0,"highway":"secondary"},"geometry":{"type":"LineString","coordinates":[[142.24904,-36.70376],[142.24904,-36.70905]]}},{"type":"Feature","properties":{"name":"Riverside East Road","class":3,"surf":0,"highway":"secondary"},"geometry":{"type":"LineString","coordinates":[[142.24901,-36.71779],[142.24899,-36.72372]]}},{"type":"Feature","properties":{"name":"North Road","class":3,"surf":0,"highway":"secondary"},"geometry":{"type":"LineString","coordinates":[[142.29819,-36.73849],[142.29666,-36.73849]]}},{"type":"Feature","properties":{"name":"Western Highway","class":1,"surf":0,"highway":"trunk","ref":"A8"},"geometry":{"type":"LineString","coordinates":[[142.3127,-36.79315],[142.32177,-36.79798]]}},{"type":"Feature","properties":{"name":"Western Highway","class":1,"surf":0,"highway":"trunk","ref":"A8"},"geometry":{"type":"LineString","coordinates":[[142.30338,-36.78887],[142.30364,-36.78899]]}},{"type":"Feature","properties":{"name":"Western Highway","class":1,"surf":0,"highway":"trunk","ref":"A8"},"geometry":{"type":"LineString","coordinates":[[142.29869,-36.7867],[142.29904,-36.78686]]}},{"type":"Feature","properties":{"name":"Western Highway","class":1,"surf":0,"highway":"trunk","ref":"A8"},"geometry":{"type":"LineString","coordinates":[[142.29904,-36.78686],[142.30338,-36.78887]]}},{"type":"Feature","properties":{"name":"","class":5,"surf":0,"highway":"unclassified"},"geometry":{"type":"LineString","coordinates":[[142.29962,-36.78542],[142.29936,-36.78533],[142.29902,-36.78534]]}},{"type":"Feature","properties":{"name":"Western Highway","class":1,"surf":0,"highway":"trunk","ref":"A8"},"geometry":{"type":"LineString","coordinates":[[142.28536,-36.7803],[142.2906,-36.78306]]}},{"type":"Feature","properties":{"name":"Green Lake Road","class":3,"surf":0,"highway":"secondary"},"geometry":{"type":"LineString","coordinates":[[142.28511,-36.84124],[142.28507,-36.85307]]}},{"type":"Feature","properties":{"name":"Western Highway","class":1,"surf":0,"highway":"trunk","ref":"A8"},"geometry":{"type":"LineString","coordinates":[[142.28516,-36.78019],[142.28536,-36.7803]]}},{"type":"Feature","properties":{"name":"Western Highway","class":1,"surf":0,"highway":"trunk","ref":"A8"},"geometry":{"type":"LineString","coordinates":[[142.26708,-36.77054],[142.27243,-36.77336]]}},{"type":"Feature","properties":{"name":"Ballyglunin North Road","class":2,"surf":0,"highway":"primary","ref":"C215"},"geometry":{"type":"LineString","coordinates":[[142.3218,-36.79721],[142.32177,-36.79798]]}},{"type":"Feature","properties":{"name":"Ballyglunin North Road","class":2,"surf":0,"highway":"primary","ref":"C215"},"geometry":{"type":"LineString","coordinates":[[142.32182,-36.78257],[142.3218,-36.79721]]}},{"type":"Feature","properties":{"name":"Ballyglunin North Road","class":2,"surf":0,"highway":"primary","ref":"C215"},"geometry":{"type":"LineString","coordinates":[[142.32184,-36.77402],[142.32182,-36.78257]]}},{"type":"Feature","properties":{"name":"Western Highway","class":1,"surf":0,"highway":"trunk","ref":"A8"},"geometry":{"type":"LineString","coordinates":[[142.36451,-36.82107],[142.36531,-36.8215]]}},{"type":"Feature","properties":{"name":"Western Highway","class":1,"surf":0,"highway":"trunk","ref":"A8"},"geometry":{"type":"LineString","coordinates":[[142.34899,-36.81276],[142.35829,-36.81775]]}},{"type":"Feature","properties":{"name":"Stawell Road","class":1,"surf":0,"highway":"trunk","ref":"A8"},"geometry":{"type":"LineString","coordinates":[[142.20625,-36.73419],[142.20583,-36.73416]]}},{"type":"Feature","properties":{"name":"Stawell Road","class":1,"surf":0,"highway":"trunk","ref":"A8"},"geometry":{"type":"LineString","coordinates":[[142.20596,-36.73395],[142.20554,-36.73346]]}},{"type":"Feature","properties":{"name":"Harders Street","class":5,"surf":0,"highway":"unclassified"},"geometry":{"type":"LineString","coordinates":[[142.20536,-36.73004],[142.20554,-36.73004]]}},{"type":"Feature","properties":{"name":"Harders Street","class":5,"surf":0,"highway":"unclassified"},"geometry":{"type":"LineString","coordinates":[[142.20522,-36.73005],[142.20536,-36.73004]]}},{"type":"Feature","properties":{"name":"Stawell Road","class":1,"surf":0,"highway":"trunk","ref":"A8"},"geometry":{"type":"LineString","coordinates":[[142.20522,-36.73005],[142.2051,-36.72784]]}},{"type":"Feature","properties":{"name":"Harders Street","class":5,"surf":0,"highway":"unclassified"},"geometry":{"type":"LineString","coordinates":[[142.20507,-36.73005],[142.20522,-36.73005]]}},{"type":"Feature","properties":{"name":"Harders Street","class":5,"surf":0,"highway":"unclassified"},"geometry":{"type":"LineString","coordinates":[[142.20385,-36.73009],[142.20507,-36.73005]]}},{"type":"Feature","properties":{"name":"Stawell Road","class":5,"surf":0,"highway":"unclassified"},"geometry":{"type":"LineString","coordinates":[[142.20507,-36.73005],[142.20521,-36.7329],[142.20538,-36.73307]]}},{"type":"Feature","properties":{"name":"Trento Avenue","class":5,"surf":0,"highway":"unclassified"},"geometry":{"type":"LineString","coordinates":[[142.20497,-36.72785],[142.2051,-36.72784]]}},{"type":"Feature","properties":{"name":"Trento Avenue","class":5,"surf":0,"highway":"unclassified"},"geometry":{"type":"LineString","coordinates":[[142.20246,-36.72779],[142.20371,-36.72775],[142.20409,-36.72789],[142.20497,-36.72785]]}},{"type":"Feature","properties":{"name":"Stawell Road","class":5,"surf":0,"highway":"unclassified"},"geometry":{"type":"LineString","coordinates":[[142.20497,-36.72785],[142.20507,-36.73005]]}},{"type":"Feature","properties":{"name":"Stawell Road","class":5,"surf":0,"highway":"unclassified"},"geometry":{"type":"LineString","coordinates":[[142.20554,-36.73004],[142.20559,-36.73284],[142.20548,-36.73287]]}},{"type":"Feature","properties":{"name":"Stawell Road","class":1,"surf":0,"highway":"trunk","ref":"A8"},"geometry":{"type":"LineString","coordinates":[[142.20536,-36.73004],[142.20548,-36.73287]]}},{"type":"Feature","properties":{"name":"Stawell Road","class":1,"surf":0,"highway":"trunk","ref":"A8"},"geometry":{"type":"LineString","coordinates":[[142.20548,-36.73287],[142.20549,-36.73297]]}},{"type":"Feature","properties":{"name":"Stawell Road","class":1,"surf":0,"highway":"trunk","ref":"A8"},"geometry":{"type":"LineString","coordinates":[[142.20602,-36.73384],[142.2069,-36.73457]]}},{"type":"Feature","properties":{"name":"Henty Highway","class":1,"surf":0,"highway":"trunk","ref":"A200"},"geometry":{"type":"LineString","coordinates":[[142.17896,-36.77758],[142.17784,-36.77833]]}},{"type":"Feature","properties":{"name":"Henty Highway","class":1,"surf":0,"highway":"trunk","ref":"A200"},"geometry":{"type":"LineString","coordinates":[[142.18621,-36.76762],[142.1819,-36.77401]]}},{"type":"Feature","properties":{"name":"Henty Highway","class":1,"surf":0,"highway":"trunk","ref":"A200"},"geometry":{"type":"LineString","coordinates":[[142.1945,-36.75538],[142.19375,-36.75653]]}},{"type":"Feature","properties":{"name":"Henty Highway","class":1,"surf":0,"highway":"trunk","ref":"A200"},"geometry":{"type":"LineString","coordinates":[[142.1975,-36.75099],[142.19642,-36.75261]]}},{"type":"Feature","properties":{"name":"Stawell Road","class":1,"surf":0,"highway":"trunk","ref":"A8"},"geometry":{"type":"LineString","coordinates":[[142.2051,-36.72784],[142.20502,-36.72607]]}},{"type":"Feature","properties":{"name":"Henty Highway","class":1,"surf":0,"highway":"trunk","ref":"A200"},"geometry":{"type":"LineString","coordinates":[[142.18636,-37.11166],[142.18617,-37.11143]]}},{"type":"Feature","properties":{"name":"Henty Highway","class":1,"surf":0,"highway":"trunk","ref":"A200"},"geometry":{"type":"LineString","coordinates":[[142.18761,-37.11302],[142.18741,-37.1128]]}},{"type":"Feature","properties":{"name":"Robinson Street","class":5,"surf":0,"highway":"unclassified"},"geometry":{"type":"LineString","coordinates":[[142.20737,-36.71577],[142.20737,-36.71639]]}},{"type":"Feature","properties":{"name":"Northern Grampians Road","class":3,"surf":0,"highway":"secondary","ref":"C222"},"geometry":{"type":"LineString","coordinates":[[142.34001,-36.83526],[142.34,-36.8359]]}},{"type":"Feature","properties":{"name":"Robinson Street","class":5,"surf":0,"highway":"unclassified"},"geometry":{"type":"LineString","coordinates":[[142.20735,-36.71403],[142.20736,-36.71487]]}},{"type":"Feature","properties":{"name":"Leskie Close","class":5,"surf":0,"highway":"unclassified"},"geometry":{"type":"LineString","coordinates":[[142.21554,-36.70982],[142.21547,-36.70954]]}},{"type":"Feature","properties":{"name":"Grevillea Court","class":5,"surf":0,"highway":"unclassified"},"geometry":{"type":"LineString","coordinates":[[142.21493,-36.7096],[142.21547,-36.70954]]}},{"type":"Feature","properties":{"name":"Leskie Close","class":5,"surf":0,"highway":"unclassified"},"geometry":{"type":"LineString","coordinates":[[142.21488,-36.70982],[142.21554,-36.70982]]}},{"type":"Feature","properties":{"name":"Leskie Close","class":5,"surf":0,"highway":"unclassified"},"geometry":{"type":"LineString","coordinates":[[142.21554,-36.70982],[142.21627,-36.70982]]}},{"type":"Feature","properties":{"name":"Trinity Drive","class":5,"surf":0,"highway":"unclassified"},"geometry":{"type":"LineString","coordinates":[[142.21558,-36.70841],[142.21578,-36.70854],[142.21578,-36.70897]]}},{"type":"Feature","properties":{"name":"Leskie Close","class":5,"surf":0,"highway":"unclassified"},"geometry":{"type":"LineString","coordinates":[[142.21547,-36.70954],[142.21543,-36.70923]]}},{"type":"Feature","properties":{"name":"Shalom Place","class":5,"surf":0,"highway":"unclassified"},"geometry":{"type":"LineString","coordinates":[[142.21482,-36.70852],[142.21482,-36.70875]]}},{"type":"Feature","properties":{"name":"Trinity Drive","class":5,"surf":0,"highway":"unclassified"},"geometry":{"type":"LineString","coordinates":[[142.21503,-36.70847],[142.21558,-36.70841]]}},{"type":"Feature","properties":{"name":"Leskie Close","class":5,"surf":0,"highway":"unclassified"},"geometry":{"type":"LineString","coordinates":[[142.21627,-36.70982],[142.21677,-36.70982]]}},{"type":"Feature","properties":{"name":"Trinity Drive","class":5,"surf":0,"highway":"unclassified"},"geometry":{"type":"LineString","coordinates":[[142.21657,-36.70899],[142.21696,-36.70902]]}},{"type":"Feature","properties":{"name":"Culliver Street","class":5,"surf":0,"highway":"unclassified"},"geometry":{"type":"LineString","coordinates":[[142.21414,-36.70852],[142.21414,-36.70888]]}},{"type":"Feature","properties":{"name":"Trinity Drive","class":5,"surf":0,"highway":"unclassified"},"geometry":{"type":"LineString","coordinates":[[142.21626,-36.70901],[142.21657,-36.70899]]}},{"type":"Feature","properties":{"name":"West Wail Road","class":5,"surf":0,"highway":"unclassified"},"geometry":{"type":"LineString","coordinates":[[142.01409,-36.57593],[142.01866,-36.57489]]}},{"type":"Feature","properties":{"name":"Geodetic Road","class":3,"surf":0,"highway":"secondary"},"geometry":{"type":"LineString","coordinates":[[142.16862,-36.67162],[142.16863,-36.67306]]}},{"type":"Feature","properties":{"name":"Geodetic Road","class":3,"surf":0,"highway":"secondary"},"geometry":{"type":"LineString","coordinates":[[142.16863,-36.67306],[142.16869,-36.68252]]}},{"type":"Feature","properties":{"name":"Geodetic Road","class":3,"surf":0,"highway":"secondary"},"geometry":{"type":"LineString","coordinates":[[142.16862,-36.67127],[142.16862,-36.67162]]}},{"type":"Feature","properties":{"name":"Hayes Drive","class":5,"surf":0,"highway":"unclassified"},"geometry":{"type":"LineString","coordinates":[[142.17228,-36.72897],[142.17244,-36.72873],[142.17269,-36.72856],[142.17517,-36.72762],[142.17549,-36.72754],[142.17587,-36.72754]]}},{"type":"Feature","properties":{"name":"Henty Highway","class":1,"surf":0,"highway":"trunk","ref":"A200"},"geometry":{"type":"LineString","coordinates":[[142.14585,-36.86306],[142.14219,-36.86923]]}},{"type":"Feature","properties":{"name":"Riverside Road","class":3,"surf":0,"highway":"secondary"},"geometry":{"type":"LineString","coordinates":[[142.23657,-36.69716],[142.23699,-36.69745]]}},{"type":"Feature","properties":{"name":"Stawell Road","class":1,"surf":0,"highway":"trunk","ref":"A8"},"geometry":{"type":"LineString","coordinates":[[142.20525,-36.72607],[142.20536,-36.73004]]}},{"type":"Feature","properties":{"name":"Oconnor Street","class":5,"surf":0,"highway":"unclassified"},"geometry":{"type":"LineString","coordinates":[[142.19094,-36.70864],[142.19128,-36.70854],[142.19168,-36.70823]]}},{"type":"Feature","properties":{"name":"Arnold Street","class":5,"surf":0,"highway":"unclassified"},"geometry":{"type":"LineString","coordinates":[[142.18954,-36.70679],[142.19014,-36.70698]]}},{"type":"Feature","properties":{"name":"Dimboola Road","class":1,"surf":0,"highway":"trunk","ref":"A8"},"geometry":{"type":"LineString","coordinates":[[142.18675,-36.70602],[142.18984,-36.70739]]}},{"type":"Feature","properties":{"name":"Jenkinson Avenue","class":5,"surf":0,"highway":"unclassified"},"geometry":{"type":"LineString","coordinates":[[142.18438,-36.70486],[142.18431,-36.70565]]}},{"type":"Feature","properties":{"name":"McPherson Street","class":5,"surf":0,"highway":"unclassified"},"geometry":{"type":"LineString","coordinates":[[142.20497,-36.71878],[142.20515,-36.71878]]}},{"type":"Feature","properties":{"name":"McPherson Street","class":5,"surf":0,"highway":"unclassified"},"geometry":{"type":"LineString","coordinates":[[142.20489,-36.71056],[142.2049,-36.71176]]}},{"type":"Feature","properties":{"name":"McPherson Street","class":1,"surf":0,"highway":"trunk","ref":"A8"},"geometry":{"type":"LineString","coordinates":[[142.2049,-36.71176],[142.20491,-36.71306]]}},{"type":"Feature","properties":{"name":"Small Street","class":5,"surf":0,"highway":"unclassified"},"geometry":{"type":"LineString","coordinates":[[142.19389,-36.70931],[142.19339,-36.70997]]}},{"type":"Feature","properties":{"name":"Wawunna Road","class":4,"surf":0,"highway":"tertiary"},"geometry":{"type":"LineString","coordinates":[[142.19626,-36.70974],[142.19626,-36.71039]]}},{"type":"Feature","properties":{"name":"Western Highway","class":1,"surf":0,"highway":"trunk","ref":"A8"},"geometry":{"type":"LineString","coordinates":[[142.39895,-36.83741],[142.4002,-36.838],[142.40122,-36.83864],[142.40484,-36.84143]]}},{"type":"Feature","properties":{"name":"McPherson Street","class":1,"surf":0,"highway":"trunk","ref":"A8"},"geometry":{"type":"LineString","coordinates":[[142.205,-36.72246],[142.20495,-36.72304]]}},{"type":"Feature","properties":{"name":"Voigt Lane","class":5,"surf":0,"highway":"unclassified"},"geometry":{"type":"LineString","coordinates":[[142.20427,-36.72143],[142.20498,-36.72143]]}},{"type":"Feature","properties":{"name":"McPherson Street","class":1,"surf":0,"highway":"trunk","ref":"A8"},"geometry":{"type":"LineString","coordinates":[[142.20498,-36.72143],[142.20498,-36.7216]]}},{"type":"Feature","properties":{"name":"McPherson Street","class":1,"surf":0,"highway":"trunk","ref":"A8"},"geometry":{"type":"LineString","coordinates":[[142.20499,-36.72085],[142.20498,-36.72143]]}},{"type":"Feature","properties":{"name":"Bolton Street","class":5,"surf":0,"highway":"unclassified"},"geometry":{"type":"LineString","coordinates":[[142.20365,-36.72085],[142.20499,-36.72085]]}},{"type":"Feature","properties":{"name":"McPherson Street","class":1,"surf":0,"highway":"trunk","ref":"A8"},"geometry":{"type":"LineString","coordinates":[[142.20498,-36.71966],[142.205,-36.72026]]}},{"type":"Feature","properties":{"name":"Sloss Street","class":5,"surf":0,"highway":"unclassified"},"geometry":{"type":"LineString","coordinates":[[142.20365,-36.71967],[142.20498,-36.71966]]}},{"type":"Feature","properties":{"name":"Dimboola Road","class":1,"surf":0,"highway":"trunk","ref":"A8"},"geometry":{"type":"LineString","coordinates":[[142.19274,-36.70874],[142.19389,-36.70931]]}},{"type":"Feature","properties":{"name":"Dimboola Road","class":1,"surf":0,"highway":"trunk","ref":"A8"},"geometry":{"type":"LineString","coordinates":[[142.19214,-36.70846],[142.19274,-36.70874]]}},{"type":"Feature","properties":{"name":"Western Highway","class":1,"surf":0,"highway":"trunk","ref":"A8"},"geometry":{"type":"LineString","coordinates":[[142.55961,-36.94286],[142.55943,-36.94277]]}},{"type":"Feature","properties":{"name":"Western Highway","class":1,"surf":0,"highway":"trunk","ref":"A8"},"geometry":{"type":"LineString","coordinates":[[142.51657,-36.91935],[142.51565,-36.9188]]}},{"type":"Feature","properties":{"name":"Carine Street","class":5,"surf":0,"highway":"unclassified"},"geometry":{"type":"LineString","coordinates":[[142.18732,-36.7355],[142.18958,-36.73549],[142.18975,-36.7357]]}},{"type":"Feature","properties":{"name":"Watson Court","class":5,"surf":0,"highway":"unclassified"},"geometry":{"type":"LineString","coordinates":[[142.21184,-36.72275],[142.21179,-36.72306],[142.21187,-36.7236]]}},{"type":"Feature","properties":{"name":"Western Highway","class":1,"surf":0,"highway":"trunk","ref":"A8"},"geometry":{"type":"LineString","coordinates":[[142.36083,-36.8191],[142.36193,-36.81969]]}},{"type":"Feature","properties":{"name":"Mayfield Court","class":5,"surf":0,"highway":"unclassified"},"geometry":{"type":"LineString","coordinates":[[142.20777,-36.72997],[142.20811,-36.72975],[142.20835,-36.72969]]}},{"type":"Feature","properties":{"name":"May Park Terrace","class":4,"surf":0,"highway":"tertiary"},"geometry":{"type":"LineString","coordinates":[[142.19626,-36.71102],[142.19627,-36.71173]]}},{"type":"Feature","properties":{"name":"May Park Terrace","class":4,"surf":0,"highway":"tertiary"},"geometry":{"type":"LineString","coordinates":[[142.19626,-36.71039],[142.19626,-36.71102]]}},{"type":"Feature","properties":{"name":"Dimboola-Minyip Road","class":3,"surf":0,"highway":"secondary"},"geometry":{"type":"LineString","coordinates":[[142.26213,-36.44011],[142.26809,-36.44018],[142.27271,-36.43994]]}},{"type":"Feature","properties":{"name":"Western Highway","class":1,"surf":0,"highway":"trunk","ref":"A8"},"geometry":{"type":"LineString","coordinates":[[142.51132,-36.91605],[142.51108,-36.9159]]}},{"type":"Feature","properties":{"name":"Barnes Boulevard","class":4,"surf":0,"highway":"tertiary"},"geometry":{"type":"LineString","coordinates":[[142.17693,-36.72818],[142.17737,-36.72797]]}},{"type":"Feature","properties":{"name":"Barnes Boulevard","class":4,"surf":0,"highway":"tertiary"},"geometry":{"type":"LineString","coordinates":[[142.17737,-36.72797],[142.17809,-36.72776]]}},{"type":"Feature","properties":{"name":"Natimuk-Hamilton Road","class":2,"surf":0,"highway":"primary","ref":"C219"},"geometry":{"type":"LineString","coordinates":[[141.96633,-36.82263],[141.96628,-36.8229]]}},{"type":"Feature","properties":{"name":"Natimuk-Hamilton Road","class":2,"surf":0,"highway":"primary","ref":"C214"},"geometry":{"type":"LineString","coordinates":[[141.9204,-37.06912],[141.92103,-37.06745],[141.9213,-37.06619]]}},{"type":"Feature","properties":{"name":"Natimuk-Hamilton Road","class":2,"surf":0,"highway":"primary","ref":"C219"},"geometry":{"type":"LineString","coordinates":[[141.96628,-36.75586],[141.96747,-36.76093]]}},{"type":"Feature","properties":{"name":"Natimuk-Hamilton Road","class":2,"surf":0,"highway":"primary","ref":"C214"},"geometry":{"type":"LineString","coordinates":[[141.95671,-36.90231],[141.9563,-36.90516]]}},{"type":"Feature","properties":{"name":"Natimuk-Hamilton Road","class":2,"surf":0,"highway":"primary","ref":"C214"},"geometry":{"type":"LineString","coordinates":[[141.95675,-36.90203],[141.95671,-36.90231]]}},{"type":"Feature","properties":{"name":"Natimuk-Hamilton Road","class":2,"surf":0,"highway":"primary","ref":"C214"},"geometry":{"type":"LineString","coordinates":[[141.96413,-36.83781],[141.9642,-36.83861],[141.96542,-36.84407],[141.96545,-36.84514],[141.96509,-36.84768]]}},{"type":"Feature","properties":{"name":"Natimuk-Hamilton Road","class":2,"surf":0,"highway":"primary","ref":"C219"},"geometry":{"type":"LineString","coordinates":[[141.96429,-36.83592],[141.96422,-36.83635]]}},{"type":"Feature","properties":{"name":"Shade Court","class":5,"surf":0,"highway":"unclassified"},"geometry":{"type":"LineString","coordinates":[[142.20138,-36.72816],[142.20079,-36.72835]]}},{"type":"Feature","properties":{"name":"Menadue Street","class":5,"surf":0,"highway":"unclassified"},"geometry":{"type":"LineString","coordinates":[[142.21273,-36.71591],[142.21198,-36.71634]]}},{"type":"Feature","properties":{"name":"Northern Grampians Road","class":2,"surf":0,"highway":"primary","ref":"C222"},"geometry":{"type":"LineString","coordinates":[[142.34248,-37.02917],[142.34241,-37.0296]]}},{"type":"Feature","properties":{"name":"Natimuk-Frances Road","class":2,"surf":0,"highway":"primary","ref":"C213"},"geometry":{"type":"LineString","coordinates":[[141.90712,-36.74138],[141.92151,-36.74144]]}},{"type":"Feature","properties":{"name":"Natimuk-Frances Road","class":2,"surf":0,"highway":"primary","ref":"C213"},"geometry":{"type":"LineString","coordinates":[[141.90418,-36.74176],[141.90475,-36.74155]]}},{"type":"Feature","properties":{"name":"Natimuk-Frances Road","class":2,"surf":0,"highway":"primary","ref":"C213"},"geometry":{"type":"LineString","coordinates":[[141.90099,-36.74358],[141.90418,-36.74176]]}},{"type":"Feature","properties":{"name":"Wright Place","class":5,"surf":0,"highway":"unclassified"},"geometry":{"type":"LineString","coordinates":[[142.21402,-36.70627],[142.21468,-36.70681]]}},{"type":"Feature","properties":{"name":"Northern Grampians Road","class":2,"surf":0,"highway":"primary","ref":"C222"},"geometry":{"type":"LineString","coordinates":[[142.33864,-37.03686],[142.33788,-37.03793]]}},{"type":"Feature","properties":{"name":"Stockton Drive","class":5,"surf":0,"highway":"unclassified"},"geometry":{"type":"LineString","coordinates":[[142.21633,-36.72218],[142.2163,-36.72196]]}},{"type":"Feature","properties":{"name":"Stockton Drive","class":5,"surf":0,"highway":"unclassified"},"geometry":{"type":"LineString","coordinates":[[142.2163,-36.72196],[142.21642,-36.72157],[142.21683,-36.72119]]}},{"type":"Feature","properties":{"name":"Henty Highway","class":1,"surf":0,"highway":"trunk","ref":"A200"},"geometry":{"type":"LineString","coordinates":[[142.18936,-36.76297],[142.18699,-36.76647]]}},{"type":"Feature","properties":{"name":"Henty Highway","class":1,"surf":0,"highway":"trunk","ref":"A200"},"geometry":{"type":"LineString","coordinates":[[142.18699,-36.76647],[142.18621,-36.76762]]}},{"type":"Feature","properties":{"name":"Hardinghams Road","class":5,"surf":0,"highway":"unclassified"},"geometry":{"type":"LineString","coordinates":[[142.18699,-36.76647],[142.18736,-36.76673],[142.18739,-36.76727]]}},{"type":"Feature","properties":{"name":"Hardinghams Road","class":5,"surf":0,"highway":"unclassified"},"geometry":{"type":"LineString","coordinates":[[142.18739,-36.76727],[142.18739,-36.76761]]}},{"type":"Feature","properties":{"name":"Three Bridges Road","class":3,"surf":0,"highway":"secondary"},"geometry":{"type":"LineString","coordinates":[[142.11637,-36.76014],[142.11694,-36.75991]]}},{"type":"Feature","properties":{"name":"Green Lake Road","class":3,"surf":0,"highway":"secondary"},"geometry":{"type":"LineString","coordinates":[[142.28507,-36.85365],[142.28507,-36.85951]]}},{"type":"Feature","properties":{"name":"Rifle Butts Road","class":5,"surf":0,"highway":"unclassified"},"geometry":{"type":"LineString","coordinates":[[142.05886,-36.85664],[142.07228,-36.85806]]}},{"type":"Feature","properties":{"name":"Rifle Butts Road","class":5,"surf":0,"highway":"unclassified"},"geometry":{"type":"LineString","coordinates":[[142.07228,-36.85806],[142.07687,-36.85855]]}},{"type":"Feature","properties":{"name":"Roses Gap Road","class":5,"surf":0,"highway":"unclassified"},"geometry":{"type":"LineString","coordinates":[[142.40618,-37.03154],[142.40813,-37.03268]]}},{"type":"Feature","properties":{"name":"Rifle Butts Road","class":5,"surf":0,"highway":"unclassified"},"geometry":{"type":"LineString","coordinates":[[142.13416,-36.86168],[142.14585,-36.86306]]}},{"type":"Feature","properties":{"name":"Western Highway","class":1,"surf":0,"highway":"trunk","ref":"A8"},"geometry":{"type":"LineString","coordinates":[[142.48042,-36.89836],[142.48054,-36.89845]]}},{"type":"Feature","properties":{"name":"Horsham-Lubeck Road","class":3,"surf":0,"highway":"secondary"},"geometry":{"type":"LineString","coordinates":[[142.39182,-36.76044],[142.3913,-36.76028]]}},{"type":"Feature","properties":{"name":"Western Highway","class":1,"surf":0,"highway":"trunk","ref":"A8"},"geometry":{"type":"LineString","coordinates":[[142.35829,-36.81775],[142.36083,-36.8191]]}},{"type":"Feature","properties":{"name":"Wavell Street","class":4,"surf":0,"highway":"tertiary"},"geometry":{"type":"LineString","coordinates":[[142.19892,-36.70261],[142.19979,-36.70261]]}},{"type":"Feature","properties":{"name":"Wawunna Road","class":4,"surf":0,"highway":"tertiary"},"geometry":{"type":"LineString","coordinates":[[142.19623,-36.70461],[142.19624,-36.70535]]}},{"type":"Feature","properties":{"name":"Mills Avenue","class":5,"surf":0,"highway":"unclassified"},"geometry":{"type":"LineString","coordinates":[[142.19487,-36.70062],[142.19622,-36.70062]]}},{"type":"Feature","properties":{"name":"Edward Street","class":5,"surf":0,"highway":"unclassified"},"geometry":{"type":"LineString","coordinates":[[142.19216,-36.70463],[142.19351,-36.70463]]}},{"type":"Feature","properties":{"name":"Northern Grampians Road","class":2,"surf":0,"highway":"primary","ref":"C222"},"geometry":{"type":"LineString","coordinates":[[142.32287,-36.95145],[142.32283,-36.95203]]}},{"type":"Feature","properties":{"name":"Northern Grampians Road","class":2,"surf":0,"highway":"primary","ref":"C222"},"geometry":{"type":"LineString","coordinates":[[142.32773,-36.92812],[142.3278,-36.92875]]}},{"type":"Feature","properties":{"name":"Northern Grampians Road","class":2,"surf":0,"highway":"primary","ref":"C222"},"geometry":{"type":"LineString","coordinates":[[142.34307,-37.0268],[142.34265,-37.02832],[142.34248,-37.02917]]}},{"type":"Feature","properties":{"name":"Northern Grampians Road","class":2,"surf":0,"highway":"primary","ref":"C222"},"geometry":{"type":"LineString","coordinates":[[142.34364,-37.02424],[142.34341,-37.02563],[142.34307,-37.0268]]}},{"type":"Feature","properties":{"name":"Northern Grampians Road","class":2,"surf":0,"highway":"primary","ref":"C222"},"geometry":{"type":"LineString","coordinates":[[142.35698,-37.05672],[142.35855,-37.0575]]}},{"type":"Feature","properties":{"name":"Northern Grampians Road","class":2,"surf":0,"highway":"primary","ref":"C222"},"geometry":{"type":"LineString","coordinates":[[142.33983,-37.03498],[142.33918,-37.03609]]}},{"type":"Feature","properties":{"name":"Northern Grampians Road","class":2,"surf":0,"highway":"primary","ref":"C222"},"geometry":{"type":"LineString","coordinates":[[142.34018,-37.03434],[142.33983,-37.03498]]}},{"type":"Feature","properties":{"name":"Northern Grampians Road","class":2,"surf":0,"highway":"primary","ref":"C222"},"geometry":{"type":"LineString","coordinates":[[142.34072,-37.03341],[142.34046,-37.03385]]}},{"type":"Feature","properties":{"name":"Northern Grampians Road","class":2,"surf":0,"highway":"primary","ref":"C222"},"geometry":{"type":"LineString","coordinates":[[142.34046,-37.03385],[142.34018,-37.03434]]}},{"type":"Feature","properties":{"name":"Northern Grampians Road","class":2,"surf":0,"highway":"primary","ref":"C222"},"geometry":{"type":"LineString","coordinates":[[142.32474,-36.9032],[142.32551,-36.90967]]}},{"type":"Feature","properties":{"name":"Northern Grampians Road","class":2,"surf":0,"highway":"primary","ref":"C222"},"geometry":{"type":"LineString","coordinates":[[142.32448,-36.90104],[142.32474,-36.9032]]}},{"type":"Feature","properties":{"name":"Schier Crescent","class":5,"surf":0,"highway":"unclassified"},"geometry":{"type":"LineString","coordinates":[[142.21503,-36.70847],[142.21502,-36.70815],[142.21508,-36.70809],[142.21556,-36.70811],[142.21558,-36.70841]]}},{"type":"Feature","properties":{"name":"Western Highway","class":1,"surf":0,"highway":"trunk","ref":"A8"},"geometry":{"type":"LineString","coordinates":[[142.25085,-36.76165],[142.25429,-36.76349],[142.25811,-36.76571]]}},{"type":"Feature","properties":{"name":"Kenny Road","class":5,"surf":0,"highway":"unclassified"},"geometry":{"type":"LineString","coordinates":[[142.20178,-36.74087],[142.20431,-36.74087]]}},{"type":"Feature","properties":{"name":"Henty Highway","class":1,"surf":0,"highway":"trunk","ref":"A200"},"geometry":{"type":"LineString","coordinates":[[142.18113,-36.77515],[142.18099,-36.77535]]}},{"type":"Feature","properties":{"name":"Henty Highway","class":1,"surf":0,"highway":"trunk","ref":"A200"},"geometry":{"type":"LineString","coordinates":[[142.18099,-36.77535],[142.18016,-36.77649]]}},{"type":"Feature","properties":{"name":"Henty Highway","class":1,"surf":0,"highway":"trunk","ref":"A200"},"geometry":{"type":"LineString","coordinates":[[142.19375,-36.75653],[142.19219,-36.7588]]}},{"type":"Feature","properties":{"name":"Knowles Street","class":5,"surf":0,"highway":"unclassified"},"geometry":{"type":"LineString","coordinates":[[142.21753,-36.70571],[142.21764,-36.70437]]}},{"type":"Feature","properties":{"name":"Davey Lane","class":5,"surf":0,"highway":"unclassified"},"geometry":{"type":"LineString","coordinates":[[142.19777,-36.71428],[142.19778,-36.71473]]}},{"type":"Feature","properties":{"name":"Green Lake Road","class":3,"surf":0,"highway":"secondary"},"geometry":{"type":"LineString","coordinates":[[142.28507,-36.85951],[142.28506,-36.86436]]}},{"type":"Feature","properties":{"name":"Western Highway","class":1,"surf":0,"highway":"trunk","ref":"A8"},"geometry":{"type":"LineString","coordinates":[[142.39414,-36.83518],[142.39464,-36.83542]]}},{"type":"Feature","properties":{"name":"Drung-Jung Road","class":3,"surf":0,"highway":"secondary"},"geometry":{"type":"LineString","coordinates":[[142.3235,-36.72398],[142.3226,-36.72428],[142.32209,-36.72436],[142.32112,-36.7243],[142.31982,-36.724]]}},{"type":"Feature","properties":{"name":"Western Highway","class":1,"surf":0,"highway":"trunk","ref":"A8"},"geometry":{"type":"LineString","coordinates":[[142.36261,-36.82006],[142.36451,-36.82107]]}},{"type":"Feature","properties":{"name":"Western Highway","class":1,"surf":0,"highway":"trunk","ref":"A8"},"geometry":{"type":"LineString","coordinates":[[142.2906,-36.78306],[142.29869,-36.7867]]}},{"type":"Feature","properties":{"name":"Jardwa Court","class":5,"surf":0,"highway":"unclassified"},"geometry":{"type":"LineString","coordinates":[[142.194,-36.72412],[142.19428,-36.72458]]}},{"type":"Feature","properties":{"name":"Winifred Street","class":5,"surf":0,"highway":"unclassified"},"geometry":{"type":"LineString","coordinates":[[142.2078,-36.70204],[142.2078,-36.70252]]}},{"type":"Feature","properties":{"name":"Stawell Road","class":1,"surf":0,"highway":"trunk","ref":"A8"},"geometry":{"type":"LineString","coordinates":[[142.20805,-36.73557],[142.20768,-36.73534],[142.20625,-36.73419]]}},{"type":"Feature","properties":{"name":"Stawell Road","class":1,"surf":0,"highway":"trunk","ref":"A8"},"geometry":{"type":"LineString","coordinates":[[142.20625,-36.73419],[142.20596,-36.73395]]}},{"type":"Feature","properties":{"name":"Williams Road","class":2,"surf":0,"highway":"primary"},"geometry":{"type":"LineString","coordinates":[[142.20502,-36.72607],[142.20525,-36.72607]]}},{"type":"Feature","properties":{"name":"Selkirk Drive","class":5,"surf":0,"highway":"unclassified"},"geometry":{"type":"LineString","coordinates":[[142.19593,-36.71878],[142.19504,-36.71878],[142.19466,-36.71891]]}},{"type":"Feature","properties":{"name":"Simpson Court","class":5,"surf":0,"highway":"unclassified"},"geometry":{"type":"LineString","coordinates":[[142.19699,-36.72775],[142.19734,-36.72828]]}},{"type":"Feature","properties":{"name":"Natimuk-Hamilton Road","class":2,"surf":0,"highway":"primary","ref":"C214"},"geometry":{"type":"LineString","coordinates":[[141.9213,-37.06619],[141.92406,-37.04834],[141.92495,-37.04214],[141.92502,-37.04067],[141.92482,-37.03664]]}},{"type":"Feature","properties":{"name":"Wimmera Highway","class":1,"surf":0,"highway":"trunk","ref":"C240"},"geometry":{"type":"LineString","coordinates":[[141.72006,-36.85185],[141.72326,-36.85055],[141.72439,-36.84986],[141.73055,-36.84375]]}},{"type":"Feature","properties":{"name":"Wonwondah-Toolondo Road","class":3,"surf":0,"highway":"secondary"},"geometry":{"type":"LineString","coordinates":[[141.94001,-36.99164],[141.94053,-36.9916]]}},{"type":"Feature","properties":{"name":"Iris Street","class":5,"surf":0,"highway":"unclassified"},"geometry":{"type":"LineString","coordinates":[[142.19047,-36.72198],[142.19047,-36.72341]]}},{"type":"Feature","properties":{"name":"Dougherty Street","class":5,"surf":0,"highway":"unclassified"},"geometry":{"type":"LineString","coordinates":[[142.18523,-36.71307],[142.18614,-36.71308]]}},{"type":"Feature","properties":{"name":"Wavell Street","class":4,"surf":0,"highway":"tertiary"},"geometry":{"type":"LineString","coordinates":[[142.18708,-36.70265],[142.18925,-36.70265]]}},{"type":"Feature","properties":{"name":"Langlands Street","class":5,"surf":0,"highway":"unclassified"},"geometry":{"type":"LineString","coordinates":[[142.20507,-36.70343],[142.2078,-36.70343]]}},{"type":"Feature","properties":{"name":"Frederick Street","class":5,"surf":0,"highway":"unclassified"},"geometry":{"type":"LineString","coordinates":[[142.19488,-36.70263],[142.19488,-36.70462]]}},{"type":"Feature","properties":{"name":"Lynott Street","class":5,"surf":0,"highway":"unclassified"},"geometry":{"type":"LineString","coordinates":[[142.19759,-36.70534],[142.19893,-36.70534]]}},{"type":"Feature","properties":{"name":"Culliver Street","class":5,"surf":0,"highway":"unclassified"},"geometry":{"type":"LineString","coordinates":[[142.21438,-36.70753],[142.21411,-36.70801]]}},{"type":"Feature","properties":{"name":"Gardenia Street","class":5,"surf":0,"highway":"unclassified"},"geometry":{"type":"LineString","coordinates":[[142.19291,-36.72061],[142.19292,-36.72116]]}},{"type":"Feature","properties":{"name":"Laurel Street","class":5,"surf":0,"highway":"unclassified"},"geometry":{"type":"LineString","coordinates":[[142.19156,-36.72197],[142.19292,-36.72197]]}},{"type":"Feature","properties":{"name":"Churchill Road","class":5,"surf":0,"highway":"unclassified"},"geometry":{"type":"LineString","coordinates":[[142.18338,-36.71454],[142.1836,-36.71508]]}},{"type":"Feature","properties":{"name":"Jaspers Lane","class":5,"surf":0,"highway":"unclassified"},"geometry":{"type":"LineString","coordinates":[[141.77055,-37.1513],[141.76959,-37.15097],[141.76843,-37.15041]]}},{"type":"Feature","properties":{"name":"Francis Street","class":5,"surf":0,"highway":"unclassified"},"geometry":{"type":"LineString","coordinates":[[142.19769,-36.7004],[142.19757,-36.70072],[142.19758,-36.70261]]}},{"type":"Feature","properties":{"name":"Arthur Drive","class":5,"surf":0,"highway":"unclassified"},"geometry":{"type":"LineString","coordinates":[[142.17669,-36.71322],[142.17638,-36.71372]]}},{"type":"Feature","properties":{"name":"Arthur Drive","class":5,"surf":0,"highway":"unclassified"},"geometry":{"type":"LineString","coordinates":[[142.17617,-36.71405],[142.17638,-36.71372]]}},{"type":"Feature","properties":{"name":"","class":5,"surf":0,"highway":"unclassified"},"geometry":{"type":"LineString","coordinates":[[142.29902,-36.78534],[142.29886,-36.78567],[142.2983,-36.7859],[142.29737,-36.78578],[142.29685,-36.78552]]}},{"type":"Feature","properties":{"name":"Hughes Street","class":5,"surf":0,"highway":"unclassified"},"geometry":{"type":"LineString","coordinates":[[142.20925,-36.72492],[142.20958,-36.72473]]}},{"type":"Feature","properties":{"name":"Western Highway","class":1,"surf":0,"highway":"trunk","ref":"A8"},"geometry":{"type":"LineString","coordinates":[[142.24752,-36.75987],[142.24873,-36.76052]]}},{"type":"Feature","properties":{"name":"Western Highway","class":1,"surf":0,"highway":"trunk","ref":"A8"},"geometry":{"type":"LineString","coordinates":[[142.23069,-36.75083],[142.23489,-36.75309]]}},{"type":"Feature","properties":{"name":"Evans Way","class":5,"surf":0,"highway":"unclassified"},"geometry":{"type":"LineString","coordinates":[[142.20079,-36.72835],[142.20068,-36.72816],[142.2004,-36.72798],[142.20032,-36.72781]]}},{"type":"Feature","properties":{"name":"Dimboola-Minyip Road","class":3,"surf":0,"highway":"secondary"},"geometry":{"type":"LineString","coordinates":[[142.28521,-36.43996],[142.28928,-36.44033],[142.29104,-36.44034]]}},{"type":"Feature","properties":{"name":"Western Highway","class":1,"surf":0,"highway":"trunk","ref":"A8"},"geometry":{"type":"LineString","coordinates":[[142.37543,-36.82652],[142.37654,-36.82703]]}},{"type":"Feature","properties":{"name":"Western Highway","class":1,"surf":0,"highway":"trunk","ref":"A8"},"geometry":{"type":"LineString","coordinates":[[142.30364,-36.78899],[142.3127,-36.79315]]}},{"type":"Feature","properties":{"name":"Western Highway","class":1,"surf":0,"highway":"trunk","ref":"A8"},"geometry":{"type":"LineString","coordinates":[[142.27534,-36.77491],[142.28516,-36.78019]]}},{"type":"Feature","properties":{"name":"Longerenong Road","class":3,"surf":0,"highway":"secondary"},"geometry":{"type":"LineString","coordinates":[[142.40076,-36.68832],[142.40004,-36.68823]]}},{"type":"Feature","properties":{"name":"Major Mitchell Drive","class":5,"surf":0,"highway":"unclassified"},"geometry":{"type":"LineString","coordinates":[[142.19928,-36.7249],[142.20068,-36.72431]]}},{"type":"Feature","properties":{"name":"McPherson Street","class":1,"surf":0,"highway":"trunk","ref":"A8"},"geometry":{"type":"LineString","coordinates":[[142.205,-36.72026],[142.20499,-36.72052]]}},{"type":"Feature","properties":{"name":"High Street N","class":5,"surf":0,"highway":"unclassified"},"geometry":{"type":"LineString","coordinates":[[142.18675,-36.70602],[142.18661,-36.7076]]}},{"type":"Feature","properties":{"name":"Western Highway","class":1,"surf":0,"highway":"trunk","ref":"A8"},"geometry":{"type":"LineString","coordinates":[[142.09986,-36.49395],[142.09986,-36.4942]]}},{"type":"Feature","properties":{"name":"Chequers Road","class":5,"surf":0,"highway":"unclassified"},"geometry":{"type":"LineString","coordinates":[[142.02505,-36.74982],[142.02513,-36.75522]]}},{"type":"Feature","properties":{"name":"Ashes Court","class":5,"surf":0,"highway":"unclassified"},"geometry":{"type":"LineString","coordinates":[[142.17183,-36.72794],[142.17125,-36.72698]]}},{"type":"Feature","properties":{"name":"Natimuk-Hamilton Road","class":2,"surf":0,"highway":"primary","ref":"C214"},"geometry":{"type":"LineString","coordinates":[[141.9336,-36.99354],[141.93317,-36.99453]]}},{"type":"Feature","properties":{"name":"Waterlink Esplanade","class":5,"surf":0,"highway":"unclassified"},"geometry":{"type":"LineString","coordinates":[[142.21532,-36.72188],[142.2163,-36.72196]]}},{"type":"Feature","properties":{"name":"Menadue Street","class":5,"surf":0,"highway":"unclassified"},"geometry":{"type":"LineString","coordinates":[[142.21544,-36.71255],[142.21523,-36.71272],[142.21486,-36.71321],[142.21454,-36.71415],[142.21406,-36.71482]]}},{"type":"Feature","properties":{"name":"Albert Street","class":4,"surf":0,"highway":"tertiary"},"geometry":{"type":"LineString","coordinates":[[142.20539,-36.69925],[142.20509,-36.70002]]}},{"type":"Feature","properties":{"name":"Menadue Street","class":5,"surf":0,"highway":"unclassified"},"geometry":{"type":"LineString","coordinates":[[142.21406,-36.71482],[142.21344,-36.7155],[142.21273,-36.71591]]}},{"type":"Feature","properties":{"name":"Bleakley Street","class":5,"surf":0,"highway":"unclassified"},"geometry":{"type":"LineString","coordinates":[[142.20264,-36.70031],[142.20253,-36.70059],[142.20111,-36.70061]]}},{"type":"Feature","properties":{"name":"McPherson Street","class":1,"surf":0,"highway":"trunk","ref":"A8"},"geometry":{"type":"LineString","coordinates":[[142.20499,-36.72052],[142.20499,-36.72085]]}},{"type":"Feature","properties":{"name":"Natimuk-Hamilton Road","class":2,"surf":0,"highway":"primary","ref":"C214"},"geometry":{"type":"LineString","coordinates":[[141.9563,-36.90516],[141.95436,-36.91792],[141.95408,-36.91906],[141.95389,-36.91957],[141.95328,-36.92062],[141.95293,-36.92107],[141.94697,-36.92832]]}},{"type":"Feature","properties":{"name":"Rennison Street","class":5,"surf":0,"highway":"unclassified"},"geometry":{"type":"LineString","coordinates":[[142.21262,-36.71257],[142.21325,-36.71257]]}},{"type":"Feature","properties":{"name":"Windsor Crescent","class":5,"surf":0,"highway":"unclassified"},"geometry":{"type":"LineString","coordinates":[[142.17704,-36.7238],[142.17706,-36.72521]]}},{"type":"Feature","properties":{"name":"Rasmussen Road","class":3,"surf":0,"highway":"secondary"},"geometry":{"type":"LineString","coordinates":[[142.21719,-36.69683],[142.218,-36.69682]]}},{"type":"Feature","properties":{"name":"Cathcart Street","class":5,"surf":0,"highway":"unclassified"},"geometry":{"type":"LineString","coordinates":[[142.21214,-36.70988],[142.21215,-36.71047],[142.21197,-36.71072]]}},{"type":"Feature","properties":{"name":"Mill Street","class":5,"surf":0,"highway":"unclassified"},"geometry":{"type":"LineString","coordinates":[[142.20306,-36.70661],[142.20511,-36.70659]]}},{"type":"Feature","properties":{"name":"Roses Gap Road","class":5,"surf":0,"highway":"unclassified"},"geometry":{"type":"LineString","coordinates":[[142.40487,-37.03088],[142.40618,-37.03154]]}},{"type":"Feature","properties":{"name":"Alan Court","class":5,"surf":0,"highway":"unclassified"},"geometry":{"type":"LineString","coordinates":[[142.18149,-36.72559],[142.18195,-36.72594]]}},{"type":"Feature","properties":{"name":"Farrar Avenue","class":5,"surf":0,"highway":"unclassified"},"geometry":{"type":"LineString","coordinates":[[142.18195,-36.72594],[142.18167,-36.7263],[142.18164,-36.72665],[142.18169,-36.7269]]}},{"type":"Feature","properties":{"name":"Farrar Avenue","class":5,"surf":0,"highway":"unclassified"},"geometry":{"type":"LineString","coordinates":[[142.1818,-36.72451],[142.18225,-36.72506],[142.18234,-36.72535],[142.1822,-36.72574],[142.18195,-36.72594]]}},{"type":"Feature","properties":{"name":"Penny Avenue","class":5,"surf":0,"highway":"unclassified"},"geometry":{"type":"LineString","coordinates":[[142.17808,-36.72587],[142.1818,-36.72451]]}},{"type":"Feature","properties":{"name":"Western Highway","class":1,"surf":0,"highway":"trunk","ref":"A8"},"geometry":{"type":"LineString","coordinates":[[142.51108,-36.9159],[142.51074,-36.91567]]}},{"type":"Feature","properties":{"name":"Hickson Street","class":5,"surf":0,"highway":"unclassified"},"geometry":{"type":"LineString","coordinates":[[142.19179,-36.69998],[142.19252,-36.69998]]}},{"type":"Feature","properties":{"name":"Thornley Street","class":5,"surf":0,"highway":"unclassified"},"geometry":{"type":"LineString","coordinates":[[142.17638,-36.71372],[142.17683,-36.71385],[142.17822,-36.71344],[142.17935,-36.71332]]}},{"type":"Feature","properties":{"name":"McTavish Boulevard","class":5,"surf":0,"highway":"unclassified"},"geometry":{"type":"LineString","coordinates":[[142.20077,-36.72655],[142.20122,-36.72635]]}},{"type":"Feature","properties":{"name":"Weight Close","class":5,"surf":0,"highway":"unclassified"},"geometry":{"type":"LineString","coordinates":[[142.20032,-36.72781],[142.20115,-36.72746],[142.20123,-36.72737],[142.20122,-36.72726],[142.20077,-36.72655]]}},{"type":"Feature","properties":{"name":"Northern Grampians Road","class":2,"surf":0,"highway":"primary","ref":"C222"},"geometry":{"type":"LineString","coordinates":[[142.3623,-37.06092],[142.36374,-37.063]]}},{"type":"Feature","properties":{"name":"Clear Lake-Sherwoods Dam Road","class":3,"surf":0,"highway":"secondary"},"geometry":{"type":"LineString","coordinates":[[141.85847,-36.92044],[141.85909,-36.92285]]}},{"type":"Feature","properties":{"name":"Natimuk Road","class":5,"surf":0,"highway":"unclassified"},"geometry":{"type":"LineString","coordinates":[[142.1777,-36.72195],[142.17989,-36.72114]]}},{"type":"Feature","properties":{"name":"","class":5,"surf":0,"highway":"unclassified"},"geometry":{"type":"LineString","coordinates":[[142.21736,-36.71179],[142.21757,-36.71193],[142.21758,-36.71206],[142.21751,-36.71214]]}},{"type":"Feature","properties":{"name":"","class":5,"surf":0,"highway":"unclassified"},"geometry":{"type":"LineString","coordinates":[[142.21736,-36.71165],[142.21736,-36.71179]]}},{"type":"Feature","properties":{"name":"","class":5,"surf":0,"highway":"unclassified"},"geometry":{"type":"LineString","coordinates":[[142.21736,-36.71179],[142.21714,-36.71191],[142.21714,-36.71212]]}},{"type":"Feature","properties":{"name":"Telangatuk East-Rocklands Road","class":3,"surf":0,"highway":"secondary"},"geometry":{"type":"LineString","coordinates":[[141.96599,-37.14309],[141.96594,-37.1434]]}},{"type":"Feature","properties":{"name":"Telangatuk East-Rocklands Road","class":3,"surf":0,"highway":"secondary"},"geometry":{"type":"LineString","coordinates":[[141.96808,-37.1294],[141.96787,-37.13093]]}},{"type":"Feature","properties":{"name":"Telangatuk East-Rocklands Road","class":3,"surf":0,"highway":"secondary"},"geometry":{"type":"LineString","coordinates":[[141.96787,-37.13093],[141.96775,-37.13167]]}},{"type":"Feature","properties":{"name":"Roy Blakes Road","class":5,"surf":0,"highway":"unclassified"},"geometry":{"type":"LineString","coordinates":[[141.96808,-37.1294],[141.96861,-37.1294],[141.96963,-37.12957]]}},{"type":"Feature","properties":{"name":"Hovey Court","class":5,"surf":0,"highway":"unclassified"},"geometry":{"type":"LineString","coordinates":[[142.19341,-36.7285],[142.19402,-36.72958]]}},{"type":"Feature","properties":{"name":"McTavish Boulevard","class":5,"surf":0,"highway":"unclassified"},"geometry":{"type":"LineString","coordinates":[[142.19606,-36.72909],[142.19506,-36.72925],[142.19402,-36.72958]]}},{"type":"Feature","properties":{"name":"Henty Highway","class":1,"surf":0,"highway":"trunk","ref":"A200"},"geometry":{"type":"LineString","coordinates":[[142.18617,-37.11143],[142.18573,-37.11073],[142.1856,-37.11012]]}},{"type":"Feature","properties":{"name":"Northern Grampians Road","class":2,"surf":0,"highway":"primary","ref":"C222"},"geometry":{"type":"LineString","coordinates":[[142.34653,-37.05109],[142.34762,-37.05239],[142.34835,-37.05305]]}},{"type":"Feature","properties":{"name":"Northern Grampians Road","class":2,"surf":0,"highway":"primary","ref":"C222"},"geometry":{"type":"LineString","coordinates":[[142.35855,-37.0575],[142.35917,-37.05782]]}},{"type":"Feature","properties":{"name":"Northern Grampians Road","class":2,"surf":0,"highway":"primary","ref":"C222"},"geometry":{"type":"LineString","coordinates":[[142.36071,-37.05913],[142.36091,-37.05933]]}},{"type":"Feature","properties":{"name":"Northern Grampians Road","class":2,"surf":0,"highway":"primary","ref":"C222"},"geometry":{"type":"LineString","coordinates":[[142.36091,-37.05933],[142.36205,-37.06056],[142.3623,-37.06092]]}},{"type":"Feature","properties":{"name":"Telangatuk East-Rocklands Road","class":3,"surf":0,"highway":"secondary"},"geometry":{"type":"LineString","coordinates":[[141.97431,-37.17593],[141.97441,-37.17522],[141.97478,-37.17422]]}},{"type":"Feature","properties":{"name":"Clear Lake-Sherwoods Dam Road","class":3,"surf":0,"highway":"secondary"},"geometry":{"type":"LineString","coordinates":[[141.84715,-36.84384],[141.84708,-36.8447],[141.84733,-36.84587]]}},{"type":"Feature","properties":{"name":"Clear Lake-Sherwoods Dam Road","class":3,"surf":0,"highway":"secondary"},"geometry":{"type":"LineString","coordinates":[[141.85748,-36.83701],[141.8569,-36.83753],[141.85619,-36.83797],[141.84816,-36.84253],[141.84748,-36.84317],[141.84715,-36.84384]]}},{"type":"Feature","properties":{"name":"","class":5,"surf":0,"highway":"unclassified"},"geometry":{"type":"LineString","coordinates":[[141.93807,-36.74524],[141.93832,-36.74559],[141.93832,-36.74574],[141.93756,-36.74611],[141.93739,-36.74614],[141.93725,-36.74609],[141.93692,-36.74567]]}},{"type":"Feature","properties":{"name":"Station Street","class":5,"surf":0,"highway":"unclassified"},"geometry":{"type":"LineString","coordinates":[[141.93789,-36.74532],[141.93807,-36.74524]]}},{"type":"Feature","properties":{"name":"Arthur Drive","class":5,"surf":0,"highway":"unclassified"},"geometry":{"type":"LineString","coordinates":[[142.17575,-36.71464],[142.17617,-36.71405]]}},{"type":"Feature","properties":{"name":"Ballinger Street","class":5,"surf":0,"highway":"unclassified"},"geometry":{"type":"LineString","coordinates":[[142.18732,-36.7355],[142.18735,-36.73931]]}},{"type":"Feature","properties":{"name":"Stawell Road","class":1,"surf":0,"highway":"trunk","ref":"A8"},"geometry":{"type":"LineString","coordinates":[[142.20554,-36.73346],[142.20538,-36.73307]]}},{"type":"Feature","properties":{"name":"Kenny Road","class":5,"surf":0,"highway":"unclassified"},"geometry":{"type":"LineString","coordinates":[[142.20431,-36.74087],[142.20487,-36.74086]]}},{"type":"Feature","properties":{"name":"Kenny Road","class":5,"surf":0,"highway":"unclassified"},"geometry":{"type":"LineString","coordinates":[[142.20487,-36.74086],[142.20557,-36.74085]]}},{"type":"Feature","properties":{"name":"Firebrace Street","class":5,"surf":0,"highway":"unclassified"},"geometry":{"type":"LineString","coordinates":[[142.19972,-36.72201],[142.19976,-36.72301]]}},{"type":"Feature","properties":{"name":"","class":5,"surf":0,"highway":"unclassified"},"geometry":{"type":"LineString","coordinates":[[142.19898,-36.723],[142.19896,-36.72283],[142.19852,-36.72282],[142.19824,-36.72323]]}},{"type":"Feature","properties":{"name":"","class":5,"surf":0,"highway":"unclassified"},"geometry":{"type":"LineString","coordinates":[[142.19824,-36.72323],[142.19787,-36.72359],[142.19787,-36.72369],[142.19807,-36.72376],[142.19849,-36.7235]]}},{"type":"Feature","properties":{"name":"Lake Road","class":3,"surf":0,"highway":"secondary"},"geometry":{"type":"LineString","coordinates":[[141.94423,-36.71328],[141.94339,-36.71418]]}},{"type":"Feature","properties":{"name":"Lake Road","class":3,"surf":0,"highway":"secondary"},"geometry":{"type":"LineString","coordinates":[[141.94339,-36.71418],[141.94264,-36.71502],[141.94247,-36.71549]]}},{"type":"Feature","properties":{"name":"Regent Street","class":5,"surf":0,"highway":"unclassified"},"geometry":{"type":"LineString","coordinates":[[141.94475,-36.74179],[141.94733,-36.74067]]}},{"type":"Feature","properties":{"name":"Mitchell Street","class":5,"surf":0,"highway":"unclassified"},"geometry":{"type":"LineString","coordinates":[[141.94733,-36.74067],[141.94741,-36.74084],[141.94744,-36.74177]]}},{"type":"Feature","properties":{"name":"Jory Street","class":5,"surf":0,"highway":"unclassified"},"geometry":{"type":"LineString","coordinates":[[141.94475,-36.74179],[141.94744,-36.74177]]}},{"type":"Feature","properties":{"name":"Jory Street","class":5,"surf":0,"highway":"unclassified"},"geometry":{"type":"LineString","coordinates":[[141.94744,-36.74177],[141.95104,-36.74175]]}},{"type":"Feature","properties":{"name":"","class":5,"surf":0,"highway":"unclassified"},"geometry":{"type":"LineString","coordinates":[[142.19879,-36.72353],[142.19906,-36.72353],[142.19923,-36.72343],[142.19932,-36.72301]]}},{"type":"Feature","properties":{"name":"","class":5,"surf":0,"highway":"unclassified"},"geometry":{"type":"LineString","coordinates":[[142.19879,-36.72353],[142.19898,-36.723]]}},{"type":"Feature","properties":{"name":"","class":5,"surf":0,"highway":"unclassified"},"geometry":{"type":"LineString","coordinates":[[142.19849,-36.7235],[142.19879,-36.72353]]}},{"type":"Feature","properties":{"name":"","class":5,"surf":0,"highway":"unclassified"},"geometry":{"type":"LineString","coordinates":[[142.19976,-36.72301],[142.19932,-36.72301]]}},{"type":"Feature","properties":{"name":"McLean Drive","class":5,"surf":0,"highway":"unclassified"},"geometry":{"type":"LineString","coordinates":[[142.20137,-36.73007],[142.20163,-36.73011]]}},{"type":"Feature","properties":{"name":"Landy Street","class":5,"surf":0,"highway":"unclassified"},"geometry":{"type":"LineString","coordinates":[[142.18725,-36.72341],[142.18842,-36.72341]]}},{"type":"Feature","properties":{"name":"Iris Street","class":5,"surf":0,"highway":"unclassified"},"geometry":{"type":"LineString","coordinates":[[142.19046,-36.72062],[142.19047,-36.72198]]}},{"type":"Feature","properties":{"name":"Tena Avenue","class":5,"surf":0,"highway":"unclassified"},"geometry":{"type":"LineString","coordinates":[[142.18257,-36.72267],[142.1833,-36.72271],[142.186,-36.72172]]}},{"type":"Feature","properties":{"name":"Lynott Street","class":5,"surf":0,"highway":"unclassified"},"geometry":{"type":"LineString","coordinates":[[142.19893,-36.70534],[142.20092,-36.70533]]}},{"type":"Feature","properties":{"name":"Lynott Street","class":5,"surf":0,"highway":"unclassified"},"geometry":{"type":"LineString","coordinates":[[142.20092,-36.70533],[142.20307,-36.70532]]}},{"type":"Feature","properties":{"name":"Kalkee Road","class":3,"surf":0,"highway":"secondary","ref":"C231"},"geometry":{"type":"LineString","coordinates":[[142.20111,-36.70061],[142.20088,-36.70131],[142.20091,-36.7026]]}},{"type":"Feature","properties":{"name":"Urquhart Street","class":3,"surf":0,"highway":"secondary","ref":"C231"},"geometry":{"type":"LineString","coordinates":[[142.20234,-36.7087],[142.20232,-36.70939]]}},{"type":"Feature","properties":{"name":"Urquhart Street","class":3,"surf":0,"highway":"secondary","ref":"C231"},"geometry":{"type":"LineString","coordinates":[[142.20232,-36.70939],[142.20226,-36.71057]]}},{"type":"Feature","properties":{"name":"Searle Street","class":5,"surf":0,"highway":"unclassified"},"geometry":{"type":"LineString","coordinates":[[142.20232,-36.70939],[142.20489,-36.70937]]}},{"type":"Feature","properties":{"name":"Railway Avenue","class":5,"surf":0,"highway":"unclassified"},"geometry":{"type":"LineString","coordinates":[[142.20117,-36.70789],[142.20211,-36.70784],[142.20234,-36.70771]]}},{"type":"Feature","properties":{"name":"Harriett Street","class":5,"surf":0,"highway":"unclassified"},"geometry":{"type":"LineString","coordinates":[[142.2022,-36.7087],[142.20234,-36.7087]]}},{"type":"Feature","properties":{"name":"Harriett Street","class":5,"surf":0,"highway":"unclassified"},"geometry":{"type":"LineString","coordinates":[[142.20086,-36.70874],[142.2022,-36.7087]]}},{"type":"Feature","properties":{"name":"Searle Street","class":5,"surf":0,"highway":"unclassified"},"geometry":{"type":"LineString","coordinates":[[142.20092,-36.70948],[142.20122,-36.70939],[142.20232,-36.70939]]}},{"type":"Feature","properties":{"name":"Kalkee Road","class":3,"surf":0,"highway":"secondary","ref":"C231"},"geometry":{"type":"LineString","coordinates":[[142.20193,-36.70694],[142.2022,-36.70727],[142.20234,-36.70771]]}},{"type":"Feature","properties":{"name":"","class":5,"surf":0,"highway":"unclassified"},"geometry":{"type":"LineString","coordinates":[[142.19932,-36.72301],[142.19935,-36.72271]]}},{"type":"Feature","properties":{"name":"Waterlink Esplanade","class":5,"surf":0,"highway":"unclassified"},"geometry":{"type":"LineString","coordinates":[[142.21273,-36.72026],[142.21295,-36.72042]]}},{"type":"Feature","properties":{"name":"Hamilton Road","class":1,"surf":0,"highway":"trunk","ref":"A200"},"geometry":{"type":"LineString","coordinates":[[142.20544,-36.73533],[142.20554,-36.73654]]}},{"type":"Feature","properties":{"name":"Hamilton Road","class":1,"surf":0,"highway":"trunk","ref":"A200"},"geometry":{"type":"LineString","coordinates":[[142.20602,-36.73384],[142.20596,-36.73395]]}},{"type":"Feature","properties":{"name":"Hamilton Road","class":1,"surf":0,"highway":"trunk","ref":"A200"},"geometry":{"type":"LineString","coordinates":[[142.20596,-36.73395],[142.20583,-36.73416]]}},{"type":"Feature","properties":{"name":"Hamilton Road","class":1,"surf":0,"highway":"trunk","ref":"A200"},"geometry":{"type":"LineString","coordinates":[[142.20544,-36.73876],[142.20511,-36.7396],[142.20473,-36.74029],[142.20431,-36.74087]]}},{"type":"Feature","properties":{"name":"Hamilton Road","class":1,"surf":0,"highway":"trunk","ref":"A200"},"geometry":{"type":"LineString","coordinates":[[142.20552,-36.73833],[142.20544,-36.73876]]}},{"type":"Feature","properties":{"name":"Hamilton Road","class":1,"surf":0,"highway":"trunk","ref":"A200"},"geometry":{"type":"LineString","coordinates":[[142.20554,-36.73654],[142.20558,-36.73778],[142.20552,-36.73833]]}},{"type":"Feature","properties":{"name":"Ballinger Street","class":5,"surf":0,"highway":"unclassified"},"geometry":{"type":"LineString","coordinates":[[142.18732,-36.73341],[142.18732,-36.7355]]}},{"type":"Feature","properties":{"name":"Jung West Road","class":5,"surf":0,"highway":"unclassified"},"geometry":{"type":"LineString","coordinates":[[142.3563,-36.60779],[142.35768,-36.6078]]}},{"type":"Feature","properties":{"name":"Main Street","class":5,"surf":0,"highway":"unclassified"},"geometry":{"type":"LineString","coordinates":[[142.35768,-36.6078],[142.35826,-36.60779]]}},{"type":"Feature","properties":{"name":"Church Street","class":5,"surf":0,"highway":"unclassified"},"geometry":{"type":"LineString","coordinates":[[142.35769,-36.60683],[142.35778,-36.60675],[142.35799,-36.60674],[142.36014,-36.60674]]}},{"type":"Feature","properties":{"name":"Stockton Drive","class":5,"surf":0,"highway":"unclassified"},"geometry":{"type":"LineString","coordinates":[[142.21728,-36.72083],[142.21762,-36.72055],[142.21773,-36.72036]]}},{"type":"Feature","properties":{"name":"Natimuk Road","class":1,"surf":0,"highway":"trunk","ref":"C240"},"geometry":{"type":"LineString","coordinates":[[142.19123,-36.71726],[142.1929,-36.71666]]}},{"type":"Feature","properties":{"name":"Wilson Street","class":1,"surf":0,"highway":"trunk","ref":"C240"},"geometry":{"type":"LineString","coordinates":[[142.19715,-36.71665],[142.19881,-36.71664]]}},{"type":"Feature","properties":{"name":"Wilson Street","class":1,"surf":0,"highway":"trunk","ref":"C240"},"geometry":{"type":"LineString","coordinates":[[142.19556,-36.71665],[142.19715,-36.71665]]}},{"type":"Feature","properties":{"name":"Darlot Street","class":5,"surf":0,"highway":"unclassified"},"geometry":{"type":"LineString","coordinates":[[142.19713,-36.71548],[142.19715,-36.71665]]}},{"type":"Feature","properties":{"name":"Darlot Street","class":5,"surf":0,"highway":"unclassified"},"geometry":{"type":"LineString","coordinates":[[142.19715,-36.71665],[142.19714,-36.71783]]}},{"type":"Feature","properties":{"name":"Wilson Street","class":1,"surf":0,"highway":"trunk","ref":"C240"},"geometry":{"type":"LineString","coordinates":[[142.19881,-36.71664],[142.19975,-36.71664]]}},{"type":"Feature","properties":{"name":"Firebrace Street","class":4,"surf":0,"highway":"tertiary"},"geometry":{"type":"LineString","coordinates":[[142.19975,-36.71664],[142.19974,-36.71733]]}},{"type":"Feature","properties":{"name":"Firebrace Street","class":4,"surf":0,"highway":"tertiary"},"geometry":{"type":"LineString","coordinates":[[142.19972,-36.71546],[142.19975,-36.71664]]}},{"type":"Feature","properties":{"name":"Wilson Street","class":1,"surf":0,"highway":"trunk","ref":"C240"},"geometry":{"type":"LineString","coordinates":[[142.19975,-36.71664],[142.20234,-36.71663]]}},{"type":"Feature","properties":{"name":"Meyers Road","class":3,"surf":0,"highway":"secondary"},"geometry":{"type":"LineString","coordinates":[[141.93683,-36.66109],[141.94249,-36.66109],[141.94372,-36.66128],[141.94464,-36.66167],[141.94526,-36.66212],[141.94691,-36.66401],[141.94761,-36.66451]]}},{"type":"Feature","properties":{"name":"Grahams Bridge Road","class":5,"surf":0,"highway":"unclassified"},"geometry":{"type":"LineString","coordinates":[[142.21242,-36.7566],[142.21235,-36.76768]]}},{"type":"Feature","properties":{"name":"Horsham-Lubeck Road","class":3,"surf":0,"highway":"secondary"},"geometry":{"type":"LineString","coordinates":[[142.46352,-36.74532],[142.46324,-36.74532]]}},{"type":"Feature","properties":{"name":"Horsham-Lubeck Road","class":3,"surf":0,"highway":"secondary"},"geometry":{"type":"LineString","coordinates":[[142.46324,-36.74532],[142.46169,-36.74538]]}},{"type":"Feature","properties":{"name":"Horsham-Lubeck Road","class":3,"surf":0,"highway":"secondary"},"geometry":{"type":"LineString","coordinates":[[142.46169,-36.74538],[142.45806,-36.74535]]}},{"type":"Feature","properties":{"name":"Joys Road","class":5,"surf":0,"highway":"unclassified"},"geometry":{"type":"LineString","coordinates":[[142.46169,-36.74538],[142.46238,-36.74569],[142.46478,-36.74653]]}},{"type":"Feature","properties":{"name":"Burnett Street","class":5,"surf":0,"highway":"unclassified"},"geometry":{"type":"LineString","coordinates":[[142.19697,-36.72583],[142.1977,-36.7269],[142.19868,-36.72752],[142.19921,-36.72762]]}},{"type":"Feature","properties":{"name":"Major Mitchell Drive","class":5,"surf":0,"highway":"unclassified"},"geometry":{"type":"LineString","coordinates":[[142.19697,-36.72583],[142.19642,-36.72607],[142.19579,-36.72647]]}},{"type":"Feature","properties":{"name":"Hogan Court","class":5,"surf":0,"highway":"unclassified"},"geometry":{"type":"LineString","coordinates":[[142.21106,-36.72721],[142.21111,-36.72787],[142.21162,-36.72795]]}},{"type":"Feature","properties":{"name":"Luker Street","class":5,"surf":0,"highway":"unclassified"},"geometry":{"type":"LineString","coordinates":[[142.17639,-36.71544],[142.17679,-36.71618]]}},{"type":"Feature","properties":{"name":"Three Bridges Road","class":3,"surf":0,"highway":"secondary"},"geometry":{"type":"LineString","coordinates":[[142.13553,-36.76209],[142.13555,-36.76283]]}},{"type":"Feature","properties":{"name":"Fultons Road","class":3,"surf":0,"highway":"secondary"},"geometry":{"type":"LineString","coordinates":[[142.13555,-36.76283],[142.13553,-36.76447]]}},{"type":"Feature","properties":{"name":"","class":5,"surf":0,"highway":"unclassified"},"geometry":{"type":"LineString","coordinates":[[142.13554,-36.76506],[142.13642,-36.76503],[142.13673,-36.76495],[142.13703,-36.76469]]}},{"type":"Feature","properties":{"name":"Rifle Butts Road","class":5,"surf":0,"highway":"unclassified"},"geometry":{"type":"LineString","coordinates":[[142.13165,-36.86139],[142.13416,-36.86168]]}},{"type":"Feature","properties":{"name":"Rifle Butts Road","class":5,"surf":0,"highway":"unclassified"},"geometry":{"type":"LineString","coordinates":[[142.12045,-36.86019],[142.1313,-36.86135]]}},{"type":"Feature","properties":{"name":"Rifle Butts Road","class":5,"surf":0,"highway":"unclassified"},"geometry":{"type":"LineString","coordinates":[[142.13147,-36.86137],[142.13165,-36.86139]]}},{"type":"Feature","properties":{"name":"Rifle Butts Road","class":5,"surf":0,"highway":"unclassified"},"geometry":{"type":"LineString","coordinates":[[142.1313,-36.86135],[142.13147,-36.86137]]}},{"type":"Feature","properties":{"name":"Plush Hannans Road","class":5,"surf":0,"highway":"unclassified"},"geometry":{"type":"LineString","coordinates":[[142.13848,-36.81123],[142.13881,-36.81119]]}},{"type":"Feature","properties":{"name":"Plush Hannans Road","class":5,"surf":0,"highway":"unclassified"},"geometry":{"type":"LineString","coordinates":[[142.13826,-36.81127],[142.13848,-36.81123]]}},{"type":"Feature","properties":{"name":"Henty Highway","class":1,"surf":0,"highway":"trunk","ref":"A200"},"geometry":{"type":"LineString","coordinates":[[142.17744,-36.77858],[142.17732,-36.77865]]}},{"type":"Feature","properties":{"name":"Henty Highway","class":1,"surf":0,"highway":"trunk","ref":"A200"},"geometry":{"type":"LineString","coordinates":[[142.17732,-36.77865],[142.17681,-36.77898]]}},{"type":"Feature","properties":{"name":"Henty Highway","class":1,"surf":0,"highway":"trunk","ref":"A200"},"geometry":{"type":"LineString","coordinates":[[142.17411,-36.7827],[142.17408,-36.78332]]}},{"type":"Feature","properties":{"name":"Polkemmet Road","class":3,"surf":0,"highway":"secondary"},"geometry":{"type":"LineString","coordinates":[[141.97802,-36.65394],[141.97778,-36.65408]]}},{"type":"Feature","properties":{"name":"Riverside Road","class":3,"surf":0,"highway":"secondary"},"geometry":{"type":"LineString","coordinates":[[142.23635,-36.69707],[142.23657,-36.69716]]}},{"type":"Feature","properties":{"name":"Drung-Jung Road","class":3,"surf":0,"highway":"secondary"},"geometry":{"type":"LineString","coordinates":[[142.32877,-36.72062],[142.32844,-36.72089]]}},{"type":"Feature","properties":{"name":"Wimmera Highway","class":1,"surf":0,"highway":"trunk","ref":"C240"},"geometry":{"type":"LineString","coordinates":[[142.00274,-36.734],[142.00323,-36.73413]]}},{"type":"Feature","properties":{"name":"Wimmera Highway","class":1,"surf":0,"highway":"trunk","ref":"C240"},"geometry":{"type":"LineString","coordinates":[[142.00323,-36.73413],[142.00373,-36.73423]]}},{"type":"Feature","properties":{"name":"Horsham-Lubeck Road","class":3,"surf":0,"highway":"secondary"},"geometry":{"type":"LineString","coordinates":[[142.46718,-36.74518],[142.46709,-36.74518]]}},{"type":"Feature","properties":{"name":"Horsham-Noradjuha Road","class":2,"surf":0,"highway":"primary","ref":"C214"},"geometry":{"type":"LineString","coordinates":[[142.11352,-36.75914],[142.1133,-36.75954]]}},{"type":"Feature","properties":{"name":"College Avenue","class":5,"surf":0,"highway":"unclassified"},"geometry":{"type":"LineString","coordinates":[[142.30594,-36.6696],[142.30601,-36.6696]]}},{"type":"Feature","properties":{"name":"Orchard Drive","class":5,"surf":0,"highway":"unclassified"},"geometry":{"type":"LineString","coordinates":[[142.30566,-36.66509],[142.30565,-36.66629]]}},{"type":"Feature","properties":{"name":"Lake Road","class":3,"surf":0,"highway":"secondary"},"geometry":{"type":"LineString","coordinates":[[141.94502,-36.73845],[141.94468,-36.7397],[141.94474,-36.74015]]}},{"type":"Feature","properties":{"name":"Front Drive","class":5,"surf":0,"highway":"unclassified"},"geometry":{"type":"LineString","coordinates":[[142.30323,-36.66753],[142.30313,-36.66727]]}},{"type":"Feature","properties":{"name":"Campus Drive","class":5,"surf":0,"highway":"unclassified"},"geometry":{"type":"LineString","coordinates":[[142.30328,-36.66708],[142.30363,-36.66708]]}},{"type":"Feature","properties":{"name":"Campus Drive","class":5,"surf":0,"highway":"unclassified"},"geometry":{"type":"LineString","coordinates":[[142.30283,-36.66708],[142.30319,-36.66708]]}},{"type":"Feature","properties":{"name":"Campus Drive","class":5,"surf":0,"highway":"unclassified"},"geometry":{"type":"LineString","coordinates":[[142.30319,-36.66708],[142.30328,-36.66708]]}},{"type":"Feature","properties":{"name":"Front Drive","class":5,"surf":0,"highway":"unclassified"},"geometry":{"type":"LineString","coordinates":[[142.30313,-36.66727],[142.30311,-36.66716],[142.30319,-36.66708]]}},{"type":"Feature","properties":{"name":"Campus Drive","class":5,"surf":0,"highway":"unclassified"},"geometry":{"type":"LineString","coordinates":[[142.30328,-36.66708],[142.30336,-36.66716],[142.30333,-36.66727]]}},{"type":"Feature","properties":{"name":"Campus Drive","class":5,"surf":0,"highway":"unclassified"},"geometry":{"type":"LineString","coordinates":[[142.30323,-36.66719],[142.30319,-36.66708]]}},{"type":"Feature","properties":{"name":"Campus Drive","class":5,"surf":0,"highway":"unclassified"},"geometry":{"type":"LineString","coordinates":[[142.30333,-36.66727],[142.30313,-36.66727]]}},{"type":"Feature","properties":{"name":"Front Drive","class":5,"surf":0,"highway":"unclassified"},"geometry":{"type":"LineString","coordinates":[[142.30323,-36.66719],[142.30313,-36.66727]]}},{"type":"Feature","properties":{"name":"Wawunna Road","class":4,"surf":0,"highway":"tertiary"},"geometry":{"type":"LineString","coordinates":[[142.19624,-36.70663],[142.19625,-36.70716]]}},{"type":"Feature","properties":{"name":"Centre Road","class":5,"surf":0,"highway":"unclassified"},"geometry":{"type":"LineString","coordinates":[[142.30236,-36.66628],[142.30402,-36.66629]]}},{"type":"Feature","properties":{"name":"Polkemmet Road","class":3,"surf":0,"highway":"secondary"},"geometry":{"type":"LineString","coordinates":[[141.97778,-36.65408],[141.97748,-36.65424]]}},{"type":"Feature","properties":{"name":"College Avenue","class":5,"surf":0,"highway":"unclassified"},"geometry":{"type":"LineString","coordinates":[[142.30322,-36.66965],[142.30568,-36.66961]]}},{"type":"Feature","properties":{"name":"College Avenue","class":5,"surf":0,"highway":"unclassified"},"geometry":{"type":"LineString","coordinates":[[142.30008,-36.66964],[142.30322,-36.66965]]}},{"type":"Feature","properties":{"name":"College Avenue","class":5,"surf":0,"highway":"unclassified"},"geometry":{"type":"LineString","coordinates":[[142.29997,-36.66964],[142.30008,-36.66964]]}},{"type":"Feature","properties":{"name":"Front Drive","class":5,"surf":0,"highway":"unclassified"},"geometry":{"type":"LineString","coordinates":[[142.30322,-36.66965],[142.30323,-36.66753]]}},{"type":"Feature","properties":{"name":"West Road","class":5,"surf":0,"highway":"unclassified"},"geometry":{"type":"LineString","coordinates":[[142.30008,-36.66964],[142.30009,-36.66728]]}},{"type":"Feature","properties":{"name":"","class":5,"surf":0,"highway":"unclassified"},"geometry":{"type":"LineString","coordinates":[[142.30009,-36.66728],[142.30047,-36.66727],[142.3007,-36.66713],[142.30087,-36.66714]]}},{"type":"Feature","properties":{"name":"Orchard Drive","class":5,"surf":0,"highway":"unclassified"},"geometry":{"type":"LineString","coordinates":[[142.30566,-36.66706],[142.30568,-36.66961]]}},{"type":"Feature","properties":{"name":"Poultry Crescent","class":5,"surf":0,"highway":"unclassified"},"geometry":{"type":"LineString","coordinates":[[142.30566,-36.66706],[142.30769,-36.66706]]}},{"type":"Feature","properties":{"name":"Campus Drive","class":5,"surf":0,"highway":"unclassified"},"geometry":{"type":"LineString","coordinates":[[142.30501,-36.66707],[142.30566,-36.66706]]}},{"type":"Feature","properties":{"name":"Campus Drive","class":5,"surf":0,"highway":"unclassified"},"geometry":{"type":"LineString","coordinates":[[142.30237,-36.66709],[142.30283,-36.66708]]}},{"type":"Feature","properties":{"name":"Campus Drive","class":5,"surf":0,"highway":"unclassified"},"geometry":{"type":"LineString","coordinates":[[142.3012,-36.6671],[142.30237,-36.66709]]}},{"type":"Feature","properties":{"name":"","class":5,"surf":0,"highway":"unclassified"},"geometry":{"type":"LineString","coordinates":[[142.30496,-36.66629],[142.30501,-36.66707]]}},{"type":"Feature","properties":{"name":"Centre Road","class":5,"surf":0,"highway":"unclassified"},"geometry":{"type":"LineString","coordinates":[[142.30496,-36.66629],[142.30565,-36.66629]]}},{"type":"Feature","properties":{"name":"Centre Road","class":5,"surf":0,"highway":"unclassified"},"geometry":{"type":"LineString","coordinates":[[142.30476,-36.66629],[142.30496,-36.66629]]}},{"type":"Feature","properties":{"name":"Centre Road","class":5,"surf":0,"highway":"unclassified"},"geometry":{"type":"LineString","coordinates":[[142.30019,-36.66631],[142.30236,-36.66628]]}},{"type":"Feature","properties":{"name":"Centre Road","class":5,"surf":0,"highway":"unclassified"},"geometry":{"type":"LineString","coordinates":[[142.30402,-36.66629],[142.30476,-36.66629]]}},{"type":"Feature","properties":{"name":"Farm Road","class":5,"surf":0,"highway":"unclassified"},"geometry":{"type":"LineString","coordinates":[[142.30402,-36.66629],[142.30452,-36.66546]]}},{"type":"Feature","properties":{"name":"Farm Road","class":5,"surf":0,"highway":"unclassified"},"geometry":{"type":"LineString","coordinates":[[142.30452,-36.66546],[142.30462,-36.66515],[142.30457,-36.6646]]}},{"type":"Feature","properties":{"name":"","class":5,"surf":0,"highway":"unclassified"},"geometry":{"type":"LineString","coordinates":[[142.30645,-36.66455],[142.30647,-36.66503],[142.30566,-36.66509]]}},{"type":"Feature","properties":{"name":"Farm Road","class":5,"surf":0,"highway":"unclassified"},"geometry":{"type":"LineString","coordinates":[[142.30645,-36.66455],[142.30652,-36.66455]]}},{"type":"Feature","properties":{"name":"Farm Road","class":5,"surf":0,"highway":"unclassified"},"geometry":{"type":"LineString","coordinates":[[142.30457,-36.6646],[142.30547,-36.66456]]}},{"type":"Feature","properties":{"name":"Farm Road","class":5,"surf":0,"highway":"unclassified"},"geometry":{"type":"LineString","coordinates":[[142.30547,-36.66456],[142.30645,-36.66455]]}},{"type":"Feature","properties":{"name":"Orchard Drive","class":5,"surf":0,"highway":"unclassified"},"geometry":{"type":"LineString","coordinates":[[142.30539,-36.66393],[142.30538,-36.66446],[142.30547,-36.66456]]}},{"type":"Feature","properties":{"name":"","class":5,"surf":0,"highway":"unclassified"},"geometry":{"type":"LineString","coordinates":[[142.30539,-36.66393],[142.30721,-36.66393]]}},{"type":"Feature","properties":{"name":"","class":5,"surf":0,"highway":"unclassified"},"geometry":{"type":"LineString","coordinates":[[142.30405,-36.66338],[142.3041,-36.66375],[142.30452,-36.66384],[142.30457,-36.6646]]}},{"type":"Feature","properties":{"name":"Williams Road","class":2,"surf":0,"highway":"primary","ref":"C215"},"geometry":{"type":"LineString","coordinates":[[142.21846,-36.7262],[142.21867,-36.7262]]}},{"type":"Feature","properties":{"name":"Tuckers Road","class":5,"surf":0,"highway":"unclassified"},"geometry":{"type":"LineString","coordinates":[[142.31673,-36.6632],[142.3054,-36.66328]]}},{"type":"Feature","properties":{"name":"Wimmera Highway","class":1,"surf":0,"highway":"trunk","ref":"C240"},"geometry":{"type":"LineString","coordinates":[[141.93364,-36.74487],[141.93446,-36.74469]]}},{"type":"Feature","properties":{"name":"","class":5,"surf":0,"highway":"unclassified"},"geometry":{"type":"LineString","coordinates":[[142.30027,-36.66339],[142.30029,-36.66596],[142.30019,-36.6662]]}},{"type":"Feature","properties":{"name":"Freds Road","class":5,"surf":0,"highway":"unclassified"},"geometry":{"type":"LineString","coordinates":[[142.27829,-36.67064],[142.27822,-36.67051],[142.27818,-36.66341]]}},{"type":"Feature","properties":{"name":"College Avenue","class":5,"surf":0,"highway":"unclassified"},"geometry":{"type":"LineString","coordinates":[[142.27805,-36.67096],[142.27829,-36.67064]]}},{"type":"Feature","properties":{"name":"Tuckers Road","class":5,"surf":0,"highway":"unclassified"},"geometry":{"type":"LineString","coordinates":[[142.30027,-36.6633],[142.27818,-36.66341]]}},{"type":"Feature","properties":{"name":"Tuckers Road","class":5,"surf":0,"highway":"unclassified"},"geometry":{"type":"LineString","coordinates":[[142.30405,-36.66329],[142.30027,-36.6633]]}},{"type":"Feature","properties":{"name":"Tuckers Road","class":5,"surf":0,"highway":"unclassified"},"geometry":{"type":"LineString","coordinates":[[142.32137,-36.65901],[142.31695,-36.65897],[142.31685,-36.65906],[142.31682,-36.66312],[142.31673,-36.6632]]}},{"type":"Feature","properties":{"name":"Williams Road","class":2,"surf":0,"highway":"primary","ref":"C215"},"geometry":{"type":"LineString","coordinates":[[142.21616,-36.72617],[142.21637,-36.72618]]}},{"type":"Feature","properties":{"name":"Front Drive","class":5,"surf":0,"highway":"unclassified"},"geometry":{"type":"LineString","coordinates":[[142.30333,-36.66727],[142.30323,-36.66753]]}},{"type":"Feature","properties":{"name":"","class":5,"surf":0,"highway":"unclassified"},"geometry":{"type":"LineString","coordinates":[[142.30087,-36.66714],[142.30096,-36.66757]]}},{"type":"Feature","properties":{"name":"Orchard Drive","class":5,"surf":0,"highway":"unclassified"},"geometry":{"type":"LineString","coordinates":[[142.30565,-36.66629],[142.30566,-36.66706]]}},{"type":"Feature","properties":{"name":"Mt Arapiles Summit Road","class":3,"surf":0,"highway":"secondary"},"geometry":{"type":"LineString","coordinates":[[141.8478,-36.77378],[141.84855,-36.77373]]}},{"type":"Feature","properties":{"name":"Natimuk-Frances Road","class":2,"surf":0,"highway":"primary","ref":"C213"},"geometry":{"type":"LineString","coordinates":[[141.83231,-36.73883],[141.83651,-36.74098],[141.83878,-36.74204]]}},{"type":"Feature","properties":{"name":"Natimuk-Frances Road","class":2,"surf":0,"highway":"primary","ref":"C213"},"geometry":{"type":"LineString","coordinates":[[141.83878,-36.74204],[141.84203,-36.74353]]}},{"type":"Feature","properties":{"name":"Natimuk-Frances Road","class":2,"surf":0,"highway":"primary","ref":"C213"},"geometry":{"type":"LineString","coordinates":[[141.8232,-36.73455],[141.83089,-36.73815]]}},{"type":"Feature","properties":{"name":"Natimuk-Frances Road","class":2,"surf":0,"highway":"primary","ref":"C213"},"geometry":{"type":"LineString","coordinates":[[141.81929,-36.73273],[141.81944,-36.7328]]}},{"type":"Feature","properties":{"name":"Natimuk-Frances Road","class":2,"surf":0,"highway":"primary","ref":"C213"},"geometry":{"type":"LineString","coordinates":[[141.81944,-36.7328],[141.8232,-36.73455]]}},{"type":"Feature","properties":{"name":"Natimuk-Frances Road","class":2,"surf":0,"highway":"primary","ref":"C213"},"geometry":{"type":"LineString","coordinates":[[141.80139,-36.73009],[141.81377,-36.73131]]}},{"type":"Feature","properties":{"name":"Henty Highway","class":1,"surf":0,"highway":"trunk","ref":"A200"},"geometry":{"type":"LineString","coordinates":[[142.18668,-37.11198],[142.18636,-37.11166]]}},{"type":"Feature","properties":{"name":"Karingal Crescent","class":5,"surf":0,"highway":"unclassified"},"geometry":{"type":"LineString","coordinates":[[142.18048,-36.71307],[142.18069,-36.71376]]}},{"type":"Feature","properties":{"name":"Morson Street","class":5,"surf":0,"highway":"unclassified"},"geometry":{"type":"LineString","coordinates":[[142.18523,-36.71307],[142.18523,-36.71433]]}},{"type":"Feature","properties":{"name":"Morson Street","class":5,"surf":0,"highway":"unclassified"},"geometry":{"type":"LineString","coordinates":[[142.18523,-36.71433],[142.18523,-36.71481]]}},{"type":"Feature","properties":{"name":"Carter Street","class":5,"surf":0,"highway":"unclassified"},"geometry":{"type":"LineString","coordinates":[[142.18615,-36.71367],[142.18615,-36.71425]]}},{"type":"Feature","properties":{"name":"Horsham-Lubeck Road","class":2,"surf":0,"highway":"primary","ref":"C215"},"geometry":{"type":"LineString","coordinates":[[142.32193,-36.73056],[142.32193,-36.73064]]}},{"type":"Feature","properties":{"name":"Horsham-Lubeck Road","class":2,"surf":0,"highway":"primary","ref":"C215"},"geometry":{"type":"LineString","coordinates":[[142.32193,-36.73064],[142.32193,-36.73117]]}},{"type":"Feature","properties":{"name":"Golton Road","class":5,"surf":0,"highway":"unclassified"},"geometry":{"type":"LineString","coordinates":[[142.44963,-36.80736],[142.44963,-36.80746]]}},{"type":"Feature","properties":{"name":"Golton Road","class":5,"surf":0,"highway":"unclassified"},"geometry":{"type":"LineString","coordinates":[[142.44964,-36.79688],[142.44963,-36.80736]]}},{"type":"Feature","properties":{"name":"Riverside Road","class":3,"surf":0,"highway":"secondary"},"geometry":{"type":"LineString","coordinates":[[142.22833,-36.69677],[142.22846,-36.69677]]}},{"type":"Feature","properties":{"name":"Rogersons Road","class":5,"surf":0,"highway":"unclassified"},"geometry":{"type":"LineString","coordinates":[[142.24632,-36.70373],[142.24473,-36.70373]]}},{"type":"Feature","properties":{"name":"Baillie Street","class":4,"surf":0,"highway":"tertiary"},"geometry":{"type":"LineString","coordinates":[[142.18022,-36.71221],[142.18031,-36.71218]]}},{"type":"Feature","properties":{"name":"Wimmera Highway","class":1,"surf":0,"highway":"trunk","ref":"B240"},"geometry":{"type":"LineString","coordinates":[[142.3727,-36.62105],[142.37288,-36.62105]]}},{"type":"Feature","properties":{"name":"Forsyth Avenue","class":5,"surf":0,"highway":"unclassified"},"geometry":{"type":"LineString","coordinates":[[142.21111,-36.7025],[142.21136,-36.70276]]}},{"type":"Feature","properties":{"name":"Forsyth Avenue","class":5,"surf":0,"highway":"unclassified"},"geometry":{"type":"LineString","coordinates":[[142.21136,-36.70276],[142.21173,-36.70312]]}},{"type":"Feature","properties":{"name":"Houston Street","class":5,"surf":0,"highway":"unclassified"},"geometry":{"type":"LineString","coordinates":[[142.18925,-36.70265],[142.1893,-36.70294],[142.1895,-36.70325],[142.18952,-36.70464]]}},{"type":"Feature","properties":{"name":"Baillie Street","class":4,"surf":0,"highway":"tertiary"},"geometry":{"type":"LineString","coordinates":[[142.1826,-36.71176],[142.18312,-36.71176]]}},{"type":"Feature","properties":{"name":"Hamilton Street","class":4,"surf":0,"highway":"tertiary"},"geometry":{"type":"LineString","coordinates":[[142.20884,-36.71777],[142.2089,-36.71777]]}},{"type":"Feature","properties":{"name":"Hamilton Street","class":4,"surf":0,"highway":"tertiary"},"geometry":{"type":"LineString","coordinates":[[142.2089,-36.71777],[142.20987,-36.71777]]}},{"type":"Feature","properties":{"name":"Hamilton Street","class":4,"surf":0,"highway":"tertiary"},"geometry":{"type":"LineString","coordinates":[[142.20737,-36.71778],[142.20799,-36.71778]]}},{"type":"Feature","properties":{"name":"Hamilton Street","class":4,"surf":0,"highway":"tertiary"},"geometry":{"type":"LineString","coordinates":[[142.20799,-36.71778],[142.20884,-36.71777]]}},{"type":"Feature","properties":{"name":"Campus Drive","class":5,"surf":0,"highway":"unclassified"},"geometry":{"type":"LineString","coordinates":[[142.30328,-36.66708],[142.30323,-36.66719]]}},{"type":"Feature","properties":{"name":"East Lane","class":5,"surf":0,"highway":"unclassified"},"geometry":{"type":"LineString","coordinates":[[142.30452,-36.66546],[142.30476,-36.6656],[142.30476,-36.66629]]}},{"type":"Feature","properties":{"name":"Darlot Street","class":5,"surf":0,"highway":"unclassified"},"geometry":{"type":"LineString","coordinates":[[142.19712,-36.71183],[142.19712,-36.71248]]}},{"type":"Feature","properties":{"name":"Wilson Street","class":1,"surf":0,"highway":"trunk","ref":"C240"},"geometry":{"type":"LineString","coordinates":[[142.19323,-36.71666],[142.19482,-36.71665]]}},{"type":"Feature","properties":{"name":"Park Drive","class":5,"surf":0,"highway":"unclassified"},"geometry":{"type":"LineString","coordinates":[[142.19323,-36.71573],[142.19323,-36.71666]]}},{"type":"Feature","properties":{"name":"","class":5,"surf":0,"highway":"unclassified"},"geometry":{"type":"LineString","coordinates":[[142.19323,-36.71573],[142.19388,-36.7157],[142.194,-36.71564],[142.19448,-36.7147]]}},{"type":"Feature","properties":{"name":"Baillie Street","class":4,"surf":0,"highway":"tertiary"},"geometry":{"type":"LineString","coordinates":[[142.19712,-36.71183],[142.19866,-36.71179],[142.19885,-36.71172]]}},{"type":"Feature","properties":{"name":"Dimboola Road","class":1,"surf":0,"highway":"trunk","ref":"A8"},"geometry":{"type":"LineString","coordinates":[[142.19847,-36.71151],[142.19885,-36.71172]]}},{"type":"Feature","properties":{"name":"","class":5,"surf":0,"highway":"unclassified"},"geometry":{"type":"LineString","coordinates":[[142.21724,-36.70778],[142.21707,-36.70854]]}},{"type":"Feature","properties":{"name":"","class":5,"surf":0,"highway":"unclassified"},"geometry":{"type":"LineString","coordinates":[[142.21707,-36.70854],[142.21729,-36.70857]]}},{"type":"Feature","properties":{"name":"","class":5,"surf":0,"highway":"unclassified"},"geometry":{"type":"LineString","coordinates":[[142.21707,-36.70854],[142.21696,-36.70902]]}},{"type":"Feature","properties":{"name":"Glenister Place","class":5,"surf":0,"highway":"unclassified"},"geometry":{"type":"LineString","coordinates":[[142.21255,-36.70243],[142.21256,-36.70343]]}},{"type":"Feature","properties":{"name":"Cameron Road N","class":5,"surf":0,"highway":"unclassified"},"geometry":{"type":"LineString","coordinates":[[142.22329,-36.69709],[142.22343,-36.69743],[142.22344,-36.70436]]}},{"type":"Feature","properties":{"name":"Young Street","class":5,"surf":0,"highway":"unclassified"},"geometry":{"type":"LineString","coordinates":[[142.21106,-36.72721],[142.21214,-36.72722]]}},{"type":"Feature","properties":{"name":"Grahams Bridge Road","class":3,"surf":0,"highway":"secondary"},"geometry":{"type":"LineString","coordinates":[[142.21249,-36.74083],[142.21249,-36.74398]]}},{"type":"Feature","properties":{"name":"Albert Street","class":4,"surf":0,"highway":"tertiary"},"geometry":{"type":"LineString","coordinates":[[142.20504,-36.70252],[142.20507,-36.70343]]}},{"type":"Feature","properties":{"name":"Osborne Road","class":5,"surf":0,"highway":"unclassified"},"geometry":{"type":"LineString","coordinates":[[142.20557,-36.74085],[142.21249,-36.74083]]}},{"type":"Feature","properties":{"name":"Hunts Road","class":3,"surf":0,"highway":"secondary"},"geometry":{"type":"LineString","coordinates":[[142.19668,-36.75269],[142.19788,-36.75295],[142.2018,-36.75296]]}},{"type":"Feature","properties":{"name":"Old Hamilton Road","class":3,"surf":0,"highway":"secondary"},"geometry":{"type":"LineString","coordinates":[[142.20557,-36.74085],[142.20559,-36.74122]]}},{"type":"Feature","properties":{"name":"Hamilton Road","class":3,"surf":0,"highway":"secondary"},"geometry":{"type":"LineString","coordinates":[[142.20544,-36.73876],[142.20559,-36.73897],[142.20557,-36.74085]]}},{"type":"Feature","properties":{"name":"Derry Parade","class":5,"surf":0,"highway":"unclassified"},"geometry":{"type":"LineString","coordinates":[[142.21023,-36.733],[142.21388,-36.73303]]}},{"type":"Feature","properties":{"name":"Burnlea Drive","class":5,"surf":0,"highway":"unclassified"},"geometry":{"type":"LineString","coordinates":[[142.20866,-36.73111],[142.209,-36.73086],[142.20917,-36.73025],[142.2093,-36.73002],[142.20959,-36.72987],[142.21025,-36.7298]]}},{"type":"Feature","properties":{"name":"Albert Street","class":4,"surf":0,"highway":"tertiary"},"geometry":{"type":"LineString","coordinates":[[142.20507,-36.70343],[142.20509,-36.70422]]}},{"type":"Feature","properties":{"name":"Bradshaw Street","class":5,"surf":0,"highway":"unclassified"},"geometry":{"type":"LineString","coordinates":[[142.20352,-36.72419],[142.20354,-36.72476]]}},{"type":"Feature","properties":{"name":"River Road","class":5,"surf":0,"highway":"unclassified"},"geometry":{"type":"LineString","coordinates":[[142.20228,-36.72386],[142.20235,-36.72542]]}},{"type":"Feature","properties":{"name":"River Road","class":5,"surf":0,"highway":"unclassified"},"geometry":{"type":"LineString","coordinates":[[142.20235,-36.72542],[142.20239,-36.72615]]}},{"type":"Feature","properties":{"name":"Major Mitchell Drive","class":5,"surf":0,"highway":"unclassified"},"geometry":{"type":"LineString","coordinates":[[142.20184,-36.72392],[142.20214,-36.72381],[142.20228,-36.72386]]}},{"type":"Feature","properties":{"name":"Ashwin Close","class":5,"surf":0,"highway":"unclassified"},"geometry":{"type":"LineString","coordinates":[[142.19434,-36.71866],[142.19466,-36.71891]]}},{"type":"Feature","properties":{"name":"Ashwin Close","class":5,"surf":0,"highway":"unclassified"},"geometry":{"type":"LineString","coordinates":[[142.19445,-36.71838],[142.19447,-36.71847],[142.19434,-36.71866]]}},{"type":"Feature","properties":{"name":"McPherson Street","class":1,"surf":0,"highway":"trunk","ref":"A8"},"geometry":{"type":"LineString","coordinates":[[142.20497,-36.71878],[142.20498,-36.71966]]}},{"type":"Feature","properties":{"name":"McBryde Street","class":5,"surf":0,"highway":"unclassified"},"geometry":{"type":"LineString","coordinates":[[142.20498,-36.71966],[142.20518,-36.71955]]}},{"type":"Feature","properties":{"name":"Plant Avenue","class":5,"surf":0,"highway":"unclassified"},"geometry":{"type":"LineString","coordinates":[[142.20534,-36.72445],[142.20693,-36.72442]]}},{"type":"Feature","properties":{"name":"Stawell Road","class":5,"surf":0,"highway":"unclassified"},"geometry":{"type":"LineString","coordinates":[[142.20547,-36.72624],[142.20554,-36.73004]]}},{"type":"Feature","properties":{"name":"Stawell Road","class":5,"surf":0,"highway":"unclassified"},"geometry":{"type":"LineString","coordinates":[[142.2049,-36.72622],[142.20497,-36.72785]]}},{"type":"Feature","properties":{"name":"Forsyth Avenue","class":5,"surf":0,"highway":"unclassified"},"geometry":{"type":"LineString","coordinates":[[142.21256,-36.70343],[142.213,-36.70344]]}},{"type":"Feature","properties":{"name":"Stawell Road","class":5,"surf":0,"highway":"unclassified"},"geometry":{"type":"LineString","coordinates":[[142.20488,-36.72583],[142.20482,-36.72608]]}},{"type":"Feature","properties":{"name":"Vine Avenue","class":5,"surf":0,"highway":"unclassified"},"geometry":{"type":"LineString","coordinates":[[142.21025,-36.7298],[142.21028,-36.73287],[142.21023,-36.733]]}},{"type":"Feature","properties":{"name":"Peach Avenue","class":5,"surf":0,"highway":"unclassified"},"geometry":{"type":"LineString","coordinates":[[142.21015,-36.73573],[142.20919,-36.73644]]}},{"type":"Feature","properties":{"name":"Baillie Street","class":4,"surf":0,"highway":"tertiary"},"geometry":{"type":"LineString","coordinates":[[142.18649,-36.71177],[142.18753,-36.71177],[142.18784,-36.71188]]}},{"type":"Feature","properties":{"name":"Baillie Street","class":4,"surf":0,"highway":"tertiary"},"geometry":{"type":"LineString","coordinates":[[142.18815,-36.71176],[142.18784,-36.71188]]}},{"type":"Feature","properties":{"name":"Horsham-Wal Wal Road","class":3,"surf":0,"highway":"secondary"},"geometry":{"type":"LineString","coordinates":[[142.44761,-36.81159],[142.4474,-36.81159]]}},{"type":"Feature","properties":{"name":"Golton Road","class":5,"surf":0,"highway":"unclassified"},"geometry":{"type":"LineString","coordinates":[[142.44964,-36.79677],[142.44964,-36.79688]]}},{"type":"Feature","properties":{"name":"Dimboola Road","class":1,"surf":0,"highway":"trunk","ref":"A8"},"geometry":{"type":"LineString","coordinates":[[142.18984,-36.70739],[142.19168,-36.70823]]}},{"type":"Feature","properties":{"name":"Henty Highway","class":1,"surf":0,"highway":"trunk","ref":"B200"},"geometry":{"type":"LineString","coordinates":[[142.23447,-36.68237],[142.23281,-36.68454]]}},{"type":"Feature","properties":{"name":"Carine Street","class":5,"surf":0,"highway":"unclassified"},"geometry":{"type":"LineString","coordinates":[[142.18652,-36.7355],[142.18732,-36.7355]]}},{"type":"Feature","properties":{"name":"Remlaw Road","class":5,"surf":0,"highway":"unclassified"},"geometry":{"type":"LineString","coordinates":[[142.18478,-36.70947],[142.18521,-36.70934]]}},{"type":"Feature","properties":{"name":"","class":5,"surf":0,"highway":"unclassified"},"geometry":{"type":"LineString","coordinates":[[142.20216,-36.70798],[142.2022,-36.7087]]}},{"type":"Feature","properties":{"name":"Palk Street","class":5,"surf":0,"highway":"unclassified"},"geometry":{"type":"LineString","coordinates":[[142.20318,-36.70807],[142.20489,-36.70805]]}},{"type":"Feature","properties":{"name":"Urquhart Street","class":3,"surf":0,"highway":"secondary","ref":"C231"},"geometry":{"type":"LineString","coordinates":[[142.20234,-36.70771],[142.20234,-36.70784]]}},{"type":"Feature","properties":{"name":"Urquhart Street","class":3,"surf":0,"highway":"secondary","ref":"C231"},"geometry":{"type":"LineString","coordinates":[[142.20234,-36.70784],[142.20234,-36.70797]]}},{"type":"Feature","properties":{"name":"Kalkee Road","class":3,"surf":0,"highway":"secondary","ref":"C231"},"geometry":{"type":"LineString","coordinates":[[142.20173,-36.70681],[142.20193,-36.70694]]}},{"type":"Feature","properties":{"name":"Mill Street","class":5,"surf":0,"highway":"unclassified"},"geometry":{"type":"LineString","coordinates":[[142.20064,-36.70662],[142.20082,-36.70655],[142.20108,-36.70623]]}},{"type":"Feature","properties":{"name":"Remlaw Bus Loop","class":5,"surf":0,"highway":"unclassified"},"geometry":{"type":"LineString","coordinates":[[142.18647,-36.70896],[142.18635,-36.70917],[142.18511,-36.70955],[142.18478,-36.70947]]}},{"type":"Feature","properties":{"name":"Remlaw Road","class":5,"surf":0,"highway":"unclassified"},"geometry":{"type":"LineString","coordinates":[[142.18521,-36.70934],[142.18647,-36.70896]]}},{"type":"Feature","properties":{"name":"Andrew Street","class":5,"surf":0,"highway":"unclassified"},"geometry":{"type":"LineString","coordinates":[[142.1985,-36.71072],[142.20053,-36.7107]]}},{"type":"Feature","properties":{"name":"David Street","class":5,"surf":0,"highway":"unclassified"},"geometry":{"type":"LineString","coordinates":[[142.1985,-36.71072],[142.19847,-36.71151]]}},{"type":"Feature","properties":{"name":"David Street","class":5,"surf":0,"highway":"unclassified"},"geometry":{"type":"LineString","coordinates":[[142.19849,-36.71041],[142.1985,-36.71072]]}},{"type":"Feature","properties":{"name":"Henry Street","class":5,"surf":0,"highway":"unclassified"},"geometry":{"type":"LineString","coordinates":[[142.19626,-36.70974],[142.1985,-36.70972]]}},{"type":"Feature","properties":{"name":"Kalkee Road","class":3,"surf":0,"highway":"secondary","ref":"C231"},"geometry":{"type":"LineString","coordinates":[[142.20092,-36.70533],[142.20094,-36.70584],[142.20108,-36.70623]]}},{"type":"Feature","properties":{"name":"Mill Street","class":5,"surf":0,"highway":"unclassified"},"geometry":{"type":"LineString","coordinates":[[142.19624,-36.70663],[142.20064,-36.70662]]}},{"type":"Feature","properties":{"name":"Kalkee Road","class":3,"surf":0,"highway":"secondary","ref":"C231"},"geometry":{"type":"LineString","coordinates":[[142.20122,-36.7064],[142.20173,-36.70681]]}},{"type":"Feature","properties":{"name":"David Street","class":5,"surf":0,"highway":"unclassified"},"geometry":{"type":"LineString","coordinates":[[142.19849,-36.70881],[142.1985,-36.70972]]}},{"type":"Feature","properties":{"name":"John Street","class":5,"surf":0,"highway":"unclassified"},"geometry":{"type":"LineString","coordinates":[[142.19625,-36.70882],[142.19849,-36.70881]]}},{"type":"Feature","properties":{"name":"John Street","class":5,"surf":0,"highway":"unclassified"},"geometry":{"type":"LineString","coordinates":[[142.19849,-36.70881],[142.20021,-36.70881],[142.20086,-36.70874]]}},{"type":"Feature","properties":{"name":"David Street","class":5,"surf":0,"highway":"unclassified"},"geometry":{"type":"LineString","coordinates":[[142.19851,-36.70791],[142.19849,-36.70881]]}},{"type":"Feature","properties":{"name":"Wawunna Road","class":4,"surf":0,"highway":"tertiary"},"geometry":{"type":"LineString","coordinates":[[142.19624,-36.70795],[142.19625,-36.7082]]}},{"type":"Feature","properties":{"name":"Railway Avenue","class":5,"surf":0,"highway":"unclassified"},"geometry":{"type":"LineString","coordinates":[[142.19624,-36.70795],[142.19851,-36.70791]]}},{"type":"Feature","properties":{"name":"McPherson Street","class":5,"surf":0,"highway":"unclassified"},"geometry":{"type":"LineString","coordinates":[[142.20488,-36.70778],[142.20489,-36.70805]]}},{"type":"Feature","properties":{"name":"Palk Street","class":5,"surf":0,"highway":"unclassified"},"geometry":{"type":"LineString","coordinates":[[142.20489,-36.70805],[142.208,-36.70803]]}},{"type":"Feature","properties":{"name":"McPherson Street","class":5,"surf":0,"highway":"unclassified"},"geometry":{"type":"LineString","coordinates":[[142.20489,-36.70805],[142.20489,-36.70869]]}},{"type":"Feature","properties":{"name":"Natimuk Road","class":1,"surf":0,"highway":"trunk","ref":"C240"},"geometry":{"type":"LineString","coordinates":[[142.18277,-36.72044],[142.18522,-36.71951]]}},{"type":"Feature","properties":{"name":"Remlaw Road","class":5,"surf":0,"highway":"unclassified"},"geometry":{"type":"LineString","coordinates":[[142.18394,-36.70973],[142.18478,-36.70947]]}},{"type":"Feature","properties":{"name":"Natimuk Road","class":5,"surf":0,"highway":"unclassified"},"geometry":{"type":"LineString","coordinates":[[142.17662,-36.72236],[142.1777,-36.72195]]}},{"type":"Feature","properties":{"name":"Banool Street","class":5,"surf":0,"highway":"unclassified"},"geometry":{"type":"LineString","coordinates":[[142.1777,-36.72195],[142.17788,-36.72224]]}},{"type":"Feature","properties":{"name":"Kooyong Street","class":5,"surf":0,"highway":"unclassified"},"geometry":{"type":"LineString","coordinates":[[142.17939,-36.72024],[142.17989,-36.72114]]}},{"type":"Feature","properties":{"name":"Pearl Street","class":5,"surf":0,"highway":"unclassified"},"geometry":{"type":"LineString","coordinates":[[142.18354,-36.71756],[142.18381,-36.71745],[142.18428,-36.71744]]}},{"type":"Feature","properties":{"name":"","class":5,"surf":0,"highway":"unclassified"},"geometry":{"type":"LineString","coordinates":[[142.16869,-36.68252],[142.18696,-36.68243]]}},{"type":"Feature","properties":{"name":"Plumpton Road","class":5,"surf":0,"highway":"unclassified"},"geometry":{"type":"LineString","coordinates":[[142.18649,-36.73341],[142.18732,-36.73341]]}},{"type":"Feature","properties":{"name":"Golf Course Road","class":3,"surf":0,"highway":"secondary"},"geometry":{"type":"LineString","coordinates":[[142.18059,-36.7456],[142.18086,-36.74521],[142.18176,-36.74433],[142.18539,-36.74141],[142.18587,-36.74117]]}},{"type":"Feature","properties":{"name":"Kenny Road","class":5,"surf":0,"highway":"unclassified"},"geometry":{"type":"LineString","coordinates":[[142.18549,-36.74091],[142.18587,-36.74117]]}},{"type":"Feature","properties":{"name":"Golf Course Road","class":3,"surf":0,"highway":"secondary"},"geometry":{"type":"LineString","coordinates":[[142.18587,-36.74117],[142.187,-36.7409]]}},{"type":"Feature","properties":{"name":"Golf Course Road","class":5,"surf":0,"highway":"unclassified"},"geometry":{"type":"LineString","coordinates":[[142.18738,-36.74084],[142.18774,-36.7408]]}},{"type":"Feature","properties":{"name":"Golf Course Road","class":5,"surf":0,"highway":"unclassified"},"geometry":{"type":"LineString","coordinates":[[142.187,-36.7409],[142.18738,-36.74084]]}},{"type":"Feature","properties":{"name":"Ballinger Street","class":5,"surf":0,"highway":"unclassified"},"geometry":{"type":"LineString","coordinates":[[142.18735,-36.73931],[142.18738,-36.74084]]}},{"type":"Feature","properties":{"name":"Golf Course Road","class":5,"surf":0,"highway":"unclassified"},"geometry":{"type":"LineString","coordinates":[[142.18774,-36.7408],[142.18889,-36.74047]]}},{"type":"Feature","properties":{"name":"Turnbull Drive","class":5,"surf":0,"highway":"unclassified"},"geometry":{"type":"LineString","coordinates":[[142.19427,-36.73819],[142.1949,-36.73906],[142.19558,-36.73974]]}},{"type":"Feature","properties":{"name":"Golf Course Road","class":5,"surf":0,"highway":"unclassified"},"geometry":{"type":"LineString","coordinates":[[142.19427,-36.73819],[142.19503,-36.73785]]}},{"type":"Feature","properties":{"name":"Golf Course Road","class":5,"surf":0,"highway":"unclassified"},"geometry":{"type":"LineString","coordinates":[[142.19503,-36.73785],[142.19918,-36.73609]]}},{"type":"Feature","properties":{"name":"Kendal Drive","class":5,"surf":0,"highway":"unclassified"},"geometry":{"type":"LineString","coordinates":[[142.2013,-36.7352],[142.20201,-36.7363],[142.20214,-36.73662],[142.20216,-36.73697],[142.20204,-36.7373],[142.20182,-36.73759],[142.20111,-36.73797]]}},{"type":"Feature","properties":{"name":"Golf Course Road","class":5,"surf":0,"highway":"unclassified"},"geometry":{"type":"LineString","coordinates":[[142.19918,-36.73609],[142.2013,-36.7352]]}},{"type":"Feature","properties":{"name":"Golf Course Road","class":5,"surf":0,"highway":"unclassified"},"geometry":{"type":"LineString","coordinates":[[142.2013,-36.7352],[142.20502,-36.73364]]}},{"type":"Feature","properties":{"name":"Remlaw Road","class":5,"surf":0,"highway":"unclassified"},"geometry":{"type":"LineString","coordinates":[[142.16885,-36.71343],[142.17009,-36.7134],[142.17133,-36.71328],[142.17255,-36.71308],[142.17375,-36.7128],[142.17859,-36.71134]]}},{"type":"Feature","properties":{"name":"Remlaw Road","class":5,"surf":0,"highway":"unclassified"},"geometry":{"type":"LineString","coordinates":[[142.17859,-36.71134],[142.18394,-36.70973]]}},{"type":"Feature","properties":{"name":"Wicklow Drive","class":5,"surf":0,"highway":"unclassified"},"geometry":{"type":"LineString","coordinates":[[142.18707,-36.70174],[142.18588,-36.70175]]}},{"type":"Feature","properties":{"name":"Florence Street","class":5,"surf":0,"highway":"unclassified"},"geometry":{"type":"LineString","coordinates":[[142.18707,-36.70174],[142.18708,-36.70265]]}},{"type":"Feature","properties":{"name":"Major Mitchell Drive","class":5,"surf":0,"highway":"unclassified"},"geometry":{"type":"LineString","coordinates":[[142.20228,-36.72386],[142.20352,-36.72419]]}},{"type":"Feature","properties":{"name":"Wimmera Highway","class":1,"surf":0,"highway":"trunk","ref":"C240"},"geometry":{"type":"LineString","coordinates":[[141.99961,-36.73334],[142.00052,-36.73348],[142.00203,-36.73383]]}},{"type":"Feature","properties":{"name":"Western Highway","class":1,"surf":0,"highway":"trunk","ref":"A8"},"geometry":{"type":"LineString","coordinates":[[142.22973,-36.75032],[142.23069,-36.75083]]}},{"type":"Feature","properties":{"name":"Henty Highway","class":1,"surf":0,"highway":"trunk","ref":"A200"},"geometry":{"type":"LineString","coordinates":[[142.20035,-36.74673],[142.19903,-36.7487]]}},{"type":"Feature","properties":{"name":"Trinity Drive","class":5,"surf":0,"highway":"unclassified"},"geometry":{"type":"LineString","coordinates":[[142.21696,-36.70902],[142.21689,-36.70933]]}},{"type":"Feature","properties":{"name":"Trinity Drive","class":5,"surf":0,"highway":"unclassified"},"geometry":{"type":"LineString","coordinates":[[142.21689,-36.70933],[142.21677,-36.70982]]}},{"type":"Feature","properties":{"name":"","class":5,"surf":0,"highway":"unclassified"},"geometry":{"type":"LineString","coordinates":[[142.21729,-36.70857],[142.2174,-36.7086],[142.21747,-36.7087]]}},{"type":"Feature","properties":{"name":"Wimmera Highway","class":1,"surf":0,"highway":"trunk","ref":"C240"},"geometry":{"type":"LineString","coordinates":[[142.14273,-36.73149],[142.14934,-36.73003]]}},{"type":"Feature","properties":{"name":"Bodey Court","class":5,"surf":0,"highway":"unclassified"},"geometry":{"type":"LineString","coordinates":[[142.18124,-36.7119],[142.18155,-36.71256],[142.18166,-36.71321]]}},{"type":"Feature","properties":{"name":"Landt Place","class":5,"surf":0,"highway":"unclassified"},"geometry":{"type":"LineString","coordinates":[[142.21167,-36.7015],[142.21172,-36.70198],[142.21204,-36.70221]]}},{"type":"Feature","properties":{"name":"Northern Grampians Road","class":2,"surf":0,"highway":"primary","ref":"C222"},"geometry":{"type":"LineString","coordinates":[[142.32627,-36.93631],[142.32589,-36.938]]}},{"type":"Feature","properties":{"name":"North East Wonwondah Road","class":3,"surf":0,"highway":"secondary"},"geometry":{"type":"LineString","coordinates":[[142.23078,-36.87811],[142.23096,-36.87812]]}},{"type":"Feature","properties":{"name":"North East Wonwondah Road","class":3,"surf":0,"highway":"secondary"},"geometry":{"type":"LineString","coordinates":[[142.23023,-36.87811],[142.23078,-36.87811]]}},{"type":"Feature","properties":{"name":"Hamilton Street","class":4,"surf":0,"highway":"tertiary"},"geometry":{"type":"LineString","coordinates":[[142.19974,-36.71782],[142.20233,-36.71781]]}},{"type":"Feature","properties":{"name":"Old Noradjuha Road","class":5,"surf":0,"highway":"unclassified"},"geometry":{"type":"LineString","coordinates":[[141.95104,-36.7415],[141.95104,-36.74175]]}},{"type":"Feature","properties":{"name":"Hamilton Street","class":4,"surf":0,"highway":"tertiary"},"geometry":{"type":"LineString","coordinates":[[142.20233,-36.71781],[142.20363,-36.71781]]}},{"type":"Feature","properties":{"name":"","class":5,"surf":0,"highway":"unclassified"},"geometry":{"type":"LineString","coordinates":[[142.3012,-36.6671],[142.30087,-36.66714]]}},{"type":"Feature","properties":{"name":"Western Highway","class":1,"surf":0,"highway":"trunk","ref":"A8"},"geometry":{"type":"LineString","coordinates":[[142.44975,-36.87496],[142.45012,-36.87524]]}},{"type":"Feature","properties":{"name":"Western Highway","class":1,"surf":0,"highway":"trunk","ref":"A8"},"geometry":{"type":"LineString","coordinates":[[142.45012,-36.87524],[142.45442,-36.87852]]}},{"type":"Feature","properties":{"name":"Western Highway","class":1,"surf":0,"highway":"trunk","ref":"A8"},"geometry":{"type":"LineString","coordinates":[[142.45442,-36.87852],[142.45457,-36.87864]]}},{"type":"Feature","properties":{"name":"Firebrace Street","class":5,"surf":0,"highway":"unclassified"},"geometry":{"type":"LineString","coordinates":[[142.19976,-36.72301],[142.1998,-36.72321]]}},{"type":"Feature","properties":{"name":"","class":5,"surf":0,"highway":"unclassified"},"geometry":{"type":"LineString","coordinates":[[142.21714,-36.71212],[142.21721,-36.71226]]}},{"type":"Feature","properties":{"name":"Barnes Boulevard","class":4,"surf":0,"highway":"tertiary"},"geometry":{"type":"LineString","coordinates":[[142.17342,-36.72969],[142.17377,-36.72968]]}},{"type":"Feature","properties":{"name":"Barnes Boulevard","class":4,"surf":0,"highway":"tertiary"},"geometry":{"type":"LineString","coordinates":[[142.1722,-36.72968],[142.17227,-36.72968]]}},{"type":"Feature","properties":{"name":"Barnes Boulevard","class":4,"surf":0,"highway":"tertiary"},"geometry":{"type":"LineString","coordinates":[[142.17227,-36.72968],[142.17342,-36.72969]]}},{"type":"Feature","properties":{"name":"High Street N","class":5,"surf":0,"highway":"unclassified"},"geometry":{"type":"LineString","coordinates":[[142.18661,-36.7076],[142.18647,-36.70896]]}},{"type":"Feature","properties":{"name":"Drummond Street","class":5,"surf":0,"highway":"unclassified"},"geometry":{"type":"LineString","coordinates":[[142.17809,-36.72776],[142.17809,-36.72786]]}},{"type":"Feature","properties":{"name":"Drummond Street","class":5,"surf":0,"highway":"unclassified"},"geometry":{"type":"LineString","coordinates":[[142.17809,-36.72786],[142.17809,-36.72793]]}},{"type":"Feature","properties":{"name":"Spry Court","class":5,"surf":0,"highway":"unclassified"},"geometry":{"type":"LineString","coordinates":[[142.19423,-36.72029],[142.1948,-36.72054]]}},{"type":"Feature","properties":{"name":"Firebrace Street","class":4,"surf":0,"highway":"tertiary"},"geometry":{"type":"LineString","coordinates":[[142.19972,-36.72073],[142.19972,-36.72201]]}},{"type":"Feature","properties":{"name":"Firebrace Street","class":4,"surf":0,"highway":"tertiary"},"geometry":{"type":"LineString","coordinates":[[142.19972,-36.72053],[142.19972,-36.72073]]}},{"type":"Feature","properties":{"name":"Mardon Drive","class":5,"surf":0,"highway":"unclassified"},"geometry":{"type":"LineString","coordinates":[[142.2079,-36.72373],[142.20747,-36.72403]]}},{"type":"Feature","properties":{"name":"Mardon Drive","class":5,"surf":0,"highway":"unclassified"},"geometry":{"type":"LineString","coordinates":[[142.20747,-36.72403],[142.2074,-36.72408]]}},{"type":"Feature","properties":{"name":"Mardon Drive","class":5,"surf":0,"highway":"unclassified"},"geometry":{"type":"LineString","coordinates":[[142.2094,-36.72335],[142.20848,-36.7234]]}},{"type":"Feature","properties":{"name":"Mardon Drive","class":5,"surf":0,"highway":"unclassified"},"geometry":{"type":"LineString","coordinates":[[142.20848,-36.7234],[142.2079,-36.72373]]}},{"type":"Feature","properties":{"name":"Waterlink Esplanade","class":5,"surf":0,"highway":"unclassified"},"geometry":{"type":"LineString","coordinates":[[142.21238,-36.71992],[142.21273,-36.72026]]}},{"type":"Feature","properties":{"name":"","class":5,"surf":0,"highway":"unclassified"},"geometry":{"type":"LineString","coordinates":[[142.21721,-36.71226],[142.21734,-36.71253],[142.21733,-36.71236],[142.21746,-36.71218]]}},{"type":"Feature","properties":{"name":"Rushbrook Close","class":5,"surf":0,"highway":"unclassified"},"geometry":{"type":"LineString","coordinates":[[142.19694,-36.72015],[142.19815,-36.72015],[142.1985,-36.72009]]}},{"type":"Feature","properties":{"name":"Hocking Street","class":5,"surf":0,"highway":"unclassified"},"geometry":{"type":"LineString","coordinates":[[142.19972,-36.72201],[142.20221,-36.72202]]}},{"type":"Feature","properties":{"name":"Hocking Street","class":5,"surf":0,"highway":"unclassified"},"geometry":{"type":"LineString","coordinates":[[142.20221,-36.72202],[142.20314,-36.72202]]}},{"type":"Feature","properties":{"name":"Rushbrook Close","class":5,"surf":0,"highway":"unclassified"},"geometry":{"type":"LineString","coordinates":[[142.19695,-36.71997],[142.19694,-36.72015]]}},{"type":"Feature","properties":{"name":"Rushbrook Close","class":5,"surf":0,"highway":"unclassified"},"geometry":{"type":"LineString","coordinates":[[142.19694,-36.72015],[142.19693,-36.72026]]}},{"type":"Feature","properties":{"name":"Eastgate Drive","class":4,"surf":0,"highway":"tertiary"},"geometry":{"type":"LineString","coordinates":[[142.19639,-36.72118],[142.19711,-36.72071]]}},{"type":"Feature","properties":{"name":"Eastgate Drive","class":4,"surf":0,"highway":"tertiary"},"geometry":{"type":"LineString","coordinates":[[142.19711,-36.72071],[142.19757,-36.7206],[142.1985,-36.72054]]}},{"type":"Feature","properties":{"name":"Eastgate Drive","class":4,"surf":0,"highway":"tertiary"},"geometry":{"type":"LineString","coordinates":[[142.19503,-36.7244],[142.19526,-36.72435]]}},{"type":"Feature","properties":{"name":"Eastgate Drive","class":4,"surf":0,"highway":"tertiary"},"geometry":{"type":"LineString","coordinates":[[142.19526,-36.72435],[142.19593,-36.72417],[142.19614,-36.72405],[142.19631,-36.72379],[142.19626,-36.7234],[142.19592,-36.72247],[142.19592,-36.72228],[142.19617,-36.72151],[142.19639,-36.72118]]}},{"type":"Feature","properties":{"name":"Madden Street","class":5,"surf":0,"highway":"unclassified"},"geometry":{"type":"LineString","coordinates":[[142.19851,-36.71968],[142.1985,-36.72009]]}},{"type":"Feature","properties":{"name":"Laharum Road","class":2,"surf":0,"highway":"primary"},"geometry":{"type":"LineString","coordinates":[[142.23641,-36.87819],[142.23692,-36.8782]]}},{"type":"Feature","properties":{"name":"Laharum Road","class":2,"surf":0,"highway":"primary"},"geometry":{"type":"LineString","coordinates":[[142.23558,-36.87814],[142.23641,-36.87819]]}},{"type":"Feature","properties":{"name":"Tydeman Street","class":5,"surf":0,"highway":"unclassified"},"geometry":{"type":"LineString","coordinates":[[142.186,-36.72444],[142.18725,-36.72397]]}},{"type":"Feature","properties":{"name":"Madden Street","class":5,"surf":0,"highway":"unclassified"},"geometry":{"type":"LineString","coordinates":[[142.19841,-36.71875],[142.19853,-36.71903],[142.19851,-36.71968]]}},{"type":"Feature","properties":{"name":"","class":5,"surf":0,"highway":"unclassified"},"geometry":{"type":"LineString","coordinates":[[142.19368,-36.71382],[142.19362,-36.7141]]}},{"type":"Feature","properties":{"name":"","class":5,"surf":0,"highway":"unclassified"},"geometry":{"type":"LineString","coordinates":[[142.18727,-36.71476],[142.18754,-36.71476]]}},{"type":"Feature","properties":{"name":"Bennett Road","class":4,"surf":0,"highway":"tertiary"},"geometry":{"type":"LineString","coordinates":[[142.18728,-36.71259],[142.18727,-36.71368]]}},{"type":"Feature","properties":{"name":"Edgar Street","class":5,"surf":0,"highway":"unclassified"},"geometry":{"type":"LineString","coordinates":[[142.18615,-36.71367],[142.18727,-36.71368]]}},{"type":"Feature","properties":{"name":"Bennett Road","class":4,"surf":0,"highway":"tertiary"},"geometry":{"type":"LineString","coordinates":[[142.18726,-36.71558],[142.18726,-36.71745]]}},{"type":"Feature","properties":{"name":"Pearl Street","class":5,"surf":0,"highway":"unclassified"},"geometry":{"type":"LineString","coordinates":[[142.18603,-36.71744],[142.18726,-36.71745]]}},{"type":"Feature","properties":{"name":"","class":5,"surf":0,"highway":"unclassified"},"geometry":{"type":"LineString","coordinates":[[142.18754,-36.71476],[142.18777,-36.71476],[142.18773,-36.71367],[142.18753,-36.71367]]}},{"type":"Feature","properties":{"name":"Natimuk Road","class":5,"surf":0,"highway":"unclassified"},"geometry":{"type":"LineString","coordinates":[[142.18508,-36.71923],[142.18726,-36.71844]]}},{"type":"Feature","properties":{"name":"Bennett Road","class":4,"surf":0,"highway":"tertiary"},"geometry":{"type":"LineString","coordinates":[[142.18726,-36.71745],[142.18726,-36.71844]]}},{"type":"Feature","properties":{"name":"Bennett Road","class":4,"surf":0,"highway":"tertiary"},"geometry":{"type":"LineString","coordinates":[[142.18784,-36.71188],[142.18763,-36.71204]]}},{"type":"Feature","properties":{"name":"Bennett Road","class":4,"surf":0,"highway":"tertiary"},"geometry":{"type":"LineString","coordinates":[[142.18763,-36.71204],[142.18747,-36.71219],[142.18728,-36.71259]]}},{"type":"Feature","properties":{"name":"Baillie Street","class":4,"surf":0,"highway":"tertiary"},"geometry":{"type":"LineString","coordinates":[[142.18434,-36.71176],[142.18533,-36.71176]]}},{"type":"Feature","properties":{"name":"Baillie Street","class":4,"surf":0,"highway":"tertiary"},"geometry":{"type":"LineString","coordinates":[[142.18533,-36.71176],[142.18598,-36.71176]]}},{"type":"Feature","properties":{"name":"Natimuk Road","class":1,"surf":0,"highway":"trunk","ref":"C240"},"geometry":{"type":"LineString","coordinates":[[142.18725,-36.71873],[142.18996,-36.71773]]}},{"type":"Feature","properties":{"name":"Bennett Road","class":4,"surf":0,"highway":"tertiary"},"geometry":{"type":"LineString","coordinates":[[142.18725,-36.71873],[142.18725,-36.71929]]}},{"type":"Feature","properties":{"name":"Stawell Road","class":5,"surf":0,"highway":"unclassified","ref":"A8"},"geometry":{"type":"LineString","coordinates":[[142.20522,-36.7254],[142.20499,-36.72553]]}},{"type":"Feature","properties":{"name":"Stawell Road","class":1,"surf":0,"highway":"trunk","ref":"A8"},"geometry":{"type":"LineString","coordinates":[[142.20523,-36.72555],[142.20525,-36.72607]]}},{"type":"Feature","properties":{"name":"Stawell Road","class":5,"surf":0,"highway":"unclassified"},"geometry":{"type":"LineString","coordinates":[[142.20486,-36.72553],[142.20488,-36.72583]]}},{"type":"Feature","properties":{"name":"Stawell Road","class":5,"surf":0,"highway":"unclassified"},"geometry":{"type":"LineString","coordinates":[[142.20534,-36.72445],[142.20536,-36.72553]]}},{"type":"Feature","properties":{"name":"Stawell Road","class":1,"surf":0,"highway":"trunk","ref":"A8"},"geometry":{"type":"LineString","coordinates":[[142.20522,-36.7254],[142.20523,-36.72555]]}},{"type":"Feature","properties":{"name":"Stawell Road","class":5,"surf":0,"highway":"unclassified"},"geometry":{"type":"LineString","coordinates":[[142.20486,-36.72553],[142.20499,-36.72553]]}},{"type":"Feature","properties":{"name":"Eldridge Court","class":5,"surf":0,"highway":"unclassified"},"geometry":{"type":"LineString","coordinates":[[142.19003,-36.69984],[142.18985,-36.70037]]}},{"type":"Feature","properties":{"name":"Hickson Street","class":5,"surf":0,"highway":"unclassified"},"geometry":{"type":"LineString","coordinates":[[142.18984,-36.69979],[142.19003,-36.69984]]}},{"type":"Feature","properties":{"name":"Hickson Street","class":5,"surf":0,"highway":"unclassified"},"geometry":{"type":"LineString","coordinates":[[142.19179,-36.69998],[142.19068,-36.69998],[142.19003,-36.69984]]}},{"type":"Feature","properties":{"name":"De Castella Drive","class":5,"surf":0,"highway":"unclassified"},"geometry":{"type":"LineString","coordinates":[[142.18881,-36.70034],[142.18882,-36.69967]]}},{"type":"Feature","properties":{"name":"Hickson Street","class":5,"surf":0,"highway":"unclassified"},"geometry":{"type":"LineString","coordinates":[[142.18882,-36.69967],[142.18937,-36.69968],[142.18984,-36.69979]]}},{"type":"Feature","properties":{"name":"Wimmera Highway","class":1,"surf":0,"highway":"trunk","ref":"C240"},"geometry":{"type":"LineString","coordinates":[[141.73055,-36.84375],[141.73071,-36.84358]]}},{"type":"Feature","properties":{"name":"Glancy Street","class":5,"surf":0,"highway":"unclassified"},"geometry":{"type":"LineString","coordinates":[[142.21262,-36.71257],[142.21264,-36.71469]]}},{"type":"Feature","properties":{"name":"Mackies Road","class":5,"surf":0,"highway":"unclassified"},"geometry":{"type":"LineString","coordinates":[[142.18621,-36.76762],[142.18685,-36.76759],[142.18705,-36.76733],[142.18739,-36.76727]]}},{"type":"Feature","properties":{"name":"Western Highway","class":1,"surf":0,"highway":"trunk","ref":"A8"},"geometry":{"type":"LineString","coordinates":[[142.54166,-36.93283],[142.54138,-36.93267]]}},{"type":"Feature","properties":{"name":"Western Highway","class":1,"surf":0,"highway":"trunk","ref":"A8"},"geometry":{"type":"LineString","coordinates":[[142.54138,-36.93267],[142.54126,-36.93261]]}},{"type":"Feature","properties":{"name":"De Castella Drive","class":5,"surf":0,"highway":"unclassified"},"geometry":{"type":"LineString","coordinates":[[142.18881,-36.70034],[142.18888,-36.7008],[142.18918,-36.70121]]}},{"type":"Feature","properties":{"name":"Northern Grampians Road","class":2,"surf":0,"highway":"primary","ref":"C222"},"geometry":{"type":"LineString","coordinates":[[142.35917,-37.05782],[142.35983,-37.05826],[142.36024,-37.05863]]}},{"type":"Feature","properties":{"name":"Henty Highway","class":1,"surf":0,"highway":"trunk","ref":"B200"},"geometry":{"type":"LineString","coordinates":[[142.232,-36.6856],[142.2293,-36.68915],[142.22848,-36.69055]]}},{"type":"Feature","properties":{"name":"Edward Street","class":5,"surf":0,"highway":"unclassified"},"geometry":{"type":"LineString","coordinates":[[142.19351,-36.70463],[142.19488,-36.70462]]}},{"type":"Feature","properties":{"name":"Northern Grampians Road","class":2,"surf":0,"highway":"primary","ref":"C222"},"geometry":{"type":"LineString","coordinates":[[142.33918,-37.03609],[142.33864,-37.03686]]}},{"type":"Feature","properties":{"name":"Carter Street","class":5,"surf":0,"highway":"unclassified"},"geometry":{"type":"LineString","coordinates":[[142.18614,-36.71308],[142.18615,-36.71367]]}},{"type":"Feature","properties":{"name":"Gillespie Street","class":5,"surf":0,"highway":"unclassified"},"geometry":{"type":"LineString","coordinates":[[142.21363,-36.71468],[142.2138,-36.71468],[142.21406,-36.71482]]}},{"type":"Feature","properties":{"name":"Pynsent Street","class":5,"surf":0,"highway":"unclassified"},"geometry":{"type":"LineString","coordinates":[[142.19713,-36.71548],[142.19778,-36.71547]]}},{"type":"Feature","properties":{"name":"Pearl Street","class":5,"surf":0,"highway":"unclassified"},"geometry":{"type":"LineString","coordinates":[[142.1854,-36.71744],[142.18603,-36.71744]]}},{"type":"Feature","properties":{"name":"Ocallaghans Parade","class":5,"surf":0,"highway":"unclassified"},"geometry":{"type":"LineString","coordinates":[[142.20194,-36.72048],[142.20238,-36.72085]]}},{"type":"Feature","properties":{"name":"Laurel Street","class":5,"surf":0,"highway":"unclassified"},"geometry":{"type":"LineString","coordinates":[[142.19047,-36.72198],[142.19156,-36.72197]]}},{"type":"Feature","properties":{"name":"","class":5,"surf":0,"highway":"unclassified"},"geometry":{"type":"LineString","coordinates":[[142.20427,-36.72143],[142.20427,-36.72247]]}},{"type":"Feature","properties":{"name":"Rose Street","class":5,"surf":0,"highway":"unclassified"},"geometry":{"type":"LineString","coordinates":[[142.19156,-36.72197],[142.19157,-36.7234]]}},{"type":"Feature","properties":{"name":"Hayes Drive","class":5,"surf":0,"highway":"unclassified"},"geometry":{"type":"LineString","coordinates":[[142.1722,-36.72968],[142.1722,-36.72925],[142.17228,-36.72897]]}},{"type":"Feature","properties":{"name":"Three Bridges Road","class":3,"surf":0,"highway":"secondary"},"geometry":{"type":"LineString","coordinates":[[142.13224,-36.75574],[142.13292,-36.75579],[142.13345,-36.75591],[142.13425,-36.75628],[142.13491,-36.75684],[142.13523,-36.7573],[142.13544,-36.75786]]}},{"type":"Feature","properties":{"name":"Drung-Jung Road","class":3,"surf":0,"highway":"secondary"},"geometry":{"type":"LineString","coordinates":[[142.32905,-36.72039],[142.32877,-36.72062]]}},{"type":"Feature","properties":{"name":"Campus Drive","class":5,"surf":0,"highway":"unclassified"},"geometry":{"type":"LineString","coordinates":[[142.30402,-36.66708],[142.30501,-36.66707]]}},{"type":"Feature","properties":{"name":"Horsham-Lubeck Road","class":2,"surf":0,"highway":"primary","ref":"C215"},"geometry":{"type":"LineString","coordinates":[[142.2402,-36.7237],[142.23489,-36.72369]]}},{"type":"Feature","properties":{"name":"Williams Road","class":2,"surf":0,"highway":"primary","ref":"C215"},"geometry":{"type":"LineString","coordinates":[[142.22371,-36.72522],[142.22312,-36.72568]]}},{"type":"Feature","properties":{"name":"","class":5,"surf":0,"highway":"unclassified"},"geometry":{"type":"LineString","coordinates":[[142.21751,-36.71214],[142.21746,-36.71218]]}},{"type":"Feature","properties":{"name":"Horsham-Noradjuha Road","class":2,"surf":0,"highway":"primary","ref":"C214"},"geometry":{"type":"LineString","coordinates":[[142.08386,-36.78552],[142.08343,-36.78577]]}},{"type":"Feature","properties":{"name":"Horsham-Noradjuha Road","class":2,"surf":0,"highway":"primary","ref":"C214"},"geometry":{"type":"LineString","coordinates":[[142.08476,-36.78505],[142.08386,-36.78552]]}},{"type":"Feature","properties":{"name":"Kurrajong Court","class":5,"surf":0,"highway":"unclassified"},"geometry":{"type":"LineString","coordinates":[[142.19394,-36.71103],[142.19394,-36.7109],[142.19424,-36.71073],[142.19439,-36.71073],[142.19483,-36.71092],[142.19485,-36.71103]]}},{"type":"Feature","properties":{"name":"Fisher Square","class":5,"surf":0,"highway":"unclassified"},"geometry":{"type":"LineString","coordinates":[[142.21221,-36.72488],[142.2122,-36.7246],[142.21209,-36.72452],[142.21162,-36.72453],[142.21155,-36.72461],[142.21155,-36.7248]]}},{"type":"Feature","properties":{"name":"Creek Crescent","class":5,"surf":0,"highway":"unclassified"},"geometry":{"type":"LineString","coordinates":[[142.21167,-36.7015],[142.21292,-36.70154]]}},{"type":"Feature","properties":{"name":"Wavell Street","class":4,"surf":0,"highway":"tertiary"},"geometry":{"type":"LineString","coordinates":[[142.18925,-36.70265],[142.19036,-36.70264]]}},{"type":"Feature","properties":{"name":"","class":5,"surf":0,"highway":"unclassified"},"geometry":{"type":"LineString","coordinates":[[142.20515,-36.71878],[142.2054,-36.71877]]}},{"type":"Feature","properties":{"name":"Florence Street","class":5,"surf":0,"highway":"unclassified"},"geometry":{"type":"LineString","coordinates":[[142.18704,-36.697],[142.18705,-36.69939]]}},{"type":"Feature","properties":{"name":"Kenny Road","class":5,"surf":0,"highway":"unclassified"},"geometry":{"type":"LineString","coordinates":[[142.19238,-36.74089],[142.19591,-36.74088]]}},{"type":"Feature","properties":{"name":"King Drive","class":5,"surf":0,"highway":"unclassified"},"geometry":{"type":"LineString","coordinates":[[142.19454,-36.73559],[142.19454,-36.73646],[142.19466,-36.73715],[142.19503,-36.73785]]}},{"type":"Feature","properties":{"name":"McBryde Street","class":5,"surf":0,"highway":"unclassified"},"geometry":{"type":"LineString","coordinates":[[142.20518,-36.71955],[142.20568,-36.71938],[142.20738,-36.71938]]}},{"type":"Feature","properties":{"name":"Gregory Court","class":5,"surf":0,"highway":"unclassified"},"geometry":{"type":"LineString","coordinates":[[142.19973,-36.75151],[142.19937,-36.75157],[142.19838,-36.7514],[142.19774,-36.75109]]}},{"type":"Feature","properties":{"name":"Gertrude Street","class":5,"surf":0,"highway":"unclassified"},"geometry":{"type":"LineString","coordinates":[[142.20306,-36.70372],[142.20306,-36.70423]]}},{"type":"Feature","properties":{"name":"Banool Street","class":5,"surf":0,"highway":"unclassified"},"geometry":{"type":"LineString","coordinates":[[142.17719,-36.72105],[142.1777,-36.72195]]}},{"type":"Feature","properties":{"name":"Railway Avenue","class":5,"surf":0,"highway":"unclassified"},"geometry":{"type":"LineString","coordinates":[[142.19851,-36.70791],[142.20117,-36.70789]]}},{"type":"Feature","properties":{"name":"Caroline Street","class":5,"surf":0,"highway":"unclassified"},"geometry":{"type":"LineString","coordinates":[[142.208,-36.70803],[142.20802,-36.70866]]}},{"type":"Feature","properties":{"name":"Kalkee Road","class":3,"surf":0,"highway":"secondary","ref":"C231"},"geometry":{"type":"LineString","coordinates":[[142.20156,-36.69938],[142.20125,-36.70024]]}},{"type":"Feature","properties":{"name":"Market Lane","class":5,"surf":0,"highway":"unclassified"},"geometry":{"type":"LineString","coordinates":[[142.19715,-36.71889],[142.19841,-36.71875]]}},{"type":"Feature","properties":{"name":"Natimuk Road","class":1,"surf":0,"highway":"trunk","ref":"C240"},"geometry":{"type":"LineString","coordinates":[[142.18522,-36.71951],[142.18725,-36.71873]]}},{"type":"Feature","properties":{"name":"Bennett Road","class":4,"surf":0,"highway":"tertiary"},"geometry":{"type":"LineString","coordinates":[[142.18726,-36.71844],[142.18725,-36.71873]]}},{"type":"Feature","properties":{"name":"Horsham-Noradjuha Road","class":2,"surf":0,"highway":"primary","ref":"C214"},"geometry":{"type":"LineString","coordinates":[[142.04437,-36.80799],[142.04421,-36.80809]]}},{"type":"Feature","properties":{"name":"","class":5,"surf":0,"highway":"unclassified"},"geometry":{"type":"LineString","coordinates":[[142.20975,-36.54719],[142.20996,-36.54721],[142.21015,-36.5471]]}},{"type":"Feature","properties":{"name":"Natimuk-Hamilton Road","class":2,"surf":0,"highway":"primary","ref":"C219"},"geometry":{"type":"LineString","coordinates":[[141.96496,-36.83148],[141.96429,-36.83592]]}},{"type":"Feature","properties":{"name":"Ocallaghans Parade","class":5,"surf":0,"highway":"unclassified"},"geometry":{"type":"LineString","coordinates":[[142.19989,-36.71869],[142.20041,-36.71916]]}},{"type":"Feature","properties":{"name":"Natimuk Road","class":1,"surf":0,"highway":"trunk","ref":"C240"},"geometry":{"type":"LineString","coordinates":[[142.18254,-36.72052],[142.18277,-36.72044]]}},{"type":"Feature","properties":{"name":"Hillary Street","class":5,"surf":0,"highway":"unclassified"},"geometry":{"type":"LineString","coordinates":[[142.18237,-36.72023],[142.18254,-36.72052]]}},{"type":"Feature","properties":{"name":"Natimuk-Hamilton Road","class":2,"surf":0,"highway":"primary","ref":"C219"},"geometry":{"type":"LineString","coordinates":[[141.96628,-36.8229],[141.96496,-36.83148]]}},{"type":"Feature","properties":{"name":"Noradjuha Silo Road","class":5,"surf":0,"highway":"unclassified"},"geometry":{"type":"LineString","coordinates":[[141.96444,-36.83161],[141.96496,-36.83148]]}},{"type":"Feature","properties":{"name":"Henty Highway","class":1,"surf":0,"highway":"trunk","ref":"A200"},"geometry":{"type":"LineString","coordinates":[[142.16092,-36.83916],[142.15937,-36.84157]]}},{"type":"Feature","properties":{"name":"Henty Highway","class":1,"surf":0,"highway":"trunk","ref":"A200"},"geometry":{"type":"LineString","coordinates":[[142.16632,-36.83056],[142.16092,-36.83916]]}},{"type":"Feature","properties":{"name":"Henty Highway","class":1,"surf":0,"highway":"trunk","ref":"A200"},"geometry":{"type":"LineString","coordinates":[[142.18148,-36.77463],[142.18113,-36.77515]]}},{"type":"Feature","properties":{"name":"Natimuk-Hamilton Road","class":2,"surf":0,"highway":"primary","ref":"C219"},"geometry":{"type":"LineString","coordinates":[[141.96422,-36.83635],[141.96413,-36.83781]]}},{"type":"Feature","properties":{"name":"Horsham-Lubeck Road","class":2,"surf":0,"highway":"primary","ref":"C215"},"geometry":{"type":"LineString","coordinates":[[142.24899,-36.72372],[142.2402,-36.7237]]}},{"type":"Feature","properties":{"name":"Stawell Road","class":1,"surf":0,"highway":"trunk","ref":"A8"},"geometry":{"type":"LineString","coordinates":[[142.21448,-36.74083],[142.21615,-36.74217]]}},{"type":"Feature","properties":{"name":"Horsham-Lubeck Road","class":2,"surf":0,"highway":"primary","ref":"C215"},"geometry":{"type":"LineString","coordinates":[[142.23212,-36.72368],[142.22714,-36.72367],[142.22605,-36.72381],[142.22547,-36.72397],[142.22458,-36.72442],[142.22371,-36.72522]]}},{"type":"Feature","properties":{"name":"Laharum Road","class":2,"surf":0,"highway":"primary"},"geometry":{"type":"LineString","coordinates":[[142.23064,-36.76422],[142.23061,-36.7677]]}},{"type":"Feature","properties":{"name":"Henty Highway","class":1,"surf":0,"highway":"trunk","ref":"A200"},"geometry":{"type":"LineString","coordinates":[[142.18841,-37.09331],[142.18866,-37.09261],[142.18883,-37.0918],[142.1892,-37.08917],[142.18929,-37.08791],[142.18836,-37.07966]]}},{"type":"Feature","properties":{"name":"Dimboola Road","class":1,"surf":0,"highway":"trunk","ref":"A8"},"geometry":{"type":"LineString","coordinates":[[142.19168,-36.70823],[142.19214,-36.70846]]}},{"type":"Feature","properties":{"name":"Dimboola Road","class":1,"surf":0,"highway":"trunk","ref":"A8"},"geometry":{"type":"LineString","coordinates":[[142.18438,-36.70486],[142.18675,-36.70602]]}},{"type":"Feature","properties":{"name":"Wonwondah-Dadswells Bridge Road","class":5,"surf":0,"highway":"unclassified"},"geometry":{"type":"LineString","coordinates":[[142.31832,-36.8751],[142.3168,-36.8753],[142.31647,-36.87556]]}},{"type":"Feature","properties":{"name":"Millar Street","class":5,"surf":0,"highway":"unclassified"},"geometry":{"type":"LineString","coordinates":[[142.19274,-36.70874],[142.19315,-36.7082],[142.19625,-36.7082]]}},{"type":"Feature","properties":{"name":"Stapledons Road","class":5,"surf":0,"highway":"unclassified"},"geometry":{"type":"LineString","coordinates":[[142.52322,-36.88416],[142.52336,-36.88467],[142.52344,-36.88532],[142.52343,-36.88665]]}},{"type":"Feature","properties":{"name":"Laharum Road","class":2,"surf":0,"highway":"primary"},"geometry":{"type":"LineString","coordinates":[[142.31647,-36.87556],[142.31542,-36.87545],[142.31457,-36.87551]]}},{"type":"Feature","properties":{"name":"Stawell Road","class":1,"surf":0,"highway":"trunk","ref":"A8"},"geometry":{"type":"LineString","coordinates":[[142.20538,-36.73307],[142.20522,-36.73005]]}},{"type":"Feature","properties":{"name":"Stawell Road","class":1,"surf":0,"highway":"trunk","ref":"A8"},"geometry":{"type":"LineString","coordinates":[[142.20805,-36.73557],[142.20919,-36.73644]]}},{"type":"Feature","properties":{"name":"Western Highway","class":1,"surf":0,"highway":"trunk","ref":"A8"},"geometry":{"type":"LineString","coordinates":[[142.47931,-36.89755],[142.48042,-36.89836]]}},{"type":"Feature","properties":{"name":"","class":5,"surf":0,"highway":"unclassified"},"geometry":{"type":"LineString","coordinates":[[142.20365,-36.72026],[142.205,-36.72026]]}},{"type":"Feature","properties":{"name":"North East Wonwondah Road","class":3,"surf":0,"highway":"secondary"},"geometry":{"type":"LineString","coordinates":[[142.23017,-36.87811],[142.23023,-36.87811]]}},{"type":"Feature","properties":{"name":"Laharum Road","class":2,"surf":0,"highway":"primary"},"geometry":{"type":"LineString","coordinates":[[142.23098,-36.8756],[142.23174,-36.87647],[142.2326,-36.87716]]}},{"type":"Feature","properties":{"name":"Stapledons Road","class":5,"surf":0,"highway":"unclassified"},"geometry":{"type":"LineString","coordinates":[[142.52343,-36.88665],[142.5234,-36.88692]]}},{"type":"Feature","properties":{"name":"Trinity Drive","class":5,"surf":0,"highway":"unclassified"},"geometry":{"type":"LineString","coordinates":[[142.21482,-36.70852],[142.21503,-36.70847]]}},{"type":"Feature","properties":{"name":"Natimuk-Hamilton Road","class":2,"surf":0,"highway":"primary","ref":"C214"},"geometry":{"type":"LineString","coordinates":[[141.84457,-37.1433],[141.84389,-37.13852]]}},{"type":"Feature","properties":{"name":"Natimuk-Hamilton Road","class":2,"surf":0,"highway":"primary","ref":"C214"},"geometry":{"type":"LineString","coordinates":[[141.9403,-36.94432],[141.94149,-36.94646],[141.94211,-36.94735],[141.94233,-36.94789],[141.94238,-36.94824],[141.94237,-36.94861],[141.94221,-36.94919],[141.94138,-36.95049],[141.94124,-36.95086],[141.94031,-36.95674]]}},{"type":"Feature","properties":{"name":"Natimuk-Hamilton Road","class":2,"surf":0,"highway":"primary","ref":"C214"},"geometry":{"type":"LineString","coordinates":[[141.95839,-36.89141],[141.95675,-36.90203]]}},{"type":"Feature","properties":{"name":"Natimuk-Hamilton Road","class":2,"surf":0,"highway":"primary","ref":"C219"},"geometry":{"type":"LineString","coordinates":[[141.96971,-36.80052],[141.96862,-36.80762]]}},{"type":"Feature","properties":{"name":"Stapledons Road","class":5,"surf":0,"highway":"unclassified"},"geometry":{"type":"LineString","coordinates":[[142.52377,-36.91254],[142.52378,-36.91278]]}},{"type":"Feature","properties":{"name":"Stapledons Road","class":5,"surf":0,"highway":"unclassified"},"geometry":{"type":"LineString","coordinates":[[142.52373,-36.91227],[142.52377,-36.91254]]}},{"type":"Feature","properties":{"name":"Longerenong Road","class":3,"surf":0,"highway":"secondary"},"geometry":{"type":"LineString","coordinates":[[142.40116,-36.68837],[142.40076,-36.68832]]}},{"type":"Feature","properties":{"name":"Burnlea Drive","class":5,"surf":0,"highway":"unclassified"},"geometry":{"type":"LineString","coordinates":[[142.20792,-36.73109],[142.20866,-36.73111]]}},{"type":"Feature","properties":{"name":"Roses Gap Road","class":5,"surf":0,"highway":"unclassified"},"geometry":{"type":"LineString","coordinates":[[142.40487,-37.03088],[142.40343,-37.03026]]}},{"type":"Feature","properties":{"name":"Rosebrook-Glenisla Road","class":5,"surf":0,"highway":"unclassified"},"geometry":{"type":"LineString","coordinates":[[142.33678,-37.0505],[142.33631,-37.05078],[142.33543,-37.05164],[142.33454,-37.05237]]}},{"type":"Feature","properties":{"name":"Rosebrook-Glenisla Road","class":5,"surf":0,"highway":"unclassified"},"geometry":{"type":"LineString","coordinates":[[142.33454,-37.05237],[142.33284,-37.05352],[142.33251,-37.05382]]}},{"type":"Feature","properties":{"name":"Rosebrook-Glenisla Road","class":5,"surf":0,"highway":"unclassified"},"geometry":{"type":"LineString","coordinates":[[142.33251,-37.05382],[142.33014,-37.05577],[142.32859,-37.05688]]}},{"type":"Feature","properties":{"name":"Rosebrook-Glenisla Road","class":5,"surf":0,"highway":"unclassified"},"geometry":{"type":"LineString","coordinates":[[142.32859,-37.05688],[142.32829,-37.05717]]}},{"type":"Feature","properties":{"name":"Rosebrook-Glenisla Road","class":5,"surf":0,"highway":"unclassified"},"geometry":{"type":"LineString","coordinates":[[142.32829,-37.05717],[142.32773,-37.05774]]}},{"type":"Feature","properties":{"name":"Rosebrook-Glenisla Road","class":5,"surf":0,"highway":"unclassified"},"geometry":{"type":"LineString","coordinates":[[142.34181,-37.04629],[142.3406,-37.0473],[142.34036,-37.04764],[142.33935,-37.04831],[142.3389,-37.0487]]}},{"type":"Feature","properties":{"name":"Rosebrook-Glenisla Road","class":5,"surf":0,"highway":"unclassified"},"geometry":{"type":"LineString","coordinates":[[142.3389,-37.0487],[142.33775,-37.04983],[142.33678,-37.0505]]}},{"type":"Feature","properties":{"name":"Schmidts Road","class":5,"surf":0,"highway":"unclassified"},"geometry":{"type":"LineString","coordinates":[[142.28432,-37.04593],[142.28423,-37.06053],[142.2843,-37.06109],[142.28429,-37.06249]]}},{"type":"Feature","properties":{"name":"Dyers Road","class":5,"surf":0,"highway":"unclassified"},"geometry":{"type":"LineString","coordinates":[[141.9804,-37.06044],[141.9805,-37.0599],[141.9804,-37.05944],[141.97987,-37.05879],[141.97969,-37.05867],[141.97902,-37.05849]]}},{"type":"Feature","properties":{"name":"Henty Highway","class":1,"surf":0,"highway":"trunk","ref":"A200"},"geometry":{"type":"LineString","coordinates":[[142.18613,-37.10822],[142.18635,-37.10739],[142.18659,-37.10549]]}},{"type":"Feature","properties":{"name":"Henty Highway","class":1,"surf":0,"highway":"trunk","ref":"A200"},"geometry":{"type":"LineString","coordinates":[[142.1856,-37.11012],[142.18557,-37.10969],[142.18569,-37.10921]]}},{"type":"Feature","properties":{"name":"Natimuk-Hamilton Road","class":2,"surf":0,"highway":"primary","ref":"C214"},"geometry":{"type":"LineString","coordinates":[[141.84389,-37.13852],[141.84399,-37.13762],[141.84418,-37.13697],[141.84738,-37.13051],[141.8478,-37.1298]]}},{"type":"Feature","properties":{"name":"Les Mutchs Road","class":5,"surf":0,"highway":"unclassified"},"geometry":{"type":"LineString","coordinates":[[141.93183,-37.15047],[141.93146,-37.15017]]}},{"type":"Feature","properties":{"name":"Les Mutchs Road","class":5,"surf":0,"highway":"unclassified"},"geometry":{"type":"LineString","coordinates":[[141.93146,-37.15017],[141.93124,-37.15016]]}},{"type":"Feature","properties":{"name":"Jaspers Lane","class":5,"surf":0,"highway":"unclassified"},"geometry":{"type":"LineString","coordinates":[[141.81121,-37.15752],[141.8103,-37.15755],[141.80785,-37.15734]]}},{"type":"Feature","properties":{"name":"Kalkee Road","class":3,"surf":0,"highway":"secondary","ref":"C231"},"geometry":{"type":"LineString","coordinates":[[142.20091,-36.70387],[142.20092,-36.70533]]}},{"type":"Feature","properties":{"name":"Pynsent Street","class":5,"surf":0,"highway":"unclassified"},"geometry":{"type":"LineString","coordinates":[[142.19778,-36.71547],[142.19811,-36.71547]]}},{"type":"Feature","properties":{"name":"","class":5,"surf":0,"highway":"unclassified"},"geometry":{"type":"LineString","coordinates":[[142.19811,-36.71547],[142.19811,-36.71599],[142.19883,-36.716],[142.19881,-36.71664]]}},{"type":"Feature","properties":{"name":"Northern Grampians Road","class":2,"surf":0,"highway":"primary","ref":"C222"},"geometry":{"type":"LineString","coordinates":[[142.34122,-37.03247],[142.34072,-37.03341]]}},{"type":"Feature","properties":{"name":"Northern Grampians Road","class":2,"surf":0,"highway":"primary","ref":"C222"},"geometry":{"type":"LineString","coordinates":[[142.34191,-37.03122],[142.34122,-37.03247]]}},{"type":"Feature","properties":{"name":"Digger Jims Road","class":5,"surf":0,"highway":"unclassified"},"geometry":{"type":"LineString","coordinates":[[141.83597,-37.00213],[141.8363,-37.00217]]}},{"type":"Feature","properties":{"name":"Brimpaen-Laharum Road","class":3,"surf":0,"highway":"secondary"},"geometry":{"type":"LineString","coordinates":[[142.28439,-37.0341],[142.27991,-37.03496]]}},{"type":"Feature","properties":{"name":"Schmidts Road","class":5,"surf":0,"highway":"unclassified"},"geometry":{"type":"LineString","coordinates":[[142.28439,-37.0341],[142.28432,-37.04593]]}},{"type":"Feature","properties":{"name":"Natimuk-Hamilton Road","class":2,"surf":0,"highway":"primary","ref":"C214"},"geometry":{"type":"LineString","coordinates":[[141.92428,-37.02423],[141.92424,-37.02222]]}},{"type":"Feature","properties":{"name":"John McPhees Drive","class":5,"surf":0,"highway":"unclassified"},"geometry":{"type":"LineString","coordinates":[[141.9754,-37.02632],[141.97653,-37.02578],[141.97845,-37.02531],[141.97876,-37.02531]]}},{"type":"Feature","properties":{"name":"Rogersons Road","class":5,"surf":0,"highway":"unclassified"},"geometry":{"type":"LineString","coordinates":[[142.24763,-36.70375],[142.24632,-36.70373]]}},{"type":"Feature","properties":{"name":"Rogersons Road","class":5,"surf":0,"highway":"unclassified"},"geometry":{"type":"LineString","coordinates":[[142.24904,-36.70376],[142.24763,-36.70375]]}},{"type":"Feature","properties":{"name":"Northern Grampians Road","class":2,"surf":0,"highway":"primary"},"geometry":{"type":"LineString","coordinates":[[142.31933,-36.87756],[142.31899,-36.87703],[142.31835,-36.8764],[142.31715,-36.87578],[142.31647,-36.87556]]}},{"type":"Feature","properties":{"name":"Carmichaels Road","class":5,"surf":0,"highway":"unclassified"},"geometry":{"type":"LineString","coordinates":[[142.10573,-36.77406],[142.11461,-36.77335]]}},{"type":"Feature","properties":{"name":"Wavell Street","class":4,"surf":0,"highway":"tertiary"},"geometry":{"type":"LineString","coordinates":[[142.19214,-36.70264],[142.19238,-36.70263]]}},{"type":"Feature","properties":{"name":"Wavell Street","class":4,"surf":0,"highway":"tertiary"},"geometry":{"type":"LineString","coordinates":[[142.19238,-36.70263],[142.1935,-36.70263]]}},{"type":"Feature","properties":{"name":"Rogersons Road","class":5,"surf":0,"highway":"unclassified"},"geometry":{"type":"LineString","coordinates":[[142.23803,-36.70374],[142.23542,-36.70374]]}},{"type":"Feature","properties":{"name":"Henty Highway","class":1,"surf":0,"highway":"trunk","ref":"B200"},"geometry":{"type":"LineString","coordinates":[[142.25938,-36.64554],[142.25932,-36.63981]]}},{"type":"Feature","properties":{"name":"Wonwondah-Toolondo Road","class":3,"surf":0,"highway":"secondary"},"geometry":{"type":"LineString","coordinates":[[142.00952,-36.96314],[142.00895,-36.96371]]}},{"type":"Feature","properties":{"name":"Wonwondah-Toolondo Road","class":3,"surf":0,"highway":"secondary"},"geometry":{"type":"LineString","coordinates":[[142.01798,-36.95383],[142.01274,-36.95962]]}},{"type":"Feature","properties":{"name":"Wonwondah-Toolondo Road","class":3,"surf":0,"highway":"secondary"},"geometry":{"type":"LineString","coordinates":[[142.01816,-36.95362],[142.01798,-36.95383]]}},{"type":"Feature","properties":{"name":"Telangatuk East-Rocklands Road","class":3,"surf":0,"highway":"secondary"},"geometry":{"type":"LineString","coordinates":[[141.97341,-37.00231],[141.97389,-37.003]]}},{"type":"Feature","properties":{"name":"Wawunna Road","class":4,"surf":0,"highway":"tertiary"},"geometry":{"type":"LineString","coordinates":[[142.19622,-36.70262],[142.19623,-36.70461]]}},{"type":"Feature","properties":{"name":"Roses Gap Road","class":5,"surf":0,"highway":"unclassified"},"geometry":{"type":"LineString","coordinates":[[142.34455,-37.01949],[142.34487,-37.01979],[142.34519,-37.01993]]}},{"type":"Feature","properties":{"name":"Northern Grampians Road","class":2,"surf":0,"highway":"primary","ref":"C222"},"geometry":{"type":"LineString","coordinates":[[142.34412,-37.0196],[142.34422,-37.01993],[142.34424,-37.02037],[142.34394,-37.02242]]}},{"type":"Feature","properties":{"name":"Northern Grampians Road","class":2,"surf":0,"highway":"primary","ref":"C222"},"geometry":{"type":"LineString","coordinates":[[142.33806,-37.01223],[142.3397,-37.01412]]}},{"type":"Feature","properties":{"name":"Northern Grampians Road","class":2,"surf":0,"highway":"primary","ref":"C222"},"geometry":{"type":"LineString","coordinates":[[142.33793,-37.01209],[142.33806,-37.01223]]}},{"type":"Feature","properties":{"name":"Brimpaen-Laharum Road","class":3,"surf":0,"highway":"secondary"},"geometry":{"type":"LineString","coordinates":[[142.26339,-37.03767],[142.26294,-37.03767]]}},{"type":"Feature","properties":{"name":"Brimpaen-Laharum Road","class":3,"surf":0,"highway":"secondary"},"geometry":{"type":"LineString","coordinates":[[142.24022,-37.03757],[142.24288,-37.03757]]}},{"type":"Feature","properties":{"name":"Northern Grampians Road","class":2,"surf":0,"highway":"primary","ref":"C222"},"geometry":{"type":"LineString","coordinates":[[142.34904,-37.05345],[142.34969,-37.05378]]}},{"type":"Feature","properties":{"name":"Northern Grampians Road","class":2,"surf":0,"highway":"primary","ref":"C222"},"geometry":{"type":"LineString","coordinates":[[142.34878,-37.05332],[142.34904,-37.05345]]}},{"type":"Feature","properties":{"name":"Northern Grampians Road","class":2,"surf":0,"highway":"primary","ref":"C222"},"geometry":{"type":"LineString","coordinates":[[142.34835,-37.05305],[142.34878,-37.05332]]}},{"type":"Feature","properties":{"name":"Northern Grampians Road","class":2,"surf":0,"highway":"primary","ref":"C222"},"geometry":{"type":"LineString","coordinates":[[142.34969,-37.05378],[142.35265,-37.05527],[142.35316,-37.05547]]}},{"type":"Feature","properties":{"name":"Frederick Street","class":5,"surf":0,"highway":"unclassified"},"geometry":{"type":"LineString","coordinates":[[142.19488,-36.70462],[142.19489,-36.70661]]}},{"type":"Feature","properties":{"name":"River Heights Road","class":5,"surf":0,"highway":"unclassified"},"geometry":{"type":"LineString","coordinates":[[142.24306,-36.6802],[142.24325,-36.68031]]}},{"type":"Feature","properties":{"name":"Northern Grampians Road","class":2,"surf":0,"highway":"primary","ref":"C222"},"geometry":{"type":"LineString","coordinates":[[142.36432,-37.06387],[142.36492,-37.06483]]}},{"type":"Feature","properties":{"name":"Wombelano Road","class":2,"surf":0,"highway":"primary","ref":"C205"},"geometry":{"type":"LineString","coordinates":[[141.7782,-37.09846],[141.77862,-37.09881],[141.77913,-37.09912],[141.78039,-37.0995]]}},{"type":"Feature","properties":{"name":"Henty Highway","class":1,"surf":0,"highway":"trunk","ref":"A200"},"geometry":{"type":"LineString","coordinates":[[142.18741,-37.1128],[142.18702,-37.11236]]}},{"type":"Feature","properties":{"name":"Wombelano Road","class":2,"surf":0,"highway":"primary","ref":"C205"},"geometry":{"type":"LineString","coordinates":[[141.82683,-37.13168],[141.83035,-37.13327]]}},{"type":"Feature","properties":{"name":"Wombelano Road","class":2,"surf":0,"highway":"primary","ref":"C205"},"geometry":{"type":"LineString","coordinates":[[141.84389,-37.13852],[141.84188,-37.13812],[141.84034,-37.1377],[141.83898,-37.13725]]}},{"type":"Feature","properties":{"name":"Wombelano Road","class":2,"surf":0,"highway":"primary","ref":"C205"},"geometry":{"type":"LineString","coordinates":[[141.83035,-37.13327],[141.83898,-37.13725]]}},{"type":"Feature","properties":{"name":"Heards Road","class":5,"surf":0,"highway":"unclassified"},"geometry":{"type":"LineString","coordinates":[[142.23717,-36.69706],[142.23699,-36.69745]]}},{"type":"Feature","properties":{"name":"Heards Road","class":5,"surf":0,"highway":"unclassified"},"geometry":{"type":"LineString","coordinates":[[142.24044,-36.69467],[142.23802,-36.69603],[142.23746,-36.69652],[142.23717,-36.69706]]}},{"type":"Feature","properties":{"name":"Riverside Road","class":3,"surf":0,"highway":"secondary"},"geometry":{"type":"LineString","coordinates":[[142.23607,-36.69695],[142.23635,-36.69707]]}},{"type":"Feature","properties":{"name":"Riverside Road","class":5,"surf":0,"highway":"unclassified"},"geometry":{"type":"LineString","coordinates":[[142.23767,-36.69814],[142.23796,-36.6989],[142.238,-36.69989]]}},{"type":"Feature","properties":{"name":"Boyle Street","class":5,"surf":0,"highway":"unclassified"},"geometry":{"type":"LineString","coordinates":[[142.18832,-36.70034],[142.18881,-36.70034]]}},{"type":"Feature","properties":{"name":"Florence Street","class":5,"surf":0,"highway":"unclassified"},"geometry":{"type":"LineString","coordinates":[[142.18705,-36.69939],[142.18707,-36.70174]]}},{"type":"Feature","properties":{"name":"Queen Street","class":5,"surf":0,"highway":"unclassified"},"geometry":{"type":"LineString","coordinates":[[142.19978,-36.70061],[142.19979,-36.70261]]}},{"type":"Feature","properties":{"name":"Howard Street","class":5,"surf":0,"highway":"unclassified"},"geometry":{"type":"LineString","coordinates":[[142.19891,-36.70025],[142.20125,-36.70024]]}},{"type":"Feature","properties":{"name":"Obrees Road","class":5,"surf":0,"highway":"unclassified"},"geometry":{"type":"LineString","coordinates":[[142.01104,-36.69762],[142.02793,-36.69755]]}},{"type":"Feature","properties":{"name":"Western Highway","class":1,"surf":0,"highway":"trunk","ref":"A8"},"geometry":{"type":"LineString","coordinates":[[142.16918,-36.69705],[142.16935,-36.6972]]}},{"type":"Feature","properties":{"name":"Henty Highway","class":1,"surf":0,"highway":"trunk","ref":"B200"},"geometry":{"type":"LineString","coordinates":[[142.25911,-36.65374],[142.25929,-36.65303]]}},{"type":"Feature","properties":{"name":"Riverside East Road","class":3,"surf":0,"highway":"secondary"},"geometry":{"type":"LineString","coordinates":[[142.24904,-36.69816],[142.24904,-36.70376]]}},{"type":"Feature","properties":{"name":"Obrees Road","class":3,"surf":0,"highway":"secondary"},"geometry":{"type":"LineString","coordinates":[[142.16874,-36.69705],[142.16918,-36.69705]]}},{"type":"Feature","properties":{"name":"Hazel Street","class":5,"surf":0,"highway":"unclassified"},"geometry":{"type":"LineString","coordinates":[[142.19083,-36.70659],[142.19153,-36.70658]]}},{"type":"Feature","properties":{"name":"Cecil Street","class":5,"surf":0,"highway":"unclassified"},"geometry":{"type":"LineString","coordinates":[[142.1908,-36.70464],[142.19083,-36.70659]]}},{"type":"Feature","properties":{"name":"Hazel Street","class":5,"surf":0,"highway":"unclassified"},"geometry":{"type":"LineString","coordinates":[[142.19014,-36.70698],[142.19059,-36.70664],[142.19083,-36.70659]]}},{"type":"Feature","properties":{"name":"Caroline Street","class":5,"surf":0,"highway":"unclassified"},"geometry":{"type":"LineString","coordinates":[[142.20805,-36.7075],[142.208,-36.70803]]}},{"type":"Feature","properties":{"name":"","class":5,"surf":0,"highway":"unclassified"},"geometry":{"type":"LineString","coordinates":[[142.2008,-36.7111],[142.2008,-36.71176]]}},{"type":"Feature","properties":{"name":"Evelyn Brand Court","class":5,"surf":0,"highway":"unclassified"},"geometry":{"type":"LineString","coordinates":[[142.20652,-36.71398],[142.20668,-36.71409],[142.20735,-36.71403]]}},{"type":"Feature","properties":{"name":"","class":5,"surf":0,"highway":"unclassified"},"geometry":{"type":"LineString","coordinates":[[142.19399,-36.71387],[142.19382,-36.71387]]}},{"type":"Feature","properties":{"name":"Barnes Boulevard","class":4,"surf":0,"highway":"tertiary"},"geometry":{"type":"LineString","coordinates":[[142.17812,-36.7276],[142.17875,-36.7276],[142.17935,-36.72749]]}},{"type":"Feature","properties":{"name":"Barnes Boulevard","class":4,"surf":0,"highway":"tertiary"},"geometry":{"type":"LineString","coordinates":[[142.17935,-36.72749],[142.18049,-36.72717]]}},{"type":"Feature","properties":{"name":"Hamilton Road","class":1,"surf":0,"highway":"trunk","ref":"A200"},"geometry":{"type":"LineString","coordinates":[[142.20583,-36.73416],[142.20559,-36.73463],[142.20544,-36.73533]]}},{"type":"Feature","properties":{"name":"Golf Course Road","class":5,"surf":0,"highway":"unclassified"},"geometry":{"type":"LineString","coordinates":[[142.20502,-36.73364],[142.20554,-36.73346]]}},{"type":"Feature","properties":{"name":"Golf Course Road","class":5,"surf":0,"highway":"unclassified"},"geometry":{"type":"LineString","coordinates":[[142.20554,-36.73346],[142.20567,-36.73341]]}},{"type":"Feature","properties":{"name":"Horsham-Lubeck Road","class":3,"surf":0,"highway":"secondary"},"geometry":{"type":"LineString","coordinates":[[142.46687,-36.74519],[142.46675,-36.7452]]}},{"type":"Feature","properties":{"name":"Horsham-Lubeck Road","class":3,"surf":0,"highway":"secondary"},"geometry":{"type":"LineString","coordinates":[[142.46709,-36.74518],[142.46687,-36.74519]]}},{"type":"Feature","properties":{"name":"","class":5,"surf":0,"highway":"unclassified"},"geometry":{"type":"LineString","coordinates":[[142.20027,-36.71496],[142.20027,-36.71546]]}},{"type":"Feature","properties":{"name":"Cook Street","class":5,"surf":0,"highway":"unclassified"},"geometry":{"type":"LineString","coordinates":[[142.20601,-36.71613],[142.20588,-36.71592],[142.2059,-36.71578],[142.20601,-36.71572],[142.20737,-36.71577]]}},{"type":"Feature","properties":{"name":"Hopkins Drive","class":5,"surf":0,"highway":"unclassified"},"geometry":{"type":"LineString","coordinates":[[142.20601,-36.71613],[142.20637,-36.71611],[142.20648,-36.71639],[142.20657,-36.71643],[142.20737,-36.71639]]}},{"type":"Feature","properties":{"name":"Pynsent Street","class":5,"surf":0,"highway":"unclassified"},"geometry":{"type":"LineString","coordinates":[[142.19886,-36.71547],[142.19972,-36.71546]]}},{"type":"Feature","properties":{"name":"Hutchinsons Road","class":5,"surf":0,"highway":"unclassified"},"geometry":{"type":"LineString","coordinates":[[142.04512,-36.75904],[142.04512,-36.76122]]}},{"type":"Feature","properties":{"name":"Hutchinsons Road","class":5,"surf":0,"highway":"unclassified"},"geometry":{"type":"LineString","coordinates":[[142.04512,-36.76122],[142.04515,-36.76278]]}},{"type":"Feature","properties":{"name":"Natimuk-Frances Road","class":2,"surf":0,"highway":"primary","ref":"C213"},"geometry":{"type":"LineString","coordinates":[[141.90475,-36.74155],[141.90568,-36.7414],[141.90712,-36.74138]]}},{"type":"Feature","properties":{"name":"Grahams Bridge Road","class":3,"surf":0,"highway":"secondary"},"geometry":{"type":"LineString","coordinates":[[142.21245,-36.75182],[142.21246,-36.75303]]}},{"type":"Feature","properties":{"name":"Grahams Bridge Road","class":3,"surf":0,"highway":"secondary"},"geometry":{"type":"LineString","coordinates":[[142.21249,-36.74398],[142.21242,-36.74851],[142.21245,-36.75182]]}},{"type":"Feature","properties":{"name":"Kokoda Drive","class":5,"surf":0,"highway":"unclassified"},"geometry":{"type":"LineString","coordinates":[[142.21249,-36.74398],[142.21322,-36.74407],[142.21349,-36.74425],[142.21449,-36.74529],[142.21464,-36.74554],[142.21469,-36.74607],[142.21438,-36.74822],[142.21489,-36.7509],[142.2148,-36.75121],[142.21459,-36.75149],[142.21432,-36.75167],[142.21362,-36.75182],[142.21245,-36.75182]]}},{"type":"Feature","properties":{"name":"Hutchinsons Road","class":5,"surf":0,"highway":"unclassified"},"geometry":{"type":"LineString","coordinates":[[142.04506,-36.75031],[142.04509,-36.75569]]}},{"type":"Feature","properties":{"name":"Hutchinsons Road","class":5,"surf":0,"highway":"unclassified"},"geometry":{"type":"LineString","coordinates":[[142.04509,-36.75569],[142.0451,-36.75686]]}},{"type":"Feature","properties":{"name":"Lake Road","class":3,"surf":0,"highway":"secondary"},"geometry":{"type":"LineString","coordinates":[[141.94727,-36.70798],[141.94689,-36.70988],[141.94652,-36.71069],[141.94617,-36.7112],[141.94423,-36.71328]]}},{"type":"Feature","properties":{"name":"Obrien Court","class":5,"surf":0,"highway":"unclassified"},"geometry":{"type":"LineString","coordinates":[[142.21649,-36.72255],[142.21705,-36.72255]]}},{"type":"Feature","properties":{"name":"Latus Drive","class":5,"surf":0,"highway":"unclassified"},"geometry":{"type":"LineString","coordinates":[[142.21799,-36.72356],[142.21827,-36.72324],[142.21834,-36.72305],[142.21823,-36.72234]]}},{"type":"Feature","properties":{"name":"Odonnell Court","class":5,"surf":0,"highway":"unclassified"},"geometry":{"type":"LineString","coordinates":[[142.21799,-36.72356],[142.2185,-36.72383]]}},{"type":"Feature","properties":{"name":"Duff Street","class":5,"surf":0,"highway":"unclassified"},"geometry":{"type":"LineString","coordinates":[[142.20364,-36.7261],[142.20482,-36.72608]]}},{"type":"Feature","properties":{"name":"Bradshaw Street","class":5,"surf":0,"highway":"unclassified"},"geometry":{"type":"LineString","coordinates":[[142.20354,-36.72476],[142.20364,-36.7261]]}},{"type":"Feature","properties":{"name":"Duff Street","class":5,"surf":0,"highway":"unclassified"},"geometry":{"type":"LineString","coordinates":[[142.20239,-36.72615],[142.20364,-36.7261]]}},{"type":"Feature","properties":{"name":"Hutchinsons Road","class":5,"surf":0,"highway":"unclassified"},"geometry":{"type":"LineString","coordinates":[[142.04515,-36.76278],[142.04513,-36.76403]]}},{"type":"Feature","properties":{"name":"Lanes Avenue","class":4,"surf":0,"highway":"tertiary"},"geometry":{"type":"LineString","coordinates":[[142.01899,-36.75575],[142.01926,-36.7558],[142.02513,-36.75575]]}},{"type":"Feature","properties":{"name":"Three Bridges Road","class":3,"surf":0,"highway":"secondary"},"geometry":{"type":"LineString","coordinates":[[142.11398,-36.76024],[142.11421,-36.76028]]}},{"type":"Feature","properties":{"name":"Three Bridges Road","class":3,"surf":0,"highway":"secondary"},"geometry":{"type":"LineString","coordinates":[[142.11421,-36.76028],[142.11542,-36.76029],[142.11637,-36.76014]]}},{"type":"Feature","properties":{"name":"Three Bridges Road","class":3,"surf":0,"highway":"secondary"},"geometry":{"type":"LineString","coordinates":[[142.16072,-36.7634],[142.16114,-36.76312]]}},{"type":"Feature","properties":{"name":"Three Bridges Road","class":3,"surf":0,"highway":"secondary"},"geometry":{"type":"LineString","coordinates":[[142.15943,-36.76409],[142.15994,-36.76382]]}},{"type":"Feature","properties":{"name":"Plumpton Road","class":5,"surf":0,"highway":"unclassified"},"geometry":{"type":"LineString","coordinates":[[142.20273,-36.73334],[142.20461,-36.73336],[142.20486,-36.73347],[142.20502,-36.73364]]}},{"type":"Feature","properties":{"name":"Natimuk-Hamilton Road","class":2,"surf":0,"highway":"primary","ref":"C219"},"geometry":{"type":"LineString","coordinates":[[141.96606,-36.73767],[141.96606,-36.73809]]}},{"type":"Feature","properties":{"name":"Natimuk-Hamilton Road","class":2,"surf":0,"highway":"primary","ref":"C219"},"geometry":{"type":"LineString","coordinates":[[141.96606,-36.73809],[141.9661,-36.74047]]}},{"type":"Feature","properties":{"name":"Lake Avenue","class":5,"surf":0,"highway":"unclassified"},"geometry":{"type":"LineString","coordinates":[[141.93884,-36.73896],[141.94152,-36.74095],[141.94184,-36.74093],[141.94251,-36.74048]]}},{"type":"Feature","properties":{"name":"Ballyglunin North Road","class":2,"surf":0,"highway":"primary","ref":"C215"},"geometry":{"type":"LineString","coordinates":[[142.32182,-36.7679],[142.32184,-36.77402]]}},{"type":"Feature","properties":{"name":"Ballyglunin North Road","class":2,"surf":0,"highway":"primary","ref":"C215"},"geometry":{"type":"LineString","coordinates":[[142.32185,-36.76618],[142.32182,-36.7679]]}},{"type":"Feature","properties":{"name":"Three Bridges Road","class":3,"surf":0,"highway":"secondary"},"geometry":{"type":"LineString","coordinates":[[142.13555,-36.76283],[142.13585,-36.76362],[142.13615,-36.76403],[142.13703,-36.76469]]}},{"type":"Feature","properties":{"name":"Three Bridges Road","class":3,"surf":0,"highway":"secondary"},"geometry":{"type":"LineString","coordinates":[[142.13703,-36.76469],[142.13786,-36.76499],[142.13909,-36.76507]]}},{"type":"Feature","properties":{"name":"Wards Road","class":3,"surf":0,"highway":"secondary"},"geometry":{"type":"LineString","coordinates":[[142.16895,-36.76075],[142.16889,-36.76752]]}},{"type":"Feature","properties":{"name":"Creek Road","class":3,"surf":0,"highway":"secondary"},"geometry":{"type":"LineString","coordinates":[[141.92079,-36.7571],[141.9203,-36.75764],[141.91989,-36.75833],[141.91927,-36.76083],[141.91894,-36.76173]]}},{"type":"Feature","properties":{"name":"Carmichaels Road","class":5,"surf":0,"highway":"unclassified"},"geometry":{"type":"LineString","coordinates":[[142.10515,-36.7738],[142.10557,-36.77405],[142.10573,-36.77406]]}},{"type":"Feature","properties":{"name":"Fultons Road","class":3,"surf":0,"highway":"secondary"},"geometry":{"type":"LineString","coordinates":[[142.13554,-36.76506],[142.13554,-36.76667]]}},{"type":"Feature","properties":{"name":"Western Highway","class":1,"surf":0,"highway":"trunk","ref":"A8"},"geometry":{"type":"LineString","coordinates":[[142.11677,-36.58258],[142.11697,-36.58301],[142.11723,-36.58338]]}},{"type":"Feature","properties":{"name":"Western Highway","class":1,"surf":0,"highway":"trunk","ref":"A8"},"geometry":{"type":"LineString","coordinates":[[142.11723,-36.58338],[142.11856,-36.58508]]}},{"type":"Feature","properties":{"name":"Plozzas Road","class":3,"surf":0,"highway":"secondary"},"geometry":{"type":"LineString","coordinates":[[142.1842,-36.7529],[142.18746,-36.75292]]}},{"type":"Feature","properties":{"name":"Plozzas Road","class":3,"surf":0,"highway":"secondary"},"geometry":{"type":"LineString","coordinates":[[142.18746,-36.75292],[142.19245,-36.75296]]}},{"type":"Feature","properties":{"name":"Schurmann Street","class":5,"surf":0,"highway":"unclassified"},"geometry":{"type":"LineString","coordinates":[[141.9375,-36.74471],[141.93789,-36.74532]]}},{"type":"Feature","properties":{"name":"Fultons Road","class":3,"surf":0,"highway":"secondary"},"geometry":{"type":"LineString","coordinates":[[142.13555,-36.76933],[142.13558,-36.7716],[142.13547,-36.77179]]}},{"type":"Feature","properties":{"name":"Netherway Drive","class":3,"surf":0,"highway":"secondary"},"geometry":{"type":"LineString","coordinates":[[142.02849,-36.76977],[142.02958,-36.7697]]}},{"type":"Feature","properties":{"name":"Creek Road","class":3,"surf":0,"highway":"secondary"},"geometry":{"type":"LineString","coordinates":[[141.90131,-36.7796],[141.90137,-36.77978],[141.90132,-36.77992],[141.9012,-36.78002],[141.89674,-36.78197]]}},{"type":"Feature","properties":{"name":"Western Highway","class":1,"surf":0,"highway":"trunk","ref":"A8"},"geometry":{"type":"LineString","coordinates":[[142.11856,-36.58508],[142.11991,-36.58686]]}},{"type":"Feature","properties":{"name":"Henty Highway","class":1,"surf":0,"highway":"trunk","ref":"B200"},"geometry":{"type":"LineString","coordinates":[[142.27792,-36.59428],[142.28037,-36.58852]]}},{"type":"Feature","properties":{"name":"Henty Highway","class":1,"surf":0,"highway":"trunk","ref":"B200"},"geometry":{"type":"LineString","coordinates":[[142.28037,-36.58852],[142.28092,-36.58726]]}},{"type":"Feature","properties":{"name":"Henty Highway","class":1,"surf":0,"highway":"trunk","ref":"B200"},"geometry":{"type":"LineString","coordinates":[[142.28092,-36.58726],[142.28206,-36.58451]]}},{"type":"Feature","properties":{"name":"Western Highway","class":1,"surf":0,"highway":"trunk","ref":"A8"},"geometry":{"type":"LineString","coordinates":[[142.23489,-36.75309],[142.23813,-36.75485]]}},{"type":"Feature","properties":{"name":"Western Highway","class":1,"surf":0,"highway":"trunk","ref":"A8"},"geometry":{"type":"LineString","coordinates":[[142.23813,-36.75485],[142.24111,-36.75645]]}},{"type":"Feature","properties":{"name":"Horsham-Lubeck Road","class":3,"surf":0,"highway":"secondary"},"geometry":{"type":"LineString","coordinates":[[142.37641,-36.76596],[142.37622,-36.76644],[142.37589,-36.76692]]}},{"type":"Feature","properties":{"name":"Hateleys Road","class":3,"surf":0,"highway":"secondary"},"geometry":{"type":"LineString","coordinates":[[141.96628,-36.75586],[141.98439,-36.75571]]}},{"type":"Feature","properties":{"name":"McKenzie Creek Reserve Road","class":3,"surf":0,"highway":"secondary"},"geometry":{"type":"LineString","coordinates":[[142.17922,-36.81007],[142.17999,-36.81013]]}},{"type":"Feature","properties":{"name":"Nixons Road","class":3,"surf":0,"highway":"secondary"},"geometry":{"type":"LineString","coordinates":[[142.16115,-36.86317],[142.17103,-36.8632]]}},{"type":"Feature","properties":{"name":"Horsham-Wal Wal Road","class":3,"surf":0,"highway":"secondary"},"geometry":{"type":"LineString","coordinates":[[142.45899,-36.8117],[142.45832,-36.81164]]}},{"type":"Feature","properties":{"name":"Horsham-Wal Wal Road","class":3,"surf":0,"highway":"secondary"},"geometry":{"type":"LineString","coordinates":[[142.39755,-36.81203],[142.39694,-36.81212],[142.39636,-36.81231],[142.39593,-36.81254],[142.39533,-36.813]]}},{"type":"Feature","properties":{"name":"Nixons Road","class":3,"surf":0,"highway":"secondary"},"geometry":{"type":"LineString","coordinates":[[142.14585,-36.86306],[142.14645,-36.86312],[142.1591,-36.86316]]}},{"type":"Feature","properties":{"name":"Nixons Road","class":3,"surf":0,"highway":"secondary"},"geometry":{"type":"LineString","coordinates":[[142.1591,-36.86316],[142.16115,-36.86317]]}},{"type":"Feature","properties":{"name":"Mackleys Road","class":5,"surf":0,"highway":"unclassified"},"geometry":{"type":"LineString","coordinates":[[142.17226,-36.76909],[142.17273,-36.7695],[142.17379,-36.76999],[142.17419,-36.77038],[142.1742,-36.77067],[142.17427,-36.77062],[142.17421,-36.77141],[142.17426,-36.77162],[142.17475,-36.77223],[142.17548,-36.77337],[142.17598,-36.77382],[142.17683,-36.7742],[142.17804,-36.77444],[142.17954,-36.77415],[142.1819,-36.77401]]}},{"type":"Feature","properties":{"name":"Northern Grampians Road","class":2,"surf":0,"highway":"primary","ref":"C222"},"geometry":{"type":"LineString","coordinates":[[142.36024,-37.05863],[142.36071,-37.05913]]}},{"type":"Feature","properties":{"name":"McPherson Street","class":5,"surf":0,"highway":"unclassified"},"geometry":{"type":"LineString","coordinates":[[142.20515,-36.71878],[142.20518,-36.71955]]}},{"type":"Feature","properties":{"name":"Anderson Street","class":5,"surf":0,"highway":"unclassified"},"geometry":{"type":"LineString","coordinates":[[142.2051,-36.706],[142.20645,-36.70599]]}},{"type":"Feature","properties":{"name":"Duff Street","class":5,"surf":0,"highway":"unclassified"},"geometry":{"type":"LineString","coordinates":[[142.20482,-36.72608],[142.20502,-36.72607]]}},{"type":"Feature","properties":{"name":"Mt Arapiles Summit Road","class":3,"surf":0,"highway":"secondary"},"geometry":{"type":"LineString","coordinates":[[141.8475,-36.77381],[141.8478,-36.77378]]}},{"type":"Feature","properties":{"name":"Campus Drive","class":5,"surf":0,"highway":"unclassified"},"geometry":{"type":"LineString","coordinates":[[142.30363,-36.66708],[142.30333,-36.66727]]}},{"type":"Feature","properties":{"name":"Campus Drive","class":5,"surf":0,"highway":"unclassified"},"geometry":{"type":"LineString","coordinates":[[142.30363,-36.66708],[142.30402,-36.66708]]}},{"type":"Feature","properties":{"name":"Orchard Drive","class":5,"surf":0,"highway":"unclassified"},"geometry":{"type":"LineString","coordinates":[[142.3054,-36.66337],[142.30539,-36.66393]]}},{"type":"Feature","properties":{"name":"Western Highway","class":1,"surf":0,"highway":"trunk","ref":"A8"},"geometry":{"type":"LineString","coordinates":[[142.24367,-36.75781],[142.24508,-36.75855]]}},{"type":"Feature","properties":{"name":"Major Mitchell Drive","class":5,"surf":0,"highway":"unclassified"},"geometry":{"type":"LineString","coordinates":[[142.19419,-36.72758],[142.19467,-36.72741],[142.19499,-36.72714]]}},{"type":"Feature","properties":{"name":"Trinity Drive","class":5,"surf":0,"highway":"unclassified"},"geometry":{"type":"LineString","coordinates":[[142.21414,-36.70852],[142.21482,-36.70852]]}},{"type":"Feature","properties":{"name":"Horsham-Lubeck Road","class":3,"surf":0,"highway":"secondary"},"geometry":{"type":"LineString","coordinates":[[142.46404,-36.74532],[142.46352,-36.74532]]}},{"type":"Feature","properties":{"name":"Telangatuk East-Rocklands Road","class":3,"surf":0,"highway":"secondary"},"geometry":{"type":"LineString","coordinates":[[141.97902,-37.05849],[141.97849,-37.062]]}},{"type":"Feature","properties":{"name":"Natimuk-Hamilton Road","class":2,"surf":0,"highway":"primary","ref":"C214"},"geometry":{"type":"LineString","coordinates":[[141.94031,-36.95674],[141.94003,-36.95863]]}},{"type":"Feature","properties":{"name":"Tucker Street","class":5,"surf":0,"highway":"unclassified"},"geometry":{"type":"LineString","coordinates":[[142.21081,-36.70888],[142.21014,-36.70948],[142.21012,-36.70976]]}},{"type":"Feature","properties":{"name":"Wonwondah-Toolondo Road","class":3,"surf":0,"highway":"secondary"},"geometry":{"type":"LineString","coordinates":[[141.98089,-36.98625],[141.98206,-36.98564]]}},{"type":"Feature","properties":{"name":"Webster Street","class":5,"surf":0,"highway":"unclassified"},"geometry":{"type":"LineString","coordinates":[[142.21646,-36.70699],[142.21646,-36.70752]]}},{"type":"Feature","properties":{"name":"Clark Street","class":5,"surf":0,"highway":"unclassified"},"geometry":{"type":"LineString","coordinates":[[142.20365,-36.72026],[142.20365,-36.72085]]}},{"type":"Feature","properties":{"name":"Albert Street","class":4,"surf":0,"highway":"tertiary"},"geometry":{"type":"LineString","coordinates":[[142.20509,-36.70422],[142.20509,-36.7044]]}},{"type":"Feature","properties":{"name":"Young Street","class":5,"surf":0,"highway":"unclassified"},"geometry":{"type":"LineString","coordinates":[[142.20792,-36.72719],[142.20895,-36.7272]]}},{"type":"Feature","properties":{"name":"Arnold Street","class":5,"surf":0,"highway":"unclassified"},"geometry":{"type":"LineString","coordinates":[[142.1871,-36.70572],[142.18831,-36.7063]]}},{"type":"Feature","properties":{"name":"King Drive","class":5,"surf":0,"highway":"unclassified"},"geometry":{"type":"LineString","coordinates":[[142.19454,-36.73338],[142.19454,-36.73559]]}},{"type":"Feature","properties":{"name":"Buckley Street","class":5,"surf":0,"highway":"unclassified"},"geometry":{"type":"LineString","coordinates":[[142.1836,-36.71508],[142.18414,-36.71481],[142.18523,-36.71481]]}},{"type":"Feature","properties":{"name":"Wawunna Road","class":4,"surf":0,"highway":"tertiary"},"geometry":{"type":"LineString","coordinates":[[142.19622,-36.70062],[142.19622,-36.70262]]}},{"type":"Feature","properties":{"name":"Dixon Drive","class":5,"surf":0,"highway":"unclassified"},"geometry":{"type":"LineString","coordinates":[[142.1998,-36.72321],[142.20088,-36.7231]]}},{"type":"Feature","properties":{"name":"Laharum Road","class":2,"surf":0,"highway":"primary"},"geometry":{"type":"LineString","coordinates":[[142.23069,-36.87509],[142.23098,-36.8756]]}},{"type":"Feature","properties":{"name":"Melaleuca Place","class":5,"surf":0,"highway":"unclassified"},"geometry":{"type":"LineString","coordinates":[[142.21626,-36.70901],[142.21627,-36.70982]]}},{"type":"Feature","properties":{"name":"","class":5,"surf":0,"highway":"unclassified"},"geometry":{"type":"LineString","coordinates":[[142.35768,-36.6078],[142.35769,-36.60683]]}},{"type":"Feature","properties":{"name":"Natimuk-Hamilton Road","class":2,"surf":0,"highway":"primary","ref":"C219"},"geometry":{"type":"LineString","coordinates":[[141.96643,-36.82188],[141.96633,-36.82263]]}},{"type":"Feature","properties":{"name":"","class":5,"surf":0,"highway":"unclassified"},"geometry":{"type":"LineString","coordinates":[[142.19824,-36.72323],[142.19804,-36.72311],[142.19783,-36.72317]]}},{"type":"Feature","properties":{"name":"Mill Street","class":5,"surf":0,"highway":"unclassified"},"geometry":{"type":"LineString","coordinates":[[142.20064,-36.70662],[142.2009,-36.70658],[142.20122,-36.7064]]}},{"type":"Feature","properties":{"name":"Harriett Street","class":5,"surf":0,"highway":"unclassified"},"geometry":{"type":"LineString","coordinates":[[142.20489,-36.70869],[142.20802,-36.70866]]}},{"type":"Feature","properties":{"name":"Natimuk Road","class":1,"surf":0,"highway":"trunk","ref":"C240"},"geometry":{"type":"LineString","coordinates":[[142.17595,-36.72299],[142.17788,-36.72224]]}},{"type":"Feature","properties":{"name":"Henty Highway","class":1,"surf":0,"highway":"trunk","ref":"B200"},"geometry":{"type":"LineString","coordinates":[[142.3799,-36.44921],[142.37984,-36.44931]]}},{"type":"Feature","properties":{"name":"Dimboola-Minyip Road","class":3,"surf":0,"highway":"secondary"},"geometry":{"type":"LineString","coordinates":[[142.37976,-36.44921],[142.37984,-36.44931]]}},{"type":"Feature","properties":{"name":"Minyip-Dimboola Road","class":3,"surf":0,"highway":"secondary"},"geometry":{"type":"LineString","coordinates":[[142.37984,-36.44931],[142.38003,-36.4494],[142.38037,-36.44941],[142.38139,-36.44921]]}},{"type":"Feature","properties":{"name":"Macinnes Court","class":5,"surf":0,"highway":"unclassified"},"geometry":{"type":"LineString","coordinates":[[142.18198,-36.71384],[142.18195,-36.71399],[142.18216,-36.71451],[142.18236,-36.71477]]}},{"type":"Feature","properties":{"name":"Dimboola-Minyip Road","class":3,"surf":0,"highway":"secondary"},"geometry":{"type":"LineString","coordinates":[[142.3299,-36.4404],[142.33135,-36.44039],[142.33378,-36.44003]]}},{"type":"Feature","properties":{"name":"Dimboola-Minyip Road","class":3,"surf":0,"highway":"secondary"},"geometry":{"type":"LineString","coordinates":[[142.34176,-36.44004],[142.34263,-36.44022],[142.34346,-36.44059],[142.34418,-36.44104]]}},{"type":"Feature","properties":{"name":"College Avenue","class":5,"surf":0,"highway":"unclassified"},"geometry":{"type":"LineString","coordinates":[[142.30568,-36.66961],[142.30594,-36.6696]]}},{"type":"Feature","properties":{"name":"Tatlock Street","class":5,"surf":0,"highway":"unclassified"},"geometry":{"type":"LineString","coordinates":[[142.17617,-36.71405],[142.17584,-36.71392],[142.17557,-36.7139],[142.17398,-36.71437],[142.17352,-36.71442]]}},{"type":"Feature","properties":{"name":"Colonial Drive","class":5,"surf":0,"highway":"unclassified"},"geometry":{"type":"LineString","coordinates":[[142.17892,-36.7479],[142.18103,-36.74881]]}},{"type":"Feature","properties":{"name":"Colonial Drive","class":5,"surf":0,"highway":"unclassified"},"geometry":{"type":"LineString","coordinates":[[142.18103,-36.74881],[142.18108,-36.74893],[142.18099,-36.74931],[142.18043,-36.75016]]}},{"type":"Feature","properties":{"name":"Mackenzie Court","class":5,"surf":0,"highway":"unclassified"},"geometry":{"type":"LineString","coordinates":[[142.18103,-36.74881],[142.18168,-36.74877],[142.18205,-36.74859],[142.18231,-36.74835],[142.18242,-36.74817],[142.18257,-36.74699],[142.1827,-36.74665]]}},{"type":"Feature","properties":{"name":"Brimpaen-Laharum Road","class":3,"surf":0,"highway":"secondary"},"geometry":{"type":"LineString","coordinates":[[142.30645,-37.0282],[142.30547,-37.02873],[142.30479,-37.02896],[142.29982,-37.0303]]}},{"type":"Feature","properties":{"name":"Western Highway","class":1,"surf":0,"highway":"trunk","ref":"A8"},"geometry":{"type":"LineString","coordinates":[[142.21869,-36.74418],[142.22548,-36.74791]]}},{"type":"Feature","properties":{"name":"North East Wonwondah Road","class":3,"surf":0,"highway":"secondary"},"geometry":{"type":"LineString","coordinates":[[142.21403,-36.87802],[142.21792,-36.87802]]}},{"type":"Feature","properties":{"name":"Watson Court","class":5,"surf":0,"highway":"unclassified"},"geometry":{"type":"LineString","coordinates":[[142.21187,-36.7236],[142.21207,-36.7236],[142.21213,-36.7237],[142.21205,-36.72377],[142.21185,-36.72378]]}},{"type":"Feature","properties":{"name":"Watson Court","class":5,"surf":0,"highway":"unclassified"},"geometry":{"type":"LineString","coordinates":[[142.21185,-36.72378],[142.21166,-36.72376],[142.21162,-36.72367],[142.21168,-36.72361],[142.21187,-36.7236]]}},{"type":"Feature","properties":{"name":"Federation Avenue","class":5,"surf":0,"highway":"unclassified"},"geometry":{"type":"LineString","coordinates":[[142.17512,-36.7248],[142.17607,-36.72431]]}},{"type":"Feature","properties":{"name":"Harders Street","class":5,"surf":0,"highway":"unclassified"},"geometry":{"type":"LineString","coordinates":[[142.20257,-36.73012],[142.20385,-36.73009]]}},{"type":"Feature","properties":{"name":"River Road","class":5,"surf":0,"highway":"unclassified"},"geometry":{"type":"LineString","coordinates":[[142.20257,-36.73012],[142.20273,-36.73334]]}},{"type":"Feature","properties":{"name":"River Road","class":5,"surf":0,"highway":"unclassified"},"geometry":{"type":"LineString","coordinates":[[142.20246,-36.72779],[142.20257,-36.73012]]}},{"type":"Feature","properties":{"name":"Rasmussen Road","class":3,"surf":0,"highway":"secondary"},"geometry":{"type":"LineString","coordinates":[[142.22309,-36.69679],[142.22344,-36.69697]]}},{"type":"Feature","properties":{"name":"Rasmussen Road","class":3,"surf":0,"highway":"secondary"},"geometry":{"type":"LineString","coordinates":[[142.22291,-36.69677],[142.22309,-36.69679]]}},{"type":"Feature","properties":{"name":"Edith Street","class":5,"surf":0,"highway":"unclassified"},"geometry":{"type":"LineString","coordinates":[[142.21338,-36.70445],[142.21368,-36.7046]]}},{"type":"Feature","properties":{"name":"Wimmera Highway","class":1,"surf":0,"highway":"trunk","ref":"B240"},"geometry":{"type":"LineString","coordinates":[[142.30832,-36.63267],[142.30864,-36.63267]]}},{"type":"Feature","properties":{"name":"Molyneaux Road","class":5,"surf":0,"highway":"unclassified"},"geometry":{"type":"LineString","coordinates":[[142.27806,-36.64682],[142.27811,-36.64693],[142.27828,-36.64703]]}},{"type":"Feature","properties":{"name":"Hazel Street","class":5,"surf":0,"highway":"unclassified"},"geometry":{"type":"LineString","coordinates":[[142.18984,-36.70739],[142.19003,-36.70712]]}},{"type":"Feature","properties":{"name":"Motavu Drive","class":5,"surf":0,"highway":"unclassified"},"geometry":{"type":"LineString","coordinates":[[142.19996,-36.69861],[142.2,-36.69938],[142.20044,-36.69942],[142.20065,-36.69917],[142.20156,-36.69938]]}},{"type":"Feature","properties":{"name":"Alexander Avenue","class":5,"surf":0,"highway":"unclassified"},"geometry":{"type":"LineString","coordinates":[[142.19891,-36.69894],[142.19891,-36.69936]]}},{"type":"Feature","properties":{"name":"Guy Court","class":5,"surf":0,"highway":"unclassified"},"geometry":{"type":"LineString","coordinates":[[142.19728,-36.7003],[142.19769,-36.7004]]}},{"type":"Feature","properties":{"name":"Davis Drive","class":4,"surf":0,"highway":"tertiary"},"geometry":{"type":"LineString","coordinates":[[142.19703,-36.69817],[142.19669,-36.6985],[142.19642,-36.69897]]}},{"type":"Feature","properties":{"name":"Davis Drive","class":4,"surf":0,"highway":"tertiary"},"geometry":{"type":"LineString","coordinates":[[142.19858,-36.69692],[142.19836,-36.6971]]}},{"type":"Feature","properties":{"name":"Davis Drive","class":4,"surf":0,"highway":"tertiary"},"geometry":{"type":"LineString","coordinates":[[142.20221,-36.69411],[142.2018,-36.69415],[142.20136,-36.69461],[142.19858,-36.69692]]}},{"type":"Feature","properties":{"name":"Flintoff Close","class":5,"surf":0,"highway":"unclassified"},"geometry":{"type":"LineString","coordinates":[[142.19139,-36.70178],[142.19225,-36.70173]]}},{"type":"Feature","properties":{"name":"Uebergang Court","class":5,"surf":0,"highway":"unclassified"},"geometry":{"type":"LineString","coordinates":[[142.19034,-36.70182],[142.19028,-36.70205],[142.19036,-36.70264]]}},{"type":"Feature","properties":{"name":"Lukin Court","class":5,"surf":0,"highway":"unclassified"},"geometry":{"type":"LineString","coordinates":[[142.18918,-36.70121],[142.19005,-36.70097]]}},{"type":"Feature","properties":{"name":"Nunn Court","class":5,"surf":0,"highway":"unclassified"},"geometry":{"type":"LineString","coordinates":[[142.18871,-36.70173],[142.18926,-36.70173]]}},{"type":"Feature","properties":{"name":"Knight Place","class":5,"surf":0,"highway":"unclassified"},"geometry":{"type":"LineString","coordinates":[[142.20539,-36.69925],[142.20636,-36.69925]]}},{"type":"Feature","properties":{"name":"Rodda Place","class":5,"surf":0,"highway":"unclassified"},"geometry":{"type":"LineString","coordinates":[[142.20509,-36.70002],[142.20624,-36.70001]]}},{"type":"Feature","properties":{"name":"Hennessy Street","class":5,"surf":0,"highway":"unclassified"},"geometry":{"type":"LineString","coordinates":[[142.2072,-36.69847],[142.2071,-36.70077],[142.20503,-36.70079]]}},{"type":"Feature","properties":{"name":"Watts Street","class":5,"surf":0,"highway":"unclassified"},"geometry":{"type":"LineString","coordinates":[[142.20503,-36.70161],[142.20697,-36.70161]]}},{"type":"Feature","properties":{"name":"Winifred Street","class":5,"surf":0,"highway":"unclassified"},"geometry":{"type":"LineString","coordinates":[[142.2078,-36.70144],[142.2078,-36.70204]]}},{"type":"Feature","properties":{"name":"McMillan Court","class":5,"surf":0,"highway":"unclassified"},"geometry":{"type":"LineString","coordinates":[[142.20971,-36.70224],[142.20978,-36.7025],[142.20991,-36.70261],[142.2106,-36.70294]]}},{"type":"Feature","properties":{"name":"Twycross Court","class":5,"surf":0,"highway":"unclassified"},"geometry":{"type":"LineString","coordinates":[[142.20872,-36.70353],[142.20889,-36.70348],[142.20914,-36.70325]]}},{"type":"Feature","properties":{"name":"Gardenia Street","class":5,"surf":0,"highway":"unclassified"},"geometry":{"type":"LineString","coordinates":[[142.19292,-36.72197],[142.19293,-36.7234]]}},{"type":"Feature","properties":{"name":"Wawunna Road","class":4,"surf":0,"highway":"tertiary"},"geometry":{"type":"LineString","coordinates":[[142.19642,-36.69897],[142.19631,-36.69924]]}},{"type":"Feature","properties":{"name":"Riley Road","class":3,"surf":0,"highway":"secondary"},"geometry":{"type":"LineString","coordinates":[[142.1962,-36.69698],[142.19814,-36.69699],[142.19836,-36.6971]]}},{"type":"Feature","properties":{"name":"Riley Road","class":3,"surf":0,"highway":"secondary"},"geometry":{"type":"LineString","coordinates":[[142.18704,-36.697],[142.19278,-36.69699]]}},{"type":"Feature","properties":{"name":"Riley Road","class":3,"surf":0,"highway":"secondary"},"geometry":{"type":"LineString","coordinates":[[142.19278,-36.69699],[142.1962,-36.69698]]}},{"type":"Feature","properties":{"name":"Kalkee Road","class":3,"surf":0,"highway":"secondary","ref":"C231"},"geometry":{"type":"LineString","coordinates":[[142.20224,-36.69697],[142.20219,-36.69767],[142.20211,-36.6979]]}},{"type":"Feature","properties":{"name":"Stawell Road","class":1,"surf":0,"highway":"trunk","ref":"A8"},"geometry":{"type":"LineString","coordinates":[[142.20502,-36.72607],[142.20499,-36.72553]]}},{"type":"Feature","properties":{"name":"Winifred Street","class":5,"surf":0,"highway":"unclassified"},"geometry":{"type":"LineString","coordinates":[[142.20779,-36.70439],[142.20779,-36.70499]]}},{"type":"Feature","properties":{"name":"Stawell Road","class":1,"surf":0,"highway":"trunk","ref":"A8"},"geometry":{"type":"LineString","coordinates":[[142.2069,-36.73457],[142.20805,-36.73557]]}},{"type":"Feature","properties":{"name":"Wavell Street","class":4,"surf":0,"highway":"tertiary"},"geometry":{"type":"LineString","coordinates":[[142.19488,-36.70263],[142.19622,-36.70262]]}},{"type":"Feature","properties":{"name":"Natimuk-Hamilton Road","class":2,"surf":0,"highway":"primary","ref":"C219"},"geometry":{"type":"LineString","coordinates":[[141.96576,-36.73113],[141.96594,-36.73144],[141.96604,-36.73181],[141.96606,-36.73767]]}},{"type":"Feature","properties":{"name":"Park Drive","class":5,"surf":0,"highway":"unclassified"},"geometry":{"type":"LineString","coordinates":[[142.19397,-36.71417],[142.19387,-36.71448]]}},{"type":"Feature","properties":{"name":"Park Drive","class":5,"surf":0,"highway":"unclassified"},"geometry":{"type":"LineString","coordinates":[[142.19399,-36.71387],[142.19399,-36.71404]]}},{"type":"Feature","properties":{"name":"Park Drive","class":5,"surf":0,"highway":"unclassified"},"geometry":{"type":"LineString","coordinates":[[142.19399,-36.71404],[142.19397,-36.71417]]}},{"type":"Feature","properties":{"name":"Park Drive","class":5,"surf":0,"highway":"unclassified"},"geometry":{"type":"LineString","coordinates":[[142.19357,-36.71509],[142.19341,-36.71538]]}},{"type":"Feature","properties":{"name":"Park Drive","class":5,"surf":0,"highway":"unclassified"},"geometry":{"type":"LineString","coordinates":[[142.19341,-36.71538],[142.19323,-36.71573]]}},{"type":"Feature","properties":{"name":"Park Drive","class":5,"surf":0,"highway":"unclassified"},"geometry":{"type":"LineString","coordinates":[[142.19362,-36.71501],[142.19357,-36.71509]]}},{"type":"Feature","properties":{"name":"Park Drive","class":5,"surf":0,"highway":"unclassified"},"geometry":{"type":"LineString","coordinates":[[142.19373,-36.71479],[142.19362,-36.71501]]}},{"type":"Feature","properties":{"name":"Asplins Road","class":5,"surf":0,"highway":"unclassified"},"geometry":{"type":"LineString","coordinates":[[142.02832,-36.74068],[142.02833,-36.74177]]}},{"type":"Feature","properties":{"name":"Jahn Avenue","class":5,"surf":0,"highway":"unclassified"},"geometry":{"type":"LineString","coordinates":[[142.01892,-36.74698],[142.02501,-36.74696]]}},{"type":"Feature","properties":{"name":"Asplins Road","class":5,"surf":0,"highway":"unclassified"},"geometry":{"type":"LineString","coordinates":[[142.02833,-36.74177],[142.02833,-36.74289]]}},{"type":"Feature","properties":{"name":"Asplins Road","class":5,"surf":0,"highway":"unclassified"},"geometry":{"type":"LineString","coordinates":[[142.02838,-36.7542],[142.02839,-36.75576]]}},{"type":"Feature","properties":{"name":"Lanes Avenue","class":4,"surf":0,"highway":"tertiary"},"geometry":{"type":"LineString","coordinates":[[142.02839,-36.75576],[142.03077,-36.75575]]}},{"type":"Feature","properties":{"name":"Lanes Avenue","class":4,"surf":0,"highway":"tertiary"},"geometry":{"type":"LineString","coordinates":[[142.02513,-36.75575],[142.02839,-36.75576]]}},{"type":"Feature","properties":{"name":"Henty Highway","class":1,"surf":0,"highway":"trunk","ref":"B200"},"geometry":{"type":"LineString","coordinates":[[142.32436,-36.52451],[142.3256,-36.52322]]}},{"type":"Feature","properties":{"name":"Henty Highway","class":1,"surf":0,"highway":"trunk","ref":"B200"},"geometry":{"type":"LineString","coordinates":[[142.30074,-36.5528],[142.30919,-36.54026],[142.31067,-36.5387]]}},{"type":"Feature","properties":{"name":"Henty Highway","class":1,"surf":0,"highway":"trunk","ref":"B200"},"geometry":{"type":"LineString","coordinates":[[142.30038,-36.55333],[142.30074,-36.5528]]}},{"type":"Feature","properties":{"name":"Henty Highway","class":1,"surf":0,"highway":"trunk","ref":"B200"},"geometry":{"type":"LineString","coordinates":[[142.29023,-36.56839],[142.30038,-36.55333]]}},{"type":"Feature","properties":{"name":"Henty Highway","class":1,"surf":0,"highway":"trunk","ref":"B200"},"geometry":{"type":"LineString","coordinates":[[142.28657,-36.57384],[142.29023,-36.56839]]}},{"type":"Feature","properties":{"name":"Natimuk-Hamilton Road","class":2,"surf":0,"highway":"primary","ref":"C214"},"geometry":{"type":"LineString","coordinates":[[141.96063,-36.8766],[141.95839,-36.89141]]}},{"type":"Feature","properties":{"name":"Baker Street","class":5,"surf":0,"highway":"unclassified"},"geometry":{"type":"LineString","coordinates":[[142.36013,-36.60881],[142.36013,-36.60958]]}},{"type":"Feature","properties":{"name":"Baker Street","class":5,"surf":0,"highway":"unclassified"},"geometry":{"type":"LineString","coordinates":[[142.36014,-36.60854],[142.36013,-36.60881]]}},{"type":"Feature","properties":{"name":"Baker Street","class":5,"surf":0,"highway":"unclassified"},"geometry":{"type":"LineString","coordinates":[[142.36014,-36.60784],[142.36014,-36.60854]]}},{"type":"Feature","properties":{"name":"Main Street","class":5,"surf":0,"highway":"unclassified"},"geometry":{"type":"LineString","coordinates":[[142.35826,-36.60779],[142.36014,-36.60784]]}},{"type":"Feature","properties":{"name":"John McPhees Drive","class":5,"surf":0,"highway":"unclassified"},"geometry":{"type":"LineString","coordinates":[[141.97946,-37.0253],[141.98412,-37.02521]]}},{"type":"Feature","properties":{"name":"Telangatuk East-Rocklands Road","class":3,"surf":0,"highway":"secondary"},"geometry":{"type":"LineString","coordinates":[[141.98306,-37.03206],[141.98304,-37.03226]]}},{"type":"Feature","properties":{"name":"Telangatuk East-Rocklands Road","class":3,"surf":0,"highway":"secondary"},"geometry":{"type":"LineString","coordinates":[[141.98403,-37.0257],[141.98306,-37.03206]]}},{"type":"Feature","properties":{"name":"Telangatuk East-Rocklands Road","class":3,"surf":0,"highway":"secondary"},"geometry":{"type":"LineString","coordinates":[[141.97991,-37.05244],[141.97989,-37.05263]]}},{"type":"Feature","properties":{"name":"Telangatuk East-Rocklands Road","class":3,"surf":0,"highway":"secondary"},"geometry":{"type":"LineString","coordinates":[[141.97989,-37.05263],[141.97902,-37.05849]]}},{"type":"Feature","properties":{"name":"Baker Street","class":5,"surf":0,"highway":"unclassified"},"geometry":{"type":"LineString","coordinates":[[142.36014,-36.60735],[142.36014,-36.60784]]}},{"type":"Feature","properties":{"name":"Baker Street","class":5,"surf":0,"highway":"unclassified"},"geometry":{"type":"LineString","coordinates":[[142.36014,-36.60674],[142.36014,-36.60735]]}},{"type":"Feature","properties":{"name":"Baker Street","class":5,"surf":0,"highway":"unclassified"},"geometry":{"type":"LineString","coordinates":[[142.36017,-36.6019],[142.36014,-36.60674]]}},{"type":"Feature","properties":{"name":"Jung North Road","class":5,"surf":0,"highway":"unclassified"},"geometry":{"type":"LineString","coordinates":[[142.36026,-36.58794],[142.36024,-36.59089]]}},{"type":"Feature","properties":{"name":"Wimmera Highway","class":1,"surf":0,"highway":"trunk","ref":"B240"},"geometry":{"type":"LineString","coordinates":[[142.35509,-36.62643],[142.35902,-36.6235]]}},{"type":"Feature","properties":{"name":"Wimmera Highway","class":1,"surf":0,"highway":"trunk","ref":"B240"},"geometry":{"type":"LineString","coordinates":[[142.32131,-36.63251],[142.33739,-36.63253]]}},{"type":"Feature","properties":{"name":"Wimmera Highway","class":1,"surf":0,"highway":"trunk","ref":"B240"},"geometry":{"type":"LineString","coordinates":[[142.30864,-36.63267],[142.32131,-36.63251]]}},{"type":"Feature","properties":{"name":"Creek Road","class":3,"surf":0,"highway":"secondary"},"geometry":{"type":"LineString","coordinates":[[141.90375,-36.77606],[141.90333,-36.77638],[141.90113,-36.77703],[141.90075,-36.77717],[141.90063,-36.77729],[141.90056,-36.77757],[141.90108,-36.77914],[141.90131,-36.7796]]}},{"type":"Feature","properties":{"name":"Creek Road","class":3,"surf":0,"highway":"secondary"},"geometry":{"type":"LineString","coordinates":[[141.90429,-36.77523],[141.90415,-36.77553],[141.90375,-36.77606]]}},{"type":"Feature","properties":{"name":"Northern Grampians Road","class":2,"surf":0,"highway":"primary","ref":"C222"},"geometry":{"type":"LineString","coordinates":[[142.32252,-36.88495],[142.32255,-36.88515]]}},{"type":"Feature","properties":{"name":"Harrow-Kanagulk Road","class":3,"surf":0,"highway":"secondary"},"geometry":{"type":"LineString","coordinates":[[141.77429,-37.09402],[141.77339,-37.09447]]}},{"type":"Feature","properties":{"name":"Wombelano Road","class":2,"surf":0,"highway":"primary","ref":"C205"},"geometry":{"type":"LineString","coordinates":[[141.77357,-37.09334],[141.77429,-37.09402]]}},{"type":"Feature","properties":{"name":"Wombelano Road","class":2,"surf":0,"highway":"primary","ref":"C205"},"geometry":{"type":"LineString","coordinates":[[141.77429,-37.09402],[141.7782,-37.09846]]}},{"type":"Feature","properties":{"name":"Wombelano Road","class":2,"surf":0,"highway":"primary","ref":"C205"},"geometry":{"type":"LineString","coordinates":[[141.78596,-37.10081],[141.7868,-37.10135],[141.78791,-37.10233],[141.80213,-37.1153]]}},{"type":"Feature","properties":{"name":"Wombelano Road","class":2,"surf":0,"highway":"primary","ref":"C205"},"geometry":{"type":"LineString","coordinates":[[141.78439,-37.10038],[141.78561,-37.10067],[141.78596,-37.10081]]}},{"type":"Feature","properties":{"name":"Wombelano Road","class":2,"surf":0,"highway":"primary","ref":"C205"},"geometry":{"type":"LineString","coordinates":[[141.78039,-37.0995],[141.78439,-37.10038]]}},{"type":"Feature","properties":{"name":"Brimpaen-Laharum Road","class":3,"surf":0,"highway":"secondary"},"geometry":{"type":"LineString","coordinates":[[142.32748,-36.98993],[142.32719,-36.99014]]}},{"type":"Feature","properties":{"name":"Western Highway","class":1,"surf":0,"highway":"trunk","ref":"A8"},"geometry":{"type":"LineString","coordinates":[[142.13937,-36.63901],[142.14082,-36.6419],[142.14139,-36.64382],[142.14167,-36.64454],[142.14261,-36.64633]]}},{"type":"Feature","properties":{"name":"Western Highway","class":1,"surf":0,"highway":"trunk","ref":"A8"},"geometry":{"type":"LineString","coordinates":[[142.13206,-36.6246],[142.13937,-36.63901]]}},{"type":"Feature","properties":{"name":"Roses Gap Road","class":4,"surf":0,"highway":"tertiary"},"geometry":{"type":"LineString","coordinates":[[142.54141,-36.94871],[142.53948,-36.94932],[142.53899,-36.9494],[142.52333,-36.94938]]}},{"type":"Feature","properties":{"name":"Roses Gap Road","class":4,"surf":0,"highway":"tertiary"},"geometry":{"type":"LineString","coordinates":[[142.52333,-36.94938],[142.51175,-36.94934]]}},{"type":"Feature","properties":{"name":"Western Highway","class":1,"surf":0,"highway":"trunk","ref":"A8"},"geometry":{"type":"LineString","coordinates":[[142.45457,-36.87864],[142.46698,-36.88812]]}},{"type":"Feature","properties":{"name":"Rifle Butts Road","class":5,"surf":0,"highway":"unclassified"},"geometry":{"type":"LineString","coordinates":[[142.11731,-36.85986],[142.12045,-36.86019]]}},{"type":"Feature","properties":{"name":"Rifle Butts Road","class":5,"surf":0,"highway":"unclassified"},"geometry":{"type":"LineString","coordinates":[[142.09002,-36.85991],[142.11261,-36.86224]]}},{"type":"Feature","properties":{"name":"Rules East Road","class":5,"surf":0,"highway":"unclassified"},"geometry":{"type":"LineString","coordinates":[[142.18661,-36.60797],[142.19357,-36.60791]]}},{"type":"Feature","properties":{"name":"Rules East Road","class":5,"surf":0,"highway":"unclassified"},"geometry":{"type":"LineString","coordinates":[[142.17959,-36.60797],[142.18661,-36.60797]]}},{"type":"Feature","properties":{"name":"Rules East Road","class":5,"surf":0,"highway":"unclassified"},"geometry":{"type":"LineString","coordinates":[[142.20462,-36.60791],[142.21523,-36.60789]]}},{"type":"Feature","properties":{"name":"Laharum Road","class":2,"surf":0,"highway":"primary"},"geometry":{"type":"LineString","coordinates":[[142.23058,-36.78241],[142.23048,-36.79707]]}},{"type":"Feature","properties":{"name":"Velthuis Drive","class":5,"surf":0,"highway":"unclassified"},"geometry":{"type":"LineString","coordinates":[[142.17881,-36.74337],[142.17893,-36.74354]]}},{"type":"Feature","properties":{"name":"Velthuis Drive","class":5,"surf":0,"highway":"unclassified"},"geometry":{"type":"LineString","coordinates":[[142.17893,-36.74354],[142.18059,-36.7456]]}},{"type":"Feature","properties":{"name":"Lock Road","class":5,"surf":0,"highway":"unclassified"},"geometry":{"type":"LineString","coordinates":[[142.1842,-36.7529],[142.18433,-36.7535],[142.1842,-36.75704]]}},{"type":"Feature","properties":{"name":"Gleeson Lane","class":5,"surf":0,"highway":"unclassified"},"geometry":{"type":"LineString","coordinates":[[142.18631,-36.75699],[142.1842,-36.75704]]}},{"type":"Feature","properties":{"name":"Gleeson Lane","class":5,"surf":0,"highway":"unclassified"},"geometry":{"type":"LineString","coordinates":[[142.1842,-36.75704],[142.18269,-36.75701]]}},{"type":"Feature","properties":{"name":"Kalkee East Road","class":5,"surf":0,"highway":"unclassified"},"geometry":{"type":"LineString","coordinates":[[142.24115,-36.52338],[142.24308,-36.52338]]}},{"type":"Feature","properties":{"name":"Blue Ribbon Road","class":2,"surf":0,"highway":"primary","ref":"C231"},"geometry":{"type":"LineString","coordinates":[[142.21299,-36.52787],[142.21293,-36.52813]]}},{"type":"Feature","properties":{"name":"Blue Ribbon Road","class":2,"surf":0,"highway":"primary","ref":"C231"},"geometry":{"type":"LineString","coordinates":[[142.20357,-36.59323],[142.20347,-36.59389]]}},{"type":"Feature","properties":{"name":"Ladlows Road","class":5,"surf":0,"highway":"unclassified"},"geometry":{"type":"LineString","coordinates":[[142.21523,-36.60789],[142.2231,-36.60793]]}},{"type":"Feature","properties":{"name":"Ladlows Road","class":5,"surf":0,"highway":"unclassified"},"geometry":{"type":"LineString","coordinates":[[142.2231,-36.60793],[142.24133,-36.60788]]}},{"type":"Feature","properties":{"name":"Blue Ribbon Road","class":2,"surf":0,"highway":"primary","ref":"C231"},"geometry":{"type":"LineString","coordinates":[[142.20485,-36.63876],[142.20476,-36.64084],[142.20479,-36.64598]]}},{"type":"Feature","properties":{"name":"Blue Ribbon Road","class":2,"surf":0,"highway":"primary","ref":"C231"},"geometry":{"type":"LineString","coordinates":[[142.20479,-36.64598],[142.20484,-36.65329]]}},{"type":"Feature","properties":{"name":"Blue Ribbon Road","class":2,"surf":0,"highway":"primary","ref":"C231"},"geometry":{"type":"LineString","coordinates":[[142.22434,-36.45439],[142.22399,-36.45587]]}},{"type":"Feature","properties":{"name":"West Wail Road","class":5,"surf":0,"highway":"unclassified"},"geometry":{"type":"LineString","coordinates":[[142.05331,-36.57668],[142.05901,-36.57665]]}},{"type":"Feature","properties":{"name":"West Wail Road","class":5,"surf":0,"highway":"unclassified"},"geometry":{"type":"LineString","coordinates":[[142.06241,-36.57665],[142.07789,-36.57661]]}},{"type":"Feature","properties":{"name":"Old Minyip Road","class":3,"surf":0,"highway":"secondary"},"geometry":{"type":"LineString","coordinates":[[142.18845,-36.47004],[142.19322,-36.47009]]}},{"type":"Feature","properties":{"name":"Old Minyip Road","class":3,"surf":0,"highway":"secondary"},"geometry":{"type":"LineString","coordinates":[[142.19322,-36.47009],[142.20609,-36.47012],[142.20909,-36.46991],[142.21361,-36.46994]]}},{"type":"Feature","properties":{"name":"Geodetic Road","class":3,"surf":0,"highway":"secondary"},"geometry":{"type":"LineString","coordinates":[[142.16935,-36.6972],[142.1697,-36.69706]]}},{"type":"Feature","properties":{"name":"Geodetic Road","class":3,"surf":0,"highway":"secondary"},"geometry":{"type":"LineString","coordinates":[[142.1697,-36.69706],[142.16987,-36.69701]]}},{"type":"Feature","properties":{"name":"Tooan-Mitre Road","class":3,"surf":0,"highway":"secondary"},"geometry":{"type":"LineString","coordinates":[[141.78302,-36.78903],[141.78323,-36.7892]]}},{"type":"Feature","properties":{"name":"Barnett Place","class":5,"surf":0,"highway":"unclassified"},"geometry":{"type":"LineString","coordinates":[[142.18324,-36.71756],[142.18301,-36.71752]]}},{"type":"Feature","properties":{"name":"Pioneer Court","class":5,"surf":0,"highway":"unclassified"},"geometry":{"type":"LineString","coordinates":[[142.19349,-36.70146],[142.1935,-36.70263]]}},{"type":"Feature","properties":{"name":"Arapiles-Grass Flat Road","class":3,"surf":0,"highway":"secondary"},"geometry":{"type":"LineString","coordinates":[[141.87023,-36.63298],[141.87015,-36.63349]]}},{"type":"Feature","properties":{"name":"Davis Drive","class":4,"surf":0,"highway":"tertiary"},"geometry":{"type":"LineString","coordinates":[[142.19836,-36.6971],[142.19703,-36.69817]]}},{"type":"Feature","properties":{"name":"Churchill Road","class":5,"surf":0,"highway":"unclassified"},"geometry":{"type":"LineString","coordinates":[[142.18452,-36.7183],[142.18508,-36.71923]]}},{"type":"Feature","properties":{"name":"Churchill Road","class":5,"surf":0,"highway":"unclassified"},"geometry":{"type":"LineString","coordinates":[[142.18428,-36.71744],[142.1843,-36.71784],[142.18452,-36.7183]]}},{"type":"Feature","properties":{"name":"Philip Street","class":5,"surf":0,"highway":"unclassified"},"geometry":{"type":"LineString","coordinates":[[142.18242,-36.71809],[142.18288,-36.71889],[142.18452,-36.7183]]}},{"type":"Feature","properties":{"name":"Wilmoth Avenue","class":5,"surf":0,"highway":"unclassified"},"geometry":{"type":"LineString","coordinates":[[142.18269,-36.72138],[142.18354,-36.7214],[142.186,-36.72048]]}},{"type":"Feature","properties":{"name":"Kooyong Street","class":5,"surf":0,"highway":"unclassified"},"geometry":{"type":"LineString","coordinates":[[142.1785,-36.71823],[142.17851,-36.71841]]}},{"type":"Feature","properties":{"name":"Kirwood Street","class":5,"surf":0,"highway":"unclassified"},"geometry":{"type":"LineString","coordinates":[[142.17851,-36.71841],[142.17904,-36.71834],[142.18089,-36.71765]]}},{"type":"Feature","properties":{"name":"Hillary Street","class":5,"surf":0,"highway":"unclassified"},"geometry":{"type":"LineString","coordinates":[[142.18032,-36.71666],[142.18089,-36.71765]]}},{"type":"Feature","properties":{"name":"McIntyre Street","class":5,"surf":0,"highway":"unclassified"},"geometry":{"type":"LineString","coordinates":[[142.18032,-36.71666],[142.18125,-36.71631],[142.18158,-36.7161],[142.1818,-36.71573]]}},{"type":"Feature","properties":{"name":"Karingal Crescent","class":5,"surf":0,"highway":"unclassified"},"geometry":{"type":"LineString","coordinates":[[142.18069,-36.71376],[142.18098,-36.71449],[142.1809,-36.71515],[142.18061,-36.71551],[142.17986,-36.71583]]}},{"type":"Feature","properties":{"name":"Hillary Street","class":5,"surf":0,"highway":"unclassified"},"geometry":{"type":"LineString","coordinates":[[142.17966,-36.71545],[142.17986,-36.71583]]}},{"type":"Feature","properties":{"name":"Dumesny Street","class":5,"surf":0,"highway":"unclassified"},"geometry":{"type":"LineString","coordinates":[[142.17861,-36.71561],[142.17966,-36.71545]]}},{"type":"Feature","properties":{"name":"Wirth Court","class":5,"surf":0,"highway":"unclassified"},"geometry":{"type":"LineString","coordinates":[[142.17735,-36.71466],[142.17755,-36.71534],[142.17779,-36.71582]]}},{"type":"Feature","properties":{"name":"Dumesny Street","class":5,"surf":0,"highway":"unclassified"},"geometry":{"type":"LineString","coordinates":[[142.17779,-36.71582],[142.17811,-36.71569],[142.17861,-36.71561]]}},{"type":"Feature","properties":{"name":"Horsham-Lubeck Road","class":3,"surf":0,"highway":"secondary"},"geometry":{"type":"LineString","coordinates":[[142.37951,-36.76073],[142.37831,-36.76114],[142.37743,-36.76168],[142.37713,-36.76204],[142.37678,-36.76278],[142.37666,-36.76381]]}},{"type":"Feature","properties":{"name":"Green Lake Road","class":3,"surf":0,"highway":"secondary"},"geometry":{"type":"LineString","coordinates":[[142.28515,-36.82911],[142.28511,-36.84124]]}},{"type":"Feature","properties":{"name":"Western Highway","class":1,"surf":0,"highway":"trunk","ref":"A8"},"geometry":{"type":"LineString","coordinates":[[142.11991,-36.58686],[142.12046,-36.58755]]}},{"type":"Feature","properties":{"name":"Dumesny Street","class":5,"surf":0,"highway":"unclassified"},"geometry":{"type":"LineString","coordinates":[[142.17779,-36.71582],[142.17679,-36.71618]]}},{"type":"Feature","properties":{"name":"Pearl Street","class":5,"surf":0,"highway":"unclassified"},"geometry":{"type":"LineString","coordinates":[[142.18324,-36.71756],[142.18335,-36.71749],[142.18354,-36.71756]]}},{"type":"Feature","properties":{"name":"Natimuk-Hamilton Road","class":2,"surf":0,"highway":"primary","ref":"C219"},"geometry":{"type":"LineString","coordinates":[[141.96613,-36.7461],[141.96623,-36.75524],[141.96628,-36.75586]]}},{"type":"Feature","properties":{"name":"Golf Course Road","class":5,"surf":0,"highway":"unclassified"},"geometry":{"type":"LineString","coordinates":[[142.18889,-36.74047],[142.19427,-36.73819]]}},{"type":"Feature","properties":{"name":"","class":5,"surf":0,"highway":"unclassified"},"geometry":{"type":"LineString","coordinates":[[142.20117,-36.70789],[142.20205,-36.70792],[142.20216,-36.70798]]}},{"type":"Feature","properties":{"name":"Farrar Avenue","class":5,"surf":0,"highway":"unclassified"},"geometry":{"type":"LineString","coordinates":[[142.18119,-36.72349],[142.1818,-36.72451]]}},{"type":"Feature","properties":{"name":"Churchill Road","class":5,"surf":0,"highway":"unclassified"},"geometry":{"type":"LineString","coordinates":[[142.18508,-36.71923],[142.18522,-36.71951]]}},{"type":"Feature","properties":{"name":"","class":5,"surf":0,"highway":"unclassified"},"geometry":{"type":"LineString","coordinates":[[142.19382,-36.71387],[142.19368,-36.71382]]}},{"type":"Feature","properties":{"name":"Laurel Street","class":5,"surf":0,"highway":"unclassified"},"geometry":{"type":"LineString","coordinates":[[142.18948,-36.72198],[142.19047,-36.72198]]}},{"type":"Feature","properties":{"name":"Dollar Avenue","class":5,"surf":0,"highway":"unclassified"},"geometry":{"type":"LineString","coordinates":[[142.18119,-36.72349],[142.18254,-36.72299]]}},{"type":"Feature","properties":{"name":"Edward Street","class":5,"surf":0,"highway":"unclassified"},"geometry":{"type":"LineString","coordinates":[[142.19488,-36.70462],[142.19623,-36.70461]]}},{"type":"Feature","properties":{"name":"Johnson Street","class":5,"surf":0,"highway":"unclassified"},"geometry":{"type":"LineString","coordinates":[[142.21081,-36.70888],[142.21213,-36.70888]]}},{"type":"Feature","properties":{"name":"Carter Street","class":5,"surf":0,"highway":"unclassified"},"geometry":{"type":"LineString","coordinates":[[142.18615,-36.71425],[142.18614,-36.71559]]}},{"type":"Feature","properties":{"name":"Hopkins Drive","class":5,"surf":0,"highway":"unclassified"},"geometry":{"type":"LineString","coordinates":[[142.20492,-36.71612],[142.20601,-36.71613]]}},{"type":"Feature","properties":{"name":"Horsham-Noradjuha Road","class":2,"surf":0,"highway":"primary","ref":"C214"},"geometry":{"type":"LineString","coordinates":[[142.11303,-36.76005],[142.11269,-36.76067]]}},{"type":"Feature","properties":{"name":"Edmonds Court","class":5,"surf":0,"highway":"unclassified"},"geometry":{"type":"LineString","coordinates":[[142.21411,-36.72519],[142.21512,-36.72518]]}},{"type":"Feature","properties":{"name":"Dimboola-Minyip Road","class":3,"surf":0,"highway":"secondary"},"geometry":{"type":"LineString","coordinates":[[142.32747,-36.44025],[142.3299,-36.4404]]}},{"type":"Feature","properties":{"name":"Wimmera Highway","class":1,"surf":0,"highway":"trunk","ref":"C240"},"geometry":{"type":"LineString","coordinates":[[142.00203,-36.73383],[142.00274,-36.734]]}},{"type":"Feature","properties":{"name":"Northern Grampians Road","class":3,"surf":0,"highway":"secondary","ref":"C222"},"geometry":{"type":"LineString","coordinates":[[142.32654,-36.85909],[142.3264,-36.85965]]}},{"type":"Feature","properties":{"name":"Wimmera Highway","class":1,"surf":0,"highway":"trunk","ref":"C240"},"geometry":{"type":"LineString","coordinates":[[141.73722,-36.83159],[141.73825,-36.83073],[141.73976,-36.82981],[141.74541,-36.82706]]}},{"type":"Feature","properties":{"name":"Stawell Road","class":5,"surf":0,"highway":"unclassified"},"geometry":{"type":"LineString","coordinates":[[142.20536,-36.72553],[142.20537,-36.72593]]}},{"type":"Feature","properties":{"name":"Iris Street","class":5,"surf":0,"highway":"unclassified"},"geometry":{"type":"LineString","coordinates":[[142.19046,-36.71956],[142.19046,-36.72062]]}},{"type":"Feature","properties":{"name":"Laurel Street","class":5,"surf":0,"highway":"unclassified"},"geometry":{"type":"LineString","coordinates":[[142.18842,-36.72198],[142.18948,-36.72198]]}},{"type":"Feature","properties":{"name":"Simpson Court","class":5,"surf":0,"highway":"unclassified"},"geometry":{"type":"LineString","coordinates":[[142.19734,-36.72828],[142.19737,-36.72907]]}},{"type":"Feature","properties":{"name":"McTavish Boulevard","class":5,"surf":0,"highway":"unclassified"},"geometry":{"type":"LineString","coordinates":[[142.20077,-36.72655],[142.19959,-36.72706],[142.19933,-36.72733],[142.19921,-36.72762]]}},{"type":"Feature","properties":{"name":"McCombe Court","class":5,"surf":0,"highway":"unclassified"},"geometry":{"type":"LineString","coordinates":[[142.19419,-36.72758],[142.19469,-36.72845]]}},{"type":"Feature","properties":{"name":"Schwarz Avenue","class":5,"surf":0,"highway":"unclassified"},"geometry":{"type":"LineString","coordinates":[[142.18415,-36.71571],[142.18457,-36.71559],[142.18614,-36.71559]]}},{"type":"Feature","properties":{"name":"Drummond Street","class":5,"surf":0,"highway":"unclassified"},"geometry":{"type":"LineString","coordinates":[[142.17808,-36.72587],[142.17812,-36.7276]]}},{"type":"Feature","properties":{"name":"Freight Terminal Road","class":5,"surf":0,"highway":"unclassified"},"geometry":{"type":"LineString","coordinates":[[142.25938,-36.64554],[142.26196,-36.64555]]}},{"type":"Feature","properties":{"name":"Freight Terminal Road","class":5,"surf":0,"highway":"unclassified"},"geometry":{"type":"LineString","coordinates":[[142.26196,-36.64555],[142.263,-36.64555]]}},{"type":"Feature","properties":{"name":"Dougherty Street","class":5,"surf":0,"highway":"unclassified"},"geometry":{"type":"LineString","coordinates":[[142.18293,-36.71333],[142.18365,-36.71312],[142.18523,-36.71307]]}},{"type":"Feature","properties":{"name":"Selkirk Drive","class":5,"surf":0,"highway":"unclassified"},"geometry":{"type":"LineString","coordinates":[[142.19452,-36.71954],[142.19447,-36.71992],[142.19423,-36.72029]]}},{"type":"Feature","properties":{"name":"Landy Street","class":5,"surf":0,"highway":"unclassified"},"geometry":{"type":"LineString","coordinates":[[142.18948,-36.72341],[142.19047,-36.72341]]}},{"type":"Feature","properties":{"name":"Federation Avenue","class":5,"surf":0,"highway":"unclassified"},"geometry":{"type":"LineString","coordinates":[[142.17414,-36.72518],[142.17512,-36.7248]]}},{"type":"Feature","properties":{"name":"Dixon Court","class":5,"surf":0,"highway":"unclassified"},"geometry":{"type":"LineString","coordinates":[[142.17114,-36.72969],[142.17093,-36.72909]]}},{"type":"Feature","properties":{"name":"Coutts Street","class":5,"surf":0,"highway":"unclassified"},"geometry":{"type":"LineString","coordinates":[[142.20958,-36.72473],[142.20941,-36.72428],[142.2094,-36.72335]]}},{"type":"Feature","properties":{"name":"Stawell Road","class":1,"surf":0,"highway":"trunk","ref":"A8"},"geometry":{"type":"LineString","coordinates":[[142.20549,-36.73297],[142.20567,-36.73341]]}},{"type":"Feature","properties":{"name":"Barnes Boulevard","class":5,"surf":0,"highway":"unclassified"},"geometry":{"type":"LineString","coordinates":[[142.17005,-36.7298],[142.17114,-36.72969]]}},{"type":"Feature","properties":{"name":"","class":5,"surf":0,"highway":"unclassified"},"geometry":{"type":"LineString","coordinates":[[142.19411,-36.71433],[142.19406,-36.71447]]}},{"type":"Feature","properties":{"name":"Pearl Street","class":5,"surf":0,"highway":"unclassified"},"geometry":{"type":"LineString","coordinates":[[142.18354,-36.71756],[142.18351,-36.71768],[142.18339,-36.71774],[142.18325,-36.71769],[142.18324,-36.71756]]}},{"type":"Feature","properties":{"name":"Henry Street","class":5,"surf":0,"highway":"unclassified"},"geometry":{"type":"LineString","coordinates":[[142.1985,-36.70972],[142.2005,-36.70971],[142.20092,-36.70948]]}},{"type":"Feature","properties":{"name":"Perkins Court","class":5,"surf":0,"highway":"unclassified"},"geometry":{"type":"LineString","coordinates":[[142.1911,-36.7009],[142.19181,-36.70084],[142.19232,-36.70091]]}},{"type":"Feature","properties":{"name":"Baillie Street","class":4,"surf":0,"highway":"tertiary"},"geometry":{"type":"LineString","coordinates":[[142.19627,-36.71173],[142.1969,-36.71173],[142.19712,-36.71183]]}},{"type":"Feature","properties":{"name":"Harrow-Kanagulk Road","class":3,"surf":0,"highway":"secondary"},"geometry":{"type":"LineString","coordinates":[[141.77339,-37.09447],[141.77309,-37.09462]]}},{"type":"Feature","properties":{"name":"Jervis Street","class":5,"surf":0,"highway":"unclassified"},"geometry":{"type":"LineString","coordinates":[[142.19918,-36.73609],[142.19898,-36.73576],[142.19895,-36.73336]]}},{"type":"Feature","properties":{"name":"Wimmera Highway","class":1,"surf":0,"highway":"trunk","ref":"C240"},"geometry":{"type":"LineString","coordinates":[[141.87706,-36.76947],[141.88579,-36.76563]]}},{"type":"Feature","properties":{"name":"Hardinghams Road","class":5,"surf":0,"highway":"unclassified"},"geometry":{"type":"LineString","coordinates":[[142.1873,-36.77614],[142.1873,-36.77668]]}},{"type":"Feature","properties":{"name":"Stawell Road","class":5,"surf":0,"highway":"unclassified"},"geometry":{"type":"LineString","coordinates":[[142.20536,-36.72553],[142.20523,-36.72555]]}},{"type":"Feature","properties":{"name":"Henty Highway","class":1,"surf":0,"highway":"trunk","ref":"A200"},"geometry":{"type":"LineString","coordinates":[[142.14617,-36.86254],[142.14585,-36.86306]]}},{"type":"Feature","properties":{"name":"Horsham-Lubeck Road","class":3,"surf":0,"highway":"secondary"},"geometry":{"type":"LineString","coordinates":[[142.40226,-36.75333],[142.40138,-36.75359],[142.40073,-36.75396],[142.40045,-36.75419],[142.39608,-36.75933],[142.39547,-36.75996],[142.39486,-36.76035]]}},{"type":"Feature","properties":{"name":"Horsham-Lubeck Road","class":2,"surf":0,"highway":"primary","ref":"C215"},"geometry":{"type":"LineString","coordinates":[[142.32195,-36.72655],[142.32193,-36.73056]]}},{"type":"Feature","properties":{"name":"Houston Street","class":5,"surf":0,"highway":"unclassified"},"geometry":{"type":"LineString","coordinates":[[142.18952,-36.70464],[142.18954,-36.70679]]}},{"type":"Feature","properties":{"name":"Bullen Court","class":5,"surf":0,"highway":"unclassified"},"geometry":{"type":"LineString","coordinates":[[142.17699,-36.7269],[142.17687,-36.7273],[142.1764,-36.72772]]}},{"type":"Feature","properties":{"name":"","class":5,"surf":0,"highway":"unclassified"},"geometry":{"type":"LineString","coordinates":[[142.20235,-36.72027],[142.20365,-36.72026]]}},{"type":"Feature","properties":{"name":"Kalimna Avenue","class":5,"surf":0,"highway":"unclassified"},"geometry":{"type":"LineString","coordinates":[[142.18269,-36.72138],[142.18266,-36.72171]]}},{"type":"Feature","properties":{"name":"Olympic Street","class":5,"surf":0,"highway":"unclassified"},"geometry":{"type":"LineString","coordinates":[[142.18842,-36.72341],[142.18842,-36.72493]]}},{"type":"Feature","properties":{"name":"Darlot Street","class":5,"surf":0,"highway":"unclassified"},"geometry":{"type":"LineString","coordinates":[[142.19712,-36.71248],[142.19712,-36.71311]]}},{"type":"Feature","properties":{"name":"Felstead Avenue","class":5,"surf":0,"highway":"unclassified"},"geometry":{"type":"LineString","coordinates":[[142.20914,-36.70325],[142.2094,-36.70336],[142.21031,-36.70352]]}},{"type":"Feature","properties":{"name":"Major Mitchell Drive","class":5,"surf":0,"highway":"unclassified"},"geometry":{"type":"LineString","coordinates":[[142.19812,-36.72538],[142.19928,-36.7249]]}},{"type":"Feature","properties":{"name":"Cameron Road","class":5,"surf":0,"highway":"unclassified"},"geometry":{"type":"LineString","coordinates":[[142.22366,-36.73088],[142.22367,-36.73308]]}},{"type":"Feature","properties":{"name":"Campus Drive","class":5,"surf":0,"highway":"unclassified"},"geometry":{"type":"LineString","coordinates":[[142.30313,-36.66727],[142.30299,-36.66713],[142.30283,-36.66708]]}},{"type":"Feature","properties":{"name":"","class":5,"surf":0,"highway":"unclassified"},"geometry":{"type":"LineString","coordinates":[[142.19932,-36.72301],[142.19898,-36.723]]}},{"type":"Feature","properties":{"name":"Ashwin Close","class":5,"surf":0,"highway":"unclassified"},"geometry":{"type":"LineString","coordinates":[[142.19434,-36.71866],[142.19404,-36.71872],[142.19399,-36.71864],[142.19419,-36.71844],[142.19445,-36.71838]]}},{"type":"Feature","properties":{"name":"College Avenue","class":5,"surf":0,"highway":"unclassified"},"geometry":{"type":"LineString","coordinates":[[142.27829,-36.67064],[142.27876,-36.6701],[142.27913,-36.66985],[142.27995,-36.66974],[142.29997,-36.66964]]}},{"type":"Feature","properties":{"name":"Tuckers Road","class":5,"surf":0,"highway":"unclassified"},"geometry":{"type":"LineString","coordinates":[[142.3054,-36.66328],[142.30405,-36.66329]]}},{"type":"Feature","properties":{"name":"Tydeman Street","class":5,"surf":0,"highway":"unclassified"},"geometry":{"type":"LineString","coordinates":[[142.18344,-36.72542],[142.186,-36.72444]]}},{"type":"Feature","properties":{"name":"Western Highway","class":1,"surf":0,"highway":"trunk","ref":"A8"},"geometry":{"type":"LineString","coordinates":[[142.36193,-36.81969],[142.36261,-36.82006]]}},{"type":"Feature","properties":{"name":"North Road","class":3,"surf":0,"highway":"secondary"},"geometry":{"type":"LineString","coordinates":[[142.30365,-36.7385],[142.29936,-36.73849]]}},{"type":"Feature","properties":{"name":"Western Highway","class":1,"surf":0,"highway":"trunk","ref":"A8"},"geometry":{"type":"LineString","coordinates":[[142.27297,-36.77365],[142.27534,-36.77491]]}},{"type":"Feature","properties":{"name":"Telangatuk East-Rocklands Road","class":3,"surf":0,"highway":"secondary"},"geometry":{"type":"LineString","coordinates":[[141.98304,-37.03226],[141.97991,-37.05244]]}},{"type":"Feature","properties":{"name":"Wimmera Highway","class":1,"surf":0,"highway":"trunk","ref":"B240"},"geometry":{"type":"LineString","coordinates":[[142.34865,-36.63126],[142.35509,-36.62643]]}},{"type":"Feature","properties":{"name":"Wawunna Road","class":4,"surf":0,"highway":"tertiary"},"geometry":{"type":"LineString","coordinates":[[142.19625,-36.70776],[142.19624,-36.70795]]}},{"type":"Feature","properties":{"name":"Urquhart Street","class":3,"surf":0,"highway":"secondary","ref":"C231"},"geometry":{"type":"LineString","coordinates":[[142.20234,-36.70797],[142.20234,-36.7087]]}},{"type":"Feature","properties":{"name":"David Street","class":5,"surf":0,"highway":"unclassified"},"geometry":{"type":"LineString","coordinates":[[142.1985,-36.70972],[142.19849,-36.71041]]}},{"type":"Feature","properties":{"name":"Western Highway","class":1,"surf":0,"highway":"trunk","ref":"A8"},"geometry":{"type":"LineString","coordinates":[[142.11561,-36.55388],[142.11598,-36.56894]]}},{"type":"Feature","properties":{"name":"Plumpton Road","class":5,"surf":0,"highway":"unclassified"},"geometry":{"type":"LineString","coordinates":[[142.19895,-36.73336],[142.20273,-36.73334]]}},{"type":"Feature","properties":{"name":"Darlot Street","class":5,"surf":0,"highway":"unclassified"},"geometry":{"type":"LineString","coordinates":[[142.19714,-36.71783],[142.19715,-36.71877]]}},{"type":"Feature","properties":{"name":"Austin Street","class":5,"surf":0,"highway":"unclassified"},"geometry":{"type":"LineString","coordinates":[[142.20644,-36.7044],[142.20645,-36.70599]]}},{"type":"Feature","properties":{"name":"Rasmussen Road","class":3,"surf":0,"highway":"secondary"},"geometry":{"type":"LineString","coordinates":[[142.20386,-36.69696],[142.2057,-36.69694]]}},{"type":"Feature","properties":{"name":"Drung-Jung Road","class":3,"surf":0,"highway":"secondary"},"geometry":{"type":"LineString","coordinates":[[142.32925,-36.72023],[142.32905,-36.72039]]}},{"type":"Feature","properties":{"name":"Horsham-Lubeck Road","class":2,"surf":0,"highway":"primary","ref":"C215"},"geometry":{"type":"LineString","coordinates":[[142.31982,-36.724],[142.32074,-36.72444],[142.32143,-36.72506],[142.3218,-36.72571],[142.32195,-36.72655]]}},{"type":"Feature","properties":{"name":"Henty Highway","class":1,"surf":0,"highway":"trunk","ref":"A200"},"geometry":{"type":"LineString","coordinates":[[142.20431,-36.74087],[142.20106,-36.74568]]}},{"type":"Feature","properties":{"name":"Henty Highway","class":1,"surf":0,"highway":"trunk","ref":"A200"},"geometry":{"type":"LineString","coordinates":[[142.1819,-36.77401],[142.18148,-36.77463]]}},{"type":"Feature","properties":{"name":"Hamilton Street","class":4,"surf":0,"highway":"tertiary"},"geometry":{"type":"LineString","coordinates":[[142.19821,-36.71783],[142.19915,-36.71783]]}},{"type":"Feature","properties":{"name":"Leskie Close","class":5,"surf":0,"highway":"unclassified"},"geometry":{"type":"LineString","coordinates":[[142.21543,-36.70923],[142.21545,-36.7091],[142.21578,-36.70897]]}},{"type":"Feature","properties":{"name":"Trinity Drive","class":5,"surf":0,"highway":"unclassified"},"geometry":{"type":"LineString","coordinates":[[142.21578,-36.70897],[142.21626,-36.70901]]}},{"type":"Feature","properties":{"name":"Culliver Street","class":5,"surf":0,"highway":"unclassified"},"geometry":{"type":"LineString","coordinates":[[142.21411,-36.70801],[142.21417,-36.70813],[142.21414,-36.70852]]}},{"type":"Feature","properties":{"name":"Gross Court","class":5,"surf":0,"highway":"unclassified"},"geometry":{"type":"LineString","coordinates":[[142.21657,-36.70899],[142.21656,-36.70928]]}},{"type":"Feature","properties":{"name":"Geodetic Road","class":3,"surf":0,"highway":"secondary"},"geometry":{"type":"LineString","coordinates":[[142.16862,-36.67073],[142.16862,-36.67127]]}},{"type":"Feature","properties":{"name":"Riverside Road","class":3,"surf":0,"highway":"secondary"},"geometry":{"type":"LineString","coordinates":[[142.23558,-36.69682],[142.23607,-36.69695]]}},{"type":"Feature","properties":{"name":"Rasmussen Road","class":3,"surf":0,"highway":"secondary"},"geometry":{"type":"LineString","coordinates":[[142.20224,-36.69697],[142.20386,-36.69696]]}},{"type":"Feature","properties":{"name":"Lake Road","class":3,"surf":0,"highway":"secondary"},"geometry":{"type":"LineString","coordinates":[[141.95312,-36.72864],[141.95254,-36.72892]]}},{"type":"Feature","properties":{"name":"","class":5,"surf":0,"highway":"unclassified"},"geometry":{"type":"LineString","coordinates":[[142.19849,-36.7235],[142.19831,-36.72338],[142.19824,-36.72323]]}},{"type":"Feature","properties":{"name":"Dimboola-Minyip Road","class":3,"surf":0,"highway":"secondary"},"geometry":{"type":"LineString","coordinates":[[142.25474,-36.44004],[142.26213,-36.44011]]}},{"type":"Feature","properties":{"name":"Rodan Place","class":5,"surf":0,"highway":"unclassified"},"geometry":{"type":"LineString","coordinates":[[142.1956,-36.71103],[142.19626,-36.71102]]}},{"type":"Feature","properties":{"name":"Rennison Street","class":5,"surf":0,"highway":"unclassified"},"geometry":{"type":"LineString","coordinates":[[142.21045,-36.71258],[142.21164,-36.71257]]}},{"type":"Feature","properties":{"name":"Stewart Street","class":5,"surf":0,"highway":"unclassified"},"geometry":{"type":"LineString","coordinates":[[142.1935,-36.70263],[142.19351,-36.70463]]}},{"type":"Feature","properties":{"name":"Johnson Street","class":5,"surf":0,"highway":"unclassified"},"geometry":{"type":"LineString","coordinates":[[142.21213,-36.70888],[142.21414,-36.70888]]}},{"type":"Feature","properties":{"name":"Rasmussen Road","class":3,"surf":0,"highway":"secondary"},"geometry":{"type":"LineString","coordinates":[[142.21704,-36.69683],[142.21719,-36.69683]]}},{"type":"Feature","properties":{"name":"Western Highway","class":1,"surf":0,"highway":"trunk","ref":"A8"},"geometry":{"type":"LineString","coordinates":[[142.34031,-36.80789],[142.34055,-36.80804]]}},{"type":"Feature","properties":{"name":"Oconnor Street","class":5,"surf":0,"highway":"unclassified"},"geometry":{"type":"LineString","coordinates":[[142.18954,-36.70906],[142.19094,-36.70864]]}},{"type":"Feature","properties":{"name":"Anderson Street","class":5,"surf":0,"highway":"unclassified"},"geometry":{"type":"LineString","coordinates":[[142.2078,-36.70599],[142.21126,-36.70597]]}},{"type":"Feature","properties":{"name":"Kalimna Avenue","class":5,"surf":0,"highway":"unclassified"},"geometry":{"type":"LineString","coordinates":[[142.18266,-36.72171],[142.18257,-36.72267]]}},{"type":"Feature","properties":{"name":"Olga Avenue","class":5,"surf":0,"highway":"unclassified"},"geometry":{"type":"LineString","coordinates":[[142.21214,-36.70988],[142.21415,-36.70988]]}},{"type":"Feature","properties":{"name":"Webster Street","class":5,"surf":0,"highway":"unclassified"},"geometry":{"type":"LineString","coordinates":[[142.21648,-36.70572],[142.21647,-36.70647]]}},{"type":"Feature","properties":{"name":"Landy Street","class":5,"surf":0,"highway":"unclassified"},"geometry":{"type":"LineString","coordinates":[[142.19047,-36.72341],[142.19157,-36.7234]]}},{"type":"Feature","properties":{"name":"Wavell Street","class":4,"surf":0,"highway":"tertiary"},"geometry":{"type":"LineString","coordinates":[[142.19079,-36.70264],[142.19214,-36.70264]]}},{"type":"Feature","properties":{"name":"Elizabeth Street","class":5,"surf":0,"highway":"unclassified"},"geometry":{"type":"LineString","coordinates":[[142.18428,-36.71651],[142.18602,-36.71651],[142.18603,-36.71744]]}},{"type":"Feature","properties":{"name":"Churchill Road","class":5,"surf":0,"highway":"unclassified"},"geometry":{"type":"LineString","coordinates":[[142.18293,-36.71333],[142.18331,-36.71417]]}},{"type":"Feature","properties":{"name":"Hayes Drive","class":5,"surf":0,"highway":"unclassified"},"geometry":{"type":"LineString","coordinates":[[142.1764,-36.72772],[142.17693,-36.72818]]}},{"type":"Feature","properties":{"name":"Forsyth Avenue","class":5,"surf":0,"highway":"unclassified"},"geometry":{"type":"LineString","coordinates":[[142.20882,-36.70153],[142.20992,-36.70155],[142.21016,-36.70163],[142.21047,-36.70184]]}},{"type":"Feature","properties":{"name":"Baker Street","class":4,"surf":0,"highway":"tertiary"},"geometry":{"type":"LineString","coordinates":[[142.1985,-36.72054],[142.19972,-36.72053]]}},{"type":"Feature","properties":{"name":"Wavell Street","class":4,"surf":0,"highway":"tertiary"},"geometry":{"type":"LineString","coordinates":[[142.20006,-36.7026],[142.20091,-36.7026]]}},{"type":"Feature","properties":{"name":"Wimmera Highway","class":1,"surf":0,"highway":"trunk","ref":"C240"},"geometry":{"type":"LineString","coordinates":[[141.71091,-36.85556],[141.72006,-36.85185]]}},{"type":"Feature","properties":{"name":"Mill Street","class":5,"surf":0,"highway":"unclassified"},"geometry":{"type":"LineString","coordinates":[[142.20173,-36.70681],[142.20064,-36.70662]]}},{"type":"Feature","properties":{"name":"Kalkee Road","class":3,"surf":0,"highway":"secondary","ref":"C231"},"geometry":{"type":"LineString","coordinates":[[142.20108,-36.70623],[142.20122,-36.7064]]}},{"type":"Feature","properties":{"name":"Stawell Road","class":1,"surf":0,"highway":"trunk","ref":"A8"},"geometry":{"type":"LineString","coordinates":[[142.20489,-36.72352],[142.20488,-36.72317],[142.20495,-36.72304]]}},{"type":"Feature","properties":{"name":"Finlayson Court","class":5,"surf":0,"highway":"unclassified"},"geometry":{"type":"LineString","coordinates":[[142.18047,-36.72585],[142.18041,-36.72677],[142.18049,-36.72717]]}},{"type":"Feature","properties":{"name":"Western Highway","class":1,"surf":0,"highway":"trunk","ref":"A8"},"geometry":{"type":"LineString","coordinates":[[142.22548,-36.74791],[142.22973,-36.75032]]}},{"type":"Feature","properties":{"name":"Plush Hannans Road","class":5,"surf":0,"highway":"unclassified"},"geometry":{"type":"LineString","coordinates":[[142.13759,-36.8114],[142.13826,-36.81127]]}},{"type":"Feature","properties":{"name":"","class":5,"surf":0,"highway":"unclassified"},"geometry":{"type":"LineString","coordinates":[[142.21746,-36.71218],[142.21729,-36.71219],[142.21714,-36.71212]]}},{"type":"Feature","properties":{"name":"Front Drive","class":5,"surf":0,"highway":"unclassified"},"geometry":{"type":"LineString","coordinates":[[142.30323,-36.66719],[142.30333,-36.66727]]}},{"type":"Feature","properties":{"name":"Hazel Street","class":5,"surf":0,"highway":"unclassified"},"geometry":{"type":"LineString","coordinates":[[142.19003,-36.70712],[142.19014,-36.70698]]}},{"type":"Feature","properties":{"name":"Wawunna Road","class":5,"surf":0,"highway":"unclassified"},"geometry":{"type":"LineString","coordinates":[[142.1962,-36.69698],[142.19621,-36.69883],[142.19642,-36.69897]]}},{"type":"Feature","properties":{"name":"Calder Court","class":5,"surf":0,"highway":"unclassified"},"geometry":{"type":"LineString","coordinates":[[142.21173,-36.70312],[142.21147,-36.70334],[142.21136,-36.70354]]}},{"type":"Feature","properties":{"name":"Farm Road","class":5,"surf":0,"highway":"unclassified"},"geometry":{"type":"LineString","coordinates":[[142.30402,-36.66708],[142.30402,-36.66629]]}},{"type":"Feature","properties":{"name":"Hammond-McCuish Road","class":3,"surf":0,"highway":"secondary"},"geometry":{"type":"LineString","coordinates":[[141.90688,-36.78936],[141.90711,-36.7895]]}},{"type":"Feature","properties":{"name":"Luker Street","class":5,"surf":0,"highway":"unclassified"},"geometry":{"type":"LineString","coordinates":[[142.17575,-36.71464],[142.17609,-36.71482],[142.17639,-36.71544]]}},{"type":"Feature","properties":{"name":"Bennett Road","class":4,"surf":0,"highway":"tertiary"},"geometry":{"type":"LineString","coordinates":[[142.18727,-36.71368],[142.18727,-36.71476]]}},{"type":"Feature","properties":{"name":"Freds Road","class":5,"surf":0,"highway":"unclassified"},"geometry":{"type":"LineString","coordinates":[[142.27818,-36.66341],[142.27816,-36.66304]]}},{"type":"Feature","properties":{"name":"Horsham-Noradjuha Road","class":2,"surf":0,"highway":"primary","ref":"C214"},"geometry":{"type":"LineString","coordinates":[[142.04567,-36.80722],[142.04437,-36.80799]]}},{"type":"Feature","properties":{"name":"Laharum Road","class":2,"surf":0,"highway":"primary"},"geometry":{"type":"LineString","coordinates":[[142.2326,-36.87716],[142.23364,-36.87767],[142.23429,-36.8779],[142.23508,-36.87809],[142.23558,-36.87814]]}},{"type":"Feature","properties":{"name":"Henty Highway","class":1,"surf":0,"highway":"trunk","ref":"A200"},"geometry":{"type":"LineString","coordinates":[[142.18569,-37.10921],[142.18613,-37.10822]]}},{"type":"Feature","properties":{"name":"","class":5,"surf":0,"highway":"unclassified"},"geometry":{"type":"LineString","coordinates":[[142.18753,-36.71367],[142.18754,-36.71476]]}},{"type":"Feature","properties":{"name":"Kalkee Road","class":3,"surf":0,"highway":"secondary","ref":"C231"},"geometry":{"type":"LineString","coordinates":[[142.20091,-36.7026],[142.20091,-36.70387]]}},{"type":"Feature","properties":{"name":"Telangatuk East-Rocklands Road","class":3,"surf":0,"highway":"secondary"},"geometry":{"type":"LineString","coordinates":[[141.97263,-37.00129],[141.97285,-37.00166],[141.97341,-37.00231]]}},{"type":"Feature","properties":{"name":"Riverside Road","class":3,"surf":0,"highway":"secondary"},"geometry":{"type":"LineString","coordinates":[[142.23699,-36.69745],[142.23767,-36.69814]]}},{"type":"Feature","properties":{"name":"Three Bridges Road","class":3,"surf":0,"highway":"secondary"},"geometry":{"type":"LineString","coordinates":[[142.15994,-36.76382],[142.16072,-36.7634]]}},{"type":"Feature","properties":{"name":"Wavell Street","class":4,"surf":0,"highway":"tertiary"},"geometry":{"type":"LineString","coordinates":[[142.19036,-36.70264],[142.19079,-36.70264]]}},{"type":"Feature","properties":{"name":"Blue Ribbon Road","class":2,"surf":0,"highway":"primary","ref":"C231"},"geometry":{"type":"LineString","coordinates":[[142.20347,-36.59389],[142.20341,-36.59455],[142.20344,-36.59518],[142.20443,-36.60053],[142.20444,-36.60496],[142.20462,-36.60791]]}},{"type":"Feature","properties":{"name":"Riverside Road","class":3,"surf":0,"highway":"secondary"},"geometry":{"type":"LineString","coordinates":[[142.22846,-36.69677],[142.23177,-36.69676]]}},{"type":"Feature","properties":{"name":"Horsham-Minyip Road","class":2,"surf":0,"highway":"primary","ref":"C236"},"geometry":{"type":"LineString","coordinates":[[142.39994,-36.50041],[142.40025,-36.50042]]}},{"type":"Feature","properties":{"name":"Wilson Street","class":1,"surf":0,"highway":"trunk","ref":"C240"},"geometry":{"type":"LineString","coordinates":[[142.1929,-36.71666],[142.19323,-36.71666]]}},{"type":"Feature","properties":{"name":"Grahams Bridge Road","class":5,"surf":0,"highway":"unclassified"},"geometry":{"type":"LineString","coordinates":[[142.21246,-36.75303],[142.21242,-36.7566]]}},{"type":"Feature","properties":{"name":"Sinclair Place","class":5,"surf":0,"highway":"unclassified"},"geometry":{"type":"LineString","coordinates":[[142.1854,-36.71744],[142.1854,-36.71767],[142.18549,-36.71787],[142.18573,-36.71795],[142.18597,-36.71786],[142.18605,-36.71767],[142.18603,-36.71744]]}},{"type":"Feature","properties":{"name":"Natimuk Road","class":5,"surf":0,"highway":"unclassified"},"geometry":{"type":"LineString","coordinates":[[142.17989,-36.72114],[142.18237,-36.72023]]}},{"type":"Feature","properties":{"name":"Horsham-Noradjuha Road","class":2,"surf":0,"highway":"primary","ref":"C214"},"geometry":{"type":"LineString","coordinates":[[142.04612,-36.80695],[142.04567,-36.80722]]}},{"type":"Feature","properties":{"name":"Barnes Boulevard","class":4,"surf":0,"highway":"tertiary"},"geometry":{"type":"LineString","coordinates":[[142.19428,-36.72458],[142.19503,-36.7244]]}},{"type":"Feature","properties":{"name":"Schwarz Avenue","class":5,"surf":0,"highway":"unclassified"},"geometry":{"type":"LineString","coordinates":[[142.18614,-36.71559],[142.18726,-36.71558]]}},{"type":"Feature","properties":{"name":"Horsham-Lubeck Road","class":3,"surf":0,"highway":"secondary"},"geometry":{"type":"LineString","coordinates":[[142.46675,-36.7452],[142.46404,-36.74532]]}},{"type":"Feature","properties":{"name":"Three Bridges Road","class":3,"surf":0,"highway":"secondary"},"geometry":{"type":"LineString","coordinates":[[142.11303,-36.76005],[142.11398,-36.76024]]}},{"type":"Feature","properties":{"name":"Horsham-Wal Wal Road","class":3,"surf":0,"highway":"secondary"},"geometry":{"type":"LineString","coordinates":[[142.37649,-36.82603],[142.37597,-36.82616],[142.37543,-36.82652]]}},{"type":"Feature","properties":{"name":"Mardon Drive","class":5,"surf":0,"highway":"unclassified"},"geometry":{"type":"LineString","coordinates":[[142.21479,-36.72413],[142.2151,-36.72475],[142.21512,-36.72518]]}},{"type":"Feature","properties":{"name":"Western Highway","class":1,"surf":0,"highway":"trunk","ref":"A8"},"geometry":{"type":"LineString","coordinates":[[142.1642,-36.68791],[142.16476,-36.68899]]}},{"type":"Feature","properties":{"name":"Burgess Street","class":5,"surf":0,"highway":"unclassified"},"geometry":{"type":"LineString","coordinates":[[142.18814,-36.70948],[142.18815,-36.71176]]}},{"type":"Feature","properties":{"name":"Butlers Road","class":5,"surf":0,"highway":"unclassified"},"geometry":{"type":"LineString","coordinates":[[142.24901,-36.71261],[142.23914,-36.71255]]}},{"type":"Feature","properties":{"name":"Wavell Street","class":4,"surf":0,"highway":"tertiary"},"geometry":{"type":"LineString","coordinates":[[142.19758,-36.70261],[142.19892,-36.70261]]}},{"type":"Feature","properties":{"name":"North East Wonwondah Road","class":3,"surf":0,"highway":"secondary"},"geometry":{"type":"LineString","coordinates":[[142.2326,-36.87716],[142.23192,-36.87782],[142.23147,-36.87803],[142.23096,-36.87812]]}},{"type":"Feature","properties":{"name":"Fraser Drive","class":5,"surf":0,"highway":"unclassified"},"geometry":{"type":"LineString","coordinates":[[142.19225,-36.70173],[142.19237,-36.70218],[142.19238,-36.70263]]}},{"type":"Feature","properties":{"name":"Peels Road","class":3,"surf":0,"highway":"secondary"},"geometry":{"type":"LineString","coordinates":[[142.24904,-36.69816],[142.23767,-36.69814]]}},{"type":"Feature","properties":{"name":"","class":6,"surf":0,"highway":"unclassified"},"geometry":{"type":"LineString","coordinates":[[142.17737,-36.72797],[142.17729,-36.72824],[142.17637,-36.72937]]}},{"type":"Feature","properties":{"name":"Rosebrook-Glenisla Road","class":6,"surf":0,"highway":"unclassified"},"geometry":{"type":"LineString","coordinates":[[142.32219,-37.06183],[142.32169,-37.06235]]}},{"type":"Feature","properties":{"name":"","class":6,"surf":0,"highway":"unclassified"},"geometry":{"type":"LineString","coordinates":[[141.95305,-36.93245],[141.95316,-36.93225]]}},{"type":"Feature","properties":{"name":"","class":6,"surf":0,"highway":"unclassified"},"geometry":{"type":"LineString","coordinates":[[141.94138,-36.96813],[141.94176,-36.96825]]}},{"type":"Feature","properties":{"name":"","class":6,"surf":0,"highway":"unclassified"},"geometry":{"type":"LineString","coordinates":[[141.98725,-36.934],[141.98763,-36.93402]]}},{"type":"Feature","properties":{"name":"","class":6,"surf":0,"highway":"unclassified"},"geometry":{"type":"LineString","coordinates":[[141.98386,-36.91564],[141.9836,-36.91564]]}},{"type":"Feature","properties":{"name":"Rosebrook-Glenisla Road","class":6,"surf":0,"highway":"unclassified"},"geometry":{"type":"LineString","coordinates":[[142.32773,-37.05774],[142.32754,-37.05797],[142.32718,-37.05824],[142.32624,-37.05875],[142.32532,-37.05971],[142.32322,-37.06103],[142.32287,-37.06158],[142.32219,-37.06183]]}},{"type":"Feature","properties":{"name":"McLean Drive","class":5,"surf":0,"highway":"unclassified"},"geometry":{"type":"LineString","coordinates":[[142.19851,-36.72998],[142.19765,-36.73003]]}},{"type":"Feature","properties":{"name":"Lyons Court","class":5,"surf":0,"highway":"unclassified"},"geometry":{"type":"LineString","coordinates":[[142.19364,-36.69997],[142.19364,-36.7004],[142.19345,-36.70101]]}},{"type":"Feature","properties":{"name":"Fischers Road","class":5,"surf":0,"highway":"unclassified"},"geometry":{"type":"LineString","coordinates":[[142.39479,-36.81199],[142.39486,-36.81255],[142.395,-36.81276],[142.39533,-36.813]]}},{"type":"Feature","properties":{"name":"Alfred Street","class":5,"surf":0,"highway":"unclassified"},"geometry":{"type":"LineString","coordinates":[[142.19777,-36.71042],[142.19849,-36.71041]]}},{"type":"Feature","properties":{"name":"Isbel Court","class":5,"surf":0,"highway":"unclassified"},"geometry":{"type":"LineString","coordinates":[[142.17659,-36.7237],[142.17678,-36.72393]]}},{"type":"Feature","properties":{"name":"Brady Court","class":5,"surf":0,"highway":"unclassified"},"geometry":{"type":"LineString","coordinates":[[142.2089,-36.71777],[142.2089,-36.71838]]}},{"type":"Feature","properties":{"name":"Puls Place","class":5,"surf":0,"highway":"unclassified"},"geometry":{"type":"LineString","coordinates":[[142.20571,-36.69771],[142.20736,-36.69769]]}},{"type":"Feature","properties":{"name":"Gerlach Street","class":5,"surf":0,"highway":"unclassified"},"geometry":{"type":"LineString","coordinates":[[142.2072,-36.69847],[142.20762,-36.69847]]}},{"type":"Feature","properties":{"name":"Noske Place","class":5,"surf":0,"highway":"unclassified"},"geometry":{"type":"LineString","coordinates":[[142.20291,-36.69957],[142.20425,-36.69956],[142.20445,-36.6995]]}},{"type":"Feature","properties":{"name":"Logan Street","class":5,"surf":0,"highway":"unclassified"},"geometry":{"type":"LineString","coordinates":[[142.19179,-36.69943],[142.19179,-36.69998]]}},{"type":"Feature","properties":{"name":"High Street S","class":5,"surf":0,"highway":"unclassified"},"geometry":{"type":"LineString","coordinates":[[142.18649,-36.70944],[142.18649,-36.70978]]}},{"type":"Feature","properties":{"name":"Birch Avenue","class":5,"surf":0,"highway":"unclassified"},"geometry":{"type":"LineString","coordinates":[[142.19204,-36.70973],[142.19216,-36.70989],[142.1928,-36.7102]]}},{"type":"Feature","properties":{"name":"Felstead Avenue","class":5,"surf":0,"highway":"unclassified"},"geometry":{"type":"LineString","coordinates":[[142.20881,-36.70117],[142.20882,-36.70153]]}},{"type":"Feature","properties":{"name":"Creek Crescent","class":5,"surf":0,"highway":"unclassified"},"geometry":{"type":"LineString","coordinates":[[142.21292,-36.70154],[142.21303,-36.70155]]}},{"type":"Feature","properties":{"name":"Homers Court","class":5,"surf":0,"highway":"unclassified"},"geometry":{"type":"LineString","coordinates":[[142.20006,-36.7026],[142.20006,-36.70382]]}},{"type":"Feature","properties":{"name":"Webster Street","class":5,"surf":0,"highway":"unclassified"},"geometry":{"type":"LineString","coordinates":[[142.21642,-36.70524],[142.21648,-36.70539],[142.21648,-36.70572]]}},{"type":"Feature","properties":{"name":"Tucker Street","class":5,"surf":0,"highway":"unclassified"},"geometry":{"type":"LineString","coordinates":[[142.21402,-36.70627],[142.21475,-36.70567]]}},{"type":"Feature","properties":{"name":"Byrne Street","class":5,"surf":0,"highway":"unclassified"},"geometry":{"type":"LineString","coordinates":[[142.21599,-36.7057],[142.21648,-36.70572]]}},{"type":"Feature","properties":{"name":"Regal Court","class":5,"surf":0,"highway":"unclassified"},"geometry":{"type":"LineString","coordinates":[[142.2175,-36.70657],[142.2178,-36.70658],[142.21797,-36.70647]]}},{"type":"Feature","properties":{"name":"Don Street","class":5,"surf":0,"highway":"unclassified"},"geometry":{"type":"LineString","coordinates":[[142.19153,-36.70658],[142.19153,-36.70727]]}},{"type":"Feature","properties":{"name":"Saul Crescent","class":5,"surf":0,"highway":"unclassified"},"geometry":{"type":"LineString","coordinates":[[142.19253,-36.70792],[142.19214,-36.70846]]}},{"type":"Feature","properties":{"name":"Oak Court","class":5,"surf":0,"highway":"unclassified"},"geometry":{"type":"LineString","coordinates":[[142.19199,-36.71075],[142.19221,-36.71076],[142.19246,-36.71065],[142.1928,-36.7102]]}},{"type":"Feature","properties":{"name":"Berry Court","class":5,"surf":0,"highway":"unclassified"},"geometry":{"type":"LineString","coordinates":[[142.18331,-36.71417],[142.18432,-36.71387]]}},{"type":"Feature","properties":{"name":"","class":5,"surf":0,"highway":"unclassified"},"geometry":{"type":"LineString","coordinates":[[142.20568,-36.71463],[142.20567,-36.71489]]}},{"type":"Feature","properties":{"name":"Delville Street","class":5,"surf":0,"highway":"unclassified"},"geometry":{"type":"LineString","coordinates":[[142.1951,-36.71462],[142.19713,-36.71461]]}},{"type":"Feature","properties":{"name":"","class":5,"surf":0,"highway":"unclassified"},"geometry":{"type":"LineString","coordinates":[[142.19886,-36.71473],[142.19877,-36.71473]]}},{"type":"Feature","properties":{"name":"","class":5,"surf":0,"highway":"unclassified"},"geometry":{"type":"LineString","coordinates":[[142.19778,-36.71473],[142.19787,-36.71473]]}},{"type":"Feature","properties":{"name":"","class":5,"surf":0,"highway":"unclassified"},"geometry":{"type":"LineString","coordinates":[[142.19912,-36.71427],[142.19913,-36.71474]]}},{"type":"Feature","properties":{"name":"Bank Street","class":5,"surf":0,"highway":"unclassified"},"geometry":{"type":"LineString","coordinates":[[142.21168,-36.7147],[142.21168,-36.71506]]}},{"type":"Feature","properties":{"name":"","class":5,"surf":0,"highway":"unclassified"},"geometry":{"type":"LineString","coordinates":[[142.19759,-36.71507],[142.19778,-36.71507]]}},{"type":"Feature","properties":{"name":"","class":5,"surf":0,"highway":"unclassified"},"geometry":{"type":"LineString","coordinates":[[142.19556,-36.71592],[142.19556,-36.71665]]}},{"type":"Feature","properties":{"name":"","class":5,"surf":0,"highway":"unclassified"},"geometry":{"type":"LineString","coordinates":[[142.19914,-36.71745],[142.19915,-36.71783]]}},{"type":"Feature","properties":{"name":"Magee Court","class":5,"surf":0,"highway":"unclassified"},"geometry":{"type":"LineString","coordinates":[[142.1948,-36.7177],[142.19396,-36.71771]]}},{"type":"Feature","properties":{"name":"Griffin Court","class":5,"surf":0,"highway":"unclassified"},"geometry":{"type":"LineString","coordinates":[[142.20799,-36.71778],[142.208,-36.71839]]}},{"type":"Feature","properties":{"name":"Wilmoth Avenue","class":5,"surf":0,"highway":"unclassified"},"geometry":{"type":"LineString","coordinates":[[142.18725,-36.72045],[142.18786,-36.72046],[142.18786,-36.72058]]}},{"type":"Feature","properties":{"name":"Derimal Street","class":5,"surf":0,"highway":"unclassified"},"geometry":{"type":"LineString","coordinates":[[142.17631,-36.72138],[142.17719,-36.72105]]}},{"type":"Feature","properties":{"name":"Brierwood Court","class":5,"surf":0,"highway":"unclassified"},"geometry":{"type":"LineString","coordinates":[[142.19392,-36.72192],[142.19399,-36.72198]]}},{"type":"Feature","properties":{"name":"Brierwood Court","class":5,"surf":0,"highway":"unclassified"},"geometry":{"type":"LineString","coordinates":[[142.19399,-36.72198],[142.19399,-36.72267]]}},{"type":"Feature","properties":{"name":"Rahley Court","class":5,"surf":0,"highway":"unclassified"},"geometry":{"type":"LineString","coordinates":[[142.21415,-36.72435],[142.21479,-36.72413]]}},{"type":"Feature","properties":{"name":"Gardenia Court","class":5,"surf":0,"highway":"unclassified"},"geometry":{"type":"LineString","coordinates":[[142.19293,-36.7234],[142.19289,-36.72403],[142.19276,-36.72413],[142.19249,-36.72419]]}},{"type":"Feature","properties":{"name":"Iris Street","class":5,"surf":0,"highway":"unclassified"},"geometry":{"type":"LineString","coordinates":[[142.19047,-36.72341],[142.19048,-36.72392],[142.19056,-36.72413]]}},{"type":"Feature","properties":{"name":"McDowell Court","class":5,"surf":0,"highway":"unclassified"},"geometry":{"type":"LineString","coordinates":[[142.17572,-36.72391],[142.17607,-36.72431]]}},{"type":"Feature","properties":{"name":"","class":5,"surf":0,"highway":"unclassified"},"geometry":{"type":"LineString","coordinates":[[142.20354,-36.72476],[142.2041,-36.72475]]}},{"type":"Feature","properties":{"name":"Hoskin Court","class":5,"surf":0,"highway":"unclassified"},"geometry":{"type":"LineString","coordinates":[[142.17477,-36.72422],[142.17512,-36.7248]]}},{"type":"Feature","properties":{"name":"Raggatt Street","class":5,"surf":0,"highway":"unclassified"},"geometry":{"type":"LineString","coordinates":[[142.2131,-36.72519],[142.2131,-36.72615]]}},{"type":"Feature","properties":{"name":"Bennett Road","class":4,"surf":0,"highway":"tertiary"},"geometry":{"type":"LineString","coordinates":[[142.18726,-36.72517],[142.18726,-36.72537]]}},{"type":"Feature","properties":{"name":"Dawson Court","class":5,"surf":0,"highway":"unclassified"},"geometry":{"type":"LineString","coordinates":[[142.17599,-36.72532],[142.17634,-36.72521],[142.17706,-36.72521]]}},{"type":"Feature","properties":{"name":"Harmer Court","class":5,"surf":0,"highway":"unclassified"},"geometry":{"type":"LineString","coordinates":[[142.1792,-36.72629],[142.17923,-36.7271],[142.17935,-36.72749]]}},{"type":"Feature","properties":{"name":"Major Mitchell Drive","class":5,"surf":0,"highway":"unclassified"},"geometry":{"type":"LineString","coordinates":[[142.19385,-36.72761],[142.19419,-36.72758]]}},{"type":"Feature","properties":{"name":"Weight Close","class":5,"surf":0,"highway":"unclassified"},"geometry":{"type":"LineString","coordinates":[[142.20032,-36.72781],[142.19999,-36.72793]]}},{"type":"Feature","properties":{"name":"Tuson Court","class":5,"surf":0,"highway":"unclassified"},"geometry":{"type":"LineString","coordinates":[[142.20895,-36.7272],[142.20905,-36.72816]]}},{"type":"Feature","properties":{"name":"Atkins Court","class":5,"surf":0,"highway":"unclassified"},"geometry":{"type":"LineString","coordinates":[[142.19734,-36.72828],[142.19796,-36.72814]]}},{"type":"Feature","properties":{"name":"Heslop Court","class":5,"surf":0,"highway":"unclassified"},"geometry":{"type":"LineString","coordinates":[[142.20888,-36.72892],[142.21025,-36.72891]]}},{"type":"Feature","properties":{"name":"Colla Court","class":5,"surf":0,"highway":"unclassified"},"geometry":{"type":"LineString","coordinates":[[142.20793,-36.72847],[142.20793,-36.72899]]}},{"type":"Feature","properties":{"name":"Wimmera Rise","class":5,"surf":0,"highway":"unclassified"},"geometry":{"type":"LineString","coordinates":[[142.17543,-36.72836],[142.17595,-36.72885]]}},{"type":"Feature","properties":{"name":"River Park Rise","class":5,"surf":0,"highway":"unclassified"},"geometry":{"type":"LineString","coordinates":[[142.17441,-36.72872],[142.17492,-36.72946]]}},{"type":"Feature","properties":{"name":"Kirsopp Court","class":5,"surf":0,"highway":"unclassified"},"geometry":{"type":"LineString","coordinates":[[142.17228,-36.72897],[142.1718,-36.72881]]}},{"type":"Feature","properties":{"name":"Sayer Court","class":5,"surf":0,"highway":"unclassified"},"geometry":{"type":"LineString","coordinates":[[142.17342,-36.72969],[142.17345,-36.72911]]}},{"type":"Feature","properties":{"name":"McTavish Boulevard","class":5,"surf":0,"highway":"unclassified"},"geometry":{"type":"LineString","coordinates":[[142.19402,-36.72958],[142.19328,-36.72998]]}},{"type":"Feature","properties":{"name":"Gordon Street","class":5,"surf":0,"highway":"unclassified"},"geometry":{"type":"LineString","coordinates":[[142.20385,-36.73009],[142.2039,-36.73104]]}},{"type":"Feature","properties":{"name":"","class":5,"surf":0,"highway":"unclassified"},"geometry":{"type":"LineString","coordinates":[[142.19402,-36.73559],[142.19454,-36.73559]]}},{"type":"Feature","properties":{"name":"Pohlner Street","class":5,"surf":0,"highway":"unclassified"},"geometry":{"type":"LineString","coordinates":[[142.18656,-36.73932],[142.18735,-36.73931]]}},{"type":"Feature","properties":{"name":"Oatlands Court","class":5,"surf":0,"highway":"unclassified"},"geometry":{"type":"LineString","coordinates":[[142.19893,-36.70442],[142.19995,-36.7044]]}},{"type":"Feature","properties":{"name":"Stawell Road","class":1,"surf":0,"highway":"trunk","ref":"A8"},"geometry":{"type":"LineString","coordinates":[[142.20499,-36.72553],[142.20494,-36.72455]]}},{"type":"Feature","properties":{"name":"Stawell Road","class":1,"surf":0,"highway":"trunk","ref":"A8"},"geometry":{"type":"LineString","coordinates":[[142.20518,-36.72454],[142.20522,-36.7254]]}},{"type":"Feature","properties":{"name":"Stawell Road","class":1,"surf":0,"highway":"trunk","ref":"A8"},"geometry":{"type":"LineString","coordinates":[[142.20495,-36.72304],[142.20507,-36.72317],[142.20508,-36.72353]]}},{"type":"Feature","properties":{"name":"Hickson Street","class":5,"surf":0,"highway":"unclassified"},"geometry":{"type":"LineString","coordinates":[[142.19393,-36.69996],[142.19364,-36.69997]]}},{"type":"Feature","properties":{"name":"Stawell Road","class":1,"surf":0,"highway":"trunk","ref":"A8"},"geometry":{"type":"LineString","coordinates":[[142.20516,-36.72422],[142.20518,-36.72454]]}},{"type":"Feature","properties":{"name":"Stawell Road","class":1,"surf":0,"highway":"trunk","ref":"A8"},"geometry":{"type":"LineString","coordinates":[[142.2049,-36.7237],[142.20489,-36.72352]]}},{"type":"Feature","properties":{"name":"Stawell Road","class":1,"surf":0,"highway":"trunk","ref":"A8"},"geometry":{"type":"LineString","coordinates":[[142.20494,-36.72455],[142.20492,-36.72427]]}},{"type":"Feature","properties":{"name":"Stawell Road","class":1,"surf":0,"highway":"trunk","ref":"A8"},"geometry":{"type":"LineString","coordinates":[[142.20492,-36.72427],[142.2049,-36.7237]]}},{"type":"Feature","properties":{"name":"Stawell Road","class":1,"surf":0,"highway":"trunk","ref":"A8"},"geometry":{"type":"LineString","coordinates":[[142.20509,-36.7237],[142.20516,-36.72422]]}},{"type":"Feature","properties":{"name":"Hickson Street","class":5,"surf":0,"highway":"unclassified"},"geometry":{"type":"LineString","coordinates":[[142.19252,-36.69998],[142.19364,-36.69997]]}},{"type":"Feature","properties":{"name":"Roses Gap Road","class":5,"surf":0,"highway":"unclassified"},"geometry":{"type":"LineString","coordinates":[[142.36161,-37.02574],[142.3616,-37.02673]]}},{"type":"Feature","properties":{"name":"Roses Gap Road","class":5,"surf":0,"highway":"unclassified"},"geometry":{"type":"LineString","coordinates":[[142.39647,-37.02828],[142.39593,-37.02832]]}},{"type":"Feature","properties":{"name":"Roses Gap Road","class":5,"surf":0,"highway":"unclassified"},"geometry":{"type":"LineString","coordinates":[[142.40343,-37.03026],[142.39755,-37.02842],[142.39647,-37.02828]]}},{"type":"Feature","properties":{"name":"Roses Gap Road","class":4,"surf":0,"highway":"tertiary"},"geometry":{"type":"LineString","coordinates":[[142.55943,-36.94277],[142.55357,-36.9446],[142.5521,-36.9452],[142.54141,-36.94871]]}},{"type":"Feature","properties":{"name":"Wimmera Highway","class":1,"surf":0,"highway":"trunk","ref":"C240"},"geometry":{"type":"LineString","coordinates":[[141.8944,-36.76185],[141.89553,-36.76135]]}},{"type":"Feature","properties":{"name":"Wimmera Highway","class":1,"surf":0,"highway":"trunk","ref":"C240"},"geometry":{"type":"LineString","coordinates":[[141.89553,-36.76135],[141.90559,-36.75696]]}},{"type":"Feature","properties":{"name":"Creek Road","class":3,"surf":0,"highway":"secondary"},"geometry":{"type":"LineString","coordinates":[[141.92143,-36.75658],[141.9213,-36.75668]]}},{"type":"Feature","properties":{"name":"Creek Road","class":3,"surf":0,"highway":"secondary"},"geometry":{"type":"LineString","coordinates":[[141.92965,-36.75021],[141.92885,-36.75158],[141.92835,-36.75215],[141.92514,-36.75438],[141.92394,-36.75475],[141.92324,-36.75508],[141.92143,-36.75658]]}},{"type":"Feature","properties":{"name":"Creek Road","class":3,"surf":0,"highway":"secondary"},"geometry":{"type":"LineString","coordinates":[[141.9213,-36.75668],[141.92079,-36.7571]]}},{"type":"Feature","properties":{"name":"Lake Avenue","class":5,"surf":0,"highway":"unclassified"},"geometry":{"type":"LineString","coordinates":[[141.94261,-36.74058],[141.94289,-36.74089]]}},{"type":"Feature","properties":{"name":"Natimuk-Frances Road","class":2,"surf":0,"highway":"primary","ref":"C213"},"geometry":{"type":"LineString","coordinates":[[141.83089,-36.73815],[141.83231,-36.73883]]}},{"type":"Feature","properties":{"name":"Lake Avenue","class":5,"surf":0,"highway":"unclassified"},"geometry":{"type":"LineString","coordinates":[[141.94251,-36.74048],[141.94261,-36.74058]]}},{"type":"Feature","properties":{"name":"Molyneaux Road","class":5,"surf":0,"highway":"unclassified"},"geometry":{"type":"LineString","coordinates":[[142.27809,-36.64537],[142.27789,-36.64525]]}},{"type":"Feature","properties":{"name":"Freight Terminal Road","class":5,"surf":0,"highway":"unclassified"},"geometry":{"type":"LineString","coordinates":[[142.27789,-36.64525],[142.2779,-36.64506],[142.2781,-36.64497]]}},{"type":"Feature","properties":{"name":"Molyneaux Road","class":5,"surf":0,"highway":"unclassified"},"geometry":{"type":"LineString","coordinates":[[142.2781,-36.64497],[142.27835,-36.64509]]}},{"type":"Feature","properties":{"name":"Molyneaux Road","class":5,"surf":0,"highway":"unclassified"},"geometry":{"type":"LineString","coordinates":[[142.27835,-36.64509],[142.27832,-36.64529],[142.27809,-36.64537]]}},{"type":"Feature","properties":{"name":"","class":6,"surf":0,"highway":"unclassified"},"geometry":{"type":"LineString","coordinates":[[142.27835,-36.64509],[142.2801,-36.64428]]}},{"type":"Feature","properties":{"name":"Molyneaux Road","class":5,"surf":0,"highway":"unclassified"},"geometry":{"type":"LineString","coordinates":[[142.27809,-36.64537],[142.27806,-36.64682]]}},{"type":"Feature","properties":{"name":"","class":6,"surf":0,"highway":"unclassified"},"geometry":{"type":"LineString","coordinates":[[142.27812,-36.64517],[142.27835,-36.64509]]}},{"type":"Feature","properties":{"name":"Freight Terminal Road","class":5,"surf":0,"highway":"unclassified"},"geometry":{"type":"LineString","coordinates":[[142.27789,-36.64525],[142.27812,-36.64517]]}},{"type":"Feature","properties":{"name":"Molyneaux Road","class":5,"surf":0,"highway":"unclassified"},"geometry":{"type":"LineString","coordinates":[[142.27812,-36.64517],[142.27809,-36.64537]]}},{"type":"Feature","properties":{"name":"Molyneaux Road","class":5,"surf":0,"highway":"unclassified"},"geometry":{"type":"LineString","coordinates":[[142.2781,-36.64497],[142.27812,-36.64517]]}},{"type":"Feature","properties":{"name":"Northern Grampians Road","class":2,"surf":0,"highway":"primary","ref":"C222"},"geometry":{"type":"LineString","coordinates":[[142.36492,-37.06483],[142.36554,-37.06565]]}},{"type":"Feature","properties":{"name":"Mt Victory Road","class":2,"surf":0,"highway":"primary","ref":"C222"},"geometry":{"type":"LineString","coordinates":[[142.36554,-37.06565],[142.36565,-37.06576]]}},{"type":"Feature","properties":{"name":"Kalkee Road","class":3,"surf":0,"highway":"secondary","ref":"C231"},"geometry":{"type":"LineString","coordinates":[[142.20211,-36.6979],[142.20185,-36.69859]]}},{"type":"Feature","properties":{"name":"Kalkee Road","class":3,"surf":0,"highway":"secondary","ref":"C231"},"geometry":{"type":"LineString","coordinates":[[142.20185,-36.69859],[142.2018,-36.69871]]}},{"type":"Feature","properties":{"name":"Blue Ribbon Road","class":2,"surf":0,"highway":"primary","ref":"C231"},"geometry":{"type":"LineString","coordinates":[[142.20484,-36.58454],[142.20482,-36.58466]]}},{"type":"Feature","properties":{"name":"Blue Ribbon Road","class":2,"surf":0,"highway":"primary","ref":"C231"},"geometry":{"type":"LineString","coordinates":[[142.20574,-36.57834],[142.20484,-36.58454]]}},{"type":"Feature","properties":{"name":"Blue Ribbon Road","class":2,"surf":0,"highway":"primary","ref":"C231"},"geometry":{"type":"LineString","coordinates":[[142.20801,-36.5628],[142.20574,-36.57834]]}},{"type":"Feature","properties":{"name":"Blue Ribbon Road","class":2,"surf":0,"highway":"primary","ref":"C231"},"geometry":{"type":"LineString","coordinates":[[142.20482,-36.58466],[142.20413,-36.58952]]}},{"type":"Feature","properties":{"name":"Blue Ribbon Road","class":2,"surf":0,"highway":"primary","ref":"C231"},"geometry":{"type":"LineString","coordinates":[[142.20413,-36.58952],[142.20357,-36.59323]]}},{"type":"Feature","properties":{"name":"Blue Ribbon Road","class":2,"surf":0,"highway":"primary","ref":"C231"},"geometry":{"type":"LineString","coordinates":[[142.20478,-36.62816],[142.20485,-36.63876]]}},{"type":"Feature","properties":{"name":"Freight Terminal Road","class":5,"surf":0,"highway":"unclassified"},"geometry":{"type":"LineString","coordinates":[[142.263,-36.64555],[142.27545,-36.6455]]}},{"type":"Feature","properties":{"name":"Freight Terminal Road","class":5,"surf":0,"highway":"unclassified"},"geometry":{"type":"LineString","coordinates":[[142.27545,-36.6455],[142.27663,-36.64549],[142.27789,-36.64525]]}},{"type":"Feature","properties":{"name":"Roses Gap Road","class":5,"surf":0,"highway":"unclassified"},"geometry":{"type":"LineString","coordinates":[[142.36087,-37.02184],[142.36114,-37.02204],[142.36151,-37.02265],[142.36158,-37.02301],[142.3616,-37.02479]]}},{"type":"Feature","properties":{"name":"Roses Gap Road","class":5,"surf":0,"highway":"unclassified"},"geometry":{"type":"LineString","coordinates":[[142.3616,-37.02479],[142.36161,-37.02574]]}},{"type":"Feature","properties":{"name":"Natimuk-Frances Road","class":2,"surf":0,"highway":"primary","ref":"C213"},"geometry":{"type":"LineString","coordinates":[[141.72818,-36.73326],[141.73529,-36.73298]]}},{"type":"Feature","properties":{"name":"Carmichaels Road","class":5,"surf":0,"highway":"unclassified"},"geometry":{"type":"LineString","coordinates":[[142.11461,-36.77335],[142.11562,-36.77327]]}},{"type":"Feature","properties":{"name":"Carmichaels Road","class":5,"surf":0,"highway":"unclassified"},"geometry":{"type":"LineString","coordinates":[[142.11562,-36.77327],[142.11784,-36.77309]]}},{"type":"Feature","properties":{"name":"Carmichaels Road","class":5,"surf":0,"highway":"unclassified"},"geometry":{"type":"LineString","coordinates":[[142.11784,-36.77309],[142.12079,-36.77285]]}},{"type":"Feature","properties":{"name":"Carmichaels Road","class":5,"surf":0,"highway":"unclassified"},"geometry":{"type":"LineString","coordinates":[[142.12079,-36.77285],[142.12134,-36.7728]]}},{"type":"Feature","properties":{"name":"Natimuk-Hamilton Road","class":2,"surf":0,"highway":"primary","ref":"C214"},"geometry":{"type":"LineString","coordinates":[[141.92441,-37.02878],[141.92428,-37.02423]]}},{"type":"Feature","properties":{"name":"Natimuk-Hamilton Road","class":2,"surf":0,"highway":"primary","ref":"C214"},"geometry":{"type":"LineString","coordinates":[[141.92482,-37.03664],[141.92441,-37.02878]]}},{"type":"Feature","properties":{"name":"Hughes Street","class":5,"surf":0,"highway":"unclassified"},"geometry":{"type":"LineString","coordinates":[[142.20958,-36.72473],[142.20981,-36.72467],[142.21058,-36.72465]]}},{"type":"Feature","properties":{"name":"Northern Grampians Road","class":2,"surf":0,"highway":"primary","ref":"C222"},"geometry":{"type":"LineString","coordinates":[[142.35316,-37.05547],[142.35433,-37.05585]]}},{"type":"Feature","properties":{"name":"Northern Grampians Road","class":2,"surf":0,"highway":"primary","ref":"C222"},"geometry":{"type":"LineString","coordinates":[[142.35433,-37.05585],[142.35698,-37.05672]]}},{"type":"Feature","properties":{"name":"Palk Street","class":5,"surf":0,"highway":"unclassified"},"geometry":{"type":"LineString","coordinates":[[142.208,-36.70803],[142.20965,-36.70804],[142.20978,-36.70811]]}},{"type":"Feature","properties":{"name":"Dooen Road","class":1,"surf":0,"highway":"trunk","ref":"B200"},"geometry":{"type":"LineString","coordinates":[[142.20845,-36.70919],[142.20978,-36.70811]]}},{"type":"Feature","properties":{"name":"Dooen Road","class":1,"surf":0,"highway":"trunk","ref":"B200"},"geometry":{"type":"LineString","coordinates":[[142.20978,-36.70811],[142.21165,-36.7066]]}},{"type":"Feature","properties":{"name":"Dooen Road","class":1,"surf":0,"highway":"trunk","ref":"B200"},"geometry":{"type":"LineString","coordinates":[[142.21165,-36.7066],[142.21387,-36.70474]]}},{"type":"Feature","properties":{"name":"Dooen Road","class":1,"surf":0,"highway":"trunk","ref":"B200"},"geometry":{"type":"LineString","coordinates":[[142.20805,-36.70951],[142.20845,-36.70919]]}},{"type":"Feature","properties":{"name":"Caroline Street","class":5,"surf":0,"highway":"unclassified"},"geometry":{"type":"LineString","coordinates":[[142.2079,-36.70938],[142.20805,-36.70951]]}},{"type":"Feature","properties":{"name":"Caroline Street","class":5,"surf":0,"highway":"unclassified"},"geometry":{"type":"LineString","coordinates":[[142.20802,-36.70866],[142.20803,-36.70919],[142.2079,-36.70938]]}},{"type":"Feature","properties":{"name":"Searle Street","class":5,"surf":0,"highway":"unclassified"},"geometry":{"type":"LineString","coordinates":[[142.20489,-36.70937],[142.2079,-36.70938]]}},{"type":"Feature","properties":{"name":"Wombelano Road","class":2,"surf":0,"highway":"primary","ref":"C205"},"geometry":{"type":"LineString","coordinates":[[141.7733,-37.09319],[141.77357,-37.09334]]}},{"type":"Feature","properties":{"name":"Geodetic Road","class":3,"surf":0,"highway":"secondary"},"geometry":{"type":"LineString","coordinates":[[142.16869,-36.68252],[142.16872,-36.69386]]}},{"type":"Feature","properties":{"name":"Geodetic Road","class":3,"surf":0,"highway":"secondary"},"geometry":{"type":"LineString","coordinates":[[142.16872,-36.69386],[142.16872,-36.69564]]}},{"type":"Feature","properties":{"name":"Burgin Drive","class":5,"surf":0,"highway":"unclassified"},"geometry":{"type":"LineString","coordinates":[[142.26196,-36.64555],[142.26205,-36.65003]]}},{"type":"Feature","properties":{"name":"Walpole Terrace","class":5,"surf":0,"highway":"unclassified"},"geometry":{"type":"LineString","coordinates":[[142.21295,-36.72042],[142.21257,-36.72071],[142.21235,-36.72077]]}},{"type":"Feature","properties":{"name":"Sunnyside Avenue","class":5,"surf":0,"highway":"unclassified"},"geometry":{"type":"LineString","coordinates":[[142.21012,-36.70976],[142.21214,-36.70974]]}},{"type":"Feature","properties":{"name":"McLean Drive","class":5,"surf":0,"highway":"unclassified"},"geometry":{"type":"LineString","coordinates":[[142.20137,-36.73007],[142.20021,-36.72995],[142.19955,-36.7298],[142.19915,-36.72982],[142.19851,-36.72998]]}},{"type":"Feature","properties":{"name":"Seater Close","class":5,"surf":0,"highway":"unclassified"},"geometry":{"type":"LineString","coordinates":[[142.20137,-36.73007],[142.20135,-36.73082],[142.19879,-36.73075],[142.19851,-36.72998]]}},{"type":"Feature","properties":{"name":"Baillie Street","class":4,"surf":0,"highway":"tertiary"},"geometry":{"type":"LineString","coordinates":[[142.19094,-36.71176],[142.19333,-36.71175]]}},{"type":"Feature","properties":{"name":"Baillie Street","class":4,"surf":0,"highway":"tertiary"},"geometry":{"type":"LineString","coordinates":[[142.18598,-36.71176],[142.18649,-36.71177]]}},{"type":"Feature","properties":{"name":"Francis Street","class":5,"surf":0,"highway":"unclassified"},"geometry":{"type":"LineString","coordinates":[[142.19784,-36.69936],[142.19784,-36.69994],[142.19769,-36.7004]]}},{"type":"Feature","properties":{"name":"Barnes Boulevard","class":4,"surf":0,"highway":"tertiary"},"geometry":{"type":"LineString","coordinates":[[142.17377,-36.72968],[142.17424,-36.72964],[142.17492,-36.72946]]}},{"type":"Feature","properties":{"name":"Bennett Road","class":4,"surf":0,"highway":"tertiary"},"geometry":{"type":"LineString","coordinates":[[142.18726,-36.725],[142.18726,-36.72517]]}},{"type":"Feature","properties":{"name":"Shiralee Crescent","class":5,"surf":0,"highway":"unclassified"},"geometry":{"type":"LineString","coordinates":[[142.20792,-36.73109],[142.20803,-36.73044],[142.20793,-36.73015],[142.20777,-36.72997]]}},{"type":"Feature","properties":{"name":"","class":5,"surf":0,"highway":"unclassified"},"geometry":{"type":"LineString","coordinates":[[142.19397,-36.71417],[142.1941,-36.71422],[142.19411,-36.71433]]}},{"type":"Feature","properties":{"name":"Treacey Street","class":5,"surf":0,"highway":"unclassified"},"geometry":{"type":"LineString","coordinates":[[142.17343,-36.71537],[142.17353,-36.71578],[142.17354,-36.71623]]}},{"type":"Feature","properties":{"name":"Dumesny Street","class":5,"surf":0,"highway":"unclassified"},"geometry":{"type":"LineString","coordinates":[[142.17368,-36.71706],[142.17338,-36.71716]]}},{"type":"Feature","properties":{"name":"Treacey Street","class":5,"surf":0,"highway":"unclassified"},"geometry":{"type":"LineString","coordinates":[[142.17368,-36.71706],[142.17356,-36.71673],[142.17354,-36.71623]]}},{"type":"Feature","properties":{"name":"Arthur Drive","class":5,"surf":0,"highway":"unclassified"},"geometry":{"type":"LineString","coordinates":[[142.17364,-36.71533],[142.17343,-36.71537]]}},{"type":"Feature","properties":{"name":"Arthur Drive","class":5,"surf":0,"highway":"unclassified"},"geometry":{"type":"LineString","coordinates":[[142.17343,-36.71537],[142.17307,-36.71543]]}},{"type":"Feature","properties":{"name":"Arthur Drive","class":5,"surf":0,"highway":"unclassified"},"geometry":{"type":"LineString","coordinates":[[142.17575,-36.71464],[142.17543,-36.71489],[142.17505,-36.71507],[142.17364,-36.71533]]}},{"type":"Feature","properties":{"name":"Muller Street","class":5,"surf":0,"highway":"unclassified"},"geometry":{"type":"LineString","coordinates":[[142.17352,-36.71442],[142.17354,-36.71493],[142.17364,-36.71533]]}},{"type":"Feature","properties":{"name":"Stephens Street","class":5,"surf":0,"highway":"unclassified"},"geometry":{"type":"LineString","coordinates":[[142.17639,-36.71544],[142.175,-36.71601],[142.17354,-36.71623]]}},{"type":"Feature","properties":{"name":"Dumesny Street","class":5,"surf":0,"highway":"unclassified"},"geometry":{"type":"LineString","coordinates":[[142.17679,-36.71618],[142.17506,-36.71686],[142.17368,-36.71706]]}},{"type":"Feature","properties":{"name":"Stawell Road","class":1,"surf":0,"highway":"trunk","ref":"A8"},"geometry":{"type":"LineString","coordinates":[[142.20919,-36.73644],[142.2129,-36.73951]]}},{"type":"Feature","properties":{"name":"Sunnyside Avenue","class":5,"surf":0,"highway":"unclassified"},"geometry":{"type":"LineString","coordinates":[[142.20845,-36.70919],[142.20872,-36.70942],[142.20924,-36.70967],[142.21012,-36.70976]]}},{"type":"Feature","properties":{"name":"Orchard Drive","class":5,"surf":0,"highway":"unclassified"},"geometry":{"type":"LineString","coordinates":[[142.3054,-36.66328],[142.3054,-36.66337]]}},{"type":"Feature","properties":{"name":"Baillie Street","class":4,"surf":0,"highway":"tertiary"},"geometry":{"type":"LineString","coordinates":[[142.18312,-36.71176],[142.18317,-36.71176]]}},{"type":"Feature","properties":{"name":"Robinson Street","class":5,"surf":0,"highway":"unclassified"},"geometry":{"type":"LineString","coordinates":[[142.20737,-36.71639],[142.20737,-36.71778]]}},{"type":"Feature","properties":{"name":"Sanderson Street","class":5,"surf":0,"highway":"unclassified"},"geometry":{"type":"LineString","coordinates":[[142.2074,-36.72408],[142.20741,-36.72503]]}},{"type":"Feature","properties":{"name":"","class":5,"surf":0,"highway":"unclassified"},"geometry":{"type":"LineString","coordinates":[[142.30019,-36.6662],[142.30019,-36.66631]]}},{"type":"Feature","properties":{"name":"","class":5,"surf":0,"highway":"unclassified"},"geometry":{"type":"LineString","coordinates":[[142.30405,-36.66329],[142.30405,-36.66338]]}},{"type":"Feature","properties":{"name":"","class":5,"surf":0,"highway":"unclassified"},"geometry":{"type":"LineString","coordinates":[[142.30027,-36.6633],[142.30027,-36.66339]]}},{"type":"Feature","properties":{"name":"Paterson Street","class":5,"surf":0,"highway":"unclassified"},"geometry":{"type":"LineString","coordinates":[[142.19784,-36.69936],[142.19891,-36.69936]]}},{"type":"Feature","properties":{"name":"Edward Street","class":5,"surf":0,"highway":"unclassified"},"geometry":{"type":"LineString","coordinates":[[142.1871,-36.70466],[142.1883,-36.70465]]}},{"type":"Feature","properties":{"name":"Major Mitchell Drive","class":5,"surf":0,"highway":"unclassified"},"geometry":{"type":"LineString","coordinates":[[142.19579,-36.72647],[142.19544,-36.72671],[142.19499,-36.72714]]}},{"type":"Feature","properties":{"name":"Mardon Drive","class":5,"surf":0,"highway":"unclassified"},"geometry":{"type":"LineString","coordinates":[[142.21024,-36.72305],[142.2098,-36.72328],[142.2094,-36.72335]]}},{"type":"Feature","properties":{"name":"Brimpaen-Laharum Road","class":3,"surf":0,"highway":"secondary"},"geometry":{"type":"LineString","coordinates":[[142.27792,-37.03535],[142.27728,-37.03547]]}},{"type":"Feature","properties":{"name":"Royal Court","class":5,"surf":0,"highway":"unclassified"},"geometry":{"type":"LineString","coordinates":[[142.21753,-36.70571],[142.21804,-36.70571]]}},{"type":"Feature","properties":{"name":"Knowles Street","class":5,"surf":0,"highway":"unclassified"},"geometry":{"type":"LineString","coordinates":[[142.21646,-36.70699],[142.21718,-36.70696],[142.21741,-36.7068],[142.2175,-36.70657]]}},{"type":"Feature","properties":{"name":"Western Highway","class":1,"surf":0,"highway":"trunk","ref":"A8"},"geometry":{"type":"LineString","coordinates":[[142.16873,-36.69654],[142.16918,-36.69705]]}},{"type":"Feature","properties":{"name":"Hamilton Road","class":1,"surf":0,"highway":"trunk","ref":"A200"},"geometry":{"type":"LineString","coordinates":[[142.20544,-36.73533],[142.20531,-36.73383],[142.20522,-36.7337],[142.20502,-36.73364]]}},{"type":"Feature","properties":{"name":"Withell Street","class":5,"surf":0,"highway":"unclassified"},"geometry":{"type":"LineString","coordinates":[[142.20068,-36.72431],[142.20089,-36.7248],[142.20091,-36.72579],[142.20122,-36.72635]]}},{"type":"Feature","properties":{"name":"Clara Court","class":5,"surf":0,"highway":"unclassified"},"geometry":{"type":"LineString","coordinates":[[142.18705,-36.69939],[142.18503,-36.69938],[142.18373,-36.69909]]}},{"type":"Feature","properties":{"name":"Horsham-Lubeck Road","class":3,"surf":0,"highway":"secondary"},"geometry":{"type":"LineString","coordinates":[[142.45806,-36.74535],[142.45639,-36.74535]]}},{"type":"Feature","properties":{"name":"Blue Ribbon Road","class":2,"surf":0,"highway":"primary","ref":"C231"},"geometry":{"type":"LineString","coordinates":[[142.22567,-36.43724],[142.22567,-36.43744]]}},{"type":"Feature","properties":{"name":"Old Hamilton Road","class":3,"surf":0,"highway":"secondary"},"geometry":{"type":"LineString","coordinates":[[142.20559,-36.74122],[142.20559,-36.74266]]}},{"type":"Feature","properties":{"name":"Plumpton Road","class":5,"surf":0,"highway":"unclassified"},"geometry":{"type":"LineString","coordinates":[[142.19822,-36.73336],[142.19895,-36.73336]]}},{"type":"Feature","properties":{"name":"Stockton Drive","class":5,"surf":0,"highway":"unclassified"},"geometry":{"type":"LineString","coordinates":[[142.21773,-36.72036],[142.21777,-36.71998]]}},{"type":"Feature","properties":{"name":"Valentine Avenue","class":5,"surf":0,"highway":"unclassified"},"geometry":{"type":"LineString","coordinates":[[142.186,-36.72294],[142.186,-36.7237]]}},{"type":"Feature","properties":{"name":"","class":5,"surf":0,"highway":"unclassified"},"geometry":{"type":"LineString","coordinates":[[142.19368,-36.71382],[142.19371,-36.71353]]}},{"type":"Feature","properties":{"name":"Mitre Road","class":3,"surf":0,"highway":"secondary"},"geometry":{"type":"LineString","coordinates":[[141.73671,-36.67907],[141.73847,-36.68113]]}},{"type":"Feature","properties":{"name":"Wotonga Drive","class":5,"surf":0,"highway":"unclassified"},"geometry":{"type":"LineString","coordinates":[[142.195,-36.72197],[142.19502,-36.72339]]}},{"type":"Feature","properties":{"name":"Tucker Street","class":5,"surf":0,"highway":"unclassified"},"geometry":{"type":"LineString","coordinates":[[142.21313,-36.707],[142.21402,-36.70627]]}},{"type":"Feature","properties":{"name":"River Road","class":5,"surf":0,"highway":"unclassified"},"geometry":{"type":"LineString","coordinates":[[142.20239,-36.72615],[142.20246,-36.72779]]}},{"type":"Feature","properties":{"name":"Albert Street","class":4,"surf":0,"highway":"tertiary"},"geometry":{"type":"LineString","coordinates":[[142.20503,-36.70161],[142.20504,-36.70252]]}},{"type":"Feature","properties":{"name":"Alexander Avenue","class":5,"surf":0,"highway":"unclassified"},"geometry":{"type":"LineString","coordinates":[[142.19891,-36.70025],[142.19892,-36.70261]]}},{"type":"Feature","properties":{"name":"Old Minyip Road","class":3,"surf":0,"highway":"secondary"},"geometry":{"type":"LineString","coordinates":[[142.16424,-36.46961],[142.16454,-36.46959]]}},{"type":"Feature","properties":{"name":"Natimuk-Hamilton Road","class":2,"surf":0,"highway":"primary","ref":"C214"},"geometry":{"type":"LineString","coordinates":[[141.94376,-36.93226],[141.93922,-36.93792],[141.93876,-36.9386],[141.93851,-36.93926],[141.93844,-36.93957],[141.93844,-36.94042],[141.93856,-36.94097],[141.93896,-36.94184],[141.9403,-36.94432]]}},{"type":"Feature","properties":{"name":"Harriett Street","class":5,"surf":0,"highway":"unclassified"},"geometry":{"type":"LineString","coordinates":[[142.20234,-36.7087],[142.20489,-36.70869]]}},{"type":"Feature","properties":{"name":"Evans Way","class":5,"surf":0,"highway":"unclassified"},"geometry":{"type":"LineString","coordinates":[[142.20079,-36.72835],[142.20092,-36.72886],[142.20148,-36.72907],[142.20164,-36.72922],[142.20169,-36.72983],[142.20163,-36.73011]]}},{"type":"Feature","properties":{"name":"Plumpton Road","class":5,"surf":0,"highway":"unclassified"},"geometry":{"type":"LineString","coordinates":[[142.18732,-36.73341],[142.19454,-36.73338]]}},{"type":"Feature","properties":{"name":"Hughes Street","class":5,"surf":0,"highway":"unclassified"},"geometry":{"type":"LineString","coordinates":[[142.20741,-36.72503],[142.2087,-36.72504],[142.20925,-36.72492]]}},{"type":"Feature","properties":{"name":"Stawell Road","class":1,"surf":0,"highway":"trunk","ref":"A8"},"geometry":{"type":"LineString","coordinates":[[142.20567,-36.73341],[142.20602,-36.73384]]}},{"type":"Feature","properties":{"name":"McTavish Boulevard","class":5,"surf":0,"highway":"unclassified"},"geometry":{"type":"LineString","coordinates":[[142.19737,-36.72907],[142.19606,-36.72909]]}},{"type":"Feature","properties":{"name":"Stockton Drive","class":5,"surf":0,"highway":"unclassified"},"geometry":{"type":"LineString","coordinates":[[142.21683,-36.72119],[142.21728,-36.72083]]}},{"type":"Feature","properties":{"name":"Hillary Street","class":5,"surf":0,"highway":"unclassified"},"geometry":{"type":"LineString","coordinates":[[142.17935,-36.71332],[142.17957,-36.71403]]}},{"type":"Feature","properties":{"name":"Baillie Street","class":4,"surf":0,"highway":"tertiary"},"geometry":{"type":"LineString","coordinates":[[142.18317,-36.71176],[142.18434,-36.71176]]}},{"type":"Feature","properties":{"name":"Henty Highway","class":1,"surf":0,"highway":"trunk","ref":"B200"},"geometry":{"type":"LineString","coordinates":[[142.23281,-36.68454],[142.232,-36.6856]]}},{"type":"Feature","properties":{"name":"Phillips Road","class":4,"surf":0,"highway":"tertiary"},"geometry":{"type":"LineString","coordinates":[[142.55943,-36.94277],[142.55966,-36.94269]]}},{"type":"Feature","properties":{"name":"Fraser Drive","class":5,"surf":0,"highway":"unclassified"},"geometry":{"type":"LineString","coordinates":[[142.19252,-36.69998],[142.19251,-36.70037],[142.19232,-36.70091]]}},{"type":"Feature","properties":{"name":"McTavish Boulevard","class":5,"surf":0,"highway":"unclassified"},"geometry":{"type":"LineString","coordinates":[[142.19921,-36.72762],[142.1991,-36.72836],[142.19878,-36.72878],[142.19825,-36.72903],[142.19737,-36.72907]]}},{"type":"Feature","properties":{"name":"Horsham-Lubeck Road","class":2,"surf":0,"highway":"primary","ref":"C215"},"geometry":{"type":"LineString","coordinates":[[142.23212,-36.72368],[142.23489,-36.72369]]}},{"type":"Feature","properties":{"name":"Agnew Court","class":5,"surf":0,"highway":"unclassified"},"geometry":{"type":"LineString","coordinates":[[142.19965,-36.72594],[142.19965,-36.72551],[142.19928,-36.7249]]}},{"type":"Feature","properties":{"name":"Campbells Lane","class":5,"surf":0,"highway":"unclassified"},"geometry":{"type":"LineString","coordinates":[[142.1657,-37.03071],[142.16617,-37.03076]]}},{"type":"Feature","properties":{"name":"Western Highway","class":1,"surf":0,"highway":"trunk","ref":"A8"},"geometry":{"type":"LineString","coordinates":[[142.51565,-36.9188],[142.51536,-36.91861]]}},{"type":"Feature","properties":{"name":"Baillie Street","class":4,"surf":0,"highway":"tertiary"},"geometry":{"type":"LineString","coordinates":[[142.18124,-36.7119],[142.18031,-36.71218]]}},{"type":"Feature","properties":{"name":"Baillie Street","class":4,"surf":0,"highway":"tertiary"},"geometry":{"type":"LineString","coordinates":[[142.18124,-36.7119],[142.18172,-36.71176],[142.1826,-36.71176]]}},{"type":"Feature","properties":{"name":"McTavish Boulevard","class":5,"surf":0,"highway":"unclassified"},"geometry":{"type":"LineString","coordinates":[[142.20122,-36.72635],[142.20165,-36.72618],[142.20239,-36.72615]]}},{"type":"Feature","properties":{"name":"Dimboola-Minyip Road","class":3,"surf":0,"highway":"secondary"},"geometry":{"type":"LineString","coordinates":[[142.16553,-36.43265],[142.16589,-36.43265]]}},{"type":"Feature","properties":{"name":"","class":5,"surf":0,"highway":"unclassified"},"geometry":{"type":"LineString","coordinates":[[142.20971,-36.54596],[142.20968,-36.54673],[142.20961,-36.54697],[142.20975,-36.54719]]}},{"type":"Feature","properties":{"name":"Carroll Street","class":5,"surf":0,"highway":"unclassified"},"geometry":{"type":"LineString","coordinates":[[142.213,-36.707],[142.21313,-36.707]]}},{"type":"Feature","properties":{"name":"Hazel Street","class":5,"surf":0,"highway":"unclassified"},"geometry":{"type":"LineString","coordinates":[[142.19244,-36.70657],[142.19352,-36.70658]]}},{"type":"Feature","properties":{"name":"Bradman Street","class":5,"surf":0,"highway":"unclassified"},"geometry":{"type":"LineString","coordinates":[[142.19244,-36.70657],[142.19243,-36.70734]]}},{"type":"Feature","properties":{"name":"Hazel Street","class":5,"surf":0,"highway":"unclassified"},"geometry":{"type":"LineString","coordinates":[[142.19217,-36.70657],[142.19244,-36.70657]]}},{"type":"Feature","properties":{"name":"Hazel Street","class":5,"surf":0,"highway":"unclassified"},"geometry":{"type":"LineString","coordinates":[[142.19153,-36.70658],[142.19217,-36.70657]]}},{"type":"Feature","properties":{"name":"","class":5,"surf":0,"highway":"unclassified"},"geometry":{"type":"LineString","coordinates":[[142.19888,-36.71395],[142.19877,-36.71395]]}},{"type":"Feature","properties":{"name":"","class":5,"surf":0,"highway":"unclassified"},"geometry":{"type":"LineString","coordinates":[[142.19888,-36.71383],[142.19888,-36.71395]]}},{"type":"Feature","properties":{"name":"","class":5,"surf":0,"highway":"unclassified"},"geometry":{"type":"LineString","coordinates":[[142.1987,-36.71384],[142.19888,-36.71383]]}},{"type":"Feature","properties":{"name":"","class":5,"surf":0,"highway":"unclassified"},"geometry":{"type":"LineString","coordinates":[[142.19888,-36.71395],[142.19906,-36.71395]]}},{"type":"Feature","properties":{"name":"","class":5,"surf":0,"highway":"unclassified"},"geometry":{"type":"LineString","coordinates":[[142.19906,-36.71395],[142.19933,-36.71399]]}},{"type":"Feature","properties":{"name":"","class":5,"surf":0,"highway":"unclassified"},"geometry":{"type":"LineString","coordinates":[[142.19905,-36.71384],[142.19906,-36.71395]]}},{"type":"Feature","properties":{"name":"","class":5,"surf":0,"highway":"unclassified"},"geometry":{"type":"LineString","coordinates":[[142.19888,-36.71383],[142.19905,-36.71384]]}},{"type":"Feature","properties":{"name":"Army Lane","class":5,"surf":0,"highway":"unclassified"},"geometry":{"type":"LineString","coordinates":[[142.19888,-36.71427],[142.19886,-36.71473]]}},{"type":"Feature","properties":{"name":"Bradburys Lane","class":5,"surf":0,"highway":"unclassified"},"geometry":{"type":"LineString","coordinates":[[142.19712,-36.71371],[142.19906,-36.7137]]}},{"type":"Feature","properties":{"name":"","class":5,"surf":0,"highway":"unclassified"},"geometry":{"type":"LineString","coordinates":[[142.19905,-36.71384],[142.19906,-36.7137]]}},{"type":"Feature","properties":{"name":"Roberts Avenue","class":5,"surf":0,"highway":"unclassified"},"geometry":{"type":"LineString","coordinates":[[142.19832,-36.71428],[142.19888,-36.71427]]}},{"type":"Feature","properties":{"name":"Roberts Avenue","class":5,"surf":0,"highway":"unclassified"},"geometry":{"type":"LineString","coordinates":[[142.19888,-36.71427],[142.19912,-36.71427]]}},{"type":"Feature","properties":{"name":"Velthuis Drive","class":5,"surf":0,"highway":"unclassified"},"geometry":{"type":"LineString","coordinates":[[142.17695,-36.74097],[142.17787,-36.74223],[142.17881,-36.74337]]}},{"type":"Feature","properties":{"name":"Kenny Road","class":5,"surf":0,"highway":"unclassified"},"geometry":{"type":"LineString","coordinates":[[142.17695,-36.74097],[142.17818,-36.74097]]}},{"type":"Feature","properties":{"name":"Kenny Road","class":5,"surf":0,"highway":"unclassified"},"geometry":{"type":"LineString","coordinates":[[142.17818,-36.74097],[142.18549,-36.74091]]}},{"type":"Feature","properties":{"name":"Blue Wren Drive","class":5,"surf":0,"highway":"unclassified"},"geometry":{"type":"LineString","coordinates":[[142.1754,-36.74281],[142.17619,-36.74283]]}},{"type":"Feature","properties":{"name":"Boak Drive","class":5,"surf":0,"highway":"unclassified"},"geometry":{"type":"LineString","coordinates":[[142.17536,-36.74101],[142.1754,-36.74281]]}},{"type":"Feature","properties":{"name":"Blue Wren Drive","class":5,"surf":0,"highway":"unclassified"},"geometry":{"type":"LineString","coordinates":[[142.1754,-36.74281],[142.17449,-36.74283],[142.17449,-36.74355],[142.17481,-36.74393],[142.17614,-36.74474],[142.17663,-36.7447],[142.17893,-36.74354]]}},{"type":"Feature","properties":{"name":"","class":5,"surf":0,"highway":"unclassified"},"geometry":{"type":"LineString","coordinates":[[142.20876,-36.71342],[142.20876,-36.7139]]}},{"type":"Feature","properties":{"name":"Arnott Street","class":5,"surf":0,"highway":"unclassified"},"geometry":{"type":"LineString","coordinates":[[142.20735,-36.71403],[142.20876,-36.7139]]}},{"type":"Feature","properties":{"name":"Arnott Street","class":5,"surf":0,"highway":"unclassified"},"geometry":{"type":"LineString","coordinates":[[142.21045,-36.71391],[142.21165,-36.7139],[142.21164,-36.71257]]}},{"type":"Feature","properties":{"name":"Read Street","class":5,"surf":0,"highway":"unclassified"},"geometry":{"type":"LineString","coordinates":[[142.21045,-36.71258],[142.21045,-36.71391]]}},{"type":"Feature","properties":{"name":"Arnott Street","class":5,"surf":0,"highway":"unclassified"},"geometry":{"type":"LineString","coordinates":[[142.21003,-36.71391],[142.21045,-36.71391]]}},{"type":"Feature","properties":{"name":"Arnott Street","class":5,"surf":0,"highway":"unclassified"},"geometry":{"type":"LineString","coordinates":[[142.20876,-36.7139],[142.21003,-36.71391]]}},{"type":"Feature","properties":{"name":"Wettenhall Street","class":5,"surf":0,"highway":"unclassified"},"geometry":{"type":"LineString","coordinates":[[142.21003,-36.71391],[142.21002,-36.71471]]}},{"type":"Feature","properties":{"name":"Waterlink Esplanade","class":5,"surf":0,"highway":"unclassified"},"geometry":{"type":"LineString","coordinates":[[142.21429,-36.72129],[142.21532,-36.72188]]}},{"type":"Feature","properties":{"name":"Waterlink Esplanade","class":5,"surf":0,"highway":"unclassified"},"geometry":{"type":"LineString","coordinates":[[142.21295,-36.72042],[142.21429,-36.72129]]}},{"type":"Feature","properties":{"name":"Dellar Crescent","class":5,"surf":0,"highway":"unclassified"},"geometry":{"type":"LineString","coordinates":[[142.21429,-36.72129],[142.21427,-36.71917],[142.21419,-36.719],[142.21397,-36.71894],[142.2138,-36.719],[142.21273,-36.72026]]}},{"type":"Feature","properties":{"name":"Carroll Street","class":5,"surf":0,"highway":"unclassified"},"geometry":{"type":"LineString","coordinates":[[142.21165,-36.7066],[142.21216,-36.707],[142.213,-36.707]]}},{"type":"Feature","properties":{"name":"Laharum Road","class":2,"surf":0,"highway":"primary"},"geometry":{"type":"LineString","coordinates":[[142.23059,-36.77185],[142.23057,-36.77443]]}},{"type":"Feature","properties":{"name":"Golf Course Road","class":3,"surf":0,"highway":"secondary"},"geometry":{"type":"LineString","coordinates":[[142.17818,-36.749],[142.1788,-36.74807]]}},{"type":"Feature","properties":{"name":"","class":5,"surf":0,"highway":"unclassified"},"geometry":{"type":"LineString","coordinates":[[142.21301,-36.7068],[142.213,-36.707]]}},{"type":"Feature","properties":{"name":"Settlers Way","class":5,"surf":0,"highway":"unclassified"},"geometry":{"type":"LineString","coordinates":[[142.18043,-36.75016],[142.18094,-36.75028],[142.18281,-36.75031],[142.18294,-36.75044],[142.18292,-36.751],[142.18273,-36.75107],[142.18026,-36.75105],[142.18003,-36.75098]]}},{"type":"Feature","properties":{"name":"Waterlink Esplanade","class":5,"surf":0,"highway":"unclassified"},"geometry":{"type":"LineString","coordinates":[[142.21535,-36.71798],[142.21355,-36.71799],[142.21333,-36.71804],[142.21212,-36.71951],[142.21217,-36.71971],[142.21238,-36.71992]]}},{"type":"Feature","properties":{"name":"Rissmann Drive","class":5,"surf":0,"highway":"unclassified"},"geometry":{"type":"LineString","coordinates":[[142.21534,-36.71862],[142.21535,-36.71798]]}},{"type":"Feature","properties":{"name":"Rissmann Drive","class":5,"surf":0,"highway":"unclassified"},"geometry":{"type":"LineString","coordinates":[[142.21532,-36.72188],[142.21534,-36.71862]]}},{"type":"Feature","properties":{"name":"West Road","class":5,"surf":0,"highway":"unclassified"},"geometry":{"type":"LineString","coordinates":[[142.26707,-36.76778],[142.26708,-36.77054]]}},{"type":"Feature","properties":{"name":"Western Highway","class":1,"surf":0,"highway":"trunk","ref":"A8"},"geometry":{"type":"LineString","coordinates":[[142.44168,-36.86882],[142.44186,-36.86895]]}},{"type":"Feature","properties":{"name":"Bushby Road","class":5,"surf":0,"highway":"unclassified"},"geometry":{"type":"LineString","coordinates":[[142.19867,-36.77555],[142.19589,-36.7755],[142.19573,-36.77546],[142.19548,-36.77525],[142.19303,-36.77116],[142.19307,-36.76761]]}},{"type":"Feature","properties":{"name":"Burke Court","class":5,"surf":0,"highway":"unclassified"},"geometry":{"type":"LineString","coordinates":[[142.19868,-36.7727],[142.19867,-36.77555]]}},{"type":"Feature","properties":{"name":"Firebrace Street","class":4,"surf":0,"highway":"tertiary"},"geometry":{"type":"LineString","coordinates":[[142.19974,-36.71733],[142.19974,-36.71782]]}},{"type":"Feature","properties":{"name":"","class":5,"surf":0,"highway":"unclassified"},"geometry":{"type":"LineString","coordinates":[[142.19384,-36.71321],[142.19364,-36.71333],[142.19363,-36.71348],[142.19371,-36.71353]]}},{"type":"Feature","properties":{"name":"","class":5,"surf":0,"highway":"unclassified"},"geometry":{"type":"LineString","coordinates":[[142.19371,-36.71353],[142.19386,-36.71354]]}},{"type":"Feature","properties":{"name":"Park Drive","class":5,"surf":0,"highway":"unclassified"},"geometry":{"type":"LineString","coordinates":[[142.194,-36.71373],[142.19399,-36.71387]]}},{"type":"Feature","properties":{"name":"Gleed Street","class":5,"surf":0,"highway":"unclassified"},"geometry":{"type":"LineString","coordinates":[[142.194,-36.71373],[142.1957,-36.71372]]}},{"type":"Feature","properties":{"name":"Park Drive","class":5,"surf":0,"highway":"unclassified"},"geometry":{"type":"LineString","coordinates":[[142.19399,-36.71354],[142.194,-36.71373]]}},{"type":"Feature","properties":{"name":"","class":5,"surf":0,"highway":"unclassified"},"geometry":{"type":"LineString","coordinates":[[142.19386,-36.71354],[142.19399,-36.71354]]}},{"type":"Feature","properties":{"name":"Park Drive","class":5,"surf":0,"highway":"unclassified"},"geometry":{"type":"LineString","coordinates":[[142.19399,-36.71321],[142.19399,-36.71354]]}},{"type":"Feature","properties":{"name":"","class":5,"surf":0,"highway":"unclassified"},"geometry":{"type":"LineString","coordinates":[[142.19399,-36.71321],[142.19384,-36.71321]]}},{"type":"Feature","properties":{"name":"Park Drive","class":5,"surf":0,"highway":"unclassified"},"geometry":{"type":"LineString","coordinates":[[142.19399,-36.71243],[142.19399,-36.71321]]}},{"type":"Feature","properties":{"name":"Park Drive","class":5,"surf":0,"highway":"unclassified"},"geometry":{"type":"LineString","coordinates":[[142.19398,-36.71175],[142.19399,-36.71243]]}},{"type":"Feature","properties":{"name":"Baillie Street","class":4,"surf":0,"highway":"tertiary"},"geometry":{"type":"LineString","coordinates":[[142.19333,-36.71175],[142.19398,-36.71175]]}},{"type":"Feature","properties":{"name":"Baillie Street","class":4,"surf":0,"highway":"tertiary"},"geometry":{"type":"LineString","coordinates":[[142.19398,-36.71175],[142.19458,-36.71174]]}},{"type":"Feature","properties":{"name":"","class":5,"surf":0,"highway":"unclassified"},"geometry":{"type":"LineString","coordinates":[[142.19406,-36.71447],[142.19387,-36.71448]]}},{"type":"Feature","properties":{"name":"","class":5,"surf":0,"highway":"unclassified"},"geometry":{"type":"LineString","coordinates":[[142.20036,-36.71732],[142.20054,-36.71732]]}},{"type":"Feature","properties":{"name":"","class":5,"surf":0,"highway":"unclassified"},"geometry":{"type":"LineString","coordinates":[[142.20036,-36.71732],[142.20035,-36.71744]]}},{"type":"Feature","properties":{"name":"","class":5,"surf":0,"highway":"unclassified"},"geometry":{"type":"LineString","coordinates":[[142.19974,-36.71733],[142.20036,-36.71732]]}},{"type":"Feature","properties":{"name":"Main Street","class":5,"surf":0,"highway":"unclassified"},"geometry":{"type":"LineString","coordinates":[[141.94474,-36.74015],[141.94456,-36.74023]]}},{"type":"Feature","properties":{"name":"Main Street","class":5,"surf":0,"highway":"unclassified"},"geometry":{"type":"LineString","coordinates":[[141.94456,-36.74023],[141.94406,-36.74049]]}},{"type":"Feature","properties":{"name":"Haven Park Drive","class":5,"surf":0,"highway":"unclassified"},"geometry":{"type":"LineString","coordinates":[[142.20778,-36.74281],[142.20682,-36.74294],[142.206,-36.74271],[142.20559,-36.74266]]}},{"type":"Feature","properties":{"name":"Henty Highway","class":1,"surf":0,"highway":"trunk","ref":"A200"},"geometry":{"type":"LineString","coordinates":[[142.18659,-37.10549],[142.1881,-37.09443],[142.18841,-37.09331]]}},{"type":"Feature","properties":{"name":"","class":5,"surf":0,"highway":"unclassified"},"geometry":{"type":"LineString","coordinates":[[141.93827,-37.16996],[141.93783,-37.17]]}},{"type":"Feature","properties":{"name":"Goldfinch Close","class":6,"surf":0,"highway":"unclassified"},"geometry":{"type":"LineString","coordinates":[[142.1783,-36.71419],[142.17782,-36.71426]]}},{"type":"Feature","properties":{"name":"Goldfinch Close","class":6,"surf":0,"highway":"unclassified"},"geometry":{"type":"LineString","coordinates":[[142.1783,-36.71419],[142.17887,-36.71411]]}},{"type":"Feature","properties":{"name":"Telangatuk East-Rocklands Road","class":3,"surf":0,"highway":"secondary"},"geometry":{"type":"LineString","coordinates":[[141.95343,-37.20876],[141.95283,-37.20922],[141.95232,-37.20944],[141.95166,-37.20962],[141.9455,-37.2107]]}},{"type":"Feature","properties":{"name":"West Wail Road","class":3,"surf":0,"highway":"secondary"},"geometry":{"type":"LineString","coordinates":[[142.10267,-36.57896],[142.10264,-36.58033]]}},{"type":"Feature","properties":{"name":"West Wail Road","class":3,"surf":0,"highway":"secondary"},"geometry":{"type":"LineString","coordinates":[[142.09232,-36.5766],[142.09488,-36.5766]]}},{"type":"Feature","properties":{"name":"West Wail Road","class":3,"surf":0,"highway":"secondary"},"geometry":{"type":"LineString","coordinates":[[142.07789,-36.57661],[142.09232,-36.5766]]}},{"type":"Feature","properties":{"name":"West Wail Road","class":3,"surf":0,"highway":"secondary"},"geometry":{"type":"LineString","coordinates":[[142.09488,-36.5766],[142.1002,-36.57663]]}},{"type":"Feature","properties":{"name":"West Wail Road","class":3,"surf":0,"highway":"secondary"},"geometry":{"type":"LineString","coordinates":[[142.1002,-36.57663],[142.10101,-36.57687],[142.10144,-36.57708],[142.1019,-36.57742],[142.10242,-36.57809],[142.10267,-36.57896]]}},{"type":"Feature","properties":{"name":"Kingfisher Close","class":6,"surf":0,"highway":"unclassified"},"geometry":{"type":"LineString","coordinates":[[142.17852,-36.71527],[142.17796,-36.71535]]}},{"type":"Feature","properties":{"name":"Brooks Avenue","class":5,"surf":0,"highway":"unclassified"},"geometry":{"type":"LineString","coordinates":[[142.18997,-36.71865],[142.18996,-36.71894]]}},{"type":"Feature","properties":{"name":"Brooks Avenue","class":5,"surf":0,"highway":"unclassified"},"geometry":{"type":"LineString","coordinates":[[142.18996,-36.71894],[142.18993,-36.71953]]}},{"type":"Feature","properties":{"name":"Lilac Street","class":5,"surf":0,"highway":"unclassified"},"geometry":{"type":"LineString","coordinates":[[142.19046,-36.71956],[142.19157,-36.71955]]}},{"type":"Feature","properties":{"name":"Lilac Street","class":5,"surf":0,"highway":"unclassified"},"geometry":{"type":"LineString","coordinates":[[142.19157,-36.71955],[142.19291,-36.71955]]}},{"type":"Feature","properties":{"name":"Rose Street","class":5,"surf":0,"highway":"unclassified"},"geometry":{"type":"LineString","coordinates":[[142.19157,-36.71955],[142.19155,-36.72061]]}},{"type":"Feature","properties":{"name":"Rose Street","class":5,"surf":0,"highway":"unclassified"},"geometry":{"type":"LineString","coordinates":[[142.19156,-36.71865],[142.19157,-36.71955]]}},{"type":"Feature","properties":{"name":"Acacia Street","class":5,"surf":0,"highway":"unclassified"},"geometry":{"type":"LineString","coordinates":[[142.18997,-36.71865],[142.19156,-36.71865]]}},{"type":"Feature","properties":{"name":"Rose Street","class":5,"surf":0,"highway":"unclassified"},"geometry":{"type":"LineString","coordinates":[[142.19123,-36.71726],[142.19155,-36.7178],[142.19156,-36.71865]]}},{"type":"Feature","properties":{"name":"Gardenia Street","class":5,"surf":0,"highway":"unclassified"},"geometry":{"type":"LineString","coordinates":[[142.19291,-36.71728],[142.19291,-36.71955]]}},{"type":"Feature","properties":{"name":"Gardenia Street","class":5,"surf":0,"highway":"unclassified"},"geometry":{"type":"LineString","coordinates":[[142.1929,-36.71666],[142.19291,-36.71728]]}},{"type":"Feature","properties":{"name":"Main Street","class":5,"surf":0,"highway":"unclassified"},"geometry":{"type":"LineString","coordinates":[[141.93708,-36.7435],[141.93896,-36.74268]]}},{"type":"Feature","properties":{"name":"Main Street","class":1,"surf":0,"highway":"trunk","ref":"C240"},"geometry":{"type":"LineString","coordinates":[[141.94136,-36.74203],[141.94217,-36.74168]]}},{"type":"Feature","properties":{"name":"Main Street","class":5,"surf":0,"highway":"unclassified"},"geometry":{"type":"LineString","coordinates":[[141.93896,-36.74268],[141.93999,-36.74223]]}},{"type":"Feature","properties":{"name":"Main Street","class":5,"surf":0,"highway":"unclassified"},"geometry":{"type":"LineString","coordinates":[[141.93999,-36.74223],[141.9402,-36.74254]]}},{"type":"Feature","properties":{"name":"Main Street","class":1,"surf":0,"highway":"trunk","ref":"C240"},"geometry":{"type":"LineString","coordinates":[[141.93916,-36.743],[141.9402,-36.74254]]}},{"type":"Feature","properties":{"name":"Main Street","class":1,"surf":0,"highway":"trunk","ref":"C240"},"geometry":{"type":"LineString","coordinates":[[141.9402,-36.74254],[141.94136,-36.74203]]}},{"type":"Feature","properties":{"name":"Elmes Street","class":5,"surf":0,"highway":"unclassified"},"geometry":{"type":"LineString","coordinates":[[141.9411,-36.74173],[141.94136,-36.74203]]}},{"type":"Feature","properties":{"name":"Main Street","class":5,"surf":0,"highway":"unclassified"},"geometry":{"type":"LineString","coordinates":[[141.93999,-36.74223],[141.9411,-36.74173]]}},{"type":"Feature","properties":{"name":"Elmes Street","class":5,"surf":0,"highway":"unclassified"},"geometry":{"type":"LineString","coordinates":[[141.93589,-36.74173],[141.93933,-36.74027],[141.9396,-36.74036],[141.9411,-36.74173]]}},{"type":"Feature","properties":{"name":"Jory Street","class":5,"surf":0,"highway":"unclassified"},"geometry":{"type":"LineString","coordinates":[[141.94217,-36.74168],[141.94235,-36.7418],[141.94475,-36.74179]]}},{"type":"Feature","properties":{"name":"Main Street","class":1,"surf":0,"highway":"trunk","ref":"C240"},"geometry":{"type":"LineString","coordinates":[[141.94217,-36.74168],[141.94318,-36.74123]]}},{"type":"Feature","properties":{"name":"Main Street","class":1,"surf":0,"highway":"trunk","ref":"C240"},"geometry":{"type":"LineString","coordinates":[[141.94318,-36.74123],[141.94407,-36.74084]]}},{"type":"Feature","properties":{"name":"Main Street","class":5,"surf":0,"highway":"unclassified"},"geometry":{"type":"LineString","coordinates":[[141.94406,-36.74049],[141.94407,-36.74084]]}},{"type":"Feature","properties":{"name":"Lake Road","class":3,"surf":0,"highway":"secondary"},"geometry":{"type":"LineString","coordinates":[[141.94474,-36.74015],[141.94492,-36.74047]]}},{"type":"Feature","properties":{"name":"Main Street","class":1,"surf":0,"highway":"trunk","ref":"C240"},"geometry":{"type":"LineString","coordinates":[[141.94407,-36.74084],[141.94492,-36.74047]]}},{"type":"Feature","properties":{"name":"Main Street","class":1,"surf":0,"highway":"trunk","ref":"C240"},"geometry":{"type":"LineString","coordinates":[[141.94492,-36.74047],[141.94668,-36.7397]]}},{"type":"Feature","properties":{"name":"Mitchell Street","class":5,"surf":0,"highway":"unclassified"},"geometry":{"type":"LineString","coordinates":[[141.94668,-36.7397],[141.94733,-36.74067]]}},{"type":"Feature","properties":{"name":"Mitchell Street","class":5,"surf":0,"highway":"unclassified"},"geometry":{"type":"LineString","coordinates":[[141.94655,-36.73936],[141.94668,-36.7397]]}},{"type":"Feature","properties":{"name":"Main Street","class":5,"surf":0,"highway":"unclassified"},"geometry":{"type":"LineString","coordinates":[[141.94474,-36.74015],[141.94655,-36.73936]]}},{"type":"Feature","properties":{"name":"Main Street","class":1,"surf":0,"highway":"trunk","ref":"C240"},"geometry":{"type":"LineString","coordinates":[[141.95073,-36.73788],[141.95092,-36.73778]]}},{"type":"Feature","properties":{"name":"Main Street","class":1,"surf":0,"highway":"trunk","ref":"C240"},"geometry":{"type":"LineString","coordinates":[[141.94668,-36.7397],[141.95073,-36.73788]]}},{"type":"Feature","properties":{"name":"Old Noradjuha Road","class":5,"surf":0,"highway":"unclassified"},"geometry":{"type":"LineString","coordinates":[[141.95092,-36.73778],[141.95101,-36.73798],[141.95101,-36.73904]]}},{"type":"Feature","properties":{"name":"Old Noradjuha Road","class":5,"surf":0,"highway":"unclassified"},"geometry":{"type":"LineString","coordinates":[[141.95101,-36.73904],[141.95102,-36.74018]]}},{"type":"Feature","properties":{"name":"Hillary Street","class":5,"surf":0,"highway":"unclassified"},"geometry":{"type":"LineString","coordinates":[[142.17915,-36.71254],[142.17898,-36.71217]]}},{"type":"Feature","properties":{"name":"Hillary Street","class":5,"surf":0,"highway":"unclassified"},"geometry":{"type":"LineString","coordinates":[[142.17898,-36.71217],[142.17859,-36.71134]]}},{"type":"Feature","properties":{"name":"Davey Street","class":5,"surf":0,"highway":"unclassified"},"geometry":{"type":"LineString","coordinates":[[142.20647,-36.71169],[142.20646,-36.71288]]}},{"type":"Feature","properties":{"name":"Centenary Avenue","class":5,"surf":0,"highway":"unclassified"},"geometry":{"type":"LineString","coordinates":[[142.18725,-36.71929],[142.18888,-36.71929],[142.18996,-36.71894]]}},{"type":"Feature","properties":{"name":"Arthur Drive","class":5,"surf":0,"highway":"unclassified"},"geometry":{"type":"LineString","coordinates":[[142.17898,-36.71217],[142.17726,-36.7127],[142.17686,-36.713],[142.17669,-36.71322]]}},{"type":"Feature","properties":{"name":"Ivy Street","class":5,"surf":0,"highway":"unclassified"},"geometry":{"type":"LineString","coordinates":[[142.18841,-36.72018],[142.18912,-36.72018],[142.18939,-36.72008]]}},{"type":"Feature","properties":{"name":"Old Noradjuha Road","class":5,"surf":0,"highway":"unclassified"},"geometry":{"type":"LineString","coordinates":[[141.95102,-36.74018],[141.95104,-36.7415]]}},{"type":"Feature","properties":{"name":"Station Street","class":5,"surf":0,"highway":"unclassified"},"geometry":{"type":"LineString","coordinates":[[141.94008,-36.74437],[141.94169,-36.74368]]}},{"type":"Feature","properties":{"name":"Schmidt Street","class":5,"surf":0,"highway":"unclassified"},"geometry":{"type":"LineString","coordinates":[[141.94177,-36.74287],[141.94169,-36.74368]]}},{"type":"Feature","properties":{"name":"Schmidt Street","class":5,"surf":0,"highway":"unclassified"},"geometry":{"type":"LineString","coordinates":[[141.94136,-36.74203],[141.9417,-36.74249],[141.94177,-36.74287]]}},{"type":"Feature","properties":{"name":"Wimmera Highway","class":1,"surf":0,"highway":"trunk","ref":"C240"},"geometry":{"type":"LineString","coordinates":[[141.93446,-36.74469],[141.93628,-36.74424]]}},{"type":"Feature","properties":{"name":"Wimmera Highway","class":1,"surf":0,"highway":"trunk","ref":"C240"},"geometry":{"type":"LineString","coordinates":[[141.93628,-36.74424],[141.93698,-36.74396]]}},{"type":"Feature","properties":{"name":"Lawson Close","class":5,"surf":0,"highway":"unclassified"},"geometry":{"type":"LineString","coordinates":[[142.16969,-36.72847],[142.17043,-36.72844],[142.17183,-36.72794]]}},{"type":"Feature","properties":{"name":"Barnes Boulevard","class":5,"surf":0,"highway":"unclassified"},"geometry":{"type":"LineString","coordinates":[[142.16969,-36.72847],[142.16967,-36.72973],[142.16982,-36.72982],[142.17005,-36.7298]]}},{"type":"Feature","properties":{"name":"Conn Court","class":5,"surf":0,"highway":"unclassified"},"geometry":{"type":"LineString","coordinates":[[142.17036,-36.7275],[142.16969,-36.7275]]}},{"type":"Feature","properties":{"name":"Barnes Boulevard","class":5,"surf":0,"highway":"unclassified"},"geometry":{"type":"LineString","coordinates":[[142.17004,-36.72675],[142.16977,-36.72702],[142.16969,-36.7275]]}},{"type":"Feature","properties":{"name":"Brooke Court","class":5,"surf":0,"highway":"unclassified"},"geometry":{"type":"LineString","coordinates":[[142.16967,-36.72602],[142.16963,-36.72622],[142.16968,-36.72641],[142.17004,-36.72675]]}},{"type":"Feature","properties":{"name":"Barnes Boulevard","class":5,"surf":0,"highway":"unclassified"},"geometry":{"type":"LineString","coordinates":[[142.17096,-36.72596],[142.17053,-36.72643],[142.17004,-36.72675]]}},{"type":"Feature","properties":{"name":"Guest Court","class":5,"surf":0,"highway":"unclassified"},"geometry":{"type":"LineString","coordinates":[[142.17096,-36.72596],[142.17068,-36.72561]]}},{"type":"Feature","properties":{"name":"Barnes Boulevard","class":5,"surf":0,"highway":"unclassified"},"geometry":{"type":"LineString","coordinates":[[142.17096,-36.72596],[142.17178,-36.72563]]}},{"type":"Feature","properties":{"name":"Barnes Boulevard","class":5,"surf":0,"highway":"unclassified"},"geometry":{"type":"LineString","coordinates":[[142.17126,-36.72479],[142.17178,-36.72563]]}},{"type":"Feature","properties":{"name":"Henderson Avenue","class":5,"surf":0,"highway":"unclassified"},"geometry":{"type":"LineString","coordinates":[[142.17178,-36.72563],[142.17392,-36.72481]]}},{"type":"Feature","properties":{"name":"Oliver Court","class":5,"surf":0,"highway":"unclassified"},"geometry":{"type":"LineString","coordinates":[[142.17232,-36.72689],[142.1721,-36.72614],[142.17178,-36.72563]]}},{"type":"Feature","properties":{"name":"Hartigan Court","class":5,"surf":0,"highway":"unclassified"},"geometry":{"type":"LineString","coordinates":[[142.17332,-36.72593],[142.17332,-36.72675],[142.17355,-36.72728]]}},{"type":"Feature","properties":{"name":"Mintern Crescent","class":5,"surf":0,"highway":"unclassified"},"geometry":{"type":"LineString","coordinates":[[142.17183,-36.72794],[142.17355,-36.72728]]}},{"type":"Feature","properties":{"name":"Mintern Crescent","class":5,"surf":0,"highway":"unclassified"},"geometry":{"type":"LineString","coordinates":[[142.17444,-36.72653],[142.1742,-36.72696],[142.17355,-36.72728]]}},{"type":"Feature","properties":{"name":"Mintern Crescent","class":5,"surf":0,"highway":"unclassified"},"geometry":{"type":"LineString","coordinates":[[142.17414,-36.72518],[142.17441,-36.72571],[142.17444,-36.72653]]}},{"type":"Feature","properties":{"name":"Jackson Street","class":5,"surf":0,"highway":"unclassified"},"geometry":{"type":"LineString","coordinates":[[142.18939,-36.72008],[142.18949,-36.72023],[142.18948,-36.72198]]}},{"type":"Feature","properties":{"name":"Ivy Street","class":5,"surf":0,"highway":"unclassified"},"geometry":{"type":"LineString","coordinates":[[142.18939,-36.72008],[142.1898,-36.71991]]}},{"type":"Feature","properties":{"name":"Lilac Street","class":5,"surf":0,"highway":"unclassified"},"geometry":{"type":"LineString","coordinates":[[142.18993,-36.71953],[142.19046,-36.71956]]}},{"type":"Feature","properties":{"name":"Brooks Avenue","class":5,"surf":0,"highway":"unclassified"},"geometry":{"type":"LineString","coordinates":[[142.18993,-36.71953],[142.1898,-36.71991]]}},{"type":"Feature","properties":{"name":"Brooks Avenue","class":5,"surf":0,"highway":"unclassified"},"geometry":{"type":"LineString","coordinates":[[142.18996,-36.71773],[142.18997,-36.7184]]}},{"type":"Feature","properties":{"name":"Hillary Street","class":5,"surf":0,"highway":"unclassified"},"geometry":{"type":"LineString","coordinates":[[142.18184,-36.71933],[142.18237,-36.72023]]}},{"type":"Feature","properties":{"name":"Windsor Crescent","class":5,"surf":0,"highway":"unclassified"},"geometry":{"type":"LineString","coordinates":[[142.1757,-36.72644],[142.17559,-36.72648]]}},{"type":"Feature","properties":{"name":"Elwin Court","class":5,"surf":0,"highway":"unclassified"},"geometry":{"type":"LineString","coordinates":[[142.17536,-36.72559],[142.17546,-36.72602],[142.1757,-36.72644]]}},{"type":"Feature","properties":{"name":"Windsor Crescent","class":5,"surf":0,"highway":"unclassified"},"geometry":{"type":"LineString","coordinates":[[142.17706,-36.72521],[142.17706,-36.72577],[142.17695,-36.72593],[142.1757,-36.72644]]}},{"type":"Feature","properties":{"name":"Drummond Street","class":5,"surf":0,"highway":"unclassified"},"geometry":{"type":"LineString","coordinates":[[142.17808,-36.72462],[142.17808,-36.72587]]}},{"type":"Feature","properties":{"name":"Drummond Street","class":5,"surf":0,"highway":"unclassified"},"geometry":{"type":"LineString","coordinates":[[142.17806,-36.72341],[142.17808,-36.72462]]}},{"type":"Feature","properties":{"name":"Dollar Avenue","class":5,"surf":0,"highway":"unclassified"},"geometry":{"type":"LineString","coordinates":[[142.17808,-36.72462],[142.18119,-36.72349]]}},{"type":"Feature","properties":{"name":"Natimuk Road","class":1,"surf":0,"highway":"trunk","ref":"C240"},"geometry":{"type":"LineString","coordinates":[[142.17807,-36.72218],[142.18254,-36.72052]]}},{"type":"Feature","properties":{"name":"Drummond Street","class":5,"surf":0,"highway":"unclassified"},"geometry":{"type":"LineString","coordinates":[[142.17807,-36.72218],[142.17806,-36.72341]]}},{"type":"Feature","properties":{"name":"Natimuk Road","class":1,"surf":0,"highway":"trunk","ref":"C240"},"geometry":{"type":"LineString","coordinates":[[142.17788,-36.72224],[142.17807,-36.72218]]}},{"type":"Feature","properties":{"name":"Banool Street","class":5,"surf":0,"highway":"unclassified"},"geometry":{"type":"LineString","coordinates":[[142.17648,-36.71981],[142.1767,-36.72021]]}},{"type":"Feature","properties":{"name":"Banool Street","class":5,"surf":0,"highway":"unclassified"},"geometry":{"type":"LineString","coordinates":[[142.1767,-36.72021],[142.17719,-36.72105]]}},{"type":"Feature","properties":{"name":"Mathoura Street","class":5,"surf":0,"highway":"unclassified"},"geometry":{"type":"LineString","coordinates":[[142.17583,-36.72053],[142.1767,-36.72021]]}},{"type":"Feature","properties":{"name":"Mathoura Street","class":5,"surf":0,"highway":"unclassified"},"geometry":{"type":"LineString","coordinates":[[142.1767,-36.72021],[142.17891,-36.7194]]}},{"type":"Feature","properties":{"name":"Derimal Street","class":5,"surf":0,"highway":"unclassified"},"geometry":{"type":"LineString","coordinates":[[142.17939,-36.72024],[142.18184,-36.71933]]}},{"type":"Feature","properties":{"name":"Hillary Street","class":5,"surf":0,"highway":"unclassified"},"geometry":{"type":"LineString","coordinates":[[142.18136,-36.71849],[142.18184,-36.71933]]}},{"type":"Feature","properties":{"name":"Mathoura Street","class":5,"surf":0,"highway":"unclassified"},"geometry":{"type":"LineString","coordinates":[[142.17891,-36.7194],[142.18136,-36.71849]]}},{"type":"Feature","properties":{"name":"Hillary Street","class":5,"surf":0,"highway":"unclassified"},"geometry":{"type":"LineString","coordinates":[[142.18089,-36.71765],[142.18136,-36.71849]]}},{"type":"Feature","properties":{"name":"Hillary Street","class":5,"surf":0,"highway":"unclassified"},"geometry":{"type":"LineString","coordinates":[[142.17986,-36.71583],[142.18007,-36.7162]]}},{"type":"Feature","properties":{"name":"Hillary Street","class":5,"surf":0,"highway":"unclassified"},"geometry":{"type":"LineString","coordinates":[[142.18007,-36.7162],[142.18032,-36.71666]]}},{"type":"Feature","properties":{"name":"Victoria Boulevard","class":6,"surf":0,"highway":"unclassified"},"geometry":{"type":"LineString","coordinates":[[142.17852,-36.71527],[142.17841,-36.71475]]}},{"type":"Feature","properties":{"name":"Victoria Boulevard","class":6,"surf":0,"highway":"unclassified"},"geometry":{"type":"LineString","coordinates":[[142.17841,-36.71475],[142.1783,-36.71419]]}},{"type":"Feature","properties":{"name":"Curlew Drive","class":6,"surf":0,"highway":"unclassified"},"geometry":{"type":"LineString","coordinates":[[142.17841,-36.71475],[142.17906,-36.71466]]}},{"type":"Feature","properties":{"name":"Curlew Drive","class":6,"surf":0,"highway":"unclassified"},"geometry":{"type":"LineString","coordinates":[[142.17841,-36.71475],[142.17796,-36.7148]]}},{"type":"Feature","properties":{"name":"Hillary Street","class":5,"surf":0,"highway":"unclassified"},"geometry":{"type":"LineString","coordinates":[[142.17935,-36.71332],[142.17915,-36.71254]]}},{"type":"Feature","properties":{"name":"Baillie Street","class":4,"surf":0,"highway":"tertiary"},"geometry":{"type":"LineString","coordinates":[[142.17915,-36.71254],[142.18022,-36.71221]]}},{"type":"Feature","properties":{"name":"","class":5,"surf":0,"highway":"unclassified"},"geometry":{"type":"LineString","coordinates":[[142.18878,-36.71884],[142.18997,-36.7184]]}},{"type":"Feature","properties":{"name":"Brooks Avenue","class":5,"surf":0,"highway":"unclassified"},"geometry":{"type":"LineString","coordinates":[[142.18997,-36.7184],[142.18997,-36.71865]]}},{"type":"Feature","properties":{"name":"Firebrace Street","class":4,"surf":0,"highway":"tertiary"},"geometry":{"type":"LineString","coordinates":[[142.19973,-36.7137],[142.19974,-36.71427]]}},{"type":"Feature","properties":{"name":"Urquhart Street","class":5,"surf":0,"highway":"unclassified"},"geometry":{"type":"LineString","coordinates":[[142.20234,-36.71663],[142.20233,-36.71781]]}},{"type":"Feature","properties":{"name":"Urquhart Street","class":5,"surf":0,"highway":"unclassified"},"geometry":{"type":"LineString","coordinates":[[142.20233,-36.71545],[142.20234,-36.71663]]}},{"type":"Feature","properties":{"name":"Pynsent Street","class":5,"surf":0,"highway":"unclassified"},"geometry":{"type":"LineString","coordinates":[[142.20027,-36.71546],[142.20233,-36.71545]]}},{"type":"Feature","properties":{"name":"Urquhart Street","class":5,"surf":0,"highway":"unclassified"},"geometry":{"type":"LineString","coordinates":[[142.20232,-36.71428],[142.20233,-36.71545]]}},{"type":"Feature","properties":{"name":"Roberts Avenue","class":5,"surf":0,"highway":"unclassified"},"geometry":{"type":"LineString","coordinates":[[142.19974,-36.71427],[142.20232,-36.71428]]}},{"type":"Feature","properties":{"name":"Firebrace Street","class":4,"surf":0,"highway":"tertiary"},"geometry":{"type":"LineString","coordinates":[[142.19974,-36.71427],[142.19972,-36.71546]]}},{"type":"Feature","properties":{"name":"Bradburys Lane","class":5,"surf":0,"highway":"unclassified"},"geometry":{"type":"LineString","coordinates":[[142.19906,-36.7137],[142.19973,-36.7137]]}},{"type":"Feature","properties":{"name":"Firebrace Street","class":4,"surf":0,"highway":"tertiary"},"geometry":{"type":"LineString","coordinates":[[142.19973,-36.7131],[142.19973,-36.7137]]}},{"type":"Feature","properties":{"name":"McLachlan Street","class":5,"surf":0,"highway":"unclassified"},"geometry":{"type":"LineString","coordinates":[[142.19712,-36.71311],[142.19973,-36.7131]]}},{"type":"Feature","properties":{"name":"Firebrace Street","class":4,"surf":0,"highway":"tertiary"},"geometry":{"type":"LineString","coordinates":[[142.19973,-36.71229],[142.19973,-36.7131]]}},{"type":"Feature","properties":{"name":"Jos Lane","class":5,"surf":0,"highway":"unclassified"},"geometry":{"type":"LineString","coordinates":[[142.19712,-36.71248],[142.199,-36.71249],[142.199,-36.71229],[142.19973,-36.71229]]}},{"type":"Feature","properties":{"name":"Firebrace Street","class":4,"surf":0,"highway":"tertiary"},"geometry":{"type":"LineString","coordinates":[[142.19973,-36.71176],[142.19973,-36.71229]]}},{"type":"Feature","properties":{"name":"Baillie Street","class":1,"surf":0,"highway":"trunk","ref":"A8"},"geometry":{"type":"LineString","coordinates":[[142.19973,-36.71176],[142.2008,-36.71176]]}},{"type":"Feature","properties":{"name":"Baillie Street","class":1,"surf":0,"highway":"trunk","ref":"A8"},"geometry":{"type":"LineString","coordinates":[[142.19885,-36.71172],[142.19973,-36.71176]]}},{"type":"Feature","properties":{"name":"Baillie Street","class":1,"surf":0,"highway":"trunk","ref":"A8"},"geometry":{"type":"LineString","coordinates":[[142.2023,-36.71175],[142.2049,-36.71176]]}},{"type":"Feature","properties":{"name":"Baillie Street","class":1,"surf":0,"highway":"trunk","ref":"A8"},"geometry":{"type":"LineString","coordinates":[[142.2008,-36.71176],[142.2023,-36.71175]]}},{"type":"Feature","properties":{"name":"Urquhart Street","class":3,"surf":0,"highway":"secondary","ref":"C231"},"geometry":{"type":"LineString","coordinates":[[142.20226,-36.71057],[142.2023,-36.71175]]}},{"type":"Feature","properties":{"name":"Urquhart Street","class":5,"surf":0,"highway":"unclassified"},"geometry":{"type":"LineString","coordinates":[[142.2023,-36.71175],[142.20231,-36.71308]]}},{"type":"Feature","properties":{"name":"McLachlan Street","class":5,"surf":0,"highway":"unclassified"},"geometry":{"type":"LineString","coordinates":[[142.19973,-36.7131],[142.20231,-36.71308]]}},{"type":"Feature","properties":{"name":"Urquhart Street","class":5,"surf":0,"highway":"unclassified"},"geometry":{"type":"LineString","coordinates":[[142.20231,-36.71308],[142.20232,-36.71428]]}},{"type":"Feature","properties":{"name":"Dooen Road","class":1,"surf":0,"highway":"trunk","ref":"B200"},"geometry":{"type":"LineString","coordinates":[[142.20557,-36.71159],[142.20805,-36.70951]]}},{"type":"Feature","properties":{"name":"Baillie Street","class":1,"surf":0,"highway":"trunk","ref":"B200"},"geometry":{"type":"LineString","coordinates":[[142.2049,-36.71176],[142.20538,-36.71171],[142.20557,-36.71159]]}},{"type":"Feature","properties":{"name":"Baillie Street","class":4,"surf":0,"highway":"tertiary"},"geometry":{"type":"LineString","coordinates":[[142.20737,-36.71169],[142.2099,-36.71168]]}},{"type":"Feature","properties":{"name":"Percy Street","class":5,"surf":0,"highway":"unclassified"},"geometry":{"type":"LineString","coordinates":[[142.2099,-36.71068],[142.2099,-36.71168]]}},{"type":"Feature","properties":{"name":"Read Street","class":5,"surf":0,"highway":"unclassified"},"geometry":{"type":"LineString","coordinates":[[142.21044,-36.71168],[142.21045,-36.71258]]}},{"type":"Feature","properties":{"name":"Baillie Street","class":4,"surf":0,"highway":"tertiary"},"geometry":{"type":"LineString","coordinates":[[142.2099,-36.71168],[142.21044,-36.71168]]}},{"type":"Feature","properties":{"name":"Charles Street","class":5,"surf":0,"highway":"unclassified"},"geometry":{"type":"LineString","coordinates":[[142.21197,-36.71072],[142.21193,-36.71167]]}},{"type":"Feature","properties":{"name":"Baillie Street","class":4,"surf":0,"highway":"tertiary"},"geometry":{"type":"LineString","coordinates":[[142.21044,-36.71168],[142.21193,-36.71167]]}},{"type":"Feature","properties":{"name":"Wawunna Road","class":4,"surf":0,"highway":"tertiary"},"geometry":{"type":"LineString","coordinates":[[142.19631,-36.69924],[142.19621,-36.69952],[142.19622,-36.70062]]}},{"type":"Feature","properties":{"name":"Jallumba-Clear Lake Road","class":3,"surf":0,"highway":"secondary"},"geometry":{"type":"LineString","coordinates":[[141.94114,-36.932],[141.94376,-36.93226]]}},{"type":"Feature","properties":{"name":"Margaret Street","class":5,"surf":0,"highway":"unclassified"},"geometry":{"type":"LineString","coordinates":[[142.21326,-36.71167],[142.21325,-36.71257]]}},{"type":"Feature","properties":{"name":"Baillie Street","class":4,"surf":0,"highway":"tertiary"},"geometry":{"type":"LineString","coordinates":[[142.21326,-36.71167],[142.21484,-36.71167]]}},{"type":"Feature","properties":{"name":"Baillie Street","class":4,"surf":0,"highway":"tertiary"},"geometry":{"type":"LineString","coordinates":[[142.21193,-36.71167],[142.21326,-36.71167]]}},{"type":"Feature","properties":{"name":"Menadue Street","class":5,"surf":0,"highway":"unclassified"},"geometry":{"type":"LineString","coordinates":[[142.21636,-36.71172],[142.21621,-36.71195],[142.21544,-36.71255]]}},{"type":"Feature","properties":{"name":"Baillie Street","class":4,"surf":0,"highway":"tertiary"},"geometry":{"type":"LineString","coordinates":[[142.21484,-36.71167],[142.21636,-36.71172]]}},{"type":"Feature","properties":{"name":"Trinity Drive","class":5,"surf":0,"highway":"unclassified"},"geometry":{"type":"LineString","coordinates":[[142.21664,-36.71039],[142.21668,-36.71165]]}},{"type":"Feature","properties":{"name":"Trinity Drive","class":5,"surf":0,"highway":"unclassified"},"geometry":{"type":"LineString","coordinates":[[142.21677,-36.70982],[142.21664,-36.71039]]}},{"type":"Feature","properties":{"name":"Pryors Road","class":5,"surf":0,"highway":"unclassified"},"geometry":{"type":"LineString","coordinates":[[142.21986,-36.70437],[142.22344,-36.70436]]}},{"type":"Feature","properties":{"name":"Pryors Road","class":5,"surf":0,"highway":"unclassified"},"geometry":{"type":"LineString","coordinates":[[142.21764,-36.70437],[142.21986,-36.70437]]}},{"type":"Feature","properties":{"name":"Peppertree Lane","class":5,"surf":0,"highway":"unclassified"},"geometry":{"type":"LineString","coordinates":[[142.21986,-36.70353],[142.21986,-36.70437]]}},{"type":"Feature","properties":{"name":"Peppertree Lane","class":5,"surf":0,"highway":"unclassified"},"geometry":{"type":"LineString","coordinates":[[142.21987,-36.70277],[142.21986,-36.70353]]}},{"type":"Feature","properties":{"name":"Clover Court","class":5,"surf":0,"highway":"unclassified"},"geometry":{"type":"LineString","coordinates":[[142.21987,-36.70277],[142.21942,-36.70278]]}},{"type":"Feature","properties":{"name":"Willow Court","class":5,"surf":0,"highway":"unclassified"},"geometry":{"type":"LineString","coordinates":[[142.21986,-36.70353],[142.21941,-36.70353]]}},{"type":"Feature","properties":{"name":"Ladlow Court","class":5,"surf":0,"highway":"unclassified"},"geometry":{"type":"LineString","coordinates":[[142.21739,-36.70351],[142.21754,-36.70271]]}},{"type":"Feature","properties":{"name":"Perry Drive","class":5,"surf":0,"highway":"unclassified"},"geometry":{"type":"LineString","coordinates":[[142.21851,-36.7033],[142.21852,-36.70273],[142.21754,-36.70271]]}},{"type":"Feature","properties":{"name":"Pryors Road","class":5,"surf":0,"highway":"unclassified"},"geometry":{"type":"LineString","coordinates":[[142.21436,-36.70438],[142.21764,-36.70437]]}},{"type":"Feature","properties":{"name":"Dooen Road","class":1,"surf":0,"highway":"trunk","ref":"B200"},"geometry":{"type":"LineString","coordinates":[[142.21436,-36.70438],[142.21691,-36.70229]]}},{"type":"Feature","properties":{"name":"Perry Drive","class":5,"surf":0,"highway":"unclassified"},"geometry":{"type":"LineString","coordinates":[[142.21691,-36.70229],[142.21754,-36.70271]]}},{"type":"Feature","properties":{"name":"Dooen Road","class":1,"surf":0,"highway":"trunk","ref":"B200"},"geometry":{"type":"LineString","coordinates":[[142.21691,-36.70229],[142.21976,-36.69998]]}},{"type":"Feature","properties":{"name":"Dooen Road","class":1,"surf":0,"highway":"trunk","ref":"B200"},"geometry":{"type":"LineString","coordinates":[[142.21976,-36.69998],[142.22329,-36.69709]]}},{"type":"Feature","properties":{"name":"Peppertree Lane","class":5,"surf":0,"highway":"unclassified"},"geometry":{"type":"LineString","coordinates":[[142.21976,-36.69998],[142.21986,-36.70016],[142.21987,-36.70277]]}},{"type":"Feature","properties":{"name":"Derry Parade","class":5,"surf":0,"highway":"unclassified"},"geometry":{"type":"LineString","coordinates":[[142.20549,-36.73297],[142.20691,-36.73297]]}},{"type":"Feature","properties":{"name":"Derry Parade","class":5,"surf":0,"highway":"unclassified"},"geometry":{"type":"LineString","coordinates":[[142.20691,-36.73297],[142.21023,-36.733]]}},{"type":"Feature","properties":{"name":"Citrus Avenue","class":5,"surf":0,"highway":"unclassified"},"geometry":{"type":"LineString","coordinates":[[142.20691,-36.73204],[142.20691,-36.73297]]}},{"type":"Feature","properties":{"name":"Tobruk Street","class":5,"surf":0,"highway":"unclassified"},"geometry":{"type":"LineString","coordinates":[[142.20866,-36.73111],[142.20888,-36.73135],[142.20909,-36.7318],[142.20911,-36.73195],[142.20902,-36.73205],[142.20691,-36.73204]]}},{"type":"Feature","properties":{"name":"Citrus Avenue","class":5,"surf":0,"highway":"unclassified"},"geometry":{"type":"LineString","coordinates":[[142.2069,-36.73105],[142.20691,-36.73204]]}},{"type":"Feature","properties":{"name":"Burnlea Drive","class":5,"surf":0,"highway":"unclassified"},"geometry":{"type":"LineString","coordinates":[[142.2069,-36.73105],[142.20792,-36.73109]]}},{"type":"Feature","properties":{"name":"Citrus Avenue","class":5,"surf":0,"highway":"unclassified"},"geometry":{"type":"LineString","coordinates":[[142.2069,-36.72974],[142.2069,-36.73105]]}},{"type":"Feature","properties":{"name":"Shiralee Crescent","class":5,"surf":0,"highway":"unclassified"},"geometry":{"type":"LineString","coordinates":[[142.2069,-36.72974],[142.20738,-36.72977],[142.20777,-36.72997]]}},{"type":"Feature","properties":{"name":"Citrus Avenue","class":5,"surf":0,"highway":"unclassified"},"geometry":{"type":"LineString","coordinates":[[142.20688,-36.72847],[142.2069,-36.72974]]}},{"type":"Feature","properties":{"name":"Vella Street","class":5,"surf":0,"highway":"unclassified"},"geometry":{"type":"LineString","coordinates":[[142.20688,-36.72847],[142.20793,-36.72847]]}},{"type":"Feature","properties":{"name":"Citrus Avenue","class":5,"surf":0,"highway":"unclassified"},"geometry":{"type":"LineString","coordinates":[[142.20688,-36.72717],[142.20688,-36.72847]]}},{"type":"Feature","properties":{"name":"Young Street","class":5,"surf":0,"highway":"unclassified"},"geometry":{"type":"LineString","coordinates":[[142.20688,-36.72717],[142.20792,-36.72719]]}},{"type":"Feature","properties":{"name":"Citrus Avenue","class":5,"surf":0,"highway":"unclassified"},"geometry":{"type":"LineString","coordinates":[[142.20687,-36.72609],[142.20688,-36.72717]]}},{"type":"Feature","properties":{"name":"Williams Road","class":2,"surf":0,"highway":"primary","ref":"C215"},"geometry":{"type":"LineString","coordinates":[[142.20687,-36.72609],[142.20741,-36.72609]]}},{"type":"Feature","properties":{"name":"Sanderson Street","class":5,"surf":0,"highway":"unclassified"},"geometry":{"type":"LineString","coordinates":[[142.20741,-36.72503],[142.20741,-36.72609]]}},{"type":"Feature","properties":{"name":"Vine Avenue","class":5,"surf":0,"highway":"unclassified"},"geometry":{"type":"LineString","coordinates":[[142.21026,-36.72721],[142.21025,-36.72891]]}},{"type":"Feature","properties":{"name":"Young Street","class":5,"surf":0,"highway":"unclassified"},"geometry":{"type":"LineString","coordinates":[[142.20895,-36.7272],[142.21026,-36.72721]]}},{"type":"Feature","properties":{"name":"Vine Avenue","class":5,"surf":0,"highway":"unclassified"},"geometry":{"type":"LineString","coordinates":[[142.21025,-36.72612],[142.21026,-36.72721]]}},{"type":"Feature","properties":{"name":"Williams Road","class":2,"surf":0,"highway":"primary","ref":"C215"},"geometry":{"type":"LineString","coordinates":[[142.20741,-36.72609],[142.21025,-36.72612]]}},{"type":"Feature","properties":{"name":"Hamilton Street","class":4,"surf":0,"highway":"tertiary"},"geometry":{"type":"LineString","coordinates":[[142.20363,-36.71781],[142.20495,-36.7178]]}},{"type":"Feature","properties":{"name":"Williams Road","class":2,"surf":0,"highway":"primary","ref":"C215"},"geometry":{"type":"LineString","coordinates":[[142.21068,-36.72612],[142.2131,-36.72615]]}},{"type":"Feature","properties":{"name":"Barton Drive","class":5,"surf":0,"highway":"unclassified"},"geometry":{"type":"LineString","coordinates":[[142.21068,-36.72612],[142.21069,-36.72545],[142.21063,-36.72501]]}},{"type":"Feature","properties":{"name":"Williams Road","class":2,"surf":0,"highway":"primary","ref":"C215"},"geometry":{"type":"LineString","coordinates":[[142.2131,-36.72615],[142.21385,-36.72615]]}},{"type":"Feature","properties":{"name":"Walnut Avenue","class":5,"surf":0,"highway":"unclassified"},"geometry":{"type":"LineString","coordinates":[[142.21385,-36.72615],[142.21388,-36.73303]]}},{"type":"Feature","properties":{"name":"Williams Road","class":2,"surf":0,"highway":"primary","ref":"C215"},"geometry":{"type":"LineString","coordinates":[[142.21867,-36.7262],[142.22071,-36.72623]]}},{"type":"Feature","properties":{"name":"Weldon Power Court","class":5,"surf":0,"highway":"unclassified"},"geometry":{"type":"LineString","coordinates":[[142.22071,-36.72623],[142.22061,-36.72675],[142.22046,-36.72708],[142.22024,-36.72739],[142.21969,-36.7279],[142.21953,-36.7282],[142.21948,-36.72851],[142.21952,-36.72883],[142.21967,-36.72914],[142.21991,-36.7294],[142.22098,-36.73016],[142.2214,-36.73023]]}},{"type":"Feature","properties":{"name":"Stockton Drive","class":5,"surf":0,"highway":"unclassified"},"geometry":{"type":"LineString","coordinates":[[142.21649,-36.72255],[142.21655,-36.72349],[142.21708,-36.72414]]}},{"type":"Feature","properties":{"name":"Latus Drive","class":5,"surf":0,"highway":"unclassified"},"geometry":{"type":"LineString","coordinates":[[142.21708,-36.72414],[142.21752,-36.72394],[142.21799,-36.72356]]}},{"type":"Feature","properties":{"name":"Stockton Drive","class":5,"surf":0,"highway":"unclassified"},"geometry":{"type":"LineString","coordinates":[[142.21708,-36.72414],[142.21724,-36.72448],[142.21731,-36.7262]]}},{"type":"Feature","properties":{"name":"Williams Road","class":2,"surf":0,"highway":"primary","ref":"C215"},"geometry":{"type":"LineString","coordinates":[[142.21637,-36.72618],[142.21731,-36.7262]]}},{"type":"Feature","properties":{"name":"Williams Road","class":2,"surf":0,"highway":"primary","ref":"C215"},"geometry":{"type":"LineString","coordinates":[[142.21731,-36.7262],[142.21846,-36.7262]]}},{"type":"Feature","properties":{"name":"Williams Road","class":2,"surf":0,"highway":"primary","ref":"C215"},"geometry":{"type":"LineString","coordinates":[[142.21385,-36.72615],[142.21513,-36.72617]]}},{"type":"Feature","properties":{"name":"Williams Road","class":2,"surf":0,"highway":"primary","ref":"C215"},"geometry":{"type":"LineString","coordinates":[[142.21513,-36.72617],[142.21616,-36.72617]]}},{"type":"Feature","properties":{"name":"Mardon Drive","class":5,"surf":0,"highway":"unclassified"},"geometry":{"type":"LineString","coordinates":[[142.21512,-36.72518],[142.21513,-36.72617]]}},{"type":"Feature","properties":{"name":"Fisher Square","class":5,"surf":0,"highway":"unclassified"},"geometry":{"type":"LineString","coordinates":[[142.21155,-36.7248],[142.21156,-36.72496]]}},{"type":"Feature","properties":{"name":"Fisher Square","class":5,"surf":0,"highway":"unclassified"},"geometry":{"type":"LineString","coordinates":[[142.21156,-36.72496],[142.21156,-36.72511],[142.21163,-36.72519],[142.2121,-36.7252],[142.2122,-36.72513],[142.21221,-36.72488]]}},{"type":"Feature","properties":{"name":"Fisher Square","class":5,"surf":0,"highway":"unclassified"},"geometry":{"type":"LineString","coordinates":[[142.21063,-36.72501],[142.21156,-36.72496]]}},{"type":"Feature","properties":{"name":"Deakin Court","class":5,"surf":0,"highway":"unclassified"},"geometry":{"type":"LineString","coordinates":[[142.21347,-36.72345],[142.21321,-36.72378],[142.21318,-36.72478]]}},{"type":"Feature","properties":{"name":"Mardon Drive","class":5,"surf":0,"highway":"unclassified"},"geometry":{"type":"LineString","coordinates":[[142.21347,-36.72345],[142.21436,-36.72359],[142.2146,-36.72378],[142.21479,-36.72413]]}},{"type":"Feature","properties":{"name":"Mardon Drive","class":5,"surf":0,"highway":"unclassified"},"geometry":{"type":"LineString","coordinates":[[142.21184,-36.72275],[142.2126,-36.72286],[142.21289,-36.723],[142.21347,-36.72345]]}},{"type":"Feature","properties":{"name":"Ocallaghans Parade","class":5,"surf":0,"highway":"unclassified"},"geometry":{"type":"LineString","coordinates":[[142.20112,-36.71977],[142.20194,-36.72048]]}},{"type":"Feature","properties":{"name":"Ocallaghans Parade","class":5,"surf":0,"highway":"unclassified"},"geometry":{"type":"LineString","coordinates":[[142.20041,-36.71916],[142.20112,-36.71977]]}},{"type":"Feature","properties":{"name":"Sloss Street","class":5,"surf":0,"highway":"unclassified"},"geometry":{"type":"LineString","coordinates":[[142.20236,-36.71968],[142.20365,-36.71967]]}},{"type":"Feature","properties":{"name":"Urquhart Street","class":5,"surf":0,"highway":"unclassified"},"geometry":{"type":"LineString","coordinates":[[142.20236,-36.71968],[142.20235,-36.72027]]}},{"type":"Feature","properties":{"name":"Urquhart Street","class":5,"surf":0,"highway":"unclassified"},"geometry":{"type":"LineString","coordinates":[[142.20234,-36.71918],[142.20236,-36.71968]]}},{"type":"Feature","properties":{"name":"Urquhart Street","class":5,"surf":0,"highway":"unclassified"},"geometry":{"type":"LineString","coordinates":[[142.20233,-36.71781],[142.20234,-36.71918]]}},{"type":"Feature","properties":{"name":"Hamilton Street","class":4,"surf":0,"highway":"tertiary"},"geometry":{"type":"LineString","coordinates":[[142.20495,-36.7178],[142.20737,-36.71778]]}},{"type":"Feature","properties":{"name":"McPherson Street","class":1,"surf":0,"highway":"trunk","ref":"A8"},"geometry":{"type":"LineString","coordinates":[[142.20495,-36.7178],[142.20497,-36.71878]]}},{"type":"Feature","properties":{"name":"McPherson Street","class":1,"surf":0,"highway":"trunk","ref":"A8"},"geometry":{"type":"LineString","coordinates":[[142.20494,-36.71662],[142.20495,-36.7178]]}},{"type":"Feature","properties":{"name":"Wilson Street","class":1,"surf":0,"highway":"trunk","ref":"C240"},"geometry":{"type":"LineString","coordinates":[[142.20234,-36.71663],[142.20494,-36.71662]]}},{"type":"Feature","properties":{"name":"McPherson Street","class":1,"surf":0,"highway":"trunk","ref":"A8"},"geometry":{"type":"LineString","coordinates":[[142.20492,-36.71612],[142.20494,-36.71662]]}},{"type":"Feature","properties":{"name":"Pynsent Street","class":5,"surf":0,"highway":"unclassified"},"geometry":{"type":"LineString","coordinates":[[142.20233,-36.71545],[142.20494,-36.71544]]}},{"type":"Feature","properties":{"name":"Bowen Street","class":5,"surf":0,"highway":"unclassified"},"geometry":{"type":"LineString","coordinates":[[142.20493,-36.71489],[142.20567,-36.71489]]}},{"type":"Feature","properties":{"name":"Smith Street","class":5,"surf":0,"highway":"unclassified"},"geometry":{"type":"LineString","coordinates":[[142.20569,-36.71344],[142.20736,-36.71342]]}},{"type":"Feature","properties":{"name":"Robinson Street","class":5,"surf":0,"highway":"unclassified"},"geometry":{"type":"LineString","coordinates":[[142.20737,-36.71169],[142.20736,-36.71342]]}},{"type":"Feature","properties":{"name":"Smith Street","class":5,"surf":0,"highway":"unclassified"},"geometry":{"type":"LineString","coordinates":[[142.20492,-36.71345],[142.20569,-36.71344]]}},{"type":"Feature","properties":{"name":"McPherson Street","class":1,"surf":0,"highway":"trunk","ref":"A8"},"geometry":{"type":"LineString","coordinates":[[142.20493,-36.71489],[142.20494,-36.71544]]}},{"type":"Feature","properties":{"name":"McPherson Street","class":1,"surf":0,"highway":"trunk","ref":"A8"},"geometry":{"type":"LineString","coordinates":[[142.20494,-36.71425],[142.20493,-36.71489]]}},{"type":"Feature","properties":{"name":"Roberts Avenue","class":5,"surf":0,"highway":"unclassified"},"geometry":{"type":"LineString","coordinates":[[142.20232,-36.71428],[142.20494,-36.71425]]}},{"type":"Feature","properties":{"name":"McPherson Street","class":1,"surf":0,"highway":"trunk","ref":"A8"},"geometry":{"type":"LineString","coordinates":[[142.20492,-36.71345],[142.20494,-36.71425]]}},{"type":"Feature","properties":{"name":"McPherson Street","class":1,"surf":0,"highway":"trunk","ref":"A8"},"geometry":{"type":"LineString","coordinates":[[142.20491,-36.71306],[142.20492,-36.71345]]}},{"type":"Feature","properties":{"name":"","class":5,"surf":0,"highway":"unclassified"},"geometry":{"type":"LineString","coordinates":[[142.20569,-36.71295],[142.20569,-36.71344]]}},{"type":"Feature","properties":{"name":"Appleton Court","class":5,"surf":0,"highway":"unclassified"},"geometry":{"type":"LineString","coordinates":[[142.20569,-36.71344],[142.20569,-36.71391]]}},{"type":"Feature","properties":{"name":"Obrien Lane","class":5,"surf":0,"highway":"unclassified"},"geometry":{"type":"LineString","coordinates":[[142.20736,-36.71342],[142.20876,-36.71342]]}},{"type":"Feature","properties":{"name":"Robinson Street","class":5,"surf":0,"highway":"unclassified"},"geometry":{"type":"LineString","coordinates":[[142.20736,-36.71342],[142.20735,-36.71403]]}},{"type":"Feature","properties":{"name":"Baillie Street","class":4,"surf":0,"highway":"tertiary"},"geometry":{"type":"LineString","coordinates":[[142.20647,-36.71169],[142.20681,-36.71169]]}},{"type":"Feature","properties":{"name":"Baillie Street","class":4,"surf":0,"highway":"tertiary"},"geometry":{"type":"LineString","coordinates":[[142.20681,-36.71169],[142.20737,-36.71169]]}},{"type":"Feature","properties":{"name":"George Street","class":5,"surf":0,"highway":"unclassified"},"geometry":{"type":"LineString","coordinates":[[142.20681,-36.71169],[142.20683,-36.71149],[142.20784,-36.71072],[142.2099,-36.71068]]}},{"type":"Feature","properties":{"name":"Baillie Street","class":4,"surf":0,"highway":"tertiary"},"geometry":{"type":"LineString","coordinates":[[142.20557,-36.71159],[142.20586,-36.7117],[142.20647,-36.71169]]}},{"type":"Feature","properties":{"name":"West Wail Road","class":3,"surf":0,"highway":"secondary"},"geometry":{"type":"LineString","coordinates":[[142.11486,-36.5826],[142.11677,-36.58258]]}},{"type":"Feature","properties":{"name":"Schurmann Street","class":5,"surf":0,"highway":"unclassified"},"geometry":{"type":"LineString","coordinates":[[141.93698,-36.74396],[141.9375,-36.74471]]}},{"type":"Feature","properties":{"name":"Sudholz Street","class":5,"surf":0,"highway":"unclassified"},"geometry":{"type":"LineString","coordinates":[[141.93708,-36.7435],[141.93731,-36.74381]]}},{"type":"Feature","properties":{"name":"Main Street","class":1,"surf":0,"highway":"trunk","ref":"C240"},"geometry":{"type":"LineString","coordinates":[[141.93698,-36.74396],[141.93731,-36.74381]]}},{"type":"Feature","properties":{"name":"Main Street","class":1,"surf":0,"highway":"trunk","ref":"C240"},"geometry":{"type":"LineString","coordinates":[[141.93731,-36.74381],[141.93916,-36.743]]}},{"type":"Feature","properties":{"name":"Sisson Street","class":5,"surf":0,"highway":"unclassified"},"geometry":{"type":"LineString","coordinates":[[141.93916,-36.743],[141.93967,-36.74374]]}},{"type":"Feature","properties":{"name":"Station Street","class":5,"surf":0,"highway":"unclassified"},"geometry":{"type":"LineString","coordinates":[[141.93807,-36.74524],[141.94008,-36.74437]]}},{"type":"Feature","properties":{"name":"Main Street","class":5,"surf":0,"highway":"unclassified"},"geometry":{"type":"LineString","coordinates":[[141.93896,-36.74268],[141.93916,-36.743]]}},{"type":"Feature","properties":{"name":"Rocklands Road","class":3,"surf":0,"highway":"secondary"},"geometry":{"type":"LineString","coordinates":[[141.94466,-37.2105],[141.94398,-37.20981],[141.94317,-37.20855]]}},{"type":"Feature","properties":{"name":"Rocklands Road","class":3,"surf":0,"highway":"secondary"},"geometry":{"type":"LineString","coordinates":[[141.94481,-37.21063],[141.94466,-37.2105]]}},{"type":"Feature","properties":{"name":"Rocklands Road","class":3,"surf":0,"highway":"secondary"},"geometry":{"type":"LineString","coordinates":[[141.94492,-37.21072],[141.94481,-37.21063]]}},{"type":"Feature","properties":{"name":"Telangatuk East-Rocklands Road","class":3,"surf":0,"highway":"secondary"},"geometry":{"type":"LineString","coordinates":[[141.9455,-37.2107],[141.94492,-37.21072]]}},{"type":"Feature","properties":{"name":"Rocklands Road","class":3,"surf":0,"highway":"secondary"},"geometry":{"type":"LineString","coordinates":[[141.9455,-37.2107],[141.94554,-37.21096]]}},{"type":"Feature","properties":{"name":"Rocklands-Cherrypool Road","class":5,"surf":0,"highway":"unclassified"},"geometry":{"type":"LineString","coordinates":[[141.95343,-37.20876],[141.95394,-37.20887],[141.95473,-37.2089],[141.95562,-37.20925],[141.95678,-37.20949],[141.95791,-37.20982],[141.95959,-37.20997],[141.96053,-37.21012],[141.96126,-37.2101],[141.96321,-37.21022],[141.96535,-37.21014],[141.96689,-37.2105],[141.96833,-37.2104],[141.96915,-37.21047]]}},{"type":"Feature","properties":{"name":"Rocklands-Cherrypool Road","class":5,"surf":0,"highway":"unclassified"},"geometry":{"type":"LineString","coordinates":[[141.96915,-37.21047],[141.97288,-37.21087]]}},{"type":"Feature","properties":{"name":"Rocklands-Cherrypool Road","class":5,"surf":0,"highway":"unclassified"},"geometry":{"type":"LineString","coordinates":[[141.97288,-37.21087],[141.97406,-37.21089],[141.97591,-37.21117],[141.97701,-37.21123],[141.97821,-37.21141],[141.97942,-37.21146],[141.98073,-37.2118]]}},{"type":"Feature","properties":{"name":"Rocklands Road","class":3,"surf":0,"highway":"secondary"},"geometry":{"type":"LineString","coordinates":[[141.94317,-37.20855],[141.94249,-37.20762],[141.94189,-37.20722],[141.94136,-37.20706],[141.94061,-37.20695],[141.93718,-37.20667]]}},{"type":"Feature","properties":{"name":"Rocklands-Cherrypool Road","class":5,"surf":0,"highway":"unclassified"},"geometry":{"type":"LineString","coordinates":[[141.98221,-37.21195],[141.98312,-37.21193],[141.98685,-37.21231],[141.98869,-37.21238],[141.9894,-37.21248]]}},{"type":"Feature","properties":{"name":"Rocklands-Cherrypool Road","class":5,"surf":0,"highway":"unclassified"},"geometry":{"type":"LineString","coordinates":[[141.9894,-37.21248],[141.99007,-37.21261],[141.99091,-37.21298],[141.99114,-37.21322],[141.9914,-37.21433],[141.99141,-37.21459],[141.99157,-37.21487],[141.99216,-37.21547],[141.99366,-37.21855],[141.99462,-37.21998],[141.99486,-37.22112],[141.99511,-37.22151]]}},{"type":"Feature","properties":{"name":"Sordello Street","class":5,"surf":0,"highway":"unclassified"},"geometry":{"type":"LineString","coordinates":[[142.21583,-36.71862],[142.21534,-36.71862]]}},{"type":"Feature","properties":{"name":"Menadue Street","class":5,"surf":0,"highway":"unclassified"},"geometry":{"type":"LineString","coordinates":[[142.21198,-36.71634],[142.2113,-36.71684],[142.2108,-36.71762],[142.21067,-36.71771]]}},{"type":"Feature","properties":{"name":"Menadue Street","class":5,"surf":0,"highway":"unclassified"},"geometry":{"type":"LineString","coordinates":[[142.21067,-36.71771],[142.21032,-36.71778],[142.20987,-36.71777]]}},{"type":"Feature","properties":{"name":"Blair Court","class":5,"surf":0,"highway":"unclassified"},"geometry":{"type":"LineString","coordinates":[[142.19591,-36.74088],[142.19596,-36.74384]]}},{"type":"Feature","properties":{"name":"McLean Drive","class":5,"surf":0,"highway":"unclassified"},"geometry":{"type":"LineString","coordinates":[[142.19765,-36.73003],[142.19542,-36.72991],[142.1949,-36.73002]]}},{"type":"Feature","properties":{"name":"Muller Street","class":5,"surf":0,"highway":"unclassified"},"geometry":{"type":"LineString","coordinates":[[142.17353,-36.71413],[142.17352,-36.71442]]}},{"type":"Feature","properties":{"name":"Ferguson Close","class":5,"surf":0,"highway":"unclassified"},"geometry":{"type":"LineString","coordinates":[[142.19765,-36.73003],[142.19765,-36.73079],[142.19554,-36.73077]]}},{"type":"Feature","properties":{"name":"Garrard Street","class":5,"surf":0,"highway":"unclassified"},"geometry":{"type":"LineString","coordinates":[[142.18991,-36.69936],[142.18984,-36.69979]]}},{"type":"Feature","properties":{"name":"De Castella Drive","class":5,"surf":0,"highway":"unclassified"},"geometry":{"type":"LineString","coordinates":[[142.18882,-36.69967],[142.1888,-36.69841],[142.18959,-36.69842]]}},{"type":"Feature","properties":{"name":"Roses Gap Road","class":5,"surf":0,"highway":"unclassified"},"geometry":{"type":"LineString","coordinates":[[142.3616,-37.02673],[142.36159,-37.0287]]}},{"type":"Feature","properties":{"name":"Roses Gap Road","class":5,"surf":0,"highway":"unclassified"},"geometry":{"type":"LineString","coordinates":[[142.36372,-37.0309],[142.36532,-37.03098]]}},{"type":"Feature","properties":{"name":"Roses Gap Road","class":5,"surf":0,"highway":"unclassified"},"geometry":{"type":"LineString","coordinates":[[142.36159,-37.0287],[142.36162,-37.02926],[142.36173,-37.02975],[142.36196,-37.03013],[142.36224,-37.03041],[142.36275,-37.03069],[142.36372,-37.0309]]}},{"type":"Feature","properties":{"name":"Roses Gap Road","class":5,"surf":0,"highway":"unclassified"},"geometry":{"type":"LineString","coordinates":[[142.38572,-37.02989],[142.38381,-37.03001],[142.38058,-37.03058]]}},{"type":"Feature","properties":{"name":"Roses Gap Road","class":5,"surf":0,"highway":"unclassified"},"geometry":{"type":"LineString","coordinates":[[142.38592,-37.02987],[142.38572,-37.02989]]}},{"type":"Feature","properties":{"name":"Roses Gap Road","class":5,"surf":0,"highway":"unclassified"},"geometry":{"type":"LineString","coordinates":[[142.38884,-37.02935],[142.38758,-37.02964],[142.38592,-37.02987]]}},{"type":"Feature","properties":{"name":"Roses Gap Road","class":5,"surf":0,"highway":"unclassified"},"geometry":{"type":"LineString","coordinates":[[142.39017,-37.02906],[142.38884,-37.02935]]}},{"type":"Feature","properties":{"name":"Roses Gap Road","class":5,"surf":0,"highway":"unclassified"},"geometry":{"type":"LineString","coordinates":[[142.39211,-37.02889],[142.39017,-37.02906]]}},{"type":"Feature","properties":{"name":"Roses Gap Road","class":5,"surf":0,"highway":"unclassified"},"geometry":{"type":"LineString","coordinates":[[142.39593,-37.02832],[142.39289,-37.02878]]}},{"type":"Feature","properties":{"name":"Roses Gap Road","class":5,"surf":0,"highway":"unclassified"},"geometry":{"type":"LineString","coordinates":[[142.39289,-37.02878],[142.39211,-37.02889]]}},{"type":"Feature","properties":{"name":"Roses Gap Road","class":5,"surf":0,"highway":"unclassified"},"geometry":{"type":"LineString","coordinates":[[142.40813,-37.03268],[142.41119,-37.03444]]}},{"type":"Feature","properties":{"name":"Northern Grampians Road","class":2,"surf":0,"highway":"primary","ref":"C222"},"geometry":{"type":"LineString","coordinates":[[142.33574,-37.00969],[142.3363,-37.01032]]}},{"type":"Feature","properties":{"name":"Northern Grampians Road","class":2,"surf":0,"highway":"primary","ref":"C222"},"geometry":{"type":"LineString","coordinates":[[142.3363,-37.01032],[142.33793,-37.01209]]}},{"type":"Feature","properties":{"name":"Northern Grampians Road","class":2,"surf":0,"highway":"primary","ref":"C222"},"geometry":{"type":"LineString","coordinates":[[142.34241,-37.0296],[142.34239,-37.02994],[142.34221,-37.03065],[142.342,-37.03104]]}},{"type":"Feature","properties":{"name":"Northern Grampians Road","class":2,"surf":0,"highway":"primary","ref":"C222"},"geometry":{"type":"LineString","coordinates":[[142.342,-37.03104],[142.34191,-37.03122]]}},{"type":"Feature","properties":{"name":"Blue Ribbon Road","class":2,"surf":0,"highway":"primary","ref":"C231"},"geometry":{"type":"LineString","coordinates":[[142.22458,-36.45332],[142.22434,-36.45439]]}},{"type":"Feature","properties":{"name":"Old Hamilton Road","class":5,"surf":0,"highway":"unclassified"},"geometry":{"type":"LineString","coordinates":[[142.20512,-36.78125],[142.20511,-36.78212]]}},{"type":"Feature","properties":{"name":"Banyena Road","class":5,"surf":0,"highway":"unclassified"},"geometry":{"type":"LineString","coordinates":[[142.3367,-36.55294],[142.33701,-36.55294]]}},{"type":"Feature","properties":{"name":"Western Highway","class":1,"surf":0,"highway":"trunk","ref":"A8"},"geometry":{"type":"LineString","coordinates":[[142.10421,-36.50877],[142.10429,-36.50939]]}},{"type":"Feature","properties":{"name":"Hardinghams Road","class":5,"surf":0,"highway":"unclassified"},"geometry":{"type":"LineString","coordinates":[[142.18729,-36.77873],[142.1873,-36.77944]]}},{"type":"Feature","properties":{"name":"Henty Highway","class":1,"surf":0,"highway":"trunk","ref":"B200"},"geometry":{"type":"LineString","coordinates":[[142.28627,-36.57452],[142.28657,-36.57384]]}},{"type":"Feature","properties":{"name":"Horsham-Wal Wal Road","class":3,"surf":0,"highway":"secondary"},"geometry":{"type":"LineString","coordinates":[[142.50754,-36.81185],[142.50667,-36.81186]]}},{"type":"Feature","properties":{"name":"Western Highway","class":1,"surf":0,"highway":"trunk","ref":"A8"},"geometry":{"type":"LineString","coordinates":[[142.10429,-36.50939],[142.10433,-36.5098]]}},{"type":"Feature","properties":{"name":"Northern Grampians Road","class":2,"surf":0,"highway":"primary","ref":"C222"},"geometry":{"type":"LineString","coordinates":[[142.32837,-36.99337],[142.32872,-36.9949]]}},{"type":"Feature","properties":{"name":"Western Highway","class":1,"surf":0,"highway":"trunk","ref":"A8"},"geometry":{"type":"LineString","coordinates":[[142.10323,-36.50615],[142.10383,-36.50721],[142.10421,-36.50877]]}},{"type":"Feature","properties":{"name":"Geodetic Road","class":5,"surf":0,"highway":"unclassified"},"geometry":{"type":"LineString","coordinates":[[142.16836,-36.59519],[142.16836,-36.5974]]}},{"type":"Feature","properties":{"name":"Geodetic Road","class":5,"surf":0,"highway":"unclassified"},"geometry":{"type":"LineString","coordinates":[[142.16836,-36.5974],[142.16836,-36.59834]]}},{"type":"Feature","properties":{"name":"Geodetic Road","class":5,"surf":0,"highway":"unclassified"},"geometry":{"type":"LineString","coordinates":[[142.16836,-36.59834],[142.16836,-36.60243]]}},{"type":"Feature","properties":{"name":"Geodetic Road","class":5,"surf":0,"highway":"unclassified"},"geometry":{"type":"LineString","coordinates":[[142.16836,-36.60243],[142.16838,-36.60803]]}},{"type":"Feature","properties":{"name":"Henty Highway","class":1,"surf":0,"highway":"trunk","ref":"B200"},"geometry":{"type":"LineString","coordinates":[[142.28206,-36.58451],[142.28379,-36.5804]]}},{"type":"Feature","properties":{"name":"Henty Highway","class":1,"surf":0,"highway":"trunk","ref":"B200"},"geometry":{"type":"LineString","coordinates":[[142.28379,-36.5804],[142.28627,-36.57452]]}},{"type":"Feature","properties":{"name":"Tuckers Road","class":5,"surf":0,"highway":"unclassified"},"geometry":{"type":"LineString","coordinates":[[142.32138,-36.65218],[142.32137,-36.65901]]}},{"type":"Feature","properties":{"name":"Arapiles-Grass Flat Road","class":3,"surf":0,"highway":"secondary"},"geometry":{"type":"LineString","coordinates":[[141.86721,-36.65246],[141.86619,-36.65917]]}},{"type":"Feature","properties":{"name":"Lake Road","class":3,"surf":0,"highway":"secondary"},"geometry":{"type":"LineString","coordinates":[[141.9214,-36.64838],[141.93108,-36.6538],[141.9315,-36.65409]]}},{"type":"Feature","properties":{"name":"Lake Road","class":3,"surf":0,"highway":"secondary"},"geometry":{"type":"LineString","coordinates":[[141.9315,-36.65409],[141.93198,-36.65467],[141.93221,-36.65517],[141.93226,-36.65543],[141.93228,-36.66109]]}},{"type":"Feature","properties":{"name":"Lake Road","class":3,"surf":0,"highway":"secondary"},"geometry":{"type":"LineString","coordinates":[[141.93228,-36.66109],[141.9323,-36.66529],[141.93208,-36.6672],[141.93208,-36.67379]]}},{"type":"Feature","properties":{"name":"Meyers Road","class":3,"surf":0,"highway":"secondary"},"geometry":{"type":"LineString","coordinates":[[141.93228,-36.66109],[141.93683,-36.66109]]}},{"type":"Feature","properties":{"name":"Duchembegarra Road","class":5,"surf":0,"highway":"unclassified"},"geometry":{"type":"LineString","coordinates":[[141.94889,-36.64296],[141.94936,-36.65301],[141.94761,-36.66451]]}},{"type":"Feature","properties":{"name":"Lake Road","class":3,"surf":0,"highway":"secondary"},"geometry":{"type":"LineString","coordinates":[[141.95254,-36.72892],[141.9506,-36.72994],[141.9475,-36.73177],[141.94718,-36.73197],[141.94676,-36.73238],[141.9465,-36.73291],[141.94502,-36.73845]]}},{"type":"Feature","properties":{"name":"Lake Avenue","class":5,"surf":0,"highway":"unclassified"},"geometry":{"type":"LineString","coordinates":[[141.94536,-36.73213],[141.94477,-36.7343]]}},{"type":"Feature","properties":{"name":"Lake Avenue","class":5,"surf":0,"highway":"unclassified"},"geometry":{"type":"LineString","coordinates":[[141.94477,-36.7343],[141.9446,-36.73493]]}},{"type":"Feature","properties":{"name":"Lake Avenue","class":5,"surf":0,"highway":"unclassified"},"geometry":{"type":"LineString","coordinates":[[141.9446,-36.73493],[141.94405,-36.73714],[141.94405,-36.73739],[141.94441,-36.73875],[141.94429,-36.73892],[141.9426,-36.74034],[141.94251,-36.74048]]}},{"type":"Feature","properties":{"name":"Lake Road","class":3,"surf":0,"highway":"secondary"},"geometry":{"type":"LineString","coordinates":[[141.94249,-36.71611],[141.94252,-36.71622]]}},{"type":"Feature","properties":{"name":"Lake Road","class":3,"surf":0,"highway":"secondary"},"geometry":{"type":"LineString","coordinates":[[141.94247,-36.71549],[141.94243,-36.71571],[141.94249,-36.71611]]}},{"type":"Feature","properties":{"name":"Natimuk Cemetery Road","class":2,"surf":0,"highway":"primary"},"geometry":{"type":"LineString","coordinates":[[141.94249,-36.71611],[141.94419,-36.71589]]}},{"type":"Feature","properties":{"name":"Natimuk Cemetery Road","class":2,"surf":0,"highway":"primary"},"geometry":{"type":"LineString","coordinates":[[141.94419,-36.71589],[141.95377,-36.71466]]}},{"type":"Feature","properties":{"name":"Natimuk Cemetery Road","class":2,"surf":0,"highway":"primary"},"geometry":{"type":"LineString","coordinates":[[141.95377,-36.71466],[141.95428,-36.71459]]}},{"type":"Feature","properties":{"name":"Natimuk-Frances Road","class":2,"surf":0,"highway":"primary","ref":"C213"},"geometry":{"type":"LineString","coordinates":[[141.8514,-36.74741],[141.8561,-36.74741]]}},{"type":"Feature","properties":{"name":"Natimuk-Frances Road","class":2,"surf":0,"highway":"primary","ref":"C213"},"geometry":{"type":"LineString","coordinates":[[141.8561,-36.74741],[141.86423,-36.74731]]}},{"type":"Feature","properties":{"name":"Natimuk-Frances Road","class":2,"surf":0,"highway":"primary","ref":"C213"},"geometry":{"type":"LineString","coordinates":[[141.89514,-36.74665],[141.89584,-36.74644],[141.89669,-36.74606],[141.90099,-36.74358]]}},{"type":"Feature","properties":{"name":"Natimuk-Frances Road","class":2,"surf":0,"highway":"primary","ref":"C213"},"geometry":{"type":"LineString","coordinates":[[141.88952,-36.74696],[141.8938,-36.74688],[141.89514,-36.74665]]}},{"type":"Feature","properties":{"name":"Horsham-Noradjuha Road","class":2,"surf":0,"highway":"primary","ref":"C214"},"geometry":{"type":"LineString","coordinates":[[142.11639,-36.7536],[142.11562,-36.75509]]}},{"type":"Feature","properties":{"name":"Horsham-Noradjuha Road","class":2,"surf":0,"highway":"primary","ref":"C214"},"geometry":{"type":"LineString","coordinates":[[142.11739,-36.75088],[142.11732,-36.75155],[142.11713,-36.75216],[142.11639,-36.7536]]}},{"type":"Feature","properties":{"name":"Three Bridges Road","class":3,"surf":0,"highway":"secondary"},"geometry":{"type":"LineString","coordinates":[[142.13023,-36.75593],[142.13185,-36.75577]]}},{"type":"Feature","properties":{"name":"Three Bridges Road","class":3,"surf":0,"highway":"secondary"},"geometry":{"type":"LineString","coordinates":[[142.13185,-36.75577],[142.13224,-36.75574]]}},{"type":"Feature","properties":{"name":"Western Highway","class":1,"surf":0,"highway":"trunk","ref":"A8"},"geometry":{"type":"LineString","coordinates":[[142.10486,-36.51169],[142.10523,-36.51223]]}},{"type":"Feature","properties":{"name":"Western Highway","class":1,"surf":0,"highway":"trunk","ref":"A8"},"geometry":{"type":"LineString","coordinates":[[142.10433,-36.5098],[142.1045,-36.51069],[142.10486,-36.51169]]}},{"type":"Feature","properties":{"name":"Western Highway","class":1,"surf":0,"highway":"trunk","ref":"A8"},"geometry":{"type":"LineString","coordinates":[[142.10523,-36.51223],[142.10596,-36.51295],[142.10648,-36.51335],[142.10857,-36.51448]]}},{"type":"Feature","properties":{"name":"Henty Highway","class":1,"surf":0,"highway":"trunk","ref":"B200"},"geometry":{"type":"LineString","coordinates":[[142.35673,-36.49103],[142.3557,-36.49226],[142.34635,-36.50193]]}},{"type":"Feature","properties":{"name":"West Wail Road","class":3,"surf":0,"highway":"secondary"},"geometry":{"type":"LineString","coordinates":[[142.10535,-36.58266],[142.1117,-36.58262]]}},{"type":"Feature","properties":{"name":"West Wail Road","class":3,"surf":0,"highway":"secondary"},"geometry":{"type":"LineString","coordinates":[[142.1117,-36.58262],[142.11486,-36.5826]]}},{"type":"Feature","properties":{"name":"Polkemmet Road","class":3,"surf":0,"highway":"secondary"},"geometry":{"type":"LineString","coordinates":[[142.01865,-36.65606],[142.02548,-36.65649]]}},{"type":"Feature","properties":{"name":"Polkemmet Road","class":3,"surf":0,"highway":"secondary"},"geometry":{"type":"LineString","coordinates":[[142.02548,-36.65649],[142.02922,-36.65672]]}},{"type":"Feature","properties":{"name":"Polkemmet Road","class":3,"surf":0,"highway":"secondary"},"geometry":{"type":"LineString","coordinates":[[142.02922,-36.65672],[142.03187,-36.65686],[142.03542,-36.65657],[142.0447,-36.65719]]}},{"type":"Feature","properties":{"name":"Polkemmet Road","class":3,"surf":0,"highway":"secondary"},"geometry":{"type":"LineString","coordinates":[[142.0447,-36.65719],[142.04875,-36.65753],[142.05359,-36.65776],[142.05474,-36.65798],[142.05638,-36.65857],[142.05733,-36.65884],[142.0627,-36.65923]]}},{"type":"Feature","properties":{"name":"Polkemmet Road","class":3,"surf":0,"highway":"secondary"},"geometry":{"type":"LineString","coordinates":[[142.07049,-36.65976],[142.08077,-36.66049]]}},{"type":"Feature","properties":{"name":"Polkemmet Road","class":3,"surf":0,"highway":"secondary"},"geometry":{"type":"LineString","coordinates":[[142.0627,-36.65923],[142.07049,-36.65976]]}},{"type":"Feature","properties":{"name":"Courtneys Road","class":5,"surf":0,"highway":"unclassified"},"geometry":{"type":"LineString","coordinates":[[142.06268,-36.64596],[142.0627,-36.65923]]}},{"type":"Feature","properties":{"name":"Polkemmet Road","class":3,"surf":0,"highway":"secondary"},"geometry":{"type":"LineString","coordinates":[[142.08077,-36.66049],[142.09882,-36.6618]]}},{"type":"Feature","properties":{"name":"Polkemmet Road","class":3,"surf":0,"highway":"secondary"},"geometry":{"type":"LineString","coordinates":[[142.09882,-36.6618],[142.1083,-36.66244]]}},{"type":"Feature","properties":{"name":"Polkemmet Road","class":3,"surf":0,"highway":"secondary"},"geometry":{"type":"LineString","coordinates":[[142.1083,-36.66244],[142.11373,-36.6628],[142.11462,-36.66302],[142.11688,-36.66378]]}},{"type":"Feature","properties":{"name":"Polkemmet Road","class":3,"surf":0,"highway":"secondary"},"geometry":{"type":"LineString","coordinates":[[142.11688,-36.66378],[142.12909,-36.66791]]}},{"type":"Feature","properties":{"name":"Polkemmet Road","class":3,"surf":0,"highway":"secondary"},"geometry":{"type":"LineString","coordinates":[[142.12909,-36.66791],[142.14174,-36.67219],[142.1434,-36.67266]]}},{"type":"Feature","properties":{"name":"Blue Ribbon Road","class":2,"surf":0,"highway":"primary","ref":"C231"},"geometry":{"type":"LineString","coordinates":[[142.20484,-36.65329],[142.20488,-36.66133]]}},{"type":"Feature","properties":{"name":"Blue Ribbon Road","class":2,"surf":0,"highway":"primary","ref":"C231"},"geometry":{"type":"LineString","coordinates":[[142.20488,-36.66133],[142.2049,-36.66782]]}},{"type":"Feature","properties":{"name":"Natimuk Cemetery Road","class":2,"surf":0,"highway":"primary"},"geometry":{"type":"LineString","coordinates":[[141.95428,-36.71459],[141.96741,-36.71291]]}},{"type":"Feature","properties":{"name":"Polkemmet Road","class":3,"surf":0,"highway":"secondary"},"geometry":{"type":"LineString","coordinates":[[141.96737,-36.71279],[141.96741,-36.71291]]}},{"type":"Feature","properties":{"name":"Polkemmet Road","class":3,"surf":0,"highway":"secondary"},"geometry":{"type":"LineString","coordinates":[[141.96375,-36.7013],[141.96323,-36.70312],[141.96331,-36.70404],[141.96346,-36.70448],[141.96385,-36.7051],[141.96509,-36.70633],[141.96568,-36.70713],[141.96595,-36.70781],[141.96737,-36.71279]]}},{"type":"Feature","properties":{"name":"Polkemmet Road","class":3,"surf":0,"highway":"secondary"},"geometry":{"type":"LineString","coordinates":[[141.96741,-36.71291],[141.9681,-36.71547],[141.97006,-36.72701]]}},{"type":"Feature","properties":{"name":"Quantong Cemetery Road","class":3,"surf":0,"highway":"secondary"},"geometry":{"type":"LineString","coordinates":[[142.0449,-36.71387],[142.0449,-36.71686]]}},{"type":"Feature","properties":{"name":"Quantong Cemetery Road","class":3,"surf":0,"highway":"secondary"},"geometry":{"type":"LineString","coordinates":[[142.0449,-36.71686],[142.04491,-36.71885]]}},{"type":"Feature","properties":{"name":"Horsham-Lubeck Road","class":2,"surf":0,"highway":"primary","ref":"C215"},"geometry":{"type":"LineString","coordinates":[[142.28546,-36.72381],[142.28349,-36.7238]]}},{"type":"Feature","properties":{"name":"Horsham-Lubeck Road","class":2,"surf":0,"highway":"primary","ref":"C215"},"geometry":{"type":"LineString","coordinates":[[142.30372,-36.72383],[142.29579,-36.72382]]}},{"type":"Feature","properties":{"name":"Horsham-Lubeck Road","class":2,"surf":0,"highway":"primary","ref":"C215"},"geometry":{"type":"LineString","coordinates":[[142.29579,-36.72382],[142.28546,-36.72381]]}},{"type":"Feature","properties":{"name":"Horsham-Lubeck Road","class":2,"surf":0,"highway":"primary","ref":"C215"},"geometry":{"type":"LineString","coordinates":[[142.30997,-36.72384],[142.30372,-36.72383]]}},{"type":"Feature","properties":{"name":"Drung-Jung Road","class":3,"surf":0,"highway":"secondary"},"geometry":{"type":"LineString","coordinates":[[142.3279,-36.72134],[142.32633,-36.72254],[142.3235,-36.72398]]}},{"type":"Feature","properties":{"name":"Horsham-Lubeck Road","class":2,"surf":0,"highway":"primary","ref":"C215"},"geometry":{"type":"LineString","coordinates":[[142.31982,-36.724],[142.31886,-36.72386],[142.31709,-36.72385]]}},{"type":"Feature","properties":{"name":"East Road","class":5,"surf":0,"highway":"unclassified"},"geometry":{"type":"LineString","coordinates":[[142.30361,-36.75319],[142.30369,-36.75905],[142.3036,-36.7626]]}},{"type":"Feature","properties":{"name":"Mt Arapiles Summit Road","class":3,"surf":0,"highway":"secondary"},"geometry":{"type":"LineString","coordinates":[[141.83535,-36.75297],[141.83562,-36.75335],[141.83576,-36.75392],[141.83607,-36.75461],[141.83672,-36.75549],[141.83687,-36.75578],[141.83687,-36.75596]]}},{"type":"Feature","properties":{"name":"Centenary Park Road","class":3,"surf":0,"highway":"secondary"},"geometry":{"type":"LineString","coordinates":[[141.85135,-36.75937],[141.85135,-36.7621]]}},{"type":"Feature","properties":{"name":"Centenary Park Road","class":3,"surf":0,"highway":"secondary"},"geometry":{"type":"LineString","coordinates":[[141.8514,-36.74741],[141.85135,-36.75937]]}},{"type":"Feature","properties":{"name":"Hateleys Road","class":3,"surf":0,"highway":"secondary"},"geometry":{"type":"LineString","coordinates":[[141.98439,-36.75571],[141.99393,-36.75571]]}},{"type":"Feature","properties":{"name":"Lanes Avenue","class":4,"surf":0,"highway":"tertiary"},"geometry":{"type":"LineString","coordinates":[[142.03559,-36.75573],[142.03762,-36.75573]]}},{"type":"Feature","properties":{"name":"Lanes Avenue","class":4,"surf":0,"highway":"tertiary"},"geometry":{"type":"LineString","coordinates":[[142.03762,-36.75573],[142.04509,-36.75569]]}},{"type":"Feature","properties":{"name":"Hardinghams Road","class":5,"surf":0,"highway":"unclassified"},"geometry":{"type":"LineString","coordinates":[[142.18731,-36.77991],[142.18727,-36.78099]]}},{"type":"Feature","properties":{"name":"Hardinghams Road","class":5,"surf":0,"highway":"unclassified"},"geometry":{"type":"LineString","coordinates":[[142.18727,-36.78099],[142.18728,-36.78229]]}},{"type":"Feature","properties":{"name":"Clynes Road","class":5,"surf":0,"highway":"unclassified"},"geometry":{"type":"LineString","coordinates":[[142.19504,-36.78164],[142.19559,-36.78171]]}},{"type":"Feature","properties":{"name":"Laharum Road","class":2,"surf":0,"highway":"primary"},"geometry":{"type":"LineString","coordinates":[[142.23057,-36.77443],[142.23058,-36.77895]]}},{"type":"Feature","properties":{"name":"Laharum Road","class":2,"surf":0,"highway":"primary"},"geometry":{"type":"LineString","coordinates":[[142.23058,-36.77895],[142.23058,-36.77909]]}},{"type":"Feature","properties":{"name":"Mitre-Nurcoung Road","class":3,"surf":0,"highway":"secondary"},"geometry":{"type":"LineString","coordinates":[[141.77853,-36.71896],[141.77844,-36.71952]]}},{"type":"Feature","properties":{"name":"Western Highway","class":1,"surf":0,"highway":"trunk","ref":"A8"},"geometry":{"type":"LineString","coordinates":[[142.51074,-36.91567],[142.51062,-36.91559]]}},{"type":"Feature","properties":{"name":"Pelchens Road","class":5,"surf":0,"highway":"unclassified"},"geometry":{"type":"LineString","coordinates":[[142.0632,-36.76107],[142.0632,-36.76269]]}},{"type":"Feature","properties":{"name":"Henty Highway","class":1,"surf":0,"highway":"trunk","ref":"B200"},"geometry":{"type":"LineString","coordinates":[[142.34635,-36.50193],[142.34598,-36.50231]]}},{"type":"Feature","properties":{"name":"Henty Highway","class":1,"surf":0,"highway":"trunk","ref":"B200"},"geometry":{"type":"LineString","coordinates":[[142.34099,-36.50747],[142.34598,-36.50231]]}},{"type":"Feature","properties":{"name":"Jung North Road","class":5,"surf":0,"highway":"unclassified"},"geometry":{"type":"LineString","coordinates":[[142.35345,-36.50247],[142.35347,-36.50839],[142.35354,-36.50888],[142.35375,-36.50929],[142.35391,-36.50946],[142.35504,-36.51022],[142.35529,-36.51049],[142.35551,-36.51088],[142.35562,-36.51141],[142.35559,-36.51574]]}},{"type":"Feature","properties":{"name":"Horsham-Minyip Road","class":2,"surf":0,"highway":"primary","ref":"C236"},"geometry":{"type":"LineString","coordinates":[[142.34598,-36.50231],[142.34626,-36.50242],[142.34665,-36.50247],[142.35345,-36.50247]]}},{"type":"Feature","properties":{"name":"Horsham-Minyip Road","class":2,"surf":0,"highway":"primary","ref":"C236"},"geometry":{"type":"LineString","coordinates":[[142.35345,-36.50247],[142.36004,-36.50248]]}},{"type":"Feature","properties":{"name":"Horsham-Minyip Road","class":2,"surf":0,"highway":"primary","ref":"C236"},"geometry":{"type":"LineString","coordinates":[[142.36004,-36.50248],[142.37136,-36.50249]]}},{"type":"Feature","properties":{"name":"Longerenong Road","class":3,"surf":0,"highway":"secondary"},"geometry":{"type":"LineString","coordinates":[[142.25508,-36.66119],[142.26414,-36.66502]]}},{"type":"Feature","properties":{"name":"Longerenong Road","class":3,"surf":0,"highway":"secondary"},"geometry":{"type":"LineString","coordinates":[[142.27805,-36.67096],[142.28006,-36.67204],[142.28235,-36.67303]]}},{"type":"Feature","properties":{"name":"Pelchens Road","class":5,"surf":0,"highway":"unclassified"},"geometry":{"type":"LineString","coordinates":[[142.0632,-36.76269],[142.06322,-36.76344]]}},{"type":"Feature","properties":{"name":"Oliver Schmidts Road","class":5,"surf":0,"highway":"unclassified"},"geometry":{"type":"LineString","coordinates":[[141.85347,-36.66365],[141.85466,-36.66376]]}},{"type":"Feature","properties":{"name":"Arapiles-Grass Flat Road","class":3,"surf":0,"highway":"secondary"},"geometry":{"type":"LineString","coordinates":[[141.86619,-36.65917],[141.86532,-36.66485]]}},{"type":"Feature","properties":{"name":"Oliver Schmidts Road","class":5,"surf":0,"highway":"unclassified"},"geometry":{"type":"LineString","coordinates":[[141.85466,-36.66376],[141.86532,-36.66485]]}},{"type":"Feature","properties":{"name":"Horsham-Lubeck Road","class":2,"surf":0,"highway":"primary","ref":"C215"},"geometry":{"type":"LineString","coordinates":[[142.31709,-36.72385],[142.30997,-36.72384]]}},{"type":"Feature","properties":{"name":"Gross Road","class":5,"surf":0,"highway":"unclassified"},"geometry":{"type":"LineString","coordinates":[[142.3333,-36.72178],[142.33353,-36.72165]]}},{"type":"Feature","properties":{"name":"Gross Road","class":5,"surf":0,"highway":"unclassified"},"geometry":{"type":"LineString","coordinates":[[142.32973,-36.7219],[142.33049,-36.722]]}},{"type":"Feature","properties":{"name":"Gross Road","class":5,"surf":0,"highway":"unclassified"},"geometry":{"type":"LineString","coordinates":[[142.33049,-36.722],[142.33236,-36.72199],[142.33302,-36.7219],[142.3333,-36.72178]]}},{"type":"Feature","properties":{"name":"Mitre-Nurcoung Road","class":3,"surf":0,"highway":"secondary"},"geometry":{"type":"LineString","coordinates":[[141.77985,-36.71048],[141.77853,-36.71896]]}},{"type":"Feature","properties":{"name":"Snowball Drive","class":5,"surf":0,"highway":"unclassified"},"geometry":{"type":"LineString","coordinates":[[142.0371,-36.76095],[142.03758,-36.76137],[142.03784,-36.76147],[142.03933,-36.76171],[142.04195,-36.76158],[142.04253,-36.76125],[142.04272,-36.76122],[142.04512,-36.76122]]}},{"type":"Feature","properties":{"name":"Jost Avenue","class":5,"surf":0,"highway":"unclassified"},"geometry":{"type":"LineString","coordinates":[[142.05234,-36.76272],[142.05325,-36.76272]]}},{"type":"Feature","properties":{"name":"Jost Avenue","class":5,"surf":0,"highway":"unclassified"},"geometry":{"type":"LineString","coordinates":[[142.04515,-36.76278],[142.05159,-36.76273]]}},{"type":"Feature","properties":{"name":"Jost Avenue","class":5,"surf":0,"highway":"unclassified"},"geometry":{"type":"LineString","coordinates":[[142.05159,-36.76273],[142.05234,-36.76272]]}},{"type":"Feature","properties":{"name":"Jost Avenue","class":5,"surf":0,"highway":"unclassified"},"geometry":{"type":"LineString","coordinates":[[142.05325,-36.76272],[142.05596,-36.76272]]}},{"type":"Feature","properties":{"name":"Pelchens Road","class":5,"surf":0,"highway":"unclassified"},"geometry":{"type":"LineString","coordinates":[[142.0632,-36.76096],[142.0632,-36.76107]]}},{"type":"Feature","properties":{"name":"Pelchens Road","class":5,"surf":0,"highway":"unclassified"},"geometry":{"type":"LineString","coordinates":[[142.06319,-36.75562],[142.0632,-36.76096]]}},{"type":"Feature","properties":{"name":"Jost Avenue","class":5,"surf":0,"highway":"unclassified"},"geometry":{"type":"LineString","coordinates":[[142.05656,-36.76271],[142.06029,-36.76269]]}},{"type":"Feature","properties":{"name":"Jost Avenue","class":5,"surf":0,"highway":"unclassified"},"geometry":{"type":"LineString","coordinates":[[142.06029,-36.76269],[142.0632,-36.76269]]}},{"type":"Feature","properties":{"name":"Horsham-Noradjuha Road","class":2,"surf":0,"highway":"primary","ref":"C214"},"geometry":{"type":"LineString","coordinates":[[142.11269,-36.76067],[142.1107,-36.76422]]}},{"type":"Feature","properties":{"name":"Horsham-Noradjuha Road","class":2,"surf":0,"highway":"primary","ref":"C214"},"geometry":{"type":"LineString","coordinates":[[142.1107,-36.76422],[142.11032,-36.76503],[142.11028,-36.76542],[142.11047,-36.76704]]}},{"type":"Feature","properties":{"name":"Three Bridges Road","class":3,"surf":0,"highway":"secondary"},"geometry":{"type":"LineString","coordinates":[[142.11694,-36.75991],[142.11756,-36.75962]]}},{"type":"Feature","properties":{"name":"Three Bridges Road","class":3,"surf":0,"highway":"secondary"},"geometry":{"type":"LineString","coordinates":[[142.11756,-36.75962],[142.11933,-36.75884]]}},{"type":"Feature","properties":{"name":"Old Hamilton Road","class":5,"surf":0,"highway":"unclassified"},"geometry":{"type":"LineString","coordinates":[[142.20506,-36.78867],[142.20505,-36.78993],[142.20487,-36.79028],[142.20445,-36.79069],[142.20317,-36.79148]]}},{"type":"Feature","properties":{"name":"Old Hamilton Road","class":5,"surf":0,"highway":"unclassified"},"geometry":{"type":"LineString","coordinates":[[142.20317,-36.79148],[142.20201,-36.79229],[142.20115,-36.793]]}},{"type":"Feature","properties":{"name":"Laharum Road","class":2,"surf":0,"highway":"primary"},"geometry":{"type":"LineString","coordinates":[[142.23058,-36.77909],[142.23058,-36.78241]]}},{"type":"Feature","properties":{"name":"Old Hamilton Road","class":5,"surf":0,"highway":"unclassified"},"geometry":{"type":"LineString","coordinates":[[142.20511,-36.78212],[142.20509,-36.78447]]}},{"type":"Feature","properties":{"name":"Old Hamilton Road","class":5,"surf":0,"highway":"unclassified"},"geometry":{"type":"LineString","coordinates":[[142.20509,-36.78447],[142.20508,-36.78606]]}},{"type":"Feature","properties":{"name":"Old Hamilton Road","class":5,"surf":0,"highway":"unclassified"},"geometry":{"type":"LineString","coordinates":[[142.20508,-36.78606],[142.20506,-36.78867]]}},{"type":"Feature","properties":{"name":"Henty Highway","class":1,"surf":0,"highway":"trunk","ref":"A200"},"geometry":{"type":"LineString","coordinates":[[142.17653,-36.77916],[142.17561,-36.77988]]}},{"type":"Feature","properties":{"name":"Henty Highway","class":1,"surf":0,"highway":"trunk","ref":"A200"},"geometry":{"type":"LineString","coordinates":[[142.17561,-36.77988],[142.17516,-36.78034]]}},{"type":"Feature","properties":{"name":"Henty Highway","class":1,"surf":0,"highway":"trunk","ref":"A200"},"geometry":{"type":"LineString","coordinates":[[142.17516,-36.78034],[142.17459,-36.78114],[142.1742,-36.78218]]}},{"type":"Feature","properties":{"name":"Nunkerri Road","class":5,"surf":0,"highway":"unclassified"},"geometry":{"type":"LineString","coordinates":[[142.17074,-36.78217],[142.1742,-36.78218]]}},{"type":"Feature","properties":{"name":"Henty Highway","class":1,"surf":0,"highway":"trunk","ref":"A200"},"geometry":{"type":"LineString","coordinates":[[142.1742,-36.78218],[142.17411,-36.7827]]}},{"type":"Feature","properties":{"name":"Green Lake Road","class":3,"surf":0,"highway":"secondary"},"geometry":{"type":"LineString","coordinates":[[142.28536,-36.7803],[142.28527,-36.78251]]}},{"type":"Feature","properties":{"name":"Green Lake Road","class":3,"surf":0,"highway":"secondary"},"geometry":{"type":"LineString","coordinates":[[142.28527,-36.78251],[142.28527,-36.78656]]}},{"type":"Feature","properties":{"name":"School Road","class":3,"surf":0,"highway":"secondary"},"geometry":{"type":"LineString","coordinates":[[142.28534,-36.76783],[142.28529,-36.77998],[142.28516,-36.78019]]}},{"type":"Feature","properties":{"name":"Henty Highway","class":1,"surf":0,"highway":"trunk","ref":"B200"},"geometry":{"type":"LineString","coordinates":[[142.2368,-36.67932],[142.23566,-36.68083]]}},{"type":"Feature","properties":{"name":"Horsham-Noradjuha Road","class":2,"surf":0,"highway":"primary","ref":"C214"},"geometry":{"type":"LineString","coordinates":[[142.06978,-36.79317],[142.06345,-36.79666]]}},{"type":"Feature","properties":{"name":"Dimboola-Minyip Road","class":3,"surf":0,"highway":"secondary"},"geometry":{"type":"LineString","coordinates":[[142.19284,-36.43644],[142.19806,-36.43756],[142.21409,-36.43749]]}},{"type":"Feature","properties":{"name":"Natimuk-Hamilton Road","class":2,"surf":0,"highway":"primary","ref":"C219"},"geometry":{"type":"LineString","coordinates":[[141.9661,-36.74264],[141.96613,-36.7461]]}},{"type":"Feature","properties":{"name":"Dooen School Road","class":3,"surf":0,"highway":"secondary"},"geometry":{"type":"LineString","coordinates":[[142.25779,-36.63854],[142.25895,-36.63855]]}},{"type":"Feature","properties":{"name":"Mitre-Grass Flat Road","class":3,"surf":0,"highway":"secondary"},"geometry":{"type":"LineString","coordinates":[[141.82555,-36.6906],[141.82618,-36.69066]]}},{"type":"Feature","properties":{"name":"Old Hamilton Road","class":3,"surf":0,"highway":"secondary"},"geometry":{"type":"LineString","coordinates":[[142.20552,-36.75283],[142.20552,-36.75302]]}},{"type":"Feature","properties":{"name":"Jung North Road","class":5,"surf":0,"highway":"unclassified"},"geometry":{"type":"LineString","coordinates":[[142.36024,-36.59089],[142.36017,-36.6019]]}},{"type":"Feature","properties":{"name":"Blue Ribbon Road","class":2,"surf":0,"highway":"primary","ref":"C231"},"geometry":{"type":"LineString","coordinates":[[142.21765,-36.50653],[142.21674,-36.51072]]}},{"type":"Feature","properties":{"name":"Western Highway","class":1,"surf":0,"highway":"trunk","ref":"A8"},"geometry":{"type":"LineString","coordinates":[[142.46698,-36.88812],[142.47049,-36.8908]]}},{"type":"Feature","properties":{"name":"Western Highway","class":1,"surf":0,"highway":"trunk","ref":"A8"},"geometry":{"type":"LineString","coordinates":[[142.47049,-36.8908],[142.47931,-36.89755]]}},{"type":"Feature","properties":{"name":"Jackmans Road","class":5,"surf":0,"highway":"unclassified"},"geometry":{"type":"LineString","coordinates":[[142.52333,-36.94938],[142.52331,-36.93901]]}},{"type":"Feature","properties":{"name":"Blue Ribbon Road","class":2,"surf":0,"highway":"primary","ref":"C231"},"geometry":{"type":"LineString","coordinates":[[142.21432,-36.52183],[142.21299,-36.52787]]}},{"type":"Feature","properties":{"name":"Western Highway","class":1,"surf":0,"highway":"trunk","ref":"A8"},"geometry":{"type":"LineString","coordinates":[[142.12046,-36.58755],[142.12427,-36.59244],[142.12471,-36.5932],[142.12488,-36.59367]]}},{"type":"Feature","properties":{"name":"Western Highway","class":1,"surf":0,"highway":"trunk","ref":"A8"},"geometry":{"type":"LineString","coordinates":[[142.12488,-36.59367],[142.12498,-36.59405],[142.12507,-36.59513]]}},{"type":"Feature","properties":{"name":"Rules West Road","class":5,"surf":0,"highway":"unclassified"},"geometry":{"type":"LineString","coordinates":[[142.12532,-36.59512],[142.1255,-36.59513]]}},{"type":"Feature","properties":{"name":"Rules West Road","class":5,"surf":0,"highway":"unclassified"},"geometry":{"type":"LineString","coordinates":[[142.1255,-36.59513],[142.12593,-36.59519],[142.12671,-36.59543]]}},{"type":"Feature","properties":{"name":"Rules West Road","class":5,"surf":0,"highway":"unclassified"},"geometry":{"type":"LineString","coordinates":[[142.13429,-36.59548],[142.13677,-36.59546]]}},{"type":"Feature","properties":{"name":"Rules West Road","class":5,"surf":0,"highway":"unclassified"},"geometry":{"type":"LineString","coordinates":[[142.12671,-36.59543],[142.12746,-36.59549],[142.13429,-36.59548]]}},{"type":"Feature","properties":{"name":"Rules West Road","class":5,"surf":0,"highway":"unclassified"},"geometry":{"type":"LineString","coordinates":[[142.13677,-36.59546],[142.1556,-36.59522]]}},{"type":"Feature","properties":{"name":"Rules West Road","class":5,"surf":0,"highway":"unclassified"},"geometry":{"type":"LineString","coordinates":[[142.1556,-36.59522],[142.16836,-36.59519]]}},{"type":"Feature","properties":{"name":"Henty Highway","class":1,"surf":0,"highway":"trunk","ref":"B200"},"geometry":{"type":"LineString","coordinates":[[142.27593,-36.59934],[142.27695,-36.59661],[142.27792,-36.59428]]}},{"type":"Feature","properties":{"name":"Quantong Cemetery Road","class":3,"surf":0,"highway":"secondary"},"geometry":{"type":"LineString","coordinates":[[142.04476,-36.67298],[142.04476,-36.67451]]}},{"type":"Feature","properties":{"name":"Polkemmet Road","class":3,"surf":0,"highway":"secondary"},"geometry":{"type":"LineString","coordinates":[[141.95805,-36.66603],[141.95747,-36.66677],[141.95724,-36.66761],[141.95723,-36.67692],[141.95728,-36.67762]]}},{"type":"Feature","properties":{"name":"Polkemmet Road","class":3,"surf":0,"highway":"secondary"},"geometry":{"type":"LineString","coordinates":[[141.97245,-36.65746],[141.95858,-36.66564],[141.95805,-36.66603]]}},{"type":"Feature","properties":{"name":"Meyers Road","class":3,"surf":0,"highway":"secondary"},"geometry":{"type":"LineString","coordinates":[[141.94761,-36.66451],[141.9482,-36.66479],[141.94894,-36.665],[141.95678,-36.66579]]}},{"type":"Feature","properties":{"name":"Meyers Road","class":3,"surf":0,"highway":"secondary"},"geometry":{"type":"LineString","coordinates":[[141.95678,-36.66579],[141.95779,-36.66591]]}},{"type":"Feature","properties":{"name":"Meyers Road","class":3,"surf":0,"highway":"secondary"},"geometry":{"type":"LineString","coordinates":[[141.95779,-36.66591],[141.95805,-36.66603]]}},{"type":"Feature","properties":{"name":"Quantong Cemetery Road","class":3,"surf":0,"highway":"secondary"},"geometry":{"type":"LineString","coordinates":[[142.0447,-36.65719],[142.04476,-36.67298]]}},{"type":"Feature","properties":{"name":"Natimuk-Frances Road","class":2,"surf":0,"highway":"primary","ref":"C213"},"geometry":{"type":"LineString","coordinates":[[141.7929,-36.72924],[141.80139,-36.73009]]}},{"type":"Feature","properties":{"name":"Mitre-Grass Flat Road","class":3,"surf":0,"highway":"secondary"},"geometry":{"type":"LineString","coordinates":[[141.80139,-36.73009],[141.80388,-36.71393]]}},{"type":"Feature","properties":{"name":"Arapiles-Grass Flat Road","class":3,"surf":0,"highway":"secondary"},"geometry":{"type":"LineString","coordinates":[[141.85823,-36.71109],[141.8567,-36.72106]]}},{"type":"Feature","properties":{"name":"Three Chain Road","class":2,"surf":0,"highway":"primary"},"geometry":{"type":"LineString","coordinates":[[141.87929,-36.72028],[141.88047,-36.71984]]}},{"type":"Feature","properties":{"name":"Three Chain Road","class":2,"surf":0,"highway":"primary"},"geometry":{"type":"LineString","coordinates":[[141.88047,-36.71984],[141.88148,-36.71957]]}},{"type":"Feature","properties":{"name":"","class":5,"surf":0,"highway":"unclassified"},"geometry":{"type":"LineString","coordinates":[[141.88235,-36.71358],[141.88148,-36.71957]]}},{"type":"Feature","properties":{"name":"Wyn Wyn Road","class":2,"surf":0,"highway":"primary"},"geometry":{"type":"LineString","coordinates":[[141.92131,-36.71171],[141.92149,-36.71224],[141.92154,-36.7126],[141.92156,-36.71961]]}},{"type":"Feature","properties":{"name":"Wyn Wyn Road","class":2,"surf":0,"highway":"primary"},"geometry":{"type":"LineString","coordinates":[[141.92161,-36.72714],[141.92151,-36.74144]]}},{"type":"Feature","properties":{"name":"Wyn Wyn Road","class":2,"surf":0,"highway":"primary"},"geometry":{"type":"LineString","coordinates":[[141.92156,-36.71961],[141.92161,-36.72714]]}},{"type":"Feature","properties":{"name":"Three Bridges Road","class":3,"surf":0,"highway":"secondary"},"geometry":{"type":"LineString","coordinates":[[142.16114,-36.76312],[142.16153,-36.76281],[142.16299,-36.76118]]}},{"type":"Feature","properties":{"name":"Lake Road","class":3,"surf":0,"highway":"secondary"},"geometry":{"type":"LineString","coordinates":[[141.94252,-36.71622],[141.94262,-36.71644],[141.94298,-36.71686],[141.94393,-36.71775],[141.9443,-36.718],[141.95075,-36.72119],[141.9511,-36.72143],[141.95157,-36.72197],[141.95172,-36.72226],[141.95219,-36.7238],[141.95264,-36.72439]]}},{"type":"Feature","properties":{"name":"Lake Road","class":3,"surf":0,"highway":"secondary"},"geometry":{"type":"LineString","coordinates":[[141.95264,-36.72439],[141.954,-36.72548],[141.95431,-36.72592],[141.95451,-36.72658],[141.95445,-36.72724],[141.95416,-36.72784],[141.95365,-36.72833],[141.95312,-36.72864]]}},{"type":"Feature","properties":{"name":"Quantong Cemetery Road","class":3,"surf":0,"highway":"secondary"},"geometry":{"type":"LineString","coordinates":[[142.04491,-36.71885],[142.04492,-36.72113]]}},{"type":"Feature","properties":{"name":"Quantong Cemetery Road","class":3,"surf":0,"highway":"secondary"},"geometry":{"type":"LineString","coordinates":[[142.04492,-36.72113],[142.04494,-36.72658]]}},{"type":"Feature","properties":{"name":"Three Bridges Road","class":3,"surf":0,"highway":"secondary"},"geometry":{"type":"LineString","coordinates":[[142.11933,-36.75884],[142.1234,-36.75706]]}},{"type":"Feature","properties":{"name":"Three Bridges Road","class":3,"surf":0,"highway":"secondary"},"geometry":{"type":"LineString","coordinates":[[142.1234,-36.75706],[142.12402,-36.75681]]}},{"type":"Feature","properties":{"name":"Three Bridges Road","class":3,"surf":0,"highway":"secondary"},"geometry":{"type":"LineString","coordinates":[[142.12441,-36.75664],[142.126,-36.75635],[142.13023,-36.75593]]}},{"type":"Feature","properties":{"name":"Fultons Road","class":3,"surf":0,"highway":"secondary"},"geometry":{"type":"LineString","coordinates":[[142.13554,-36.76667],[142.13555,-36.76933]]}},{"type":"Feature","properties":{"name":"Three Bridges Road","class":3,"surf":0,"highway":"secondary"},"geometry":{"type":"LineString","coordinates":[[142.13544,-36.75786],[142.13553,-36.76209]]}},{"type":"Feature","properties":{"name":"Three Bridges Road","class":3,"surf":0,"highway":"secondary"},"geometry":{"type":"LineString","coordinates":[[142.13909,-36.76507],[142.14219,-36.7651]]}},{"type":"Feature","properties":{"name":"Three Bridges Road","class":3,"surf":0,"highway":"secondary"},"geometry":{"type":"LineString","coordinates":[[142.14919,-36.76513],[142.15506,-36.76511]]}},{"type":"Feature","properties":{"name":"Three Bridges Road","class":3,"surf":0,"highway":"secondary"},"geometry":{"type":"LineString","coordinates":[[142.1569,-36.76489],[142.15697,-36.76487]]}},{"type":"Feature","properties":{"name":"Three Bridges Road","class":3,"surf":0,"highway":"secondary"},"geometry":{"type":"LineString","coordinates":[[142.15697,-36.76487],[142.15771,-36.76474],[142.15903,-36.76425]]}},{"type":"Feature","properties":{"name":"Three Bridges Road","class":3,"surf":0,"highway":"secondary"},"geometry":{"type":"LineString","coordinates":[[142.16497,-36.75984],[142.16885,-36.75773]]}},{"type":"Feature","properties":{"name":"Three Bridges Road","class":3,"surf":0,"highway":"secondary"},"geometry":{"type":"LineString","coordinates":[[142.16299,-36.76118],[142.16377,-36.76055],[142.16497,-36.75984]]}},{"type":"Feature","properties":{"name":"Three Bridges Road","class":3,"surf":0,"highway":"secondary"},"geometry":{"type":"LineString","coordinates":[[142.16903,-36.75759],[142.16964,-36.75714]]}},{"type":"Feature","properties":{"name":"Three Bridges Road","class":3,"surf":0,"highway":"secondary"},"geometry":{"type":"LineString","coordinates":[[142.16964,-36.75714],[142.16999,-36.75689]]}},{"type":"Feature","properties":{"name":"Wards Road","class":3,"surf":0,"highway":"secondary"},"geometry":{"type":"LineString","coordinates":[[142.17902,-36.76756],[142.18621,-36.76762]]}},{"type":"Feature","properties":{"name":"Mackleys Road","class":5,"surf":0,"highway":"unclassified"},"geometry":{"type":"LineString","coordinates":[[142.17108,-36.76752],[142.17226,-36.76909]]}},{"type":"Feature","properties":{"name":"Wards Road","class":3,"surf":0,"highway":"secondary"},"geometry":{"type":"LineString","coordinates":[[142.17069,-36.76752],[142.17108,-36.76752]]}},{"type":"Feature","properties":{"name":"Wards Road","class":3,"surf":0,"highway":"secondary"},"geometry":{"type":"LineString","coordinates":[[142.16889,-36.76752],[142.17069,-36.76752]]}},{"type":"Feature","properties":{"name":"Wards Road","class":3,"surf":0,"highway":"secondary"},"geometry":{"type":"LineString","coordinates":[[142.17108,-36.76752],[142.17787,-36.76756]]}},{"type":"Feature","properties":{"name":"Three Chain Road","class":2,"surf":0,"highway":"primary"},"geometry":{"type":"LineString","coordinates":[[141.89646,-36.71536],[141.89907,-36.71459]]}},{"type":"Feature","properties":{"name":"Mitre-Grass Flat Road","class":3,"surf":0,"highway":"secondary"},"geometry":{"type":"LineString","coordinates":[[141.84817,-36.68217],[141.85206,-36.68257]]}},{"type":"Feature","properties":{"name":"Cooack Road","class":3,"surf":0,"highway":"secondary"},"geometry":{"type":"LineString","coordinates":[[141.87023,-36.63298],[141.87259,-36.6332]]}},{"type":"Feature","properties":{"name":"Ladlows Road","class":5,"surf":0,"highway":"unclassified"},"geometry":{"type":"LineString","coordinates":[[142.25691,-36.60787],[142.25889,-36.60787],[142.26138,-36.60767],[142.2712,-36.60768],[142.27248,-36.60801]]}},{"type":"Feature","properties":{"name":"Henty Highway","class":1,"surf":0,"highway":"trunk","ref":"B200"},"geometry":{"type":"LineString","coordinates":[[142.27248,-36.60801],[142.27494,-36.60211]]}},{"type":"Feature","properties":{"name":"Kalkee East Road","class":5,"surf":0,"highway":"unclassified"},"geometry":{"type":"LineString","coordinates":[[142.21299,-36.52787],[142.21362,-36.52798],[142.21421,-36.52796],[142.23864,-36.52349],[142.23968,-36.5234],[142.24115,-36.52338]]}},{"type":"Feature","properties":{"name":"Kalkee East Road","class":5,"surf":0,"highway":"unclassified"},"geometry":{"type":"LineString","coordinates":[[142.24308,-36.52338],[142.2628,-36.52327]]}},{"type":"Feature","properties":{"name":"Kalkee East Road","class":5,"surf":0,"highway":"unclassified"},"geometry":{"type":"LineString","coordinates":[[142.2628,-36.52327],[142.2771,-36.52314]]}},{"type":"Feature","properties":{"name":"Henty Highway","class":1,"surf":0,"highway":"trunk","ref":"B200"},"geometry":{"type":"LineString","coordinates":[[142.27494,-36.60211],[142.27593,-36.59934]]}},{"type":"Feature","properties":{"name":"Western Highway","class":1,"surf":0,"highway":"trunk","ref":"A8"},"geometry":{"type":"LineString","coordinates":[[142.12507,-36.59513],[142.12508,-36.59708]]}},{"type":"Feature","properties":{"name":"Rules East Road","class":5,"surf":0,"highway":"unclassified"},"geometry":{"type":"LineString","coordinates":[[142.19357,-36.60791],[142.20235,-36.60791]]}},{"type":"Feature","properties":{"name":"Rules East Road","class":5,"surf":0,"highway":"unclassified"},"geometry":{"type":"LineString","coordinates":[[142.20235,-36.60791],[142.20462,-36.60791]]}},{"type":"Feature","properties":{"name":"Blue Ribbon Road","class":2,"surf":0,"highway":"primary","ref":"C231"},"geometry":{"type":"LineString","coordinates":[[142.20462,-36.60791],[142.20475,-36.60944],[142.20475,-36.6167]]}},{"type":"Feature","properties":{"name":"Ladlows Road","class":5,"surf":0,"highway":"unclassified"},"geometry":{"type":"LineString","coordinates":[[142.25586,-36.60788],[142.25691,-36.60787]]}},{"type":"Feature","properties":{"name":"Polkemmet Road","class":3,"surf":0,"highway":"secondary"},"geometry":{"type":"LineString","coordinates":[[142.1434,-36.67266],[142.14854,-36.67322]]}},{"type":"Feature","properties":{"name":"Polkemmet Road","class":3,"surf":0,"highway":"secondary"},"geometry":{"type":"LineString","coordinates":[[142.14854,-36.67322],[142.15724,-36.67416]]}},{"type":"Feature","properties":{"name":"Blue Ribbon Road","class":2,"surf":0,"highway":"primary","ref":"C231"},"geometry":{"type":"LineString","coordinates":[[142.2049,-36.66782],[142.20368,-36.67418]]}},{"type":"Feature","properties":{"name":"Blue Ribbon Road","class":2,"surf":0,"highway":"primary","ref":"C231"},"geometry":{"type":"LineString","coordinates":[[142.20368,-36.67418],[142.20331,-36.67601]]}},{"type":"Feature","properties":{"name":"Blue Ribbon Road","class":2,"surf":0,"highway":"primary","ref":"C231"},"geometry":{"type":"LineString","coordinates":[[142.20331,-36.67601],[142.20311,-36.67704]]}},{"type":"Feature","properties":{"name":"","class":5,"surf":0,"highway":"unclassified"},"geometry":{"type":"LineString","coordinates":[[142.18696,-36.68243],[142.20213,-36.68236]]}},{"type":"Feature","properties":{"name":"Blue Ribbon Road","class":2,"surf":0,"highway":"primary","ref":"C231"},"geometry":{"type":"LineString","coordinates":[[142.20311,-36.67704],[142.20219,-36.68177],[142.20213,-36.68236]]}},{"type":"Feature","properties":{"name":"Henty Highway","class":1,"surf":0,"highway":"trunk","ref":"B200"},"geometry":{"type":"LineString","coordinates":[[142.24048,-36.67446],[142.23803,-36.67774]]}},{"type":"Feature","properties":{"name":"Henty Highway","class":1,"surf":0,"highway":"trunk","ref":"B200"},"geometry":{"type":"LineString","coordinates":[[142.23566,-36.68083],[142.23447,-36.68237]]}},{"type":"Feature","properties":{"name":"Henty Highway","class":1,"surf":0,"highway":"trunk","ref":"B200"},"geometry":{"type":"LineString","coordinates":[[142.23803,-36.67774],[142.2368,-36.67932]]}},{"type":"Feature","properties":{"name":"River Heights Road","class":5,"surf":0,"highway":"unclassified"},"geometry":{"type":"LineString","coordinates":[[142.23848,-36.67796],[142.24306,-36.6802]]}},{"type":"Feature","properties":{"name":"River Heights Road","class":5,"surf":0,"highway":"unclassified"},"geometry":{"type":"LineString","coordinates":[[142.23803,-36.67774],[142.23836,-36.6779]]}},{"type":"Feature","properties":{"name":"River Heights Road","class":5,"surf":0,"highway":"unclassified"},"geometry":{"type":"LineString","coordinates":[[142.23836,-36.6779],[142.23848,-36.67796]]}},{"type":"Feature","properties":{"name":"Wimmera Highway","class":1,"surf":0,"highway":"trunk","ref":"C240"},"geometry":{"type":"LineString","coordinates":[[142.12194,-36.73744],[142.12828,-36.73502],[142.1316,-36.73354]]}},{"type":"Feature","properties":{"name":"Wimmera Highway","class":1,"surf":0,"highway":"trunk","ref":"C240"},"geometry":{"type":"LineString","coordinates":[[142.1316,-36.73354],[142.13394,-36.73251],[142.13475,-36.7323],[142.13596,-36.73214],[142.13827,-36.732],[142.14273,-36.73149]]}},{"type":"Feature","properties":{"name":"Wimmera Highway","class":1,"surf":0,"highway":"trunk","ref":"C240"},"geometry":{"type":"LineString","coordinates":[[142.14934,-36.73003],[142.15525,-36.72873]]}},{"type":"Feature","properties":{"name":"Wimmera Highway","class":1,"surf":0,"highway":"trunk","ref":"C240"},"geometry":{"type":"LineString","coordinates":[[142.15525,-36.72873],[142.16477,-36.72663]]}},{"type":"Feature","properties":{"name":"Natimuk Road","class":1,"surf":0,"highway":"trunk","ref":"C240"},"geometry":{"type":"LineString","coordinates":[[142.16477,-36.72663],[142.16896,-36.72567]]}},{"type":"Feature","properties":{"name":"Natimuk Road","class":1,"surf":0,"highway":"trunk","ref":"C240"},"geometry":{"type":"LineString","coordinates":[[142.17395,-36.72376],[142.17595,-36.72299]]}},{"type":"Feature","properties":{"name":"Natimuk Road","class":1,"surf":0,"highway":"trunk","ref":"C240"},"geometry":{"type":"LineString","coordinates":[[142.17342,-36.72397],[142.17395,-36.72376]]}},{"type":"Feature","properties":{"name":"Mintern Crescent","class":5,"surf":0,"highway":"unclassified"},"geometry":{"type":"LineString","coordinates":[[142.17342,-36.72397],[142.17392,-36.72481]]}},{"type":"Feature","properties":{"name":"Natimuk Road","class":1,"surf":0,"highway":"trunk","ref":"C240"},"geometry":{"type":"LineString","coordinates":[[142.17126,-36.72479],[142.17342,-36.72397]]}},{"type":"Feature","properties":{"name":"Stawell Road","class":5,"surf":0,"highway":"unclassified"},"geometry":{"type":"LineString","coordinates":[[142.20472,-36.72442],[142.2048,-36.72464],[142.20486,-36.72553]]}},{"type":"Feature","properties":{"name":"School Road","class":3,"surf":0,"highway":"secondary"},"geometry":{"type":"LineString","coordinates":[[142.28546,-36.72381],[142.28543,-36.72528]]}},{"type":"Feature","properties":{"name":"Wards Road","class":3,"surf":0,"highway":"secondary"},"geometry":{"type":"LineString","coordinates":[[142.17787,-36.76756],[142.17902,-36.76756]]}},{"type":"Feature","properties":{"name":"Schier Drive","class":5,"surf":0,"highway":"unclassified"},"geometry":{"type":"LineString","coordinates":[[142.20534,-36.75516],[142.20578,-36.75523],[142.20801,-36.7553],[142.20856,-36.75554],[142.20877,-36.75571],[142.20891,-36.75594],[142.20903,-36.75628],[142.20901,-36.76079],[142.20872,-36.762],[142.20873,-36.76216],[142.2092,-36.76331],[142.20913,-36.76389],[142.20874,-36.76428],[142.20836,-36.76444],[142.20769,-36.76451],[142.2057,-36.76448],[142.20518,-36.76436]]}},{"type":"Feature","properties":{"name":"Old Hamilton Road","class":3,"surf":0,"highway":"secondary"},"geometry":{"type":"LineString","coordinates":[[142.20534,-36.75516],[142.20523,-36.75669],[142.20521,-36.7598]]}},{"type":"Feature","properties":{"name":"Old Hamilton Road","class":5,"surf":0,"highway":"unclassified"},"geometry":{"type":"LineString","coordinates":[[142.20515,-36.76766],[142.20514,-36.77558]]}},{"type":"Feature","properties":{"name":"Old Hamilton Road","class":3,"surf":0,"highway":"secondary"},"geometry":{"type":"LineString","coordinates":[[142.20518,-36.76672],[142.20515,-36.76766]]}},{"type":"Feature","properties":{"name":"Mackies Road","class":5,"surf":0,"highway":"unclassified"},"geometry":{"type":"LineString","coordinates":[[142.20515,-36.76766],[142.21235,-36.76768]]}},{"type":"Feature","properties":{"name":"Grampians Road","class":2,"surf":0,"highway":"primary"},"geometry":{"type":"LineString","coordinates":[[142.23065,-36.75307],[142.23064,-36.76386]]}},{"type":"Feature","properties":{"name":"Grampians Road","class":2,"surf":0,"highway":"primary"},"geometry":{"type":"LineString","coordinates":[[142.23064,-36.76386],[142.23064,-36.76422]]}},{"type":"Feature","properties":{"name":"School Road","class":3,"surf":0,"highway":"secondary"},"geometry":{"type":"LineString","coordinates":[[142.28538,-36.75316],[142.28534,-36.76783]]}},{"type":"Feature","properties":{"name":"East Road","class":5,"surf":0,"highway":"unclassified"},"geometry":{"type":"LineString","coordinates":[[142.3036,-36.7626],[142.30358,-36.76333]]}},{"type":"Feature","properties":{"name":"Horsham-Lubeck Road","class":3,"surf":0,"highway":"secondary"},"geometry":{"type":"LineString","coordinates":[[142.32271,-36.76554],[142.32234,-36.76564],[142.32218,-36.76575],[142.32185,-36.76618]]}},{"type":"Feature","properties":{"name":"Horsham-Lubeck Road","class":2,"surf":0,"highway":"primary","ref":"C215"},"geometry":{"type":"LineString","coordinates":[[142.32187,-36.74702],[142.32184,-36.76477]]}},{"type":"Feature","properties":{"name":"Horsham-Lubeck Road","class":3,"surf":0,"highway":"secondary"},"geometry":{"type":"LineString","coordinates":[[142.34732,-36.76558],[142.34668,-36.76538],[142.34242,-36.76467],[142.34011,-36.76449]]}},{"type":"Feature","properties":{"name":"Horsham-Lubeck Road","class":3,"surf":0,"highway":"secondary"},"geometry":{"type":"LineString","coordinates":[[142.34011,-36.76449],[142.33864,-36.76454],[142.33815,-36.76467],[142.33674,-36.76532],[142.33635,-36.76544]]}},{"type":"Feature","properties":{"name":"Tooan-Mitre Road","class":3,"surf":0,"highway":"secondary"},"geometry":{"type":"LineString","coordinates":[[141.76904,-36.77517],[141.77889,-36.78644],[141.7794,-36.78695],[141.77998,-36.78742],[141.78249,-36.78867],[141.78302,-36.78903]]}},{"type":"Feature","properties":{"name":"Wimmera Highway","class":1,"surf":0,"highway":"trunk","ref":"C240"},"geometry":{"type":"LineString","coordinates":[[141.83749,-36.78683],[141.84076,-36.78539]]}},{"type":"Feature","properties":{"name":"Wimmera Highway","class":1,"surf":0,"highway":"trunk","ref":"C240"},"geometry":{"type":"LineString","coordinates":[[141.83572,-36.78761],[141.83749,-36.78683]]}},{"type":"Feature","properties":{"name":"Wimmera Highway","class":1,"surf":0,"highway":"trunk","ref":"C240"},"geometry":{"type":"LineString","coordinates":[[141.82165,-36.79378],[141.83572,-36.78761]]}},{"type":"Feature","properties":{"name":"Wimmera Highway","class":1,"surf":0,"highway":"trunk","ref":"C240"},"geometry":{"type":"LineString","coordinates":[[141.84076,-36.78539],[141.85609,-36.77867]]}},{"type":"Feature","properties":{"name":"Wimmera Highway","class":1,"surf":0,"highway":"trunk","ref":"C240"},"geometry":{"type":"LineString","coordinates":[[141.85609,-36.77867],[141.85668,-36.7784]]}},{"type":"Feature","properties":{"name":"Clear Lake-Sherwoods Dam Road","class":3,"surf":0,"highway":"secondary"},"geometry":{"type":"LineString","coordinates":[[141.86596,-36.78423],[141.86229,-36.80804]]}},{"type":"Feature","properties":{"name":"Clear Lake-Sherwoods Dam Road","class":3,"surf":0,"highway":"secondary"},"geometry":{"type":"LineString","coordinates":[[141.86674,-36.774],[141.86678,-36.77422],[141.86671,-36.77925]]}},{"type":"Feature","properties":{"name":"Horsham-Wal Wal Road","class":3,"surf":0,"highway":"secondary"},"geometry":{"type":"LineString","coordinates":[[142.50667,-36.81186],[142.50654,-36.81186]]}},{"type":"Feature","properties":{"name":"Wonwondah-Dadswells Bridge Road","class":3,"surf":0,"highway":"secondary"},"geometry":{"type":"LineString","coordinates":[[142.39015,-36.85583],[142.37856,-36.85584],[142.3776,-36.85592],[142.37637,-36.85623]]}},{"type":"Feature","properties":{"name":"Wonwondah-Dadswells Bridge Road","class":3,"surf":0,"highway":"secondary"},"geometry":{"type":"LineString","coordinates":[[142.41091,-36.85582],[142.39475,-36.85584]]}},{"type":"Feature","properties":{"name":"Wonwondah-Dadswells Bridge Road","class":3,"surf":0,"highway":"secondary"},"geometry":{"type":"LineString","coordinates":[[142.41405,-36.85582],[142.41091,-36.85582]]}},{"type":"Feature","properties":{"name":"Wonwondah-Dadswells Bridge Road","class":3,"surf":0,"highway":"secondary"},"geometry":{"type":"LineString","coordinates":[[142.42051,-36.85583],[142.41405,-36.85582]]}},{"type":"Feature","properties":{"name":"Kalkee East Road","class":5,"surf":0,"highway":"unclassified"},"geometry":{"type":"LineString","coordinates":[[142.28974,-36.52305],[142.29999,-36.52301]]}},{"type":"Feature","properties":{"name":"Kalkee East Road","class":5,"surf":0,"highway":"unclassified"},"geometry":{"type":"LineString","coordinates":[[142.2771,-36.52314],[142.28974,-36.52305]]}},{"type":"Feature","properties":{"name":"Kalkee East Road","class":5,"surf":0,"highway":"unclassified"},"geometry":{"type":"LineString","coordinates":[[142.31104,-36.52303],[142.32052,-36.52297]]}},{"type":"Feature","properties":{"name":"Kalkee East Road","class":5,"surf":0,"highway":"unclassified"},"geometry":{"type":"LineString","coordinates":[[142.29999,-36.52301],[142.30551,-36.52306],[142.31104,-36.52303]]}},{"type":"Feature","properties":{"name":"Kalkee East Road","class":5,"surf":0,"highway":"unclassified"},"geometry":{"type":"LineString","coordinates":[[142.32052,-36.52297],[142.32484,-36.52297],[142.32521,-36.52303],[142.3256,-36.52322]]}},{"type":"Feature","properties":{"name":"Henty Highway","class":1,"surf":0,"highway":"trunk","ref":"B200"},"geometry":{"type":"LineString","coordinates":[[142.3256,-36.52322],[142.33735,-36.51124]]}},{"type":"Feature","properties":{"name":"Jung North Road","class":5,"surf":0,"highway":"unclassified"},"geometry":{"type":"LineString","coordinates":[[142.3555,-36.5246],[142.35541,-36.53194],[142.35375,-36.53913]]}},{"type":"Feature","properties":{"name":"Jung Recreation Reserve Road","class":5,"surf":0,"highway":"unclassified"},"geometry":{"type":"LineString","coordinates":[[142.36017,-36.6019],[142.37865,-36.60184]]}},{"type":"Feature","properties":{"name":"Brighton Drive","class":5,"surf":0,"highway":"unclassified"},"geometry":{"type":"LineString","coordinates":[[142.24252,-36.67582],[142.24308,-36.67769],[142.24341,-36.67954],[142.24332,-36.67987],[142.24306,-36.6802]]}},{"type":"Feature","properties":{"name":"Grant Drive","class":5,"surf":0,"highway":"unclassified"},"geometry":{"type":"LineString","coordinates":[[142.24325,-36.68031],[142.24303,-36.68061],[142.24227,-36.68118]]}},{"type":"Feature","properties":{"name":"Grant Drive","class":5,"surf":0,"highway":"unclassified"},"geometry":{"type":"LineString","coordinates":[[142.24227,-36.68118],[142.24199,-36.6814],[142.24184,-36.68162],[142.24111,-36.68381]]}},{"type":"Feature","properties":{"name":"Grant Drive","class":5,"surf":0,"highway":"unclassified"},"geometry":{"type":"LineString","coordinates":[[142.24111,-36.68381],[142.24086,-36.68418],[142.23978,-36.68502]]}},{"type":"Feature","properties":{"name":"Grant Drive","class":5,"surf":0,"highway":"unclassified"},"geometry":{"type":"LineString","coordinates":[[142.23978,-36.68502],[142.23887,-36.68578],[142.23737,-36.68724]]}},{"type":"Feature","properties":{"name":"Longerenong Road","class":3,"surf":0,"highway":"secondary"},"geometry":{"type":"LineString","coordinates":[[142.26414,-36.66502],[142.27078,-36.66785]]}},{"type":"Feature","properties":{"name":"Longerenong Road","class":3,"surf":0,"highway":"secondary"},"geometry":{"type":"LineString","coordinates":[[142.27078,-36.66785],[142.27805,-36.67096]]}},{"type":"Feature","properties":{"name":"Longerenong Road","class":3,"surf":0,"highway":"secondary"},"geometry":{"type":"LineString","coordinates":[[142.28455,-36.67397],[142.29584,-36.67876],[142.29638,-36.67904],[142.29703,-36.6795]]}},{"type":"Feature","properties":{"name":"Longerenong Road","class":3,"surf":0,"highway":"secondary"},"geometry":{"type":"LineString","coordinates":[[142.29703,-36.6795],[142.29788,-36.68021]]}},{"type":"Feature","properties":{"name":"Golton Road","class":5,"surf":0,"highway":"unclassified"},"geometry":{"type":"LineString","coordinates":[[142.44964,-36.76005],[142.44964,-36.76748]]}},{"type":"Feature","properties":{"name":"Longerenong Road","class":3,"surf":0,"highway":"secondary"},"geometry":{"type":"LineString","coordinates":[[142.29788,-36.68021],[142.30046,-36.68235]]}},{"type":"Feature","properties":{"name":"Longerenong Road","class":3,"surf":0,"highway":"secondary"},"geometry":{"type":"LineString","coordinates":[[142.30046,-36.68235],[142.30133,-36.68309]]}},{"type":"Feature","properties":{"name":"Longerenong Road","class":3,"surf":0,"highway":"secondary"},"geometry":{"type":"LineString","coordinates":[[142.30133,-36.68309],[142.30242,-36.68401]]}},{"type":"Feature","properties":{"name":"Horsham-Lubeck Road","class":3,"surf":0,"highway":"secondary"},"geometry":{"type":"LineString","coordinates":[[142.37363,-36.76793],[142.37282,-36.76795]]}},{"type":"Feature","properties":{"name":"Natimuk-Frances Road","class":2,"surf":0,"highway":"primary","ref":"C213"},"geometry":{"type":"LineString","coordinates":[[141.76635,-36.72743],[141.76754,-36.72705],[141.76856,-36.72688]]}},{"type":"Feature","properties":{"name":"Natimuk-Frances Road","class":2,"surf":0,"highway":"primary","ref":"C213"},"geometry":{"type":"LineString","coordinates":[[141.76856,-36.72688],[141.76969,-36.72688]]}},{"type":"Feature","properties":{"name":"Tooan-Mitre Road","class":3,"surf":0,"highway":"secondary"},"geometry":{"type":"LineString","coordinates":[[141.7819,-36.72814],[141.78023,-36.73894],[141.77993,-36.73995],[141.77968,-36.74038],[141.77931,-36.74083]]}},{"type":"Feature","properties":{"name":"Natimuk-Frances Road","class":2,"surf":0,"highway":"primary","ref":"C213"},"geometry":{"type":"LineString","coordinates":[[141.77856,-36.72779],[141.78131,-36.72807]]}},{"type":"Feature","properties":{"name":"Natimuk-Frances Road","class":2,"surf":0,"highway":"primary","ref":"C213"},"geometry":{"type":"LineString","coordinates":[[141.76969,-36.72688],[141.77856,-36.72779]]}},{"type":"Feature","properties":{"name":"Natimuk-Frances Road","class":2,"surf":0,"highway":"primary","ref":"C213"},"geometry":{"type":"LineString","coordinates":[[141.78941,-36.7289],[141.7929,-36.72924]]}},{"type":"Feature","properties":{"name":"Natimuk-Frances Road","class":2,"surf":0,"highway":"primary","ref":"C213"},"geometry":{"type":"LineString","coordinates":[[141.7819,-36.72814],[141.78316,-36.72827]]}},{"type":"Feature","properties":{"name":"Natimuk-Frances Road","class":2,"surf":0,"highway":"primary","ref":"C213"},"geometry":{"type":"LineString","coordinates":[[141.78316,-36.72827],[141.78332,-36.72828]]}},{"type":"Feature","properties":{"name":"Natimuk-Frances Road","class":2,"surf":0,"highway":"primary","ref":"C213"},"geometry":{"type":"LineString","coordinates":[[141.78332,-36.72828],[141.78408,-36.72836]]}},{"type":"Feature","properties":{"name":"Natimuk-Frances Road","class":2,"surf":0,"highway":"primary","ref":"C213"},"geometry":{"type":"LineString","coordinates":[[141.78408,-36.72836],[141.78941,-36.7289]]}},{"type":"Feature","properties":{"name":"Horsham-Lubeck Road","class":3,"surf":0,"highway":"secondary"},"geometry":{"type":"LineString","coordinates":[[142.35834,-36.76792],[142.35508,-36.76793],[142.35398,-36.76781],[142.34847,-36.76596]]}},{"type":"Feature","properties":{"name":"Horsham-Lubeck Road","class":3,"surf":0,"highway":"secondary"},"geometry":{"type":"LineString","coordinates":[[142.37282,-36.76795],[142.35941,-36.76793]]}},{"type":"Feature","properties":{"name":"Horsham-Lubeck Road","class":3,"surf":0,"highway":"secondary"},"geometry":{"type":"LineString","coordinates":[[142.3765,-36.76544],[142.37641,-36.76596]]}},{"type":"Feature","properties":{"name":"Horsham-Lubeck Road","class":3,"surf":0,"highway":"secondary"},"geometry":{"type":"LineString","coordinates":[[142.37656,-36.76484],[142.3765,-36.76544]]}},{"type":"Feature","properties":{"name":"Horsham-Lubeck Road","class":3,"surf":0,"highway":"secondary"},"geometry":{"type":"LineString","coordinates":[[142.37589,-36.76692],[142.37527,-36.76745],[142.37487,-36.76766],[142.37448,-36.7678],[142.37363,-36.76793]]}},{"type":"Feature","properties":{"name":"Fischers Road","class":5,"surf":0,"highway":"unclassified"},"geometry":{"type":"LineString","coordinates":[[142.39486,-36.76035],[142.39487,-36.76606],[142.39493,-36.76649],[142.39545,-36.76797]]}},{"type":"Feature","properties":{"name":"Tooan-Mitre Road","class":3,"surf":0,"highway":"secondary"},"geometry":{"type":"LineString","coordinates":[[141.77389,-36.74578],[141.77116,-36.74924],[141.76984,-36.75199],[141.76926,-36.75304],[141.76896,-36.75338],[141.7665,-36.75531],[141.76596,-36.7561],[141.76572,-36.75713],[141.76496,-36.76228]]}},{"type":"Feature","properties":{"name":"Lower Norton-Nurrabiel Road","class":3,"surf":0,"highway":"secondary"},"geometry":{"type":"LineString","coordinates":[[142.08343,-36.78577],[142.08371,-36.78634],[142.08376,-36.78677],[142.08342,-36.78785]]}},{"type":"Feature","properties":{"name":"Clear Lake-Sherwoods Dam Road","class":3,"surf":0,"highway":"secondary"},"geometry":{"type":"LineString","coordinates":[[141.86671,-36.77925],[141.86634,-36.78176]]}},{"type":"Feature","properties":{"name":"Clear Lake-Sherwoods Dam Road","class":3,"surf":0,"highway":"secondary"},"geometry":{"type":"LineString","coordinates":[[141.86634,-36.78176],[141.86596,-36.78423]]}},{"type":"Feature","properties":{"name":"Horsham-Noradjuha Road","class":2,"surf":0,"highway":"primary","ref":"C214"},"geometry":{"type":"LineString","coordinates":[[142.08343,-36.78577],[142.06978,-36.79317]]}},{"type":"Feature","properties":{"name":"Lower Norton-Nurrabiel Road","class":3,"surf":0,"highway":"secondary"},"geometry":{"type":"LineString","coordinates":[[142.08342,-36.78785],[142.08289,-36.78933]]}},{"type":"Feature","properties":{"name":"Lower Norton-Nurrabiel Road","class":3,"surf":0,"highway":"secondary"},"geometry":{"type":"LineString","coordinates":[[142.08289,-36.78933],[142.08204,-36.79172]]}},{"type":"Feature","properties":{"name":"Polkemmet Road","class":3,"surf":0,"highway":"secondary"},"geometry":{"type":"LineString","coordinates":[[141.97006,-36.72701],[141.97046,-36.72928]]}},{"type":"Feature","properties":{"name":"Northern Grampians Road","class":2,"surf":0,"highway":"primary","ref":"C222"},"geometry":{"type":"LineString","coordinates":[[142.32748,-36.98993],[142.32837,-36.99337]]}},{"type":"Feature","properties":{"name":"Western Highway","class":1,"surf":0,"highway":"trunk","ref":"A8"},"geometry":{"type":"LineString","coordinates":[[142.10857,-36.51448],[142.10925,-36.51492],[142.10981,-36.51543],[142.11064,-36.51637],[142.11171,-36.51771],[142.11214,-36.5184],[142.11233,-36.51885],[142.11264,-36.51972],[142.11279,-36.5204],[142.1136,-36.52826]]}},{"type":"Feature","properties":{"name":"Western Highway","class":1,"surf":0,"highway":"trunk","ref":"A8"},"geometry":{"type":"LineString","coordinates":[[142.12508,-36.59708],[142.12518,-36.60984]]}},{"type":"Feature","properties":{"name":"Western Highway","class":1,"surf":0,"highway":"trunk","ref":"A8"},"geometry":{"type":"LineString","coordinates":[[142.12518,-36.60984],[142.12517,-36.61037],[142.12528,-36.611],[142.12556,-36.61181],[142.13206,-36.6246]]}},{"type":"Feature","properties":{"name":"Ladlows Road","class":5,"surf":0,"highway":"unclassified"},"geometry":{"type":"LineString","coordinates":[[142.24966,-36.60789],[142.25586,-36.60788]]}},{"type":"Feature","properties":{"name":"Ladlows Road","class":5,"surf":0,"highway":"unclassified"},"geometry":{"type":"LineString","coordinates":[[142.24351,-36.6079],[142.24966,-36.60789]]}},{"type":"Feature","properties":{"name":"Henty Highway","class":1,"surf":0,"highway":"trunk","ref":"B200"},"geometry":{"type":"LineString","coordinates":[[142.26725,-36.61968],[142.2682,-36.61813],[142.27248,-36.60801]]}},{"type":"Feature","properties":{"name":"Wimmera Highway","class":1,"surf":0,"highway":"trunk","ref":"B240"},"geometry":{"type":"LineString","coordinates":[[142.35902,-36.6235],[142.36003,-36.6227]]}},{"type":"Feature","properties":{"name":"Wimmera Highway","class":1,"surf":0,"highway":"trunk","ref":"B240"},"geometry":{"type":"LineString","coordinates":[[142.36003,-36.6227],[142.36013,-36.62262]]}},{"type":"Feature","properties":{"name":"Jung North Road","class":5,"surf":0,"highway":"unclassified"},"geometry":{"type":"LineString","coordinates":[[142.36012,-36.60973],[142.36002,-36.62227],[142.36013,-36.62262]]}},{"type":"Feature","properties":{"name":"Wimmera Highway","class":1,"surf":0,"highway":"trunk","ref":"B240"},"geometry":{"type":"LineString","coordinates":[[142.36013,-36.62262],[142.36128,-36.62182],[142.36209,-36.62143],[142.36266,-36.62125],[142.36355,-36.62109],[142.36534,-36.62104]]}},{"type":"Feature","properties":{"name":"Wimmera Highway","class":1,"surf":0,"highway":"trunk","ref":"B240"},"geometry":{"type":"LineString","coordinates":[[142.36534,-36.62104],[142.37068,-36.62104]]}},{"type":"Feature","properties":{"name":"Wimmera Highway","class":1,"surf":0,"highway":"trunk","ref":"B240"},"geometry":{"type":"LineString","coordinates":[[142.37068,-36.62104],[142.3727,-36.62105]]}},{"type":"Feature","properties":{"name":"Longerenong Road","class":3,"surf":0,"highway":"secondary"},"geometry":{"type":"LineString","coordinates":[[142.31828,-36.69163],[142.31933,-36.6915]]}},{"type":"Feature","properties":{"name":"Longerenong Road","class":3,"surf":0,"highway":"secondary"},"geometry":{"type":"LineString","coordinates":[[142.31761,-36.69165],[142.31828,-36.69163]]}},{"type":"Feature","properties":{"name":"Longerenong Road","class":3,"surf":0,"highway":"secondary"},"geometry":{"type":"LineString","coordinates":[[142.30242,-36.68401],[142.3089,-36.68939],[142.30958,-36.68991],[142.31007,-36.6902],[142.31291,-36.69133],[142.3137,-36.69157],[142.31434,-36.69167],[142.31528,-36.6917],[142.31761,-36.69165]]}},{"type":"Feature","properties":{"name":"Mitre Road","class":3,"surf":0,"highway":"secondary"},"geometry":{"type":"LineString","coordinates":[[141.73648,-36.67878],[141.73664,-36.67898]]}},{"type":"Feature","properties":{"name":"Arapiles-Grass Flat Road","class":3,"surf":0,"highway":"secondary"},"geometry":{"type":"LineString","coordinates":[[141.86532,-36.66485],[141.86336,-36.67758]]}},{"type":"Feature","properties":{"name":"Lake Road","class":3,"surf":0,"highway":"secondary"},"geometry":{"type":"LineString","coordinates":[[141.9321,-36.67535],[141.93213,-36.67675],[141.93224,-36.67761]]}},{"type":"Feature","properties":{"name":"Arapiles-Grass Flat Road","class":3,"surf":0,"highway":"secondary"},"geometry":{"type":"LineString","coordinates":[[141.8567,-36.72106],[141.85574,-36.72727]]}},{"type":"Feature","properties":{"name":"Three Chain Road","class":2,"surf":0,"highway":"primary"},"geometry":{"type":"LineString","coordinates":[[141.86652,-36.72411],[141.87855,-36.72055],[141.87929,-36.72028]]}},{"type":"Feature","properties":{"name":"Three Chain Road","class":2,"surf":0,"highway":"primary"},"geometry":{"type":"LineString","coordinates":[[141.85574,-36.72727],[141.86409,-36.72484]]}},{"type":"Feature","properties":{"name":"Three Chain Road","class":2,"surf":0,"highway":"primary"},"geometry":{"type":"LineString","coordinates":[[141.86409,-36.72484],[141.86652,-36.72411]]}},{"type":"Feature","properties":{"name":"Wimmera Highway","class":1,"surf":0,"highway":"trunk","ref":"C240"},"geometry":{"type":"LineString","coordinates":[[141.96576,-36.73113],[141.96926,-36.72957],[141.97046,-36.72928]]}},{"type":"Feature","properties":{"name":"Wimmera Highway","class":1,"surf":0,"highway":"trunk","ref":"C240"},"geometry":{"type":"LineString","coordinates":[[141.97046,-36.72928],[141.97143,-36.72924],[141.9722,-36.72932],[141.98133,-36.7306],[141.98496,-36.73122]]}},{"type":"Feature","properties":{"name":"Wimmera Highway","class":1,"surf":0,"highway":"trunk","ref":"C240"},"geometry":{"type":"LineString","coordinates":[[141.98496,-36.73122],[141.98733,-36.73162],[141.99961,-36.73334]]}},{"type":"Feature","properties":{"name":"Wimmera Highway","class":1,"surf":0,"highway":"trunk","ref":"C240"},"geometry":{"type":"LineString","coordinates":[[141.88579,-36.76563],[141.8944,-36.76185]]}},{"type":"Feature","properties":{"name":"Wimmera Highway","class":1,"surf":0,"highway":"trunk","ref":"C240"},"geometry":{"type":"LineString","coordinates":[[141.87254,-36.77145],[141.87706,-36.76947]]}},{"type":"Feature","properties":{"name":"Creek Road","class":3,"surf":0,"highway":"secondary"},"geometry":{"type":"LineString","coordinates":[[141.91894,-36.76173],[141.91845,-36.76297],[141.91831,-36.76378],[141.91815,-36.7642],[141.91675,-36.76614],[141.91634,-36.76645],[141.91587,-36.76657],[141.91323,-36.76656],[141.91288,-36.76668],[141.91193,-36.76844],[141.91124,-36.76911],[141.91113,-36.7693],[141.91108,-36.76945],[141.91111,-36.77037]]}},{"type":"Feature","properties":{"name":"Natimuk-Hamilton Road","class":2,"surf":0,"highway":"primary","ref":"C219"},"geometry":{"type":"LineString","coordinates":[[141.96747,-36.76093],[141.96908,-36.76778]]}},{"type":"Feature","properties":{"name":"Asplins Road","class":5,"surf":0,"highway":"unclassified"},"geometry":{"type":"LineString","coordinates":[[142.02848,-36.76662],[142.02849,-36.76977]]}},{"type":"Feature","properties":{"name":"Eltze Drive","class":3,"surf":0,"highway":"secondary"},"geometry":{"type":"LineString","coordinates":[[142.04513,-36.76403],[142.03889,-36.76409],[142.03821,-36.76429],[142.03621,-36.7652],[142.03561,-36.7654],[142.03429,-36.76559],[142.0339,-36.76575],[142.0316,-36.76727],[142.03017,-36.76805],[142.02996,-36.76823],[142.02966,-36.76868],[142.02958,-36.76898],[142.02958,-36.7697]]}},{"type":"Feature","properties":{"name":"Asplins Road","class":5,"surf":0,"highway":"unclassified"},"geometry":{"type":"LineString","coordinates":[[142.02839,-36.75576],[142.02848,-36.76662]]}},{"type":"Feature","properties":{"name":"Carmichaels Road","class":5,"surf":0,"highway":"unclassified"},"geometry":{"type":"LineString","coordinates":[[142.12134,-36.7728],[142.12375,-36.7725],[142.12561,-36.77238]]}},{"type":"Feature","properties":{"name":"Carmichaels Road","class":5,"surf":0,"highway":"unclassified"},"geometry":{"type":"LineString","coordinates":[[142.1332,-36.77192],[142.13547,-36.77179]]}},{"type":"Feature","properties":{"name":"Carmichaels Road","class":5,"surf":0,"highway":"unclassified"},"geometry":{"type":"LineString","coordinates":[[142.12561,-36.77238],[142.12839,-36.77217]]}},{"type":"Feature","properties":{"name":"Carmichaels Road","class":5,"surf":0,"highway":"unclassified"},"geometry":{"type":"LineString","coordinates":[[142.12839,-36.77217],[142.1304,-36.77202]]}},{"type":"Feature","properties":{"name":"Carmichaels Road","class":5,"surf":0,"highway":"unclassified"},"geometry":{"type":"LineString","coordinates":[[142.1304,-36.77202],[142.1332,-36.77192]]}},{"type":"Feature","properties":{"name":"Three Bridges Road","class":3,"surf":0,"highway":"secondary"},"geometry":{"type":"LineString","coordinates":[[142.1449,-36.76511],[142.14557,-36.76511]]}},{"type":"Feature","properties":{"name":"Henty Highway","class":1,"surf":0,"highway":"trunk","ref":"A200"},"geometry":{"type":"LineString","coordinates":[[142.17408,-36.78332],[142.17407,-36.78587]]}},{"type":"Feature","properties":{"name":"Henty Highway","class":1,"surf":0,"highway":"trunk","ref":"A200"},"geometry":{"type":"LineString","coordinates":[[142.17407,-36.78587],[142.17407,-36.78837]]}},{"type":"Feature","properties":{"name":"Henty Highway","class":1,"surf":0,"highway":"trunk","ref":"A200"},"geometry":{"type":"LineString","coordinates":[[142.17407,-36.78837],[142.17407,-36.78927]]}},{"type":"Feature","properties":{"name":"Henty Highway","class":1,"surf":0,"highway":"trunk","ref":"A200"},"geometry":{"type":"LineString","coordinates":[[142.17407,-36.78965],[142.17407,-36.79126]]}},{"type":"Feature","properties":{"name":"Henty Highway","class":1,"surf":0,"highway":"trunk","ref":"A200"},"geometry":{"type":"LineString","coordinates":[[142.17407,-36.79126],[142.17407,-36.79368]]}},{"type":"Feature","properties":{"name":"Cooack Road","class":3,"surf":0,"highway":"secondary"},"geometry":{"type":"LineString","coordinates":[[141.87259,-36.6332],[141.89055,-36.63502]]}},{"type":"Feature","properties":{"name":"Henty Highway","class":1,"surf":0,"highway":"trunk","ref":"B200"},"geometry":{"type":"LineString","coordinates":[[142.31985,-36.52918],[142.32436,-36.52451]]}},{"type":"Feature","properties":{"name":"Western Highway","class":1,"surf":0,"highway":"trunk","ref":"A8"},"geometry":{"type":"LineString","coordinates":[[142.1136,-36.52826],[142.11468,-36.53902]]}},{"type":"Feature","properties":{"name":"Blue Ribbon Road","class":2,"surf":0,"highway":"primary","ref":"C231"},"geometry":{"type":"LineString","coordinates":[[142.20475,-36.6167],[142.20476,-36.62142]]}},{"type":"Feature","properties":{"name":"Blue Ribbon Road","class":2,"surf":0,"highway":"primary","ref":"C231"},"geometry":{"type":"LineString","coordinates":[[142.20476,-36.62142],[142.20475,-36.62438]]}},{"type":"Feature","properties":{"name":"Henty Highway","class":1,"surf":0,"highway":"trunk","ref":"B200"},"geometry":{"type":"LineString","coordinates":[[142.26525,-36.62413],[142.26691,-36.62019],[142.26725,-36.61968]]}},{"type":"Feature","properties":{"name":"Quantong Cemetery Road","class":3,"surf":0,"highway":"secondary"},"geometry":{"type":"LineString","coordinates":[[142.04476,-36.67451],[142.04479,-36.68295]]}},{"type":"Feature","properties":{"name":"Quantong Cemetery Road","class":3,"surf":0,"highway":"secondary"},"geometry":{"type":"LineString","coordinates":[[142.04479,-36.68295],[142.04478,-36.68374]]}},{"type":"Feature","properties":{"name":"Western Highway","class":1,"surf":0,"highway":"trunk","ref":"A8"},"geometry":{"type":"LineString","coordinates":[[142.15724,-36.67416],[142.16148,-36.68255]]}},{"type":"Feature","properties":{"name":"Three Mile Road","class":5,"surf":0,"highway":"unclassified"},"geometry":{"type":"LineString","coordinates":[[142.15755,-36.68256],[142.16148,-36.68255]]}},{"type":"Feature","properties":{"name":"Western Highway","class":1,"surf":0,"highway":"trunk","ref":"A8"},"geometry":{"type":"LineString","coordinates":[[142.16148,-36.68255],[142.16328,-36.68609]]}},{"type":"Feature","properties":{"name":"Western Highway","class":1,"surf":0,"highway":"trunk","ref":"A8"},"geometry":{"type":"LineString","coordinates":[[142.16328,-36.68609],[142.1642,-36.68791]]}},{"type":"Feature","properties":{"name":"Blue Ribbon Road","class":2,"surf":0,"highway":"primary","ref":"C231"},"geometry":{"type":"LineString","coordinates":[[142.20213,-36.68236],[142.20216,-36.68619]]}},{"type":"Feature","properties":{"name":"Blue Ribbon Road","class":2,"surf":0,"highway":"primary","ref":"C231"},"geometry":{"type":"LineString","coordinates":[[142.20216,-36.68619],[142.20221,-36.69411]]}},{"type":"Feature","properties":{"name":"Wimmera Highway","class":1,"surf":0,"highway":"trunk","ref":"C240"},"geometry":{"type":"LineString","coordinates":[[142.01319,-36.73718],[142.0134,-36.73718]]}},{"type":"Feature","properties":{"name":"Wimmera Highway","class":1,"surf":0,"highway":"trunk","ref":"C240"},"geometry":{"type":"LineString","coordinates":[[142.0134,-36.73718],[142.01383,-36.73717]]}},{"type":"Feature","properties":{"name":"Wimmera Highway","class":1,"surf":0,"highway":"trunk","ref":"C240"},"geometry":{"type":"LineString","coordinates":[[142.01383,-36.73717],[142.01884,-36.73742]]}},{"type":"Feature","properties":{"name":"Hughes Road","class":5,"surf":0,"highway":"unclassified"},"geometry":{"type":"LineString","coordinates":[[142.01884,-36.73742],[142.01886,-36.74072]]}},{"type":"Feature","properties":{"name":"Wimmera Highway","class":1,"surf":0,"highway":"trunk","ref":"C240"},"geometry":{"type":"LineString","coordinates":[[142.01884,-36.73742],[142.02156,-36.73758]]}},{"type":"Feature","properties":{"name":"Quantong-Polkemmet Road","class":3,"surf":0,"highway":"secondary"},"geometry":{"type":"LineString","coordinates":[[142.0171,-36.73013],[142.01731,-36.73047],[142.01766,-36.73144],[142.02156,-36.73758]]}},{"type":"Feature","properties":{"name":"Wimmera Highway","class":1,"surf":0,"highway":"trunk","ref":"C240"},"geometry":{"type":"LineString","coordinates":[[142.00373,-36.73423],[142.00561,-36.73474]]}},{"type":"Feature","properties":{"name":"Wimmera Highway","class":1,"surf":0,"highway":"trunk","ref":"C240"},"geometry":{"type":"LineString","coordinates":[[142.00561,-36.73474],[142.0063,-36.73503],[142.00873,-36.73626],[142.01038,-36.73692],[142.0112,-36.73709],[142.0122,-36.73718],[142.01319,-36.73718]]}},{"type":"Feature","properties":{"name":"Quantong Cemetery Road","class":3,"surf":0,"highway":"secondary"},"geometry":{"type":"LineString","coordinates":[[142.04494,-36.72658],[142.04501,-36.73001]]}},{"type":"Feature","properties":{"name":"Quantong Cemetery Road","class":3,"surf":0,"highway":"secondary"},"geometry":{"type":"LineString","coordinates":[[142.04501,-36.73001],[142.04499,-36.73337]]}},{"type":"Feature","properties":{"name":"Wimmera Highway","class":1,"surf":0,"highway":"trunk","ref":"C240"},"geometry":{"type":"LineString","coordinates":[[142.06307,-36.73892],[142.07059,-36.73889],[142.07313,-36.73904]]}},{"type":"Feature","properties":{"name":"Wimmera Highway","class":1,"surf":0,"highway":"trunk","ref":"C240"},"geometry":{"type":"LineString","coordinates":[[142.07313,-36.73904],[142.08119,-36.73904]]}},{"type":"Feature","properties":{"name":"Wimmera Highway","class":1,"surf":0,"highway":"trunk","ref":"C240"},"geometry":{"type":"LineString","coordinates":[[142.08119,-36.73904],[142.08271,-36.73917]]}},{"type":"Feature","properties":{"name":"Wimmera Highway","class":1,"surf":0,"highway":"trunk","ref":"C240"},"geometry":{"type":"LineString","coordinates":[[142.08271,-36.73917],[142.08398,-36.73916]]}},{"type":"Feature","properties":{"name":"Lindners Road","class":5,"surf":0,"highway":"unclassified"},"geometry":{"type":"LineString","coordinates":[[142.08119,-36.73904],[142.08122,-36.74581]]}},{"type":"Feature","properties":{"name":"Lindners Road","class":5,"surf":0,"highway":"unclassified"},"geometry":{"type":"LineString","coordinates":[[142.08122,-36.74581],[142.08124,-36.74865]]}},{"type":"Feature","properties":{"name":"Wimmera Highway","class":1,"surf":0,"highway":"trunk","ref":"C240"},"geometry":{"type":"LineString","coordinates":[[142.08398,-36.73916],[142.08517,-36.73916]]}},{"type":"Feature","properties":{"name":"Wimmera Highway","class":1,"surf":0,"highway":"trunk","ref":"C240"},"geometry":{"type":"LineString","coordinates":[[142.10605,-36.73909],[142.11305,-36.73906]]}},{"type":"Feature","properties":{"name":"Three Bridges Road","class":3,"surf":0,"highway":"secondary"},"geometry":{"type":"LineString","coordinates":[[142.14557,-36.76511],[142.14609,-36.76511]]}},{"type":"Feature","properties":{"name":"Three Bridges Road","class":3,"surf":0,"highway":"secondary"},"geometry":{"type":"LineString","coordinates":[[142.14609,-36.76511],[142.14919,-36.76513]]}},{"type":"Feature","properties":{"name":"Henty Highway","class":1,"surf":0,"highway":"trunk","ref":"A200"},"geometry":{"type":"LineString","coordinates":[[142.18016,-36.77649],[142.17958,-36.77709],[142.17896,-36.77758]]}},{"type":"Feature","properties":{"name":"Hardinghams Road","class":5,"surf":0,"highway":"unclassified"},"geometry":{"type":"LineString","coordinates":[[142.18739,-36.76761],[142.18735,-36.77274]]}},{"type":"Feature","properties":{"name":"Hardinghams Road","class":5,"surf":0,"highway":"unclassified"},"geometry":{"type":"LineString","coordinates":[[142.18735,-36.77274],[142.18733,-36.77471]]}},{"type":"Feature","properties":{"name":"Hardinghams Road","class":5,"surf":0,"highway":"unclassified"},"geometry":{"type":"LineString","coordinates":[[142.18733,-36.77471],[142.1873,-36.77614]]}},{"type":"Feature","properties":{"name":"Bakers Road","class":5,"surf":0,"highway":"unclassified"},"geometry":{"type":"LineString","coordinates":[[142.18733,-36.77471],[142.18879,-36.77553],[142.19012,-36.77647],[142.19086,-36.7765]]}},{"type":"Feature","properties":{"name":"Bakers Road","class":5,"surf":0,"highway":"unclassified"},"geometry":{"type":"LineString","coordinates":[[142.19086,-36.7765],[142.19142,-36.77675],[142.19169,-36.77694],[142.1922,-36.77752],[142.19318,-36.77838],[142.19345,-36.77845],[142.19419,-36.77832],[142.1944,-36.77841],[142.19476,-36.77924],[142.19479,-36.77968],[142.19473,-36.77998]]}},{"type":"Feature","properties":{"name":"Fischers Road","class":5,"surf":0,"highway":"unclassified"},"geometry":{"type":"LineString","coordinates":[[142.39545,-36.76797],[142.39547,-36.76837],[142.39538,-36.76885],[142.39493,-36.77026],[142.39484,-36.77097],[142.39484,-36.77727]]}},{"type":"Feature","properties":{"name":"Fischers Road","class":5,"surf":0,"highway":"unclassified"},"geometry":{"type":"LineString","coordinates":[[142.39484,-36.77727],[142.39484,-36.77813]]}},{"type":"Feature","properties":{"name":"Golton Road","class":5,"surf":0,"highway":"unclassified"},"geometry":{"type":"LineString","coordinates":[[142.4496,-36.77491],[142.44964,-36.78219]]}},{"type":"Feature","properties":{"name":"Golton Road","class":5,"surf":0,"highway":"unclassified"},"geometry":{"type":"LineString","coordinates":[[142.44964,-36.78219],[142.44964,-36.79677]]}},{"type":"Feature","properties":{"name":"Golton Road","class":5,"surf":0,"highway":"unclassified"},"geometry":{"type":"LineString","coordinates":[[142.44964,-36.76748],[142.4496,-36.77491]]}},{"type":"Feature","properties":{"name":"Green Lake Road","class":3,"surf":0,"highway":"secondary"},"geometry":{"type":"LineString","coordinates":[[142.2852,-36.79483],[142.28524,-36.79718]]}},{"type":"Feature","properties":{"name":"Green Lake Road","class":3,"surf":0,"highway":"secondary"},"geometry":{"type":"LineString","coordinates":[[142.28528,-36.78997],[142.28485,-36.79321],[142.28487,-36.79354],[142.2852,-36.79483]]}},{"type":"Feature","properties":{"name":"Fischers Road","class":5,"surf":0,"highway":"unclassified"},"geometry":{"type":"LineString","coordinates":[[142.39484,-36.77813],[142.39482,-36.79734]]}},{"type":"Feature","properties":{"name":"Horsham-Wal Wal Road","class":3,"surf":0,"highway":"secondary"},"geometry":{"type":"LineString","coordinates":[[142.43135,-36.81177],[142.43054,-36.81195],[142.42961,-36.81203],[142.41306,-36.81203]]}},{"type":"Feature","properties":{"name":"East Road","class":5,"surf":0,"highway":"unclassified"},"geometry":{"type":"LineString","coordinates":[[142.30365,-36.7385],[142.30365,-36.74338]]}},{"type":"Feature","properties":{"name":"North Road","class":3,"surf":0,"highway":"secondary"},"geometry":{"type":"LineString","coordinates":[[142.31376,-36.73851],[142.30365,-36.7385]]}},{"type":"Feature","properties":{"name":"Dimboola-Minyip Road","class":3,"surf":0,"highway":"secondary"},"geometry":{"type":"LineString","coordinates":[[142.21409,-36.43749],[142.22567,-36.43744]]}},{"type":"Feature","properties":{"name":"Dimboola-Minyip Road","class":3,"surf":0,"highway":"secondary"},"geometry":{"type":"LineString","coordinates":[[142.22567,-36.43744],[142.22907,-36.43744],[142.23288,-36.43804]]}},{"type":"Feature","properties":{"name":"Dimboola-Minyip Road","class":3,"surf":0,"highway":"secondary"},"geometry":{"type":"LineString","coordinates":[[142.23288,-36.43804],[142.24377,-36.43986]]}},{"type":"Feature","properties":{"name":"Blue Ribbon Road","class":2,"surf":0,"highway":"primary","ref":"C231"},"geometry":{"type":"LineString","coordinates":[[142.21077,-36.53799],[142.20928,-36.54495]]}},{"type":"Feature","properties":{"name":"Blue Ribbon Road","class":2,"surf":0,"highway":"primary","ref":"C231"},"geometry":{"type":"LineString","coordinates":[[142.21293,-36.52813],[142.21077,-36.53799]]}},{"type":"Feature","properties":{"name":"Kalkee School Road","class":5,"surf":0,"highway":"unclassified"},"geometry":{"type":"LineString","coordinates":[[142.21077,-36.53799],[142.21931,-36.53797]]}},{"type":"Feature","properties":{"name":"Kalkee School Road","class":5,"surf":0,"highway":"unclassified"},"geometry":{"type":"LineString","coordinates":[[142.21931,-36.53797],[142.22,-36.53797]]}},{"type":"Feature","properties":{"name":"Kalkee School Road","class":5,"surf":0,"highway":"unclassified"},"geometry":{"type":"LineString","coordinates":[[142.22,-36.53797],[142.23057,-36.53798]]}},{"type":"Feature","properties":{"name":"Henty Highway","class":1,"surf":0,"highway":"trunk","ref":"B200"},"geometry":{"type":"LineString","coordinates":[[142.31067,-36.5387],[142.31132,-36.53804]]}},{"type":"Feature","properties":{"name":"Henty Highway","class":1,"surf":0,"highway":"trunk","ref":"B200"},"geometry":{"type":"LineString","coordinates":[[142.31132,-36.53804],[142.31985,-36.52918]]}},{"type":"Feature","properties":{"name":"Longerenong Road","class":3,"surf":0,"highway":"secondary"},"geometry":{"type":"LineString","coordinates":[[142.37659,-36.68655],[142.36733,-36.6865]]}},{"type":"Feature","properties":{"name":"Riverside East Road","class":5,"surf":0,"highway":"unclassified"},"geometry":{"type":"LineString","coordinates":[[142.24908,-36.6866],[142.24906,-36.69436]]}},{"type":"Feature","properties":{"name":"Longerenong Road","class":3,"surf":0,"highway":"secondary"},"geometry":{"type":"LineString","coordinates":[[142.31933,-36.6915],[142.32022,-36.69123],[142.3296,-36.68688]]}},{"type":"Feature","properties":{"name":"Longerenong Road","class":3,"surf":0,"highway":"secondary"},"geometry":{"type":"LineString","coordinates":[[142.3296,-36.68688],[142.33057,-36.68651]]}},{"type":"Feature","properties":{"name":"Longerenong Road","class":3,"surf":0,"highway":"secondary"},"geometry":{"type":"LineString","coordinates":[[142.33995,-36.68641],[142.33076,-36.68648]]}},{"type":"Feature","properties":{"name":"Longerenong Road","class":3,"surf":0,"highway":"secondary"},"geometry":{"type":"LineString","coordinates":[[142.34909,-36.6864],[142.33995,-36.68641]]}},{"type":"Feature","properties":{"name":"Longerenong Road","class":3,"surf":0,"highway":"secondary"},"geometry":{"type":"LineString","coordinates":[[142.36733,-36.6865],[142.36317,-36.68641],[142.34909,-36.6864]]}},{"type":"Feature","properties":{"name":"Longerenong Road","class":3,"surf":0,"highway":"secondary"},"geometry":{"type":"LineString","coordinates":[[142.38638,-36.68716],[142.37659,-36.68655]]}},{"type":"Feature","properties":{"name":"Longerenong Road","class":3,"surf":0,"highway":"secondary"},"geometry":{"type":"LineString","coordinates":[[142.40004,-36.68823],[142.39806,-36.688],[142.39307,-36.68758],[142.38638,-36.68716]]}},{"type":"Feature","properties":{"name":"Wimmera Highway","class":1,"surf":0,"highway":"trunk","ref":"C240"},"geometry":{"type":"LineString","coordinates":[[142.11734,-36.73901],[142.11826,-36.73881],[142.12194,-36.73744]]}},{"type":"Feature","properties":{"name":"Horsham-Noradjuha Road","class":2,"surf":0,"highway":"primary","ref":"C214"},"geometry":{"type":"LineString","coordinates":[[142.11734,-36.73901],[142.11739,-36.75088]]}},{"type":"Feature","properties":{"name":"Wimmera Highway","class":1,"surf":0,"highway":"trunk","ref":"C240"},"geometry":{"type":"LineString","coordinates":[[142.11305,-36.73906],[142.11734,-36.73901]]}},{"type":"Feature","properties":{"name":"Three Chain Road","class":2,"surf":0,"highway":"primary"},"geometry":{"type":"LineString","coordinates":[[141.88148,-36.71957],[141.88273,-36.71935],[141.89646,-36.71536]]}},{"type":"Feature","properties":{"name":"Riverside East Road","class":5,"surf":0,"highway":"unclassified"},"geometry":{"type":"LineString","coordinates":[[142.24899,-36.72372],[142.24897,-36.7274]]}},{"type":"Feature","properties":{"name":"Riverside East Road","class":5,"surf":0,"highway":"unclassified"},"geometry":{"type":"LineString","coordinates":[[142.24897,-36.7274],[142.24896,-36.72884]]}},{"type":"Feature","properties":{"name":"Riverside East Road","class":5,"surf":0,"highway":"unclassified"},"geometry":{"type":"LineString","coordinates":[[142.24896,-36.72884],[142.24895,-36.73125]]}},{"type":"Feature","properties":{"name":"Horsham-Lubeck Road","class":2,"surf":0,"highway":"primary","ref":"C215"},"geometry":{"type":"LineString","coordinates":[[142.26724,-36.72377],[142.25581,-36.72374]]}},{"type":"Feature","properties":{"name":"Horsham-Lubeck Road","class":2,"surf":0,"highway":"primary","ref":"C215"},"geometry":{"type":"LineString","coordinates":[[142.25581,-36.72374],[142.24899,-36.72372]]}},{"type":"Feature","properties":{"name":"School Road","class":3,"surf":0,"highway":"secondary"},"geometry":{"type":"LineString","coordinates":[[142.28543,-36.72528],[142.28541,-36.73117]]}},{"type":"Feature","properties":{"name":"Cameron Road","class":5,"surf":0,"highway":"unclassified"},"geometry":{"type":"LineString","coordinates":[[142.22367,-36.73308],[142.22369,-36.73636]]}},{"type":"Feature","properties":{"name":"Cameron Road","class":5,"surf":0,"highway":"unclassified"},"geometry":{"type":"LineString","coordinates":[[142.22369,-36.73636],[142.22366,-36.74073]]}},{"type":"Feature","properties":{"name":"Riverside East Road","class":5,"surf":0,"highway":"unclassified"},"geometry":{"type":"LineString","coordinates":[[142.24897,-36.73481],[142.24897,-36.73507]]}},{"type":"Feature","properties":{"name":"Tooan-Mitre Road","class":3,"surf":0,"highway":"secondary"},"geometry":{"type":"LineString","coordinates":[[141.76406,-36.76883],[141.76416,-36.76935],[141.76464,-36.77015],[141.76602,-36.77173]]}},{"type":"Feature","properties":{"name":"Tooan-Mitre Road","class":3,"surf":0,"highway":"secondary"},"geometry":{"type":"LineString","coordinates":[[141.76602,-36.77173],[141.76904,-36.77517]]}},{"type":"Feature","properties":{"name":"Tooan-Mitre Road","class":3,"surf":0,"highway":"secondary"},"geometry":{"type":"LineString","coordinates":[[141.76496,-36.76228],[141.76406,-36.76838],[141.76406,-36.76883]]}},{"type":"Feature","properties":{"name":"Creek Road","class":3,"surf":0,"highway":"secondary"},"geometry":{"type":"LineString","coordinates":[[141.91111,-36.77037],[141.91115,-36.77138],[141.91144,-36.7724],[141.91141,-36.77253],[141.9112,-36.77276],[141.91054,-36.77288],[141.90824,-36.77267],[141.90791,-36.77268],[141.90726,-36.77284],[141.90634,-36.77329],[141.90485,-36.77425],[141.90453,-36.7747],[141.90436,-36.77509]]}},{"type":"Feature","properties":{"name":"Mt Arapiles Summit Road","class":3,"surf":0,"highway":"secondary"},"geometry":{"type":"LineString","coordinates":[[141.83687,-36.75596],[141.83609,-36.75693],[141.8354,-36.75752],[141.83492,-36.75825],[141.83502,-36.75847],[141.83563,-36.75874],[141.83651,-36.75871],[141.83682,-36.75877],[141.83691,-36.75891],[141.83694,-36.75946],[141.83718,-36.7599],[141.83719,-36.76018],[141.83672,-36.76119],[141.83661,-36.7613],[141.83586,-36.76163],[141.83489,-36.76234],[141.83471,-36.76261],[141.83474,-36.76288],[141.83519,-36.76323],[141.83627,-36.7637],[141.83669,-36.76397],[141.83691,-36.76575],[141.83703,-36.76594],[141.83753,-36.76633],[141.83807,-36.76659],[141.83914,-36.76663],[141.84152,-36.76764],[141.84309,-36.76804],[141.84382,-36.76842],[141.84406,-36.76862]]}},{"type":"Feature","properties":{"name":"Mt Arapiles Summit Road","class":3,"surf":0,"highway":"secondary"},"geometry":{"type":"LineString","coordinates":[[141.84406,-36.76862],[141.8443,-36.76897],[141.84444,-36.76937],[141.84463,-36.77173]]}},{"type":"Feature","properties":{"name":"Mt Arapiles Summit Road","class":3,"surf":0,"highway":"secondary"},"geometry":{"type":"LineString","coordinates":[[141.84855,-36.77373],[141.84943,-36.77367],[141.85012,-36.77379],[141.85877,-36.77667],[141.85968,-36.77707]]}},{"type":"Feature","properties":{"name":"Mt Arapiles Summit Road","class":3,"surf":0,"highway":"secondary"},"geometry":{"type":"LineString","coordinates":[[141.84463,-36.77173],[141.84471,-36.77205],[141.84505,-36.77264],[141.84563,-36.77317],[141.84608,-36.77344],[141.8468,-36.77374],[141.8475,-36.77381]]}},{"type":"Feature","properties":{"name":"Centenary Park Road","class":3,"surf":0,"highway":"secondary"},"geometry":{"type":"LineString","coordinates":[[141.85212,-36.76617],[141.85374,-36.76858],[141.85519,-36.77045],[141.85968,-36.77707]]}},{"type":"Feature","properties":{"name":"Wimmera Highway","class":1,"surf":0,"highway":"trunk","ref":"C240"},"geometry":{"type":"LineString","coordinates":[[141.85968,-36.77707],[141.86021,-36.77686]]}},{"type":"Feature","properties":{"name":"Wimmera Highway","class":1,"surf":0,"highway":"trunk","ref":"C240"},"geometry":{"type":"LineString","coordinates":[[141.86021,-36.77686],[141.86674,-36.774]]}},{"type":"Feature","properties":{"name":"Wimmera Highway","class":1,"surf":0,"highway":"trunk","ref":"C240"},"geometry":{"type":"LineString","coordinates":[[141.86674,-36.774],[141.87254,-36.77145]]}},{"type":"Feature","properties":{"name":"Hammond-McCuish Road","class":3,"surf":0,"highway":"secondary"},"geometry":{"type":"LineString","coordinates":[[141.90711,-36.7895],[141.91787,-36.79609],[141.91847,-36.79634],[141.91924,-36.79693]]}},{"type":"Feature","properties":{"name":"Hammond-McCuish Road","class":3,"surf":0,"highway":"secondary"},"geometry":{"type":"LineString","coordinates":[[141.91924,-36.79693],[141.92009,-36.79763]]}},{"type":"Feature","properties":{"name":"Darragan Pit Road","class":5,"surf":0,"highway":"unclassified"},"geometry":{"type":"LineString","coordinates":[[142.02544,-36.79734],[142.03578,-36.80306]]}},{"type":"Feature","properties":{"name":"Western Highway","class":1,"surf":0,"highway":"trunk","ref":"A8"},"geometry":{"type":"LineString","coordinates":[[142.44186,-36.86895],[142.44926,-36.87458]]}},{"type":"Feature","properties":{"name":"Western Highway","class":1,"surf":0,"highway":"trunk","ref":"A8"},"geometry":{"type":"LineString","coordinates":[[142.44926,-36.87458],[142.44975,-36.87496]]}},{"type":"Feature","properties":{"name":"Dimboola-Minyip Road","class":3,"surf":0,"highway":"secondary"},"geometry":{"type":"LineString","coordinates":[[142.32613,-36.44003],[142.32747,-36.44025]]}},{"type":"Feature","properties":{"name":"Blue Ribbon Road","class":2,"surf":0,"highway":"primary","ref":"C231"},"geometry":{"type":"LineString","coordinates":[[142.22567,-36.43744],[142.22563,-36.44615],[142.22571,-36.44793],[142.22558,-36.44875],[142.22458,-36.45332]]}},{"type":"Feature","properties":{"name":"Blue Ribbon Road","class":2,"surf":0,"highway":"primary","ref":"C231"},"geometry":{"type":"LineString","coordinates":[[142.22399,-36.45587],[142.22271,-36.4615]]}},{"type":"Feature","properties":{"name":"Blue Ribbon Road","class":2,"surf":0,"highway":"primary","ref":"C231"},"geometry":{"type":"LineString","coordinates":[[142.20475,-36.62441],[142.20478,-36.62816]]}},{"type":"Feature","properties":{"name":"Molyneaux Road","class":5,"surf":0,"highway":"unclassified"},"geometry":{"type":"LineString","coordinates":[[142.27795,-36.63285],[142.2781,-36.64497]]}},{"type":"Feature","properties":{"name":"Wimmera Highway","class":1,"surf":0,"highway":"trunk","ref":"B240"},"geometry":{"type":"LineString","coordinates":[[142.30308,-36.63269],[142.30832,-36.63267]]}},{"type":"Feature","properties":{"name":"Wimmera Highway","class":1,"surf":0,"highway":"trunk","ref":"B240"},"geometry":{"type":"LineString","coordinates":[[142.27795,-36.63285],[142.27898,-36.6328],[142.30293,-36.63268]]}},{"type":"Feature","properties":{"name":"Mitre-Nurcoung Road","class":3,"surf":0,"highway":"secondary"},"geometry":{"type":"LineString","coordinates":[[141.73847,-36.68113],[141.7412,-36.68356],[141.74181,-36.68429],[141.74227,-36.68522],[141.74296,-36.68735],[141.74337,-36.68802],[141.74388,-36.68862],[141.74492,-36.6894],[141.75107,-36.69204],[141.75633,-36.69567],[141.75711,-36.69646],[141.75894,-36.69862],[141.76133,-36.70169],[141.76179,-36.70208],[141.76232,-36.70241]]}},{"type":"Feature","properties":{"name":"Mitre-Grass Flat Road","class":3,"surf":0,"highway":"secondary"},"geometry":{"type":"LineString","coordinates":[[141.83603,-36.68098],[141.83626,-36.68095],[141.84272,-36.68162]]}},{"type":"Feature","properties":{"name":"Mitre-Grass Flat Road","class":3,"surf":0,"highway":"secondary"},"geometry":{"type":"LineString","coordinates":[[141.84272,-36.68162],[141.84665,-36.68201]]}},{"type":"Feature","properties":{"name":"Mitre-Grass Flat Road","class":3,"surf":0,"highway":"secondary"},"geometry":{"type":"LineString","coordinates":[[141.84665,-36.68201],[141.84726,-36.68208]]}},{"type":"Feature","properties":{"name":"Arapiles-Grass Flat Road","class":3,"surf":0,"highway":"secondary"},"geometry":{"type":"LineString","coordinates":[[141.86336,-36.67758],[141.86244,-36.6836]]}},{"type":"Feature","properties":{"name":"Mitre-Grass Flat Road","class":3,"surf":0,"highway":"secondary"},"geometry":{"type":"LineString","coordinates":[[141.85206,-36.68257],[141.86244,-36.6836]]}},{"type":"Feature","properties":{"name":"Arapiles-Grass Flat Road","class":3,"surf":0,"highway":"secondary"},"geometry":{"type":"LineString","coordinates":[[141.86244,-36.6836],[141.86209,-36.68591]]}},{"type":"Feature","properties":{"name":"School Road","class":3,"surf":0,"highway":"secondary"},"geometry":{"type":"LineString","coordinates":[[142.28538,-36.74166],[142.28539,-36.74311]]}},{"type":"Feature","properties":{"name":"North Road","class":3,"surf":0,"highway":"secondary"},"geometry":{"type":"LineString","coordinates":[[142.29666,-36.73849],[142.2854,-36.73848]]}},{"type":"Feature","properties":{"name":"School Road","class":3,"surf":0,"highway":"secondary"},"geometry":{"type":"LineString","coordinates":[[142.2854,-36.73848],[142.28538,-36.74166]]}},{"type":"Feature","properties":{"name":"School Road","class":3,"surf":0,"highway":"secondary"},"geometry":{"type":"LineString","coordinates":[[142.28541,-36.73117],[142.2854,-36.73848]]}},{"type":"Feature","properties":{"name":"East Road","class":5,"surf":0,"highway":"unclassified"},"geometry":{"type":"LineString","coordinates":[[142.30362,-36.74839],[142.30361,-36.75319]]}},{"type":"Feature","properties":{"name":"East Road","class":5,"surf":0,"highway":"unclassified"},"geometry":{"type":"LineString","coordinates":[[142.30365,-36.74338],[142.30364,-36.74385]]}},{"type":"Feature","properties":{"name":"East Road","class":5,"surf":0,"highway":"unclassified"},"geometry":{"type":"LineString","coordinates":[[142.30364,-36.74385],[142.30362,-36.74839]]}},{"type":"Feature","properties":{"name":"North Road","class":3,"surf":0,"highway":"secondary"},"geometry":{"type":"LineString","coordinates":[[142.3219,-36.73852],[142.31376,-36.73851]]}},{"type":"Feature","properties":{"name":"Horsham-Lubeck Road","class":3,"surf":0,"highway":"secondary"},"geometry":{"type":"LineString","coordinates":[[142.45639,-36.74535],[142.44966,-36.74535]]}},{"type":"Feature","properties":{"name":"Golton Road","class":5,"surf":0,"highway":"unclassified"},"geometry":{"type":"LineString","coordinates":[[142.44966,-36.74535],[142.44964,-36.76005]]}},{"type":"Feature","properties":{"name":"Horsham-Lubeck Road","class":3,"surf":0,"highway":"secondary"},"geometry":{"type":"LineString","coordinates":[[142.44966,-36.74535],[142.43456,-36.74537],[142.43374,-36.74542]]}},{"type":"Feature","properties":{"name":"Natimuk-Hamilton Road","class":2,"surf":0,"highway":"primary","ref":"C219"},"geometry":{"type":"LineString","coordinates":[[141.9699,-36.77124],[141.97159,-36.77826],[141.97176,-36.77934],[141.97175,-36.78649],[141.97169,-36.78738],[141.97121,-36.79063]]}},{"type":"Feature","properties":{"name":"Horsham-Noradjuha Road","class":2,"surf":0,"highway":"primary","ref":"C214"},"geometry":{"type":"LineString","coordinates":[[142.0949,-36.77954],[142.09336,-36.78039]]}},{"type":"Feature","properties":{"name":"Horsham-Noradjuha Road","class":2,"surf":0,"highway":"primary","ref":"C214"},"geometry":{"type":"LineString","coordinates":[[142.09743,-36.77816],[142.09509,-36.77944]]}},{"type":"Feature","properties":{"name":"Horsham-Noradjuha Road","class":2,"surf":0,"highway":"primary","ref":"C214"},"geometry":{"type":"LineString","coordinates":[[142.09336,-36.78039],[142.0927,-36.78074]]}},{"type":"Feature","properties":{"name":"Horsham-Noradjuha Road","class":2,"surf":0,"highway":"primary","ref":"C214"},"geometry":{"type":"LineString","coordinates":[[142.0927,-36.78074],[142.09175,-36.78124]]}},{"type":"Feature","properties":{"name":"Horsham-Noradjuha Road","class":2,"surf":0,"highway":"primary","ref":"C214"},"geometry":{"type":"LineString","coordinates":[[142.09175,-36.78124],[142.08781,-36.78339]]}},{"type":"Feature","properties":{"name":"Horsham-Noradjuha Road","class":2,"surf":0,"highway":"primary","ref":"C214"},"geometry":{"type":"LineString","coordinates":[[142.08781,-36.78339],[142.08476,-36.78505]]}},{"type":"Feature","properties":{"name":"Horsham-Noradjuha Road","class":2,"surf":0,"highway":"primary","ref":"C214"},"geometry":{"type":"LineString","coordinates":[[142.09965,-36.77695],[142.09952,-36.77703]]}},{"type":"Feature","properties":{"name":"Horsham-Noradjuha Road","class":2,"surf":0,"highway":"primary","ref":"C214"},"geometry":{"type":"LineString","coordinates":[[142.09952,-36.77703],[142.09743,-36.77816]]}},{"type":"Feature","properties":{"name":"Horsham-Noradjuha Road","class":2,"surf":0,"highway":"primary","ref":"C214"},"geometry":{"type":"LineString","coordinates":[[142.10483,-36.77408],[142.10427,-36.77445],[142.10153,-36.77593]]}},{"type":"Feature","properties":{"name":"Horsham-Noradjuha Road","class":2,"surf":0,"highway":"primary","ref":"C214"},"geometry":{"type":"LineString","coordinates":[[142.10153,-36.77593],[142.09965,-36.77695]]}},{"type":"Feature","properties":{"name":"Riverside East Road","class":5,"surf":0,"highway":"unclassified"},"geometry":{"type":"LineString","coordinates":[[142.24895,-36.73173],[142.24897,-36.73481]]}},{"type":"Feature","properties":{"name":"Riverside East Road","class":5,"surf":0,"highway":"unclassified"},"geometry":{"type":"LineString","coordinates":[[142.24895,-36.73125],[142.24894,-36.73161]]}},{"type":"Feature","properties":{"name":"Riverside East Road","class":5,"surf":0,"highway":"unclassified"},"geometry":{"type":"LineString","coordinates":[[142.24894,-36.73161],[142.24895,-36.73173]]}},{"type":"Feature","properties":{"name":"Horsham-Noradjuha Road","class":2,"surf":0,"highway":"primary","ref":"C214"},"geometry":{"type":"LineString","coordinates":[[142.09509,-36.77944],[142.0949,-36.77954]]}},{"type":"Feature","properties":{"name":"Horsham-Noradjuha Road","class":2,"surf":0,"highway":"primary","ref":"C214"},"geometry":{"type":"LineString","coordinates":[[142.11047,-36.76704],[142.11036,-36.7679],[142.10969,-36.76892],[142.10515,-36.7738]]}},{"type":"Feature","properties":{"name":"Horsham-Lubeck Road","class":2,"surf":0,"highway":"primary","ref":"C215"},"geometry":{"type":"LineString","coordinates":[[142.32193,-36.73117],[142.32192,-36.733]]}},{"type":"Feature","properties":{"name":"Palm Avenue","class":5,"surf":0,"highway":"unclassified"},"geometry":{"type":"LineString","coordinates":[[142.21338,-36.70445],[142.21412,-36.70385]]}},{"type":"Feature","properties":{"name":"Three Bridges Road","class":3,"surf":0,"highway":"secondary"},"geometry":{"type":"LineString","coordinates":[[142.15506,-36.76511],[142.1569,-36.76489]]}},{"type":"Feature","properties":{"name":"Horsham-Noradjuha Road","class":2,"surf":0,"highway":"primary","ref":"C214"},"geometry":{"type":"LineString","coordinates":[[142.10515,-36.7738],[142.10483,-36.77408]]}},{"type":"Feature","properties":{"name":"Western Highway","class":1,"surf":0,"highway":"trunk","ref":"A8"},"geometry":{"type":"LineString","coordinates":[[142.51422,-36.91786],[142.51132,-36.91605]]}},{"type":"Feature","properties":{"name":"Western Highway","class":1,"surf":0,"highway":"trunk","ref":"A8"},"geometry":{"type":"LineString","coordinates":[[142.51448,-36.91804],[142.51422,-36.91786]]}},{"type":"Feature","properties":{"name":"Western Highway","class":1,"surf":0,"highway":"trunk","ref":"A8"},"geometry":{"type":"LineString","coordinates":[[142.51475,-36.91822],[142.51448,-36.91804]]}},{"type":"Feature","properties":{"name":"Western Highway","class":1,"surf":0,"highway":"trunk","ref":"A8"},"geometry":{"type":"LineString","coordinates":[[142.51828,-36.92009],[142.51657,-36.91935]]}},{"type":"Feature","properties":{"name":"Henty Highway","class":1,"surf":0,"highway":"trunk","ref":"B200"},"geometry":{"type":"LineString","coordinates":[[142.37984,-36.44931],[142.37245,-36.46266]]}},{"type":"Feature","properties":{"name":"Old Minyip Road","class":3,"surf":0,"highway":"secondary"},"geometry":{"type":"LineString","coordinates":[[142.16454,-36.46959],[142.16597,-36.46951]]}},{"type":"Feature","properties":{"name":"Old Minyip Road","class":3,"surf":0,"highway":"secondary"},"geometry":{"type":"LineString","coordinates":[[142.17373,-36.46952],[142.18243,-36.46949],[142.18845,-36.47004]]}},{"type":"Feature","properties":{"name":"Old Minyip Road","class":3,"surf":0,"highway":"secondary"},"geometry":{"type":"LineString","coordinates":[[142.16597,-36.46951],[142.17373,-36.46952]]}},{"type":"Feature","properties":{"name":"Old Minyip Road","class":3,"surf":0,"highway":"secondary"},"geometry":{"type":"LineString","coordinates":[[142.21758,-36.46994],[142.22087,-36.46999]]}},{"type":"Feature","properties":{"name":"Blue Ribbon Road","class":2,"surf":0,"highway":"primary","ref":"C231"},"geometry":{"type":"LineString","coordinates":[[142.22271,-36.4615],[142.22114,-36.46836],[142.22087,-36.46999]]}},{"type":"Feature","properties":{"name":"Western Highway","class":1,"surf":0,"highway":"trunk","ref":"A8"},"geometry":{"type":"LineString","coordinates":[[142.11468,-36.53902],[142.11543,-36.54649]]}},{"type":"Feature","properties":{"name":"Western Highway","class":1,"surf":0,"highway":"trunk","ref":"A8"},"geometry":{"type":"LineString","coordinates":[[142.11543,-36.54649],[142.11561,-36.55388]]}},{"type":"Feature","properties":{"name":"Lawsons Road","class":5,"surf":0,"highway":"unclassified"},"geometry":{"type":"LineString","coordinates":[[142.20241,-36.54715],[142.20362,-36.54716]]}},{"type":"Feature","properties":{"name":"Blue Ribbon Road","class":2,"surf":0,"highway":"primary","ref":"C231"},"geometry":{"type":"LineString","coordinates":[[142.20928,-36.54495],[142.20922,-36.54595]]}},{"type":"Feature","properties":{"name":"","class":5,"surf":0,"highway":"unclassified"},"geometry":{"type":"LineString","coordinates":[[142.20922,-36.54595],[142.20971,-36.54596]]}},{"type":"Feature","properties":{"name":"","class":5,"surf":0,"highway":"unclassified"},"geometry":{"type":"LineString","coordinates":[[142.20975,-36.54719],[142.20924,-36.54716]]}},{"type":"Feature","properties":{"name":"Blue Ribbon Road","class":2,"surf":0,"highway":"primary","ref":"C231"},"geometry":{"type":"LineString","coordinates":[[142.20924,-36.54716],[142.20925,-36.5492]]}},{"type":"Feature","properties":{"name":"","class":6,"surf":0,"highway":"unclassified"},"geometry":{"type":"LineString","coordinates":[[142.20925,-36.5492],[142.21117,-36.54907],[142.21229,-36.54878],[142.2133,-36.54877],[142.21358,-36.54887],[142.21393,-36.54912],[142.21408,-36.54933],[142.21416,-36.54959]]}},{"type":"Feature","properties":{"name":"Wimmera Highway","class":1,"surf":0,"highway":"trunk","ref":"B240"},"geometry":{"type":"LineString","coordinates":[[142.33739,-36.63253],[142.34439,-36.63251],[142.34569,-36.63242]]}},{"type":"Feature","properties":{"name":"Wimmera Highway","class":1,"surf":0,"highway":"trunk","ref":"B240"},"geometry":{"type":"LineString","coordinates":[[142.34569,-36.63242],[142.34674,-36.63218],[142.34746,-36.63191],[142.34865,-36.63126]]}},{"type":"Feature","properties":{"name":"Lake Road","class":3,"surf":0,"highway":"secondary"},"geometry":{"type":"LineString","coordinates":[[141.93224,-36.67761],[141.93229,-36.67807],[141.9323,-36.68672]]}},{"type":"Feature","properties":{"name":"Lake Road","class":3,"surf":0,"highway":"secondary"},"geometry":{"type":"LineString","coordinates":[[141.93458,-36.6887],[141.93636,-36.68875]]}},{"type":"Feature","properties":{"name":"Lake Road","class":3,"surf":0,"highway":"secondary"},"geometry":{"type":"LineString","coordinates":[[141.93636,-36.68875],[141.93746,-36.68891],[141.93809,-36.68919]]}},{"type":"Feature","properties":{"name":"Lake Road","class":3,"surf":0,"highway":"secondary"},"geometry":{"type":"LineString","coordinates":[[141.93809,-36.68919],[141.93984,-36.69008],[141.94049,-36.69049],[141.94188,-36.69202],[141.94227,-36.69254]]}},{"type":"Feature","properties":{"name":"Polkemmet Road","class":3,"surf":0,"highway":"secondary"},"geometry":{"type":"LineString","coordinates":[[141.95728,-36.67762],[141.95951,-36.68523]]}},{"type":"Feature","properties":{"name":"Polkemmet Road","class":3,"surf":0,"highway":"secondary"},"geometry":{"type":"LineString","coordinates":[[141.95951,-36.68523],[141.96053,-36.68916]]}},{"type":"Feature","properties":{"name":"Quantong Cemetery Road","class":3,"surf":0,"highway":"secondary"},"geometry":{"type":"LineString","coordinates":[[142.04484,-36.69001],[142.04485,-36.69314]]}},{"type":"Feature","properties":{"name":"Quantong Cemetery Road","class":3,"surf":0,"highway":"secondary"},"geometry":{"type":"LineString","coordinates":[[142.04478,-36.68374],[142.04484,-36.69001]]}},{"type":"Feature","properties":{"name":"Hughes Road","class":5,"surf":0,"highway":"unclassified"},"geometry":{"type":"LineString","coordinates":[[142.01886,-36.74072],[142.01887,-36.74252]]}},{"type":"Feature","properties":{"name":"Natimuk-Frances Road","class":2,"surf":0,"highway":"primary","ref":"C213"},"geometry":{"type":"LineString","coordinates":[[141.73529,-36.73298],[141.741,-36.7328],[141.74325,-36.73287],[141.74755,-36.7326],[141.74987,-36.73228],[141.75413,-36.73204],[141.75605,-36.73162],[141.7607,-36.72975]]}},{"type":"Feature","properties":{"name":"Natimuk-Frances Road","class":2,"surf":0,"highway":"primary","ref":"C213"},"geometry":{"type":"LineString","coordinates":[[141.7607,-36.72975],[141.76635,-36.72743]]}},{"type":"Feature","properties":{"name":"Natimuk-Frances Road","class":2,"surf":0,"highway":"primary","ref":"C213"},"geometry":{"type":"LineString","coordinates":[[141.81494,-36.73142],[141.81593,-36.73154],[141.81705,-36.7318],[141.81929,-36.73273]]}},{"type":"Feature","properties":{"name":"Natimuk-Frances Road","class":2,"surf":0,"highway":"primary","ref":"C213"},"geometry":{"type":"LineString","coordinates":[[141.81377,-36.73131],[141.81494,-36.73142]]}},{"type":"Feature","properties":{"name":"Wimmera Highway","class":1,"surf":0,"highway":"trunk","ref":"C240"},"geometry":{"type":"LineString","coordinates":[[141.95121,-36.73762],[141.95134,-36.73754]]}},{"type":"Feature","properties":{"name":"Main Street","class":5,"surf":0,"highway":"unclassified"},"geometry":{"type":"LineString","coordinates":[[141.94655,-36.73936],[141.95052,-36.73763]]}},{"type":"Feature","properties":{"name":"Main Street","class":5,"surf":0,"highway":"unclassified"},"geometry":{"type":"LineString","coordinates":[[141.95052,-36.73763],[141.95073,-36.73788]]}},{"type":"Feature","properties":{"name":"Wimmera Highway","class":1,"surf":0,"highway":"trunk","ref":"C240"},"geometry":{"type":"LineString","coordinates":[[141.95134,-36.73754],[141.95253,-36.73692]]}},{"type":"Feature","properties":{"name":"Wimmera Highway","class":1,"surf":0,"highway":"trunk","ref":"C240"},"geometry":{"type":"LineString","coordinates":[[141.95253,-36.73692],[141.96576,-36.73113]]}},{"type":"Feature","properties":{"name":"Natimuk East Road","class":3,"surf":0,"highway":"secondary"},"geometry":{"type":"LineString","coordinates":[[141.95121,-36.73762],[141.95169,-36.73775],[141.95966,-36.73769]]}},{"type":"Feature","properties":{"name":"Natimuk East Road","class":3,"surf":0,"highway":"secondary"},"geometry":{"type":"LineString","coordinates":[[141.95966,-36.73769],[141.96606,-36.73767]]}},{"type":"Feature","properties":{"name":"Natimuk-Hamilton Road","class":2,"surf":0,"highway":"primary","ref":"C219"},"geometry":{"type":"LineString","coordinates":[[141.9661,-36.74047],[141.9661,-36.74264]]}},{"type":"Feature","properties":{"name":"Nunkerri Road","class":5,"surf":0,"highway":"unclassified"},"geometry":{"type":"LineString","coordinates":[[142.15516,-36.78175],[142.15516,-36.78198]]}},{"type":"Feature","properties":{"name":"Nunkerri Road","class":5,"surf":0,"highway":"unclassified"},"geometry":{"type":"LineString","coordinates":[[142.16699,-36.78216],[142.16713,-36.78216]]}},{"type":"Feature","properties":{"name":"Nunkerri Road","class":5,"surf":0,"highway":"unclassified"},"geometry":{"type":"LineString","coordinates":[[142.15516,-36.78198],[142.15535,-36.78211],[142.1586,-36.78211]]}},{"type":"Feature","properties":{"name":"Nunkerri Road","class":5,"surf":0,"highway":"unclassified"},"geometry":{"type":"LineString","coordinates":[[142.1586,-36.78211],[142.16283,-36.78213]]}},{"type":"Feature","properties":{"name":"Nunkerri Road","class":5,"surf":0,"highway":"unclassified"},"geometry":{"type":"LineString","coordinates":[[142.16283,-36.78213],[142.16399,-36.78214]]}},{"type":"Feature","properties":{"name":"Nunkerri Road","class":5,"surf":0,"highway":"unclassified"},"geometry":{"type":"LineString","coordinates":[[142.16399,-36.78214],[142.16699,-36.78216]]}},{"type":"Feature","properties":{"name":"Strange Road","class":5,"surf":0,"highway":"unclassified"},"geometry":{"type":"LineString","coordinates":[[142.16703,-36.77648],[142.16701,-36.77968]]}},{"type":"Feature","properties":{"name":"Strange Road","class":5,"surf":0,"highway":"unclassified"},"geometry":{"type":"LineString","coordinates":[[142.16701,-36.77968],[142.16699,-36.78216]]}},{"type":"Feature","properties":{"name":"Nunkerri Road","class":5,"surf":0,"highway":"unclassified"},"geometry":{"type":"LineString","coordinates":[[142.16713,-36.78216],[142.17074,-36.78217]]}},{"type":"Feature","properties":{"name":"Hardinghams Road","class":5,"surf":0,"highway":"unclassified"},"geometry":{"type":"LineString","coordinates":[[142.18729,-36.77723],[142.1873,-36.77796]]}},{"type":"Feature","properties":{"name":"Hardinghams Road","class":5,"surf":0,"highway":"unclassified"},"geometry":{"type":"LineString","coordinates":[[142.1873,-36.77668],[142.18729,-36.77714]]}},{"type":"Feature","properties":{"name":"Hardinghams Road","class":5,"surf":0,"highway":"unclassified"},"geometry":{"type":"LineString","coordinates":[[142.18729,-36.77714],[142.18729,-36.77723]]}},{"type":"Feature","properties":{"name":"Hardinghams Road","class":5,"surf":0,"highway":"unclassified"},"geometry":{"type":"LineString","coordinates":[[142.1873,-36.77796],[142.18729,-36.77862]]}},{"type":"Feature","properties":{"name":"Hardinghams Road","class":5,"surf":0,"highway":"unclassified"},"geometry":{"type":"LineString","coordinates":[[142.18729,-36.77862],[142.18729,-36.77873]]}},{"type":"Feature","properties":{"name":"Palm Avenue","class":5,"surf":0,"highway":"unclassified"},"geometry":{"type":"LineString","coordinates":[[142.21412,-36.70385],[142.21477,-36.70332]]}},{"type":"Feature","properties":{"name":"Horsham-Lubeck Road","class":2,"surf":0,"highway":"primary","ref":"C215"},"geometry":{"type":"LineString","coordinates":[[142.32192,-36.733],[142.3219,-36.73852]]}},{"type":"Feature","properties":{"name":"Bakers Road","class":5,"surf":0,"highway":"unclassified"},"geometry":{"type":"LineString","coordinates":[[142.19473,-36.77998],[142.195,-36.78087],[142.1949,-36.78145],[142.19504,-36.78164]]}},{"type":"Feature","properties":{"name":"Western Highway","class":1,"surf":0,"highway":"trunk","ref":"A8"},"geometry":{"type":"LineString","coordinates":[[142.52333,-36.92277],[142.51989,-36.92083],[142.51828,-36.92009]]}},{"type":"Feature","properties":{"name":"Stapledons Road","class":5,"surf":0,"highway":"unclassified"},"geometry":{"type":"LineString","coordinates":[[142.52378,-36.91278],[142.52341,-36.91434]]}},{"type":"Feature","properties":{"name":"Stapledons Road","class":5,"surf":0,"highway":"unclassified"},"geometry":{"type":"LineString","coordinates":[[142.52341,-36.91434],[142.52333,-36.92277]]}},{"type":"Feature","properties":{"name":"Dooen School Road","class":3,"surf":0,"highway":"secondary"},"geometry":{"type":"LineString","coordinates":[[142.25029,-36.63857],[142.25177,-36.63857]]}},{"type":"Feature","properties":{"name":"Blue Ribbon Road","class":2,"surf":0,"highway":"primary","ref":"C231"},"geometry":{"type":"LineString","coordinates":[[142.22087,-36.46999],[142.22076,-36.47631]]}},{"type":"Feature","properties":{"name":"Henty Highway","class":1,"surf":0,"highway":"trunk","ref":"B200"},"geometry":{"type":"LineString","coordinates":[[142.37245,-36.46266],[142.36822,-36.47034]]}},{"type":"Feature","properties":{"name":"Banyena Road","class":5,"surf":0,"highway":"unclassified"},"geometry":{"type":"LineString","coordinates":[[142.3033,-36.55295],[142.3215,-36.55295]]}},{"type":"Feature","properties":{"name":"Banyena Road","class":5,"surf":0,"highway":"unclassified"},"geometry":{"type":"LineString","coordinates":[[142.3215,-36.55295],[142.32156,-36.55295]]}},{"type":"Feature","properties":{"name":"Banyena Road","class":5,"surf":0,"highway":"unclassified"},"geometry":{"type":"LineString","coordinates":[[142.32156,-36.55295],[142.32795,-36.55286],[142.3367,-36.55294]]}},{"type":"Feature","properties":{"name":"Jung North Road","class":5,"surf":0,"highway":"unclassified"},"geometry":{"type":"LineString","coordinates":[[142.35425,-36.55284],[142.35425,-36.5529]]}},{"type":"Feature","properties":{"name":"Banyena Road","class":5,"surf":0,"highway":"unclassified"},"geometry":{"type":"LineString","coordinates":[[142.33701,-36.55294],[142.35132,-36.55291]]}},{"type":"Feature","properties":{"name":"Banyena Road","class":5,"surf":0,"highway":"unclassified"},"geometry":{"type":"LineString","coordinates":[[142.35132,-36.55291],[142.35425,-36.5529]]}},{"type":"Feature","properties":{"name":"Banyena Road","class":5,"surf":0,"highway":"unclassified"},"geometry":{"type":"LineString","coordinates":[[142.35425,-36.55284],[142.36425,-36.55287],[142.36723,-36.55307],[142.3719,-36.55308]]}},{"type":"Feature","properties":{"name":"Banyena Road","class":5,"surf":0,"highway":"unclassified"},"geometry":{"type":"LineString","coordinates":[[142.3719,-36.55308],[142.38459,-36.55307]]}},{"type":"Feature","properties":{"name":"Banyena Road","class":5,"surf":0,"highway":"unclassified"},"geometry":{"type":"LineString","coordinates":[[142.38914,-36.55306],[142.38938,-36.55305]]}},{"type":"Feature","properties":{"name":"Banyena Road","class":5,"surf":0,"highway":"unclassified"},"geometry":{"type":"LineString","coordinates":[[142.38938,-36.55305],[142.38963,-36.55305]]}},{"type":"Feature","properties":{"name":"Dooen School Road","class":3,"surf":0,"highway":"secondary"},"geometry":{"type":"LineString","coordinates":[[142.22321,-36.63868],[142.23577,-36.63864]]}},{"type":"Feature","properties":{"name":"Dooen School Road","class":3,"surf":0,"highway":"secondary"},"geometry":{"type":"LineString","coordinates":[[142.20485,-36.63876],[142.22321,-36.63868]]}},{"type":"Feature","properties":{"name":"Dooen School Road","class":3,"surf":0,"highway":"secondary"},"geometry":{"type":"LineString","coordinates":[[142.23577,-36.63864],[142.2415,-36.63862]]}},{"type":"Feature","properties":{"name":"Dooen School Road","class":3,"surf":0,"highway":"secondary"},"geometry":{"type":"LineString","coordinates":[[142.2415,-36.63862],[142.25029,-36.63857]]}},{"type":"Feature","properties":{"name":"Dooen School Road","class":3,"surf":0,"highway":"secondary"},"geometry":{"type":"LineString","coordinates":[[142.25177,-36.63857],[142.25779,-36.63854]]}},{"type":"Feature","properties":{"name":"Dooen School Road","class":3,"surf":0,"highway":"secondary"},"geometry":{"type":"LineString","coordinates":[[142.25895,-36.63855],[142.25947,-36.63856]]}},{"type":"Feature","properties":{"name":"Wimmera Highway","class":1,"surf":0,"highway":"trunk","ref":"B240"},"geometry":{"type":"LineString","coordinates":[[142.26002,-36.63837],[142.26082,-36.63797]]}},{"type":"Feature","properties":{"name":"Wimmera Highway","class":1,"surf":0,"highway":"trunk","ref":"B240"},"geometry":{"type":"LineString","coordinates":[[142.26082,-36.63797],[142.27583,-36.63338],[142.27705,-36.63302],[142.27795,-36.63285]]}},{"type":"Feature","properties":{"name":"Rasmussen Road","class":3,"surf":0,"highway":"secondary"},"geometry":{"type":"LineString","coordinates":[[142.218,-36.69682],[142.2203,-36.6968]]}},{"type":"Feature","properties":{"name":"Riverside Road","class":3,"surf":0,"highway":"secondary"},"geometry":{"type":"LineString","coordinates":[[142.22381,-36.69665],[142.22432,-36.69677],[142.22833,-36.69677]]}},{"type":"Feature","properties":{"name":"Drung-Jung Road","class":3,"surf":0,"highway":"secondary"},"geometry":{"type":"LineString","coordinates":[[142.33068,-36.69414],[142.33077,-36.70125]]}},{"type":"Feature","properties":{"name":"Drung-Jung Road","class":3,"surf":0,"highway":"secondary"},"geometry":{"type":"LineString","coordinates":[[142.33057,-36.68651],[142.33063,-36.68664],[142.33068,-36.69414]]}},{"type":"Feature","properties":{"name":"Mitre-Grass Flat Road","class":3,"surf":0,"highway":"secondary"},"geometry":{"type":"LineString","coordinates":[[141.80778,-36.68881],[141.82555,-36.6906]]}},{"type":"Feature","properties":{"name":"Mitre-Grass Flat Road","class":3,"surf":0,"highway":"secondary"},"geometry":{"type":"LineString","coordinates":[[141.82618,-36.69066],[141.83432,-36.69147]]}},{"type":"Feature","properties":{"name":"Mitre-Grass Flat Road","class":3,"surf":0,"highway":"secondary"},"geometry":{"type":"LineString","coordinates":[[141.83432,-36.69147],[141.83596,-36.68107],[141.83603,-36.68098]]}},{"type":"Feature","properties":{"name":"Hughes Road","class":5,"surf":0,"highway":"unclassified"},"geometry":{"type":"LineString","coordinates":[[142.01887,-36.74252],[142.01892,-36.74698]]}},{"type":"Feature","properties":{"name":"Hutchinsons Road","class":5,"surf":0,"highway":"unclassified"},"geometry":{"type":"LineString","coordinates":[[142.04504,-36.74589],[142.04505,-36.74838]]}},{"type":"Feature","properties":{"name":"Hutchinsons Road","class":5,"surf":0,"highway":"unclassified"},"geometry":{"type":"LineString","coordinates":[[142.04501,-36.739],[142.04504,-36.74589]]}},{"type":"Feature","properties":{"name":"Quantong Cemetery Road","class":3,"surf":0,"highway":"secondary"},"geometry":{"type":"LineString","coordinates":[[142.04499,-36.73337],[142.04501,-36.739]]}},{"type":"Feature","properties":{"name":"Wimmera Highway","class":1,"surf":0,"highway":"trunk","ref":"C240"},"geometry":{"type":"LineString","coordinates":[[142.04501,-36.739],[142.04587,-36.73904],[142.06307,-36.73892]]}},{"type":"Feature","properties":{"name":"Pelchens Road","class":5,"surf":0,"highway":"unclassified"},"geometry":{"type":"LineString","coordinates":[[142.06307,-36.73892],[142.0631,-36.74502]]}},{"type":"Feature","properties":{"name":"Pelchens Road","class":5,"surf":0,"highway":"unclassified"},"geometry":{"type":"LineString","coordinates":[[142.06313,-36.74845],[142.06312,-36.74945]]}},{"type":"Feature","properties":{"name":"Wimmera Highway","class":1,"surf":0,"highway":"trunk","ref":"C240"},"geometry":{"type":"LineString","coordinates":[[142.08517,-36.73916],[142.09924,-36.73912]]}},{"type":"Feature","properties":{"name":"Wimmera Highway","class":1,"surf":0,"highway":"trunk","ref":"C240"},"geometry":{"type":"LineString","coordinates":[[142.09924,-36.73912],[142.10605,-36.73909]]}},{"type":"Feature","properties":{"name":"Old Hamilton Road","class":3,"surf":0,"highway":"secondary"},"geometry":{"type":"LineString","coordinates":[[142.20559,-36.74266],[142.20562,-36.74474]]}},{"type":"Feature","properties":{"name":"Holes Road","class":3,"surf":0,"highway":"secondary"},"geometry":{"type":"LineString","coordinates":[[142.20552,-36.75302],[142.21246,-36.75303]]}},{"type":"Feature","properties":{"name":"Old Hamilton Road","class":3,"surf":0,"highway":"secondary"},"geometry":{"type":"LineString","coordinates":[[142.20562,-36.74474],[142.20552,-36.75283]]}},{"type":"Feature","properties":{"name":"Hardinghams Road","class":5,"surf":0,"highway":"unclassified"},"geometry":{"type":"LineString","coordinates":[[142.1873,-36.77944],[142.18731,-36.77991]]}},{"type":"Feature","properties":{"name":"Obrees Road","class":3,"surf":0,"highway":"secondary"},"geometry":{"type":"LineString","coordinates":[[142.06291,-36.69745],[142.06816,-36.6974]]}},{"type":"Feature","properties":{"name":"Blue Ribbon Road","class":2,"surf":0,"highway":"primary","ref":"C231"},"geometry":{"type":"LineString","coordinates":[[142.22072,-36.48731],[142.22072,-36.48834]]}},{"type":"Feature","properties":{"name":"Henty Highway","class":1,"surf":0,"highway":"trunk","ref":"B200"},"geometry":{"type":"LineString","coordinates":[[142.36822,-36.47034],[142.3607,-36.48396]]}},{"type":"Feature","properties":{"name":"Henty Highway","class":1,"surf":0,"highway":"trunk","ref":"B200"},"geometry":{"type":"LineString","coordinates":[[142.3607,-36.48396],[142.3603,-36.48466]]}},{"type":"Feature","properties":{"name":"Blue Ribbon Road","class":2,"surf":0,"highway":"primary","ref":"C231"},"geometry":{"type":"LineString","coordinates":[[142.22076,-36.47631],[142.22074,-36.48237]]}},{"type":"Feature","properties":{"name":"Blue Ribbon Road","class":2,"surf":0,"highway":"primary","ref":"C231"},"geometry":{"type":"LineString","coordinates":[[142.22074,-36.48237],[142.22072,-36.48731]]}},{"type":"Feature","properties":{"name":"Blue Ribbon Road","class":2,"surf":0,"highway":"primary","ref":"C231"},"geometry":{"type":"LineString","coordinates":[[142.20925,-36.5492],[142.20926,-36.55426],[142.20895,-36.55647]]}},{"type":"Feature","properties":{"name":"Blue Ribbon Road","class":2,"surf":0,"highway":"primary","ref":"C231"},"geometry":{"type":"LineString","coordinates":[[142.20895,-36.55647],[142.20801,-36.5628]]}},{"type":"Feature","properties":{"name":"Jung North Road","class":5,"surf":0,"highway":"unclassified"},"geometry":{"type":"LineString","coordinates":[[142.35425,-36.5529],[142.35426,-36.55849],[142.35434,-36.55905],[142.35454,-36.55948],[142.35492,-36.55995],[142.35529,-36.56027],[142.35579,-36.56051],[142.35639,-36.56067],[142.35825,-36.56083]]}},{"type":"Feature","properties":{"name":"Henty Highway","class":1,"surf":0,"highway":"trunk","ref":"B200"},"geometry":{"type":"LineString","coordinates":[[142.25947,-36.63856],[142.25949,-36.6385]]}},{"type":"Feature","properties":{"name":"Henty Highway","class":1,"surf":0,"highway":"trunk","ref":"B200"},"geometry":{"type":"LineString","coordinates":[[142.25949,-36.6385],[142.26055,-36.63566],[142.26073,-36.63484],[142.26525,-36.62413]]}},{"type":"Feature","properties":{"name":"Henty Highway","class":1,"surf":0,"highway":"trunk","ref":"B200"},"geometry":{"type":"LineString","coordinates":[[142.25932,-36.63981],[142.25937,-36.63899],[142.25946,-36.63861]]}},{"type":"Feature","properties":{"name":"Henty Highway","class":1,"surf":0,"highway":"trunk","ref":"B200"},"geometry":{"type":"LineString","coordinates":[[142.25946,-36.63861],[142.25947,-36.63856]]}},{"type":"Feature","properties":{"name":"Wimmera Highway","class":1,"surf":0,"highway":"trunk","ref":"B240"},"geometry":{"type":"LineString","coordinates":[[142.26002,-36.63837],[142.25969,-36.63857],[142.25946,-36.63861]]}},{"type":"Feature","properties":{"name":"Wimmera Highway","class":1,"surf":0,"highway":"trunk","ref":"B240"},"geometry":{"type":"LineString","coordinates":[[142.26002,-36.63837],[142.25969,-36.63871],[142.25954,-36.63898],[142.25932,-36.63981]]}},{"type":"Feature","properties":{"name":"Tuckers Road","class":5,"surf":0,"highway":"unclassified"},"geometry":{"type":"LineString","coordinates":[[142.32131,-36.63251],[142.32136,-36.64421]]}},{"type":"Feature","properties":{"name":"Tuckers Road","class":5,"surf":0,"highway":"unclassified"},"geometry":{"type":"LineString","coordinates":[[142.32136,-36.64421],[142.32137,-36.64743]]}},{"type":"Feature","properties":{"name":"Cooack Road","class":3,"surf":0,"highway":"secondary"},"geometry":{"type":"LineString","coordinates":[[141.89055,-36.63502],[141.89626,-36.63558]]}},{"type":"Feature","properties":{"name":"Cooack Road","class":3,"surf":0,"highway":"secondary"},"geometry":{"type":"LineString","coordinates":[[141.89626,-36.63558],[141.89685,-36.63564]]}},{"type":"Feature","properties":{"name":"Cooack Road","class":3,"surf":0,"highway":"secondary"},"geometry":{"type":"LineString","coordinates":[[141.89685,-36.63564],[141.90792,-36.63673]]}},{"type":"Feature","properties":{"name":"Cooack Road","class":3,"surf":0,"highway":"secondary"},"geometry":{"type":"LineString","coordinates":[[141.90792,-36.63673],[141.91673,-36.63759],[141.91793,-36.63777],[141.91866,-36.63806],[141.91943,-36.63861],[141.91996,-36.63927],[141.92011,-36.63956],[141.92027,-36.64012]]}},{"type":"Feature","properties":{"name":"Polkemmet East School Road","class":5,"surf":0,"highway":"unclassified"},"geometry":{"type":"LineString","coordinates":[[142.02553,-36.63926],[142.02548,-36.65649]]}},{"type":"Feature","properties":{"name":"Arapiles-Grass Flat Road","class":3,"surf":0,"highway":"secondary"},"geometry":{"type":"LineString","coordinates":[[141.86209,-36.68591],[141.86082,-36.69415]]}},{"type":"Feature","properties":{"name":"Wyn Wyn Road","class":2,"surf":0,"highway":"primary"},"geometry":{"type":"LineString","coordinates":[[141.9163,-36.69709],[141.9163,-36.69916]]}},{"type":"Feature","properties":{"name":"Lake Road","class":3,"surf":0,"highway":"secondary"},"geometry":{"type":"LineString","coordinates":[[141.94227,-36.69254],[141.9436,-36.69515],[141.94426,-36.69759]]}},{"type":"Feature","properties":{"name":"Polkemmet Road","class":3,"surf":0,"highway":"secondary"},"geometry":{"type":"LineString","coordinates":[[141.96053,-36.68916],[141.96383,-36.69968],[141.96391,-36.70045],[141.96375,-36.7013]]}},{"type":"Feature","properties":{"name":"Quantong Cemetery Road","class":3,"surf":0,"highway":"secondary"},"geometry":{"type":"LineString","coordinates":[[142.04485,-36.69314],[142.04484,-36.6975]]}},{"type":"Feature","properties":{"name":"Obrees Road","class":5,"surf":0,"highway":"unclassified"},"geometry":{"type":"LineString","coordinates":[[142.02793,-36.69755],[142.04484,-36.6975]]}},{"type":"Feature","properties":{"name":"Obrees Road","class":3,"surf":0,"highway":"secondary"},"geometry":{"type":"LineString","coordinates":[[142.06816,-36.6974],[142.08096,-36.69738]]}},{"type":"Feature","properties":{"name":"Obrees Road","class":3,"surf":0,"highway":"secondary"},"geometry":{"type":"LineString","coordinates":[[142.04484,-36.6975],[142.06291,-36.69745]]}},{"type":"Feature","properties":{"name":"Obrees Road","class":3,"surf":0,"highway":"secondary"},"geometry":{"type":"LineString","coordinates":[[142.08096,-36.69738],[142.09899,-36.69731]]}},{"type":"Feature","properties":{"name":"Obrees Road","class":3,"surf":0,"highway":"secondary"},"geometry":{"type":"LineString","coordinates":[[142.09899,-36.69731],[142.10574,-36.69729]]}},{"type":"Feature","properties":{"name":"Obrees Road","class":3,"surf":0,"highway":"secondary"},"geometry":{"type":"LineString","coordinates":[[142.10574,-36.69729],[142.11711,-36.69723]]}},{"type":"Feature","properties":{"name":"Obrees Road","class":3,"surf":0,"highway":"secondary"},"geometry":{"type":"LineString","coordinates":[[142.11711,-36.69723],[142.13517,-36.69716]]}},{"type":"Feature","properties":{"name":"Obrees Road","class":3,"surf":0,"highway":"secondary"},"geometry":{"type":"LineString","coordinates":[[142.13517,-36.69716],[142.14545,-36.69713]]}},{"type":"Feature","properties":{"name":"Hunts Road","class":3,"surf":0,"highway":"secondary"},"geometry":{"type":"LineString","coordinates":[[142.2018,-36.75296],[142.20476,-36.753],[142.20552,-36.75283]]}},{"type":"Feature","properties":{"name":"School Road","class":3,"surf":0,"highway":"secondary"},"geometry":{"type":"LineString","coordinates":[[142.28539,-36.74311],[142.28538,-36.75316]]}},{"type":"Feature","properties":{"name":"Horsham-Lubeck Road","class":2,"surf":0,"highway":"primary","ref":"C215"},"geometry":{"type":"LineString","coordinates":[[142.3219,-36.73852],[142.32187,-36.74675]]}},{"type":"Feature","properties":{"name":"Horsham-Lubeck Road","class":2,"surf":0,"highway":"primary","ref":"C215"},"geometry":{"type":"LineString","coordinates":[[142.32187,-36.74675],[142.32187,-36.74702]]}},{"type":"Feature","properties":{"name":"Horsham-Lubeck Road","class":3,"surf":0,"highway":"secondary"},"geometry":{"type":"LineString","coordinates":[[142.43374,-36.74542],[142.43323,-36.74553],[142.43238,-36.74592],[142.43185,-36.7464],[142.43151,-36.74688],[142.43137,-36.74728]]}},{"type":"Feature","properties":{"name":"Horsham-Lubeck Road","class":3,"surf":0,"highway":"secondary"},"geometry":{"type":"LineString","coordinates":[[142.42881,-36.75325],[142.41308,-36.75329]]}},{"type":"Feature","properties":{"name":"Horsham-Lubeck Road","class":3,"surf":0,"highway":"secondary"},"geometry":{"type":"LineString","coordinates":[[142.43129,-36.75124],[142.43116,-36.75169],[142.43096,-36.75204],[142.4305,-36.75255],[142.42972,-36.75302],[142.42881,-36.75325]]}},{"type":"Feature","properties":{"name":"Horsham-Lubeck Road","class":3,"surf":0,"highway":"secondary"},"geometry":{"type":"LineString","coordinates":[[142.43137,-36.74728],[142.43129,-36.75124]]}},{"type":"Feature","properties":{"name":"Tooan-Mitre Road","class":3,"surf":0,"highway":"secondary"},"geometry":{"type":"LineString","coordinates":[[141.77931,-36.74083],[141.77867,-36.7414],[141.77687,-36.74252],[141.77605,-36.74317],[141.77536,-36.74393],[141.77389,-36.74578]]}},{"type":"Feature","properties":{"name":"Natimuk-Frances Road","class":2,"surf":0,"highway":"primary","ref":"C213"},"geometry":{"type":"LineString","coordinates":[[141.86423,-36.74731],[141.87657,-36.74715]]}},{"type":"Feature","properties":{"name":"Natimuk-Frances Road","class":2,"surf":0,"highway":"primary","ref":"C213"},"geometry":{"type":"LineString","coordinates":[[141.87657,-36.74715],[141.88952,-36.74696]]}},{"type":"Feature","properties":{"name":"Wimmera Highway","class":1,"surf":0,"highway":"trunk","ref":"B240"},"geometry":{"type":"LineString","coordinates":[[142.25949,-36.6385],[142.2605,-36.63804],[142.26082,-36.63797]]}},{"type":"Feature","properties":{"name":"Northern Grampians Road","class":2,"surf":0,"highway":"primary","ref":"C222"},"geometry":{"type":"LineString","coordinates":[[142.32679,-36.98714],[142.32748,-36.98993]]}},{"type":"Feature","properties":{"name":"","class":5,"surf":0,"highway":"unclassified"},"geometry":{"type":"LineString","coordinates":[[142.24087,-36.67462],[142.23836,-36.6779]]}},{"type":"Feature","properties":{"name":"Northern Grampians Road","class":2,"surf":0,"highway":"primary","ref":"C222"},"geometry":{"type":"LineString","coordinates":[[142.32665,-36.98652],[142.32679,-36.98714]]}},{"type":"Feature","properties":{"name":"Horsham-Minyip Road","class":2,"surf":0,"highway":"primary","ref":"C236"},"geometry":{"type":"LineString","coordinates":[[142.39283,-36.50197],[142.39393,-36.5017]]}},{"type":"Feature","properties":{"name":"Horsham-Minyip Road","class":2,"surf":0,"highway":"primary","ref":"C236"},"geometry":{"type":"LineString","coordinates":[[142.39393,-36.5017],[142.39634,-36.5011]]}},{"type":"Feature","properties":{"name":"Henty Highway","class":1,"surf":0,"highway":"trunk","ref":"B200"},"geometry":{"type":"LineString","coordinates":[[142.3603,-36.48466],[142.35896,-36.48713]]}},{"type":"Feature","properties":{"name":"Henty Highway","class":1,"surf":0,"highway":"trunk","ref":"B200"},"geometry":{"type":"LineString","coordinates":[[142.35896,-36.48713],[142.35721,-36.49028],[142.35673,-36.49103]]}},{"type":"Feature","properties":{"name":"Horsham-Minyip Road","class":2,"surf":0,"highway":"primary","ref":"C236"},"geometry":{"type":"LineString","coordinates":[[142.39634,-36.5011],[142.39874,-36.50052],[142.39994,-36.50041]]}},{"type":"Feature","properties":{"name":"Horsham-Minyip Road","class":2,"surf":0,"highway":"primary","ref":"C236"},"geometry":{"type":"LineString","coordinates":[[142.37971,-36.50251],[142.39049,-36.50248],[142.39114,-36.50239],[142.39283,-36.50197]]}},{"type":"Feature","properties":{"name":"Jung North Road","class":5,"surf":0,"highway":"unclassified"},"geometry":{"type":"LineString","coordinates":[[142.35825,-36.56083],[142.35902,-36.56105],[142.35974,-36.56151],[142.36019,-36.56202],[142.36044,-36.56275]]}},{"type":"Feature","properties":{"name":"Courtneys Road","class":5,"surf":0,"highway":"unclassified"},"geometry":{"type":"LineString","coordinates":[[142.06261,-36.63924],[142.06267,-36.64227],[142.06262,-36.64428],[142.06268,-36.64596]]}},{"type":"Feature","properties":{"name":"Western Highway","class":1,"surf":0,"highway":"trunk","ref":"A8"},"geometry":{"type":"LineString","coordinates":[[142.14342,-36.64775],[142.14456,-36.64926]]}},{"type":"Feature","properties":{"name":"Western Highway","class":1,"surf":0,"highway":"trunk","ref":"A8"},"geometry":{"type":"LineString","coordinates":[[142.14456,-36.64926],[142.14675,-36.65349]]}},{"type":"Feature","properties":{"name":"Geodetic Road","class":3,"surf":0,"highway":"secondary"},"geometry":{"type":"LineString","coordinates":[[142.16872,-36.69564],[142.16987,-36.69701]]}},{"type":"Feature","properties":{"name":"Dimboola Road","class":1,"surf":0,"highway":"trunk","ref":"A8"},"geometry":{"type":"LineString","coordinates":[[142.16935,-36.6972],[142.17014,-36.6978],[142.17294,-36.69938],[142.18438,-36.70486]]}},{"type":"Feature","properties":{"name":"Palm Avenue","class":6,"surf":0,"highway":"unclassified"},"geometry":{"type":"LineString","coordinates":[[142.21477,-36.70332],[142.21577,-36.70251]]}},{"type":"Feature","properties":{"name":"Riverside Road","class":5,"surf":0,"highway":"unclassified"},"geometry":{"type":"LineString","coordinates":[[142.238,-36.69989],[142.23802,-36.70157]]}},{"type":"Feature","properties":{"name":"Riverside East Road","class":5,"surf":0,"highway":"unclassified"},"geometry":{"type":"LineString","coordinates":[[142.24906,-36.69436],[142.24904,-36.69816]]}},{"type":"Feature","properties":{"name":"Mitre-Nurcoung Road","class":3,"surf":0,"highway":"secondary"},"geometry":{"type":"LineString","coordinates":[[141.76232,-36.70241],[141.76339,-36.70277],[141.764,-36.70287],[141.77457,-36.70393]]}},{"type":"Feature","properties":{"name":"Arapiles-Grass Flat Road","class":3,"surf":0,"highway":"secondary"},"geometry":{"type":"LineString","coordinates":[[141.86075,-36.69467],[141.86012,-36.69868]]}},{"type":"Feature","properties":{"name":"Struthers Avenue","class":5,"surf":0,"highway":"unclassified"},"geometry":{"type":"LineString","coordinates":[[142.01269,-36.75153],[142.01894,-36.75156]]}},{"type":"Feature","properties":{"name":"Hughes Road","class":5,"surf":0,"highway":"unclassified"},"geometry":{"type":"LineString","coordinates":[[142.01892,-36.74698],[142.01894,-36.75156]]}},{"type":"Feature","properties":{"name":"Hughes Road","class":5,"surf":0,"highway":"unclassified"},"geometry":{"type":"LineString","coordinates":[[142.01894,-36.75156],[142.01893,-36.75531],[142.01899,-36.75575]]}},{"type":"Feature","properties":{"name":"Lanes Avenue","class":4,"surf":0,"highway":"tertiary"},"geometry":{"type":"LineString","coordinates":[[142.03077,-36.75575],[142.03559,-36.75573]]}},{"type":"Feature","properties":{"name":"Laroona Drive","class":5,"surf":0,"highway":"unclassified"},"geometry":{"type":"LineString","coordinates":[[142.05559,-36.75392],[142.05575,-36.75385],[142.05681,-36.75384]]}},{"type":"Feature","properties":{"name":"Laroona Drive","class":5,"surf":0,"highway":"unclassified"},"geometry":{"type":"LineString","coordinates":[[142.05681,-36.75384],[142.05711,-36.75384]]}},{"type":"Feature","properties":{"name":"Laroona Drive","class":5,"surf":0,"highway":"unclassified"},"geometry":{"type":"LineString","coordinates":[[142.05775,-36.75373],[142.05821,-36.75348],[142.0602,-36.75347]]}},{"type":"Feature","properties":{"name":"Laroona Drive","class":5,"surf":0,"highway":"unclassified"},"geometry":{"type":"LineString","coordinates":[[142.05711,-36.75384],[142.05754,-36.75383],[142.05775,-36.75373]]}},{"type":"Feature","properties":{"name":"Laroona Drive","class":5,"surf":0,"highway":"unclassified"},"geometry":{"type":"LineString","coordinates":[[142.0602,-36.75347],[142.06316,-36.75347]]}},{"type":"Feature","properties":{"name":"Pelchens Road","class":5,"surf":0,"highway":"unclassified"},"geometry":{"type":"LineString","coordinates":[[142.06316,-36.75347],[142.06319,-36.75562]]}},{"type":"Feature","properties":{"name":"Pelchens Road","class":5,"surf":0,"highway":"unclassified"},"geometry":{"type":"LineString","coordinates":[[142.06312,-36.74945],[142.06315,-36.75218]]}},{"type":"Feature","properties":{"name":"Lindners Road","class":5,"surf":0,"highway":"unclassified"},"geometry":{"type":"LineString","coordinates":[[142.08126,-36.75558],[142.08132,-36.7685]]}},{"type":"Feature","properties":{"name":"Lindners Road","class":5,"surf":0,"highway":"unclassified"},"geometry":{"type":"LineString","coordinates":[[142.08124,-36.74865],[142.08126,-36.75558]]}},{"type":"Feature","properties":{"name":"","class":5,"surf":0,"highway":"unclassified"},"geometry":{"type":"LineString","coordinates":[[142.30242,-36.68401],[142.30482,-36.68217]]}},{"type":"Feature","properties":{"name":"Tralee Lane","class":5,"surf":0,"highway":"unclassified"},"geometry":{"type":"LineString","coordinates":[[142.3296,-36.68688],[142.32967,-36.68676],[142.32958,-36.68645]]}},{"type":"Feature","properties":{"name":"","class":6,"surf":0,"highway":"unclassified"},"geometry":{"type":"LineString","coordinates":[[142.21477,-36.70332],[142.21475,-36.7032],[142.21433,-36.70304],[142.21414,-36.70282],[142.21417,-36.70239],[142.21432,-36.70226],[142.21509,-36.70189],[142.21574,-36.70189],[142.21605,-36.7022],[142.21604,-36.7023],[142.21577,-36.70251]]}},{"type":"Feature","properties":{"name":"Jung North Road","class":5,"surf":0,"highway":"unclassified"},"geometry":{"type":"LineString","coordinates":[[142.36037,-36.57441],[142.36026,-36.58794]]}},{"type":"Feature","properties":{"name":"Henty Highway","class":1,"surf":0,"highway":"trunk","ref":"B200"},"geometry":{"type":"LineString","coordinates":[[142.25707,-36.65818],[142.2574,-36.65751]]}},{"type":"Feature","properties":{"name":"Jung North Road","class":5,"surf":0,"highway":"unclassified"},"geometry":{"type":"LineString","coordinates":[[142.36037,-36.57428],[142.36037,-36.57441]]}},{"type":"Feature","properties":{"name":"Jung North Road","class":5,"surf":0,"highway":"unclassified"},"geometry":{"type":"LineString","coordinates":[[142.36044,-36.56275],[142.36038,-36.57318]]}},{"type":"Feature","properties":{"name":"Jung North Road","class":5,"surf":0,"highway":"unclassified"},"geometry":{"type":"LineString","coordinates":[[142.36038,-36.57318],[142.36037,-36.57428]]}},{"type":"Feature","properties":{"name":"Henty Highway","class":1,"surf":0,"highway":"trunk","ref":"B200"},"geometry":{"type":"LineString","coordinates":[[142.25852,-36.65525],[142.25911,-36.65374]]}},{"type":"Feature","properties":{"name":"Henty Highway","class":1,"surf":0,"highway":"trunk","ref":"B200"},"geometry":{"type":"LineString","coordinates":[[142.25838,-36.65548],[142.25852,-36.65525]]}},{"type":"Feature","properties":{"name":"Henty Highway","class":1,"surf":0,"highway":"trunk","ref":"B200"},"geometry":{"type":"LineString","coordinates":[[142.25812,-36.65604],[142.25838,-36.65548]]}},{"type":"Feature","properties":{"name":"Henty Highway","class":1,"surf":0,"highway":"trunk","ref":"B200"},"geometry":{"type":"LineString","coordinates":[[142.25788,-36.65651],[142.25812,-36.65604]]}},{"type":"Feature","properties":{"name":"Henty Highway","class":1,"surf":0,"highway":"trunk","ref":"B200"},"geometry":{"type":"LineString","coordinates":[[142.2574,-36.65751],[142.25788,-36.65651]]}},{"type":"Feature","properties":{"name":"West Wail Road","class":5,"surf":0,"highway":"unclassified"},"geometry":{"type":"LineString","coordinates":[[142.01866,-36.57489],[142.01976,-36.57464]]}},{"type":"Feature","properties":{"name":"West Wail Road","class":5,"surf":0,"highway":"unclassified"},"geometry":{"type":"LineString","coordinates":[[142.04779,-36.5765],[142.04849,-36.57668],[142.05331,-36.57668]]}},{"type":"Feature","properties":{"name":"West Wail Road","class":5,"surf":0,"highway":"unclassified"},"geometry":{"type":"LineString","coordinates":[[142.04088,-36.5721],[142.04162,-36.57229],[142.04379,-36.57329],[142.04471,-36.57376],[142.04557,-36.57444]]}},{"type":"Feature","properties":{"name":"Henty Highway","class":1,"surf":0,"highway":"trunk","ref":"B200"},"geometry":{"type":"LineString","coordinates":[[142.25929,-36.65303],[142.25941,-36.65215],[142.25938,-36.64554]]}},{"type":"Feature","properties":{"name":"Henty Highway","class":1,"surf":0,"highway":"trunk","ref":"B200"},"geometry":{"type":"LineString","coordinates":[[142.25508,-36.66119],[142.25518,-36.66112]]}},{"type":"Feature","properties":{"name":"Henty Highway","class":1,"surf":0,"highway":"trunk","ref":"B200"},"geometry":{"type":"LineString","coordinates":[[142.25687,-36.65858],[142.25707,-36.65818]]}},{"type":"Feature","properties":{"name":"Henty Highway","class":1,"surf":0,"highway":"trunk","ref":"B200"},"geometry":{"type":"LineString","coordinates":[[142.25674,-36.65884],[142.25687,-36.65858]]}},{"type":"Feature","properties":{"name":"Henty Highway","class":1,"surf":0,"highway":"trunk","ref":"B200"},"geometry":{"type":"LineString","coordinates":[[142.25518,-36.66112],[142.25578,-36.66054],[142.25602,-36.66021]]}},{"type":"Feature","properties":{"name":"Henty Highway","class":1,"surf":0,"highway":"trunk","ref":"B200"},"geometry":{"type":"LineString","coordinates":[[142.25602,-36.66021],[142.25674,-36.65884]]}},{"type":"Feature","properties":{"name":"Arapiles-Grass Flat Road","class":3,"surf":0,"highway":"secondary"},"geometry":{"type":"LineString","coordinates":[[141.86012,-36.69868],[141.85962,-36.70197]]}},{"type":"Feature","properties":{"name":"Wyn Wyn Road","class":2,"surf":0,"highway":"primary"},"geometry":{"type":"LineString","coordinates":[[141.91745,-36.70625],[141.91834,-36.70745]]}},{"type":"Feature","properties":{"name":"Lake Road","class":3,"surf":0,"highway":"secondary"},"geometry":{"type":"LineString","coordinates":[[141.94426,-36.69759],[141.94438,-36.69859],[141.94453,-36.69903],[141.94658,-36.70217],[141.94694,-36.70284],[141.94724,-36.70363]]}},{"type":"Feature","properties":{"name":"Lake Road","class":3,"surf":0,"highway":"secondary"},"geometry":{"type":"LineString","coordinates":[[141.94724,-36.70363],[141.94735,-36.70421],[141.94754,-36.7063],[141.9473,-36.70783]]}},{"type":"Feature","properties":{"name":"Quantong Cemetery Road","class":3,"surf":0,"highway":"secondary"},"geometry":{"type":"LineString","coordinates":[[142.04487,-36.70924],[142.0449,-36.71387]]}},{"type":"Feature","properties":{"name":"Quantong Cemetery Road","class":3,"surf":0,"highway":"secondary"},"geometry":{"type":"LineString","coordinates":[[142.04484,-36.6975],[142.04487,-36.70447]]}},{"type":"Feature","properties":{"name":"Quantong Cemetery Road","class":3,"surf":0,"highway":"secondary"},"geometry":{"type":"LineString","coordinates":[[142.04487,-36.70447],[142.04487,-36.70924]]}},{"type":"Feature","properties":{"name":"Riverside East Road","class":3,"surf":0,"highway":"secondary"},"geometry":{"type":"LineString","coordinates":[[142.24901,-36.71261],[142.24901,-36.71779]]}},{"type":"Feature","properties":{"name":"Riverside East Road","class":3,"surf":0,"highway":"secondary"},"geometry":{"type":"LineString","coordinates":[[142.24904,-36.70905],[142.24901,-36.71261]]}},{"type":"Feature","properties":{"name":"Three Bridges Road","class":3,"surf":0,"highway":"secondary"},"geometry":{"type":"LineString","coordinates":[[142.17209,-36.75531],[142.17531,-36.75286]]}},{"type":"Feature","properties":{"name":"Drung-Jung Road","class":3,"surf":0,"highway":"secondary"},"geometry":{"type":"LineString","coordinates":[[142.33516,-36.71506],[142.33478,-36.71566],[142.33433,-36.71611],[142.32925,-36.72023]]}},{"type":"Feature","properties":{"name":"Drung-Jung Road","class":3,"surf":0,"highway":"secondary"},"geometry":{"type":"LineString","coordinates":[[142.33526,-36.70858],[142.3353,-36.71265]]}},{"type":"Feature","properties":{"name":"Drung-Jung Road","class":3,"surf":0,"highway":"secondary"},"geometry":{"type":"LineString","coordinates":[[142.3353,-36.71265],[142.33533,-36.7143],[142.33516,-36.71506]]}},{"type":"Feature","properties":{"name":"Wards Road","class":3,"surf":0,"highway":"secondary"},"geometry":{"type":"LineString","coordinates":[[142.16885,-36.75773],[142.16896,-36.75835],[142.16895,-36.76075]]}},{"type":"Feature","properties":{"name":"Three Bridges Road","class":3,"surf":0,"highway":"secondary"},"geometry":{"type":"LineString","coordinates":[[142.16885,-36.75773],[142.16903,-36.75759]]}},{"type":"Feature","properties":{"name":"Three Bridges Road","class":3,"surf":0,"highway":"secondary"},"geometry":{"type":"LineString","coordinates":[[142.16999,-36.75689],[142.17209,-36.75531]]}},{"type":"Feature","properties":{"name":"Golf Course Road","class":3,"surf":0,"highway":"secondary"},"geometry":{"type":"LineString","coordinates":[[142.17531,-36.75286],[142.17553,-36.75264],[142.17818,-36.749]]}},{"type":"Feature","properties":{"name":"Plozzas Road","class":3,"surf":0,"highway":"secondary"},"geometry":{"type":"LineString","coordinates":[[142.17531,-36.75286],[142.17922,-36.7529]]}},{"type":"Feature","properties":{"name":"Colonial Drive","class":5,"surf":0,"highway":"unclassified"},"geometry":{"type":"LineString","coordinates":[[142.18003,-36.75098],[142.17963,-36.75108],[142.17915,-36.75147],[142.17922,-36.75187],[142.17922,-36.7529]]}},{"type":"Feature","properties":{"name":"Holes Road","class":3,"surf":0,"highway":"secondary"},"geometry":{"type":"LineString","coordinates":[[142.22376,-36.75305],[142.22462,-36.75305]]}},{"type":"Feature","properties":{"name":"Holes Road","class":3,"surf":0,"highway":"secondary"},"geometry":{"type":"LineString","coordinates":[[142.22462,-36.75305],[142.23065,-36.75307]]}},{"type":"Feature","properties":{"name":"West Road","class":5,"surf":0,"highway":"unclassified"},"geometry":{"type":"LineString","coordinates":[[142.26711,-36.75783],[142.26707,-36.76778]]}},{"type":"Feature","properties":{"name":"Horsham-Lubeck Road","class":3,"surf":0,"highway":"secondary"},"geometry":{"type":"LineString","coordinates":[[142.39486,-36.76035],[142.39431,-36.76059],[142.39372,-36.76069],[142.3931,-36.76071],[142.39182,-36.76044]]}},{"type":"Feature","properties":{"name":"Horsham-Lubeck Road","class":3,"surf":0,"highway":"secondary"},"geometry":{"type":"LineString","coordinates":[[142.3913,-36.76028],[142.38726,-36.75975],[142.38427,-36.75953],[142.38344,-36.75961],[142.38251,-36.75983],[142.37951,-36.76073]]}},{"type":"Feature","properties":{"name":"Wimmera Highway","class":1,"surf":0,"highway":"trunk","ref":"C240"},"geometry":{"type":"LineString","coordinates":[[141.90559,-36.75696],[141.932,-36.74536]]}},{"type":"Feature","properties":{"name":"Wimmera Highway","class":1,"surf":0,"highway":"trunk","ref":"C240"},"geometry":{"type":"LineString","coordinates":[[141.932,-36.74536],[141.93227,-36.74525]]}},{"type":"Feature","properties":{"name":"Horsham-Wal Wal Road","class":3,"surf":0,"highway":"secondary"},"geometry":{"type":"LineString","coordinates":[[142.50894,-36.81175],[142.50754,-36.81185]]}},{"type":"Feature","properties":{"name":"Horsham-Wal Wal Road","class":3,"surf":0,"highway":"secondary"},"geometry":{"type":"LineString","coordinates":[[142.50949,-36.81169],[142.50894,-36.81175]]}},{"type":"Feature","properties":{"name":"Horsham-Wal Wal Road","class":3,"surf":0,"highway":"secondary"},"geometry":{"type":"LineString","coordinates":[[142.51039,-36.8116],[142.50976,-36.81165]]}},{"type":"Feature","properties":{"name":"Horsham-Wal Wal Road","class":3,"surf":0,"highway":"secondary"},"geometry":{"type":"LineString","coordinates":[[142.50976,-36.81165],[142.50949,-36.81169]]}},{"type":"Feature","properties":{"name":"Blue Ribbon Road","class":2,"surf":0,"highway":"primary","ref":"C231"},"geometry":{"type":"LineString","coordinates":[[142.22072,-36.48834],[142.22066,-36.49257]]}},{"type":"Feature","properties":{"name":"Blue Ribbon Road","class":2,"surf":0,"highway":"primary","ref":"C231"},"geometry":{"type":"LineString","coordinates":[[142.22066,-36.49257],[142.21956,-36.49781]]}},{"type":"Feature","properties":{"name":"Blue Ribbon Road","class":2,"surf":0,"highway":"primary","ref":"C231"},"geometry":{"type":"LineString","coordinates":[[142.21956,-36.49781],[142.21765,-36.50653]]}},{"type":"Feature","properties":{"name":"Horsham-Minyip Road","class":2,"surf":0,"highway":"primary","ref":"C236"},"geometry":{"type":"LineString","coordinates":[[142.37374,-36.50249],[142.37971,-36.50251]]}},{"type":"Feature","properties":{"name":"Horsham-Minyip Road","class":2,"surf":0,"highway":"primary","ref":"C236"},"geometry":{"type":"LineString","coordinates":[[142.37136,-36.50249],[142.37374,-36.50249]]}},{"type":"Feature","properties":{"name":"West Wail Road","class":5,"surf":0,"highway":"unclassified"},"geometry":{"type":"LineString","coordinates":[[142.04557,-36.57444],[142.04749,-36.57629],[142.04779,-36.5765]]}},{"type":"Feature","properties":{"name":"West Wail Road","class":5,"surf":0,"highway":"unclassified"},"geometry":{"type":"LineString","coordinates":[[142.01976,-36.57464],[142.02329,-36.57381],[142.02403,-36.57352],[142.02517,-36.5732],[142.02983,-36.57201],[142.03057,-36.57188],[142.03319,-36.57186],[142.03494,-36.57202],[142.04088,-36.5721]]}},{"type":"Feature","properties":{"name":"West Wail Road","class":5,"surf":0,"highway":"unclassified"},"geometry":{"type":"LineString","coordinates":[[142.05901,-36.57665],[142.06241,-36.57665]]}},{"type":"Feature","properties":{"name":"Western Highway","class":1,"surf":0,"highway":"trunk","ref":"A8"},"geometry":{"type":"LineString","coordinates":[[142.11598,-36.56894],[142.1161,-36.57385]]}},{"type":"Feature","properties":{"name":"Tuckers Road","class":5,"surf":0,"highway":"unclassified"},"geometry":{"type":"LineString","coordinates":[[142.32137,-36.64743],[142.32138,-36.65218]]}},{"type":"Feature","properties":{"name":"Arapiles-Grass Flat Road","class":3,"surf":0,"highway":"secondary"},"geometry":{"type":"LineString","coordinates":[[141.87015,-36.63349],[141.86721,-36.65246]]}},{"type":"Feature","properties":{"name":"Lake Road","class":3,"surf":0,"highway":"secondary"},"geometry":{"type":"LineString","coordinates":[[141.92027,-36.64012],[141.92032,-36.64653],[141.92048,-36.64729]]}},{"type":"Feature","properties":{"name":"Polkemmet Road","class":3,"surf":0,"highway":"secondary"},"geometry":{"type":"LineString","coordinates":[[141.97748,-36.65424],[141.97702,-36.65454]]}},{"type":"Feature","properties":{"name":"Polkemmet Road","class":3,"surf":0,"highway":"secondary"},"geometry":{"type":"LineString","coordinates":[[141.97702,-36.65454],[141.97428,-36.65638]]}},{"type":"Feature","properties":{"name":"Polkemmet Road","class":3,"surf":0,"highway":"secondary"},"geometry":{"type":"LineString","coordinates":[[141.99069,-36.65379],[141.98255,-36.65268]]}},{"type":"Feature","properties":{"name":"Polkemmet Road","class":3,"surf":0,"highway":"secondary"},"geometry":{"type":"LineString","coordinates":[[141.98034,-36.65293],[141.97802,-36.65394]]}},{"type":"Feature","properties":{"name":"Polkemmet Road","class":3,"surf":0,"highway":"secondary"},"geometry":{"type":"LineString","coordinates":[[142.01436,-36.65577],[142.01865,-36.65606]]}},{"type":"Feature","properties":{"name":"Mitre-Grass Flat Road","class":3,"surf":0,"highway":"secondary"},"geometry":{"type":"LineString","coordinates":[[141.80388,-36.71393],[141.80431,-36.71122]]}},{"type":"Feature","properties":{"name":"Polkemmet Road","class":3,"surf":0,"highway":"secondary"},"geometry":{"type":"LineString","coordinates":[[141.99069,-36.65379],[141.99424,-36.65496],[141.99513,-36.6551],[142.00434,-36.65516],[142.01436,-36.65577]]}},{"type":"Feature","properties":{"name":"Western Highway","class":1,"surf":0,"highway":"trunk","ref":"A8"},"geometry":{"type":"LineString","coordinates":[[142.14675,-36.65349],[142.14904,-36.65804]]}},{"type":"Feature","properties":{"name":"Western Highway","class":1,"surf":0,"highway":"trunk","ref":"A8"},"geometry":{"type":"LineString","coordinates":[[142.14904,-36.65804],[142.15594,-36.6716]]}},{"type":"Feature","properties":{"name":"Mitre-Nurcoung Road","class":3,"surf":0,"highway":"secondary"},"geometry":{"type":"LineString","coordinates":[[141.77457,-36.70393],[141.77886,-36.70439],[141.77922,-36.70448]]}},{"type":"Feature","properties":{"name":"Mitre-Nurcoung Road","class":3,"surf":0,"highway":"secondary"},"geometry":{"type":"LineString","coordinates":[[141.78051,-36.70606],[141.77985,-36.71048]]}},{"type":"Feature","properties":{"name":"Mitre-Grass Flat Road","class":3,"surf":0,"highway":"secondary"},"geometry":{"type":"LineString","coordinates":[[141.80498,-36.707],[141.8063,-36.6985]]}},{"type":"Feature","properties":{"name":"Mitre-Grass Flat Road","class":3,"surf":0,"highway":"secondary"},"geometry":{"type":"LineString","coordinates":[[141.80431,-36.71122],[141.80498,-36.707]]}},{"type":"Feature","properties":{"name":"Arapiles-Grass Flat Road","class":3,"surf":0,"highway":"secondary"},"geometry":{"type":"LineString","coordinates":[[141.85962,-36.70197],[141.85823,-36.71109]]}},{"type":"Feature","properties":{"name":"B Hateleys Road","class":2,"surf":0,"highway":"primary"},"geometry":{"type":"LineString","coordinates":[[141.87256,-36.71256],[141.87266,-36.71257]]}},{"type":"Feature","properties":{"name":"B Hateleys Road","class":2,"surf":0,"highway":"primary"},"geometry":{"type":"LineString","coordinates":[[141.87266,-36.71257],[141.87859,-36.71316]]}},{"type":"Feature","properties":{"name":"B Hateleys Road","class":2,"surf":0,"highway":"primary"},"geometry":{"type":"LineString","coordinates":[[141.85823,-36.71109],[141.86818,-36.71213]]}},{"type":"Feature","properties":{"name":"B Hateleys Road","class":2,"surf":0,"highway":"primary"},"geometry":{"type":"LineString","coordinates":[[141.86818,-36.71213],[141.87256,-36.71256]]}},{"type":"Feature","properties":{"name":"B Hateleys Road","class":2,"surf":0,"highway":"primary"},"geometry":{"type":"LineString","coordinates":[[141.87859,-36.71316],[141.8822,-36.71351],[141.88235,-36.71358]]}},{"type":"Feature","properties":{"name":"Three Chain Road","class":2,"surf":0,"highway":"primary"},"geometry":{"type":"LineString","coordinates":[[141.89907,-36.71459],[141.90902,-36.7117],[141.92131,-36.71171]]}},{"type":"Feature","properties":{"name":"Wyn Wyn Road","class":2,"surf":0,"highway":"primary"},"geometry":{"type":"LineString","coordinates":[[141.91834,-36.70745],[141.92104,-36.71116],[141.92131,-36.71171]]}},{"type":"Feature","properties":{"name":"Wimmera Highway","class":1,"surf":0,"highway":"trunk","ref":"C240"},"geometry":{"type":"LineString","coordinates":[[141.93227,-36.74525],[141.93345,-36.74492]]}},{"type":"Feature","properties":{"name":"Natimuk-Frances Road","class":2,"surf":0,"highway":"primary","ref":"C213"},"geometry":{"type":"LineString","coordinates":[[141.92151,-36.74144],[141.92412,-36.74145],[141.92573,-36.74179],[141.92682,-36.74212],[141.92777,-36.74252],[141.93145,-36.74457],[141.93202,-36.74491],[141.93227,-36.74525]]}},{"type":"Feature","properties":{"name":"Wimmera Highway","class":1,"surf":0,"highway":"trunk","ref":"C240"},"geometry":{"type":"LineString","coordinates":[[141.93345,-36.74492],[141.93364,-36.74487]]}},{"type":"Feature","properties":{"name":"Creek Road","class":3,"surf":0,"highway":"secondary"},"geometry":{"type":"LineString","coordinates":[[141.932,-36.74536],[141.93206,-36.7456],[141.93199,-36.74581],[141.93164,-36.74643],[141.93103,-36.74782],[141.92965,-36.75021]]}},{"type":"Feature","properties":{"name":"Blocks Road","class":5,"surf":0,"highway":"unclassified"},"geometry":{"type":"LineString","coordinates":[[142.01319,-36.73718],[142.01316,-36.74253]]}},{"type":"Feature","properties":{"name":"Blocks Road","class":5,"surf":0,"highway":"unclassified"},"geometry":{"type":"LineString","coordinates":[[142.01316,-36.74253],[142.01261,-36.74492],[142.01266,-36.74851],[142.01261,-36.75119],[142.01263,-36.75147],[142.01269,-36.75153]]}},{"type":"Feature","properties":{"name":"Asplins Road","class":5,"surf":0,"highway":"unclassified"},"geometry":{"type":"LineString","coordinates":[[142.02833,-36.74289],[142.02835,-36.74591]]}},{"type":"Feature","properties":{"name":"Asplins Road","class":5,"surf":0,"highway":"unclassified"},"geometry":{"type":"LineString","coordinates":[[142.02835,-36.74625],[142.02835,-36.74695]]}},{"type":"Feature","properties":{"name":"Asplins Road","class":5,"surf":0,"highway":"unclassified"},"geometry":{"type":"LineString","coordinates":[[142.02835,-36.74591],[142.02835,-36.74607]]}},{"type":"Feature","properties":{"name":"Asplins Road","class":5,"surf":0,"highway":"unclassified"},"geometry":{"type":"LineString","coordinates":[[142.02835,-36.74607],[142.02835,-36.74625]]}},{"type":"Feature","properties":{"name":"Wimmera Highway","class":1,"surf":0,"highway":"trunk","ref":"C240"},"geometry":{"type":"LineString","coordinates":[[142.02831,-36.73799],[142.04501,-36.739]]}},{"type":"Feature","properties":{"name":"Asplins Road","class":5,"surf":0,"highway":"unclassified"},"geometry":{"type":"LineString","coordinates":[[142.02831,-36.73799],[142.02832,-36.74068]]}},{"type":"Feature","properties":{"name":"Pelchens Road","class":5,"surf":0,"highway":"unclassified"},"geometry":{"type":"LineString","coordinates":[[142.06311,-36.74612],[142.06313,-36.74763]]}},{"type":"Feature","properties":{"name":"Pelchens Road","class":5,"surf":0,"highway":"unclassified"},"geometry":{"type":"LineString","coordinates":[[142.0631,-36.74502],[142.06311,-36.74587]]}},{"type":"Feature","properties":{"name":"Pelchens Road","class":5,"surf":0,"highway":"unclassified"},"geometry":{"type":"LineString","coordinates":[[142.06311,-36.74587],[142.06311,-36.74612]]}},{"type":"Feature","properties":{"name":"Pelchens Road","class":5,"surf":0,"highway":"unclassified"},"geometry":{"type":"LineString","coordinates":[[142.06313,-36.74763],[142.06313,-36.74795]]}},{"type":"Feature","properties":{"name":"Pelchens Road","class":5,"surf":0,"highway":"unclassified"},"geometry":{"type":"LineString","coordinates":[[142.06313,-36.74795],[142.06313,-36.74835]]}},{"type":"Feature","properties":{"name":"Pelchens Road","class":5,"surf":0,"highway":"unclassified"},"geometry":{"type":"LineString","coordinates":[[142.06313,-36.74835],[142.06313,-36.74845]]}},{"type":"Feature","properties":{"name":"Horsham-Lubeck Road","class":3,"surf":0,"highway":"secondary"},"geometry":{"type":"LineString","coordinates":[[142.41308,-36.75329],[142.40226,-36.75333]]}},{"type":"Feature","properties":{"name":"Arapiles-Grass Flat Road","class":3,"surf":0,"highway":"secondary"},"geometry":{"type":"LineString","coordinates":[[141.85574,-36.72727],[141.8561,-36.74741]]}},{"type":"Feature","properties":{"name":"Plumpton Road","class":5,"surf":0,"highway":"unclassified"},"geometry":{"type":"LineString","coordinates":[[142.19454,-36.73338],[142.19544,-36.73337]]}},{"type":"Feature","properties":{"name":"Plumpton Road","class":5,"surf":0,"highway":"unclassified"},"geometry":{"type":"LineString","coordinates":[[142.19544,-36.73337],[142.19822,-36.73336]]}},{"type":"Feature","properties":{"name":"Hanson Street","class":5,"surf":0,"highway":"unclassified"},"geometry":{"type":"LineString","coordinates":[[142.19822,-36.73336],[142.19821,-36.73233],[142.19813,-36.73213],[142.19631,-36.7321]]}},{"type":"Feature","properties":{"name":"Natimuk-Hamilton Road","class":2,"surf":0,"highway":"primary","ref":"C214"},"geometry":{"type":"LineString","coordinates":[[141.96509,-36.84768],[141.96063,-36.8766]]}},{"type":"Feature","properties":{"name":"Main Street","class":1,"surf":0,"highway":"trunk","ref":"C240"},"geometry":{"type":"LineString","coordinates":[[141.95092,-36.73778],[141.95121,-36.73762]]}},{"type":"Feature","properties":{"name":"Windsor Crescent","class":5,"surf":0,"highway":"unclassified"},"geometry":{"type":"LineString","coordinates":[[142.17559,-36.72648],[142.1752,-36.72661],[142.17444,-36.72653]]}},{"type":"Feature","properties":{"name":"","class":5,"surf":0,"highway":"unclassified"},"geometry":{"type":"LineString","coordinates":[[142.19291,-36.71728],[142.19382,-36.71727]]}},{"type":"Feature","properties":{"name":"McPherson Street","class":1,"surf":0,"highway":"trunk","ref":"A8"},"geometry":{"type":"LineString","coordinates":[[142.20494,-36.71544],[142.20492,-36.71612]]}},{"type":"Feature","properties":{"name":"Hammond-McCuish Road","class":3,"surf":0,"highway":"secondary"},"geometry":{"type":"LineString","coordinates":[[141.93723,-36.81223],[141.94254,-36.81673],[141.94276,-36.81701]]}},{"type":"Feature","properties":{"name":"Natimuk-Hamilton Road","class":2,"surf":0,"highway":"primary","ref":"C219"},"geometry":{"type":"LineString","coordinates":[[141.96862,-36.80762],[141.96757,-36.81446]]}},{"type":"Feature","properties":{"name":"Western Highway","class":1,"surf":0,"highway":"trunk","ref":"A8"},"geometry":{"type":"LineString","coordinates":[[142.32177,-36.79798],[142.32752,-36.80106]]}},{"type":"Feature","properties":{"name":"Western Highway","class":1,"surf":0,"highway":"trunk","ref":"A8"},"geometry":{"type":"LineString","coordinates":[[142.32752,-36.80106],[142.34031,-36.80789]]}},{"type":"Feature","properties":{"name":"Golton Road","class":5,"surf":0,"highway":"unclassified"},"geometry":{"type":"LineString","coordinates":[[142.44963,-36.80746],[142.44963,-36.80902]]}},{"type":"Feature","properties":{"name":"Golton Road","class":5,"surf":0,"highway":"unclassified"},"geometry":{"type":"LineString","coordinates":[[142.44963,-36.80902],[142.44964,-36.81159]]}},{"type":"Feature","properties":{"name":"Jallumba-Mockinya Road","class":3,"surf":0,"highway":"secondary"},"geometry":{"type":"LineString","coordinates":[[141.98472,-36.93632],[141.98832,-36.93666]]}},{"type":"Feature","properties":{"name":"Tooan-Mitre Road","class":3,"surf":0,"highway":"secondary"},"geometry":{"type":"LineString","coordinates":[[141.78323,-36.7892],[141.78381,-36.78971],[141.78853,-36.79445],[141.78926,-36.795],[141.79727,-36.80041],[141.7982,-36.80116]]}},{"type":"Feature","properties":{"name":"Tooan-Mitre Road","class":3,"surf":0,"highway":"secondary"},"geometry":{"type":"LineString","coordinates":[[141.7982,-36.80116],[141.79979,-36.80308]]}},{"type":"Feature","properties":{"name":"Wimmera Highway","class":1,"surf":0,"highway":"trunk","ref":"C240"},"geometry":{"type":"LineString","coordinates":[[141.79144,-36.80366],[141.79514,-36.80309],[141.79664,-36.80303]]}},{"type":"Feature","properties":{"name":"Wimmera Highway","class":1,"surf":0,"highway":"trunk","ref":"C240"},"geometry":{"type":"LineString","coordinates":[[141.79664,-36.80303],[141.79979,-36.80308]]}},{"type":"Feature","properties":{"name":"Wimmera Highway","class":1,"surf":0,"highway":"trunk","ref":"C240"},"geometry":{"type":"LineString","coordinates":[[141.79979,-36.80308],[141.80201,-36.80304],[141.80315,-36.80288],[141.80381,-36.80271]]}},{"type":"Feature","properties":{"name":"Wimmera Highway","class":1,"surf":0,"highway":"trunk","ref":"C240"},"geometry":{"type":"LineString","coordinates":[[141.80381,-36.80271],[141.80503,-36.80229],[141.80612,-36.80172],[141.80701,-36.80109],[141.80794,-36.80032]]}},{"type":"Feature","properties":{"name":"Stapledons Road","class":5,"surf":0,"highway":"unclassified"},"geometry":{"type":"LineString","coordinates":[[142.52104,-36.87756],[142.52105,-36.8674]]}},{"type":"Feature","properties":{"name":"Stapledons Road","class":5,"surf":0,"highway":"unclassified"},"geometry":{"type":"LineString","coordinates":[[142.52322,-36.88416],[142.52301,-36.8838],[142.52153,-36.88207],[142.52111,-36.88115],[142.52104,-36.87756]]}},{"type":"Feature","properties":{"name":"Horsham-Noradjuha Road","class":2,"surf":0,"highway":"primary","ref":"C214"},"geometry":{"type":"LineString","coordinates":[[142.05197,-36.8035],[142.04959,-36.80492]]}},{"type":"Feature","properties":{"name":"Scott Heard Lights Road","class":3,"surf":0,"highway":"secondary"},"geometry":{"type":"LineString","coordinates":[[141.88877,-36.86951],[141.8864,-36.88505]]}},{"type":"Feature","properties":{"name":"Scott Heard Lights Road","class":3,"surf":0,"highway":"secondary"},"geometry":{"type":"LineString","coordinates":[[141.88977,-36.86284],[141.88877,-36.86951]]}},{"type":"Feature","properties":{"name":"Jallumba-Mockinya Road","class":3,"surf":0,"highway":"secondary"},"geometry":{"type":"LineString","coordinates":[[141.98832,-36.93666],[142.01126,-36.93886]]}},{"type":"Feature","properties":{"name":"Jallumba-Mockinya Road","class":3,"surf":0,"highway":"secondary"},"geometry":{"type":"LineString","coordinates":[[142.02945,-36.94073],[142.03024,-36.94077],[142.03154,-36.94069]]}},{"type":"Feature","properties":{"name":"Wonwondah-Toolondo Road","class":3,"surf":0,"highway":"secondary"},"geometry":{"type":"LineString","coordinates":[[142.03329,-36.92911],[142.02945,-36.94073]]}},{"type":"Feature","properties":{"name":"Jallumba-Mockinya Road","class":3,"surf":0,"highway":"secondary"},"geometry":{"type":"LineString","coordinates":[[142.01126,-36.93886],[142.02637,-36.94035],[142.02945,-36.94073]]}},{"type":"Feature","properties":{"name":"Jallumba-Mockinya Road","class":3,"surf":0,"highway":"secondary"},"geometry":{"type":"LineString","coordinates":[[142.03154,-36.94069],[142.03438,-36.94054]]}},{"type":"Feature","properties":{"name":"Jallumba-Mockinya Road","class":3,"surf":0,"highway":"secondary"},"geometry":{"type":"LineString","coordinates":[[142.03438,-36.94054],[142.04222,-36.94008]]}},{"type":"Feature","properties":{"name":"Jallumba-Mockinya Road","class":3,"surf":0,"highway":"secondary"},"geometry":{"type":"LineString","coordinates":[[142.04222,-36.94008],[142.05861,-36.9392],[142.0592,-36.93926],[142.06006,-36.93956],[142.06403,-36.94164]]}},{"type":"Feature","properties":{"name":"Jallumba-Mockinya Road","class":3,"surf":0,"highway":"secondary"},"geometry":{"type":"LineString","coordinates":[[142.06403,-36.94164],[142.06951,-36.94453]]}},{"type":"Feature","properties":{"name":"Henty Highway","class":1,"surf":0,"highway":"trunk","ref":"A200"},"geometry":{"type":"LineString","coordinates":[[142.14017,-36.93862],[142.14158,-36.94144]]}},{"type":"Feature","properties":{"name":"Henty Highway","class":1,"surf":0,"highway":"trunk","ref":"A200"},"geometry":{"type":"LineString","coordinates":[[142.14158,-36.94144],[142.14165,-36.94157]]}},{"type":"Feature","properties":{"name":"Henty Highway","class":1,"surf":0,"highway":"trunk","ref":"A200"},"geometry":{"type":"LineString","coordinates":[[142.15161,-36.9601],[142.15196,-36.96049]]}},{"type":"Feature","properties":{"name":"Henty Highway","class":1,"surf":0,"highway":"trunk","ref":"A200"},"geometry":{"type":"LineString","coordinates":[[142.1494,-36.95623],[142.15082,-36.95891],[142.15161,-36.9601]]}},{"type":"Feature","properties":{"name":"Jallumba-Mockinya Road","class":3,"surf":0,"highway":"secondary"},"geometry":{"type":"LineString","coordinates":[[142.15393,-36.96203],[142.15403,-36.96187]]}},{"type":"Feature","properties":{"name":"Henty Highway","class":1,"surf":0,"highway":"trunk","ref":"A200"},"geometry":{"type":"LineString","coordinates":[[142.15196,-36.96049],[142.15295,-36.96128],[142.15403,-36.96187]]}},{"type":"Feature","properties":{"name":"Hammond-McCuish Road","class":3,"surf":0,"highway":"secondary"},"geometry":{"type":"LineString","coordinates":[[141.93114,-36.80704],[141.93723,-36.81223]]}},{"type":"Feature","properties":{"name":"Horsham-Noradjuha Road","class":2,"surf":0,"highway":"primary","ref":"C214"},"geometry":{"type":"LineString","coordinates":[[142.04959,-36.80492],[142.04612,-36.80695]]}},{"type":"Feature","properties":{"name":"Horsham-Noradjuha Road","class":2,"surf":0,"highway":"primary","ref":"C214"},"geometry":{"type":"LineString","coordinates":[[142.05689,-36.80056],[142.05594,-36.80113]]}},{"type":"Feature","properties":{"name":"Horsham-Noradjuha Road","class":2,"surf":0,"highway":"primary","ref":"C214"},"geometry":{"type":"LineString","coordinates":[[142.05594,-36.80113],[142.05197,-36.8035]]}},{"type":"Feature","properties":{"name":"Lower Norton-Nurrabiel Road","class":3,"surf":0,"highway":"secondary"},"geometry":{"type":"LineString","coordinates":[[142.0786,-36.80127],[142.0774,-36.80465]]}},{"type":"Feature","properties":{"name":"Lower Norton-Nurrabiel Road","class":3,"surf":0,"highway":"secondary"},"geometry":{"type":"LineString","coordinates":[[142.0774,-36.80465],[142.07025,-36.82469]]}},{"type":"Feature","properties":{"name":"Plush Hannans Road","class":5,"surf":0,"highway":"unclassified"},"geometry":{"type":"LineString","coordinates":[[142.12143,-36.80984],[142.12384,-36.81008],[142.12586,-36.81013],[142.13345,-36.81089],[142.1348,-36.81116],[142.13708,-36.81142],[142.13759,-36.8114]]}},{"type":"Feature","properties":{"name":"Plush Hannans Road","class":5,"surf":0,"highway":"unclassified"},"geometry":{"type":"LineString","coordinates":[[142.13881,-36.81119],[142.1395,-36.81109]]}},{"type":"Feature","properties":{"name":"Plush Hannans Road","class":5,"surf":0,"highway":"unclassified"},"geometry":{"type":"LineString","coordinates":[[142.1395,-36.81109],[142.14721,-36.81112]]}},{"type":"Feature","properties":{"name":"McKenzie Creek Reserve Road","class":3,"surf":0,"highway":"secondary"},"geometry":{"type":"LineString","coordinates":[[142.17366,-36.81012],[142.17691,-36.81011]]}},{"type":"Feature","properties":{"name":"McKenzie Creek Reserve Road","class":3,"surf":0,"highway":"secondary"},"geometry":{"type":"LineString","coordinates":[[142.17691,-36.81011],[142.17796,-36.8101]]}},{"type":"Feature","properties":{"name":"Horsham-Wal Wal Road","class":3,"surf":0,"highway":"secondary"},"geometry":{"type":"LineString","coordinates":[[142.41306,-36.81203],[142.39755,-36.81203]]}},{"type":"Feature","properties":{"name":"Horsham-Wal Wal Road","class":3,"surf":0,"highway":"secondary"},"geometry":{"type":"LineString","coordinates":[[142.39533,-36.813],[142.39492,-36.81371],[142.39482,-36.81426],[142.39481,-36.81819]]}},{"type":"Feature","properties":{"name":"Fischers Road","class":5,"surf":0,"highway":"unclassified"},"geometry":{"type":"LineString","coordinates":[[142.39482,-36.79734],[142.39483,-36.80038],[142.39493,-36.80082],[142.3956,-36.80263],[142.39579,-36.80362],[142.39572,-36.80417],[142.39557,-36.80471],[142.39505,-36.80598],[142.39486,-36.8066],[142.39479,-36.81199]]}},{"type":"Feature","properties":{"name":"Horsham-Wal Wal Road","class":3,"surf":0,"highway":"secondary"},"geometry":{"type":"LineString","coordinates":[[142.45832,-36.81164],[142.45741,-36.81159]]}},{"type":"Feature","properties":{"name":"Horsham-Wal Wal Road","class":3,"surf":0,"highway":"secondary"},"geometry":{"type":"LineString","coordinates":[[142.45741,-36.81159],[142.44964,-36.81159]]}},{"type":"Feature","properties":{"name":"Dyers Road","class":5,"surf":0,"highway":"unclassified"},"geometry":{"type":"LineString","coordinates":[[141.9804,-37.06044],[141.98839,-37.06123]]}},{"type":"Feature","properties":{"name":"Telangatuk East-Rocklands Road","class":3,"surf":0,"highway":"secondary"},"geometry":{"type":"LineString","coordinates":[[141.97849,-37.062],[141.97722,-37.06987],[141.97651,-37.0747]]}},{"type":"Feature","properties":{"name":"Dyers Road","class":5,"surf":0,"highway":"unclassified"},"geometry":{"type":"LineString","coordinates":[[141.97849,-37.062],[141.98004,-37.06087],[141.9804,-37.06044]]}},{"type":"Feature","properties":{"name":"Dyers Road","class":5,"surf":0,"highway":"unclassified"},"geometry":{"type":"LineString","coordinates":[[141.9911,-37.06151],[141.98839,-37.06123]]}},{"type":"Feature","properties":{"name":"Henty Highway","class":1,"surf":0,"highway":"trunk","ref":"A200"},"geometry":{"type":"LineString","coordinates":[[142.19015,-37.06729],[142.19077,-37.06602]]}},{"type":"Feature","properties":{"name":"Telangatuk East-Rocklands Road","class":3,"surf":0,"highway":"secondary"},"geometry":{"type":"LineString","coordinates":[[141.96775,-37.13167],[141.96697,-37.13677]]}},{"type":"Feature","properties":{"name":"Telangatuk East-Rocklands Road","class":3,"surf":0,"highway":"secondary"},"geometry":{"type":"LineString","coordinates":[[141.96697,-37.13677],[141.96599,-37.14309]]}},{"type":"Feature","properties":{"name":"Jaspers Lane","class":5,"surf":0,"highway":"unclassified"},"geometry":{"type":"LineString","coordinates":[[141.83898,-37.13725],[141.83856,-37.13774],[141.83297,-37.14112],[141.83253,-37.14152],[141.82903,-37.14675],[141.82876,-37.14761],[141.82839,-37.14926]]}},{"type":"Feature","properties":{"name":"Jaspers Lane","class":5,"surf":0,"highway":"unclassified"},"geometry":{"type":"LineString","coordinates":[[141.78727,-37.1535],[141.78366,-37.15261],[141.774,-37.1517],[141.77055,-37.1513]]}},{"type":"Feature","properties":{"name":"Jaspers Lane","class":5,"surf":0,"highway":"unclassified"},"geometry":{"type":"LineString","coordinates":[[141.78802,-37.15371],[141.78727,-37.1535]]}},{"type":"Feature","properties":{"name":"Jaspers Lane","class":5,"surf":0,"highway":"unclassified"},"geometry":{"type":"LineString","coordinates":[[141.80785,-37.15734],[141.80191,-37.15676],[141.79737,-37.15622],[141.7945,-37.1555],[141.78802,-37.15371]]}},{"type":"Feature","properties":{"name":"Jaspers Lane","class":5,"surf":0,"highway":"unclassified"},"geometry":{"type":"LineString","coordinates":[[141.81996,-37.15377],[141.8122,-37.15718],[141.81121,-37.15752]]}},{"type":"Feature","properties":{"name":"Natimuk-Hamilton Road","class":2,"surf":0,"highway":"primary","ref":"C214"},"geometry":{"type":"LineString","coordinates":[[141.84798,-37.15079],[141.84786,-37.14998]]}},{"type":"Feature","properties":{"name":"Natimuk-Hamilton Road","class":2,"surf":0,"highway":"primary","ref":"C214"},"geometry":{"type":"LineString","coordinates":[[141.84775,-37.14904],[141.84758,-37.14806],[141.84734,-37.14751],[141.84709,-37.14715]]}},{"type":"Feature","properties":{"name":"Natimuk-Hamilton Road","class":2,"surf":0,"highway":"primary","ref":"C214"},"geometry":{"type":"LineString","coordinates":[[141.84709,-37.14715],[141.84511,-37.14536],[141.84485,-37.14488],[141.84474,-37.14453],[141.84457,-37.1433]]}},{"type":"Feature","properties":{"name":"Darragan Pit Road","class":5,"surf":0,"highway":"unclassified"},"geometry":{"type":"LineString","coordinates":[[142.04157,-36.80621],[142.04335,-36.80717],[142.04437,-36.80799]]}},{"type":"Feature","properties":{"name":"Darragan Pit Road","class":5,"surf":0,"highway":"unclassified"},"geometry":{"type":"LineString","coordinates":[[142.0388,-36.80481],[142.04123,-36.80604]]}},{"type":"Feature","properties":{"name":"Darragan Pit Road","class":5,"surf":0,"highway":"unclassified"},"geometry":{"type":"LineString","coordinates":[[142.04123,-36.80604],[142.04157,-36.80621]]}},{"type":"Feature","properties":{"name":"Horsham-Noradjuha Road","class":2,"surf":0,"highway":"primary","ref":"C214"},"geometry":{"type":"LineString","coordinates":[[142.04421,-36.80809],[142.03873,-36.81136]]}},{"type":"Feature","properties":{"name":"Plush Hannans Road","class":5,"surf":0,"highway":"unclassified"},"geometry":{"type":"LineString","coordinates":[[142.14721,-36.81112],[142.14828,-36.81112]]}},{"type":"Feature","properties":{"name":"Plush Hannans Road","class":5,"surf":0,"highway":"unclassified"},"geometry":{"type":"LineString","coordinates":[[142.15485,-36.81124],[142.15896,-36.81125],[142.16071,-36.81117],[142.17303,-36.81122]]}},{"type":"Feature","properties":{"name":"Henty Highway","class":1,"surf":0,"highway":"trunk","ref":"A200"},"geometry":{"type":"LineString","coordinates":[[142.17366,-36.81012],[142.17303,-36.81122]]}},{"type":"Feature","properties":{"name":"McKenzie Creek Reserve Road","class":3,"surf":0,"highway":"secondary"},"geometry":{"type":"LineString","coordinates":[[142.17796,-36.8101],[142.17873,-36.81007]]}},{"type":"Feature","properties":{"name":"Henty Highway","class":1,"surf":0,"highway":"trunk","ref":"A200"},"geometry":{"type":"LineString","coordinates":[[142.17401,-36.80384],[142.17398,-36.8064]]}},{"type":"Feature","properties":{"name":"Henty Highway","class":1,"surf":0,"highway":"trunk","ref":"A200"},"geometry":{"type":"LineString","coordinates":[[142.17398,-36.8064],[142.17398,-36.80648]]}},{"type":"Feature","properties":{"name":"Henty Highway","class":1,"surf":0,"highway":"trunk","ref":"A200"},"geometry":{"type":"LineString","coordinates":[[142.17398,-36.80648],[142.17396,-36.8076]]}},{"type":"Feature","properties":{"name":"Henty Highway","class":1,"surf":0,"highway":"trunk","ref":"A200"},"geometry":{"type":"LineString","coordinates":[[142.17396,-36.8076],[142.17396,-36.8079]]}},{"type":"Feature","properties":{"name":"Henty Highway","class":1,"surf":0,"highway":"trunk","ref":"A200"},"geometry":{"type":"LineString","coordinates":[[142.17396,-36.8079],[142.1739,-36.8092],[142.17366,-36.81012]]}},{"type":"Feature","properties":{"name":"Lower Norton-Nurrabiel Road","class":3,"surf":0,"highway":"secondary"},"geometry":{"type":"LineString","coordinates":[[142.05188,-36.87592],[142.05169,-36.87643]]}},{"type":"Feature","properties":{"name":"Lower Norton-Nurrabiel Road","class":3,"surf":0,"highway":"secondary"},"geometry":{"type":"LineString","coordinates":[[142.05543,-36.86612],[142.05188,-36.87592]]}},{"type":"Feature","properties":{"name":"Wonwondah-Toolondo Road","class":3,"surf":0,"highway":"secondary"},"geometry":{"type":"LineString","coordinates":[[142.08738,-36.88016],[142.08672,-36.88042]]}},{"type":"Feature","properties":{"name":"Wonwondah-Toolondo Road","class":3,"surf":0,"highway":"secondary"},"geometry":{"type":"LineString","coordinates":[[142.10382,-36.88016],[142.10275,-36.88024],[142.10074,-36.8802]]}},{"type":"Feature","properties":{"name":"Wonwondah-Toolondo Road","class":3,"surf":0,"highway":"secondary"},"geometry":{"type":"LineString","coordinates":[[142.10074,-36.8802],[142.08881,-36.87999],[142.08784,-36.88005],[142.08738,-36.88016]]}},{"type":"Feature","properties":{"name":"Wonwondah-Toolondo Road","class":3,"surf":0,"highway":"secondary"},"geometry":{"type":"LineString","coordinates":[[142.10998,-36.87885],[142.10382,-36.88016]]}},{"type":"Feature","properties":{"name":"Wonwondah-Toolondo Road","class":3,"surf":0,"highway":"secondary"},"geometry":{"type":"LineString","coordinates":[[142.11987,-36.87673],[142.10998,-36.87885]]}},{"type":"Feature","properties":{"name":"Toolondo Road","class":3,"surf":0,"highway":"secondary"},"geometry":{"type":"LineString","coordinates":[[142.11987,-36.87673],[142.12167,-36.87638],[142.12465,-36.87592],[142.12528,-36.87587],[142.12659,-36.87589]]}},{"type":"Feature","properties":{"name":"Toolondo Road","class":3,"surf":0,"highway":"secondary"},"geometry":{"type":"LineString","coordinates":[[142.12659,-36.87589],[142.12739,-36.87597]]}},{"type":"Feature","properties":{"name":"Toolondo Road","class":3,"surf":0,"highway":"secondary"},"geometry":{"type":"LineString","coordinates":[[142.12739,-36.87597],[142.13141,-36.87637]]}},{"type":"Feature","properties":{"name":"Toolondo Road","class":3,"surf":0,"highway":"secondary"},"geometry":{"type":"LineString","coordinates":[[142.13141,-36.87637],[142.13452,-36.87673]]}},{"type":"Feature","properties":{"name":"Toolondo Road","class":3,"surf":0,"highway":"secondary"},"geometry":{"type":"LineString","coordinates":[[142.13452,-36.87673],[142.13734,-36.87705]]}},{"type":"Feature","properties":{"name":"Toolondo Road","class":3,"surf":0,"highway":"secondary"},"geometry":{"type":"LineString","coordinates":[[142.13734,-36.87705],[142.1376,-36.87708]]}},{"type":"Feature","properties":{"name":"Henty Highway","class":1,"surf":0,"highway":"trunk","ref":"A200"},"geometry":{"type":"LineString","coordinates":[[142.14219,-36.86923],[142.1376,-36.87708]]}},{"type":"Feature","properties":{"name":"North East Wonwondah Road","class":3,"surf":0,"highway":"secondary"},"geometry":{"type":"LineString","coordinates":[[142.1376,-36.87708],[142.13873,-36.8772]]}},{"type":"Feature","properties":{"name":"Henty Highway","class":1,"surf":0,"highway":"trunk","ref":"A200"},"geometry":{"type":"LineString","coordinates":[[142.13589,-36.8809],[142.13503,-36.8831]]}},{"type":"Feature","properties":{"name":"Exells Road","class":5,"surf":0,"highway":"unclassified"},"geometry":{"type":"LineString","coordinates":[[142.22738,-36.81175],[142.23043,-36.81176]]}},{"type":"Feature","properties":{"name":"Northern Grampians Road","class":2,"surf":0,"highway":"primary","ref":"C222"},"geometry":{"type":"LineString","coordinates":[[142.32385,-36.94674],[142.32287,-36.95145]]}},{"type":"Feature","properties":{"name":"Northern Grampians Road","class":2,"surf":0,"highway":"primary","ref":"C222"},"geometry":{"type":"LineString","coordinates":[[142.32423,-36.94509],[142.32385,-36.94674]]}},{"type":"Feature","properties":{"name":"Northern Grampians Road","class":2,"surf":0,"highway":"primary","ref":"C222"},"geometry":{"type":"LineString","coordinates":[[142.32434,-36.94463],[142.32423,-36.94509]]}},{"type":"Feature","properties":{"name":"Northern Grampians Road","class":2,"surf":0,"highway":"primary","ref":"C222"},"geometry":{"type":"LineString","coordinates":[[142.32469,-36.94321],[142.32434,-36.94463]]}},{"type":"Feature","properties":{"name":"Northern Grampians Road","class":2,"surf":0,"highway":"primary","ref":"C222"},"geometry":{"type":"LineString","coordinates":[[142.32589,-36.938],[142.32469,-36.94321]]}},{"type":"Feature","properties":{"name":"Henty Highway","class":1,"surf":0,"highway":"trunk","ref":"A200"},"geometry":{"type":"LineString","coordinates":[[142.18773,-37.07321],[142.18781,-37.07261],[142.18812,-37.07181],[142.19015,-37.06729]]}},{"type":"Feature","properties":{"name":"Horsham-Wal Wal Road","class":3,"surf":0,"highway":"secondary"},"geometry":{"type":"LineString","coordinates":[[142.46028,-36.81179],[142.48072,-36.81182]]}},{"type":"Feature","properties":{"name":"Horsham-Noradjuha Road","class":2,"surf":0,"highway":"primary","ref":"C214"},"geometry":{"type":"LineString","coordinates":[[142.02458,-36.81716],[142.02155,-36.8182]]}},{"type":"Feature","properties":{"name":"Horsham-Noradjuha Road","class":2,"surf":0,"highway":"primary","ref":"C214"},"geometry":{"type":"LineString","coordinates":[[142.03873,-36.81136],[142.03488,-36.81362],[142.03109,-36.81493]]}},{"type":"Feature","properties":{"name":"Horsham-Wal Wal Road","class":3,"surf":0,"highway":"secondary"},"geometry":{"type":"LineString","coordinates":[[142.46005,-36.81177],[142.46028,-36.81179]]}},{"type":"Feature","properties":{"name":"Horsham-Wal Wal Road","class":3,"surf":0,"highway":"secondary"},"geometry":{"type":"LineString","coordinates":[[142.45899,-36.8117],[142.46005,-36.81177]]}},{"type":"Feature","properties":{"name":"Horsham-Noradjuha Road","class":2,"surf":0,"highway":"primary","ref":"C214"},"geometry":{"type":"LineString","coordinates":[[142.03109,-36.81493],[142.02589,-36.81671]]}},{"type":"Feature","properties":{"name":"Horsham-Noradjuha Road","class":2,"surf":0,"highway":"primary","ref":"C214"},"geometry":{"type":"LineString","coordinates":[[142.0252,-36.81694],[142.02472,-36.81711]]}},{"type":"Feature","properties":{"name":"Horsham-Noradjuha Road","class":2,"surf":0,"highway":"primary","ref":"C214"},"geometry":{"type":"LineString","coordinates":[[142.02472,-36.81711],[142.02458,-36.81716]]}},{"type":"Feature","properties":{"name":"Horsham-Noradjuha Road","class":2,"surf":0,"highway":"primary","ref":"C214"},"geometry":{"type":"LineString","coordinates":[[142.02155,-36.8182],[142.00569,-36.82359]]}},{"type":"Feature","properties":{"name":"Henty Highway","class":1,"surf":0,"highway":"trunk","ref":"A200"},"geometry":{"type":"LineString","coordinates":[[142.18775,-37.07406],[142.18773,-37.07321]]}},{"type":"Feature","properties":{"name":"Telangatuk East-Rocklands Road","class":3,"surf":0,"highway":"secondary"},"geometry":{"type":"LineString","coordinates":[[141.96594,-37.1434],[141.96433,-37.15373]]}},{"type":"Feature","properties":{"name":"Telangatuk East-Rocklands Road","class":3,"surf":0,"highway":"secondary"},"geometry":{"type":"LineString","coordinates":[[141.96413,-37.15514],[141.96414,-37.15589],[141.96429,-37.15648]]}},{"type":"Feature","properties":{"name":"Telangatuk East-Rocklands Road","class":3,"surf":0,"highway":"secondary"},"geometry":{"type":"LineString","coordinates":[[141.96433,-37.15373],[141.96413,-37.15514]]}},{"type":"Feature","properties":{"name":"Jaspers Lane","class":5,"surf":0,"highway":"unclassified"},"geometry":{"type":"LineString","coordinates":[[141.82071,-37.15345],[141.81996,-37.15377]]}},{"type":"Feature","properties":{"name":"Jaspers Lane","class":5,"surf":0,"highway":"unclassified"},"geometry":{"type":"LineString","coordinates":[[141.82839,-37.14926],[141.82819,-37.14968],[141.82783,-37.15011],[141.82751,-37.15037],[141.82672,-37.15078],[141.82071,-37.15345]]}},{"type":"Feature","properties":{"name":"Henty Highway","class":1,"surf":0,"highway":"trunk","ref":"A200"},"geometry":{"type":"LineString","coordinates":[[142.17303,-36.81122],[142.17262,-36.81168]]}},{"type":"Feature","properties":{"name":"Henty Highway","class":1,"surf":0,"highway":"trunk","ref":"A200"},"geometry":{"type":"LineString","coordinates":[[142.17262,-36.81168],[142.17143,-36.81301],[142.17097,-36.81384]]}},{"type":"Feature","properties":{"name":"Henty Highway","class":1,"surf":0,"highway":"trunk","ref":"A200"},"geometry":{"type":"LineString","coordinates":[[142.17097,-36.81384],[142.17067,-36.81496],[142.1703,-36.81702]]}},{"type":"Feature","properties":{"name":"Laharum Road","class":2,"surf":0,"highway":"primary"},"geometry":{"type":"LineString","coordinates":[[142.23048,-36.79707],[142.23043,-36.81176]]}},{"type":"Feature","properties":{"name":"Exells Road","class":5,"surf":0,"highway":"unclassified"},"geometry":{"type":"LineString","coordinates":[[142.21217,-36.81169],[142.22232,-36.81173]]}},{"type":"Feature","properties":{"name":"Exells Road","class":5,"surf":0,"highway":"unclassified"},"geometry":{"type":"LineString","coordinates":[[142.22232,-36.81173],[142.22738,-36.81175]]}},{"type":"Feature","properties":{"name":"Northern Grampians Road","class":3,"surf":0,"highway":"secondary","ref":"C222"},"geometry":{"type":"LineString","coordinates":[[142.34001,-36.81197],[142.34001,-36.82666]]}},{"type":"Feature","properties":{"name":"Northern Grampians Road","class":3,"surf":0,"highway":"secondary","ref":"C222"},"geometry":{"type":"LineString","coordinates":[[142.34055,-36.80804],[142.34028,-36.80843],[142.34008,-36.80908],[142.34001,-36.81197]]}},{"type":"Feature","properties":{"name":"Horsham-Wal Wal Road","class":3,"surf":0,"highway":"secondary"},"geometry":{"type":"LineString","coordinates":[[142.39387,-36.81995],[142.3893,-36.82251],[142.3812,-36.82559],[142.38013,-36.82591],[142.37971,-36.82597],[142.37649,-36.82603]]}},{"type":"Feature","properties":{"name":"Horsham-Wal Wal Road","class":3,"surf":0,"highway":"secondary"},"geometry":{"type":"LineString","coordinates":[[142.39481,-36.81819],[142.39468,-36.81884],[142.39449,-36.81926],[142.39387,-36.81995]]}},{"type":"Feature","properties":{"name":"Horsham-Wal Wal Road","class":3,"surf":0,"highway":"secondary"},"geometry":{"type":"LineString","coordinates":[[142.44964,-36.81159],[142.44761,-36.81159]]}},{"type":"Feature","properties":{"name":"North East Wonwondah Road","class":3,"surf":0,"highway":"secondary"},"geometry":{"type":"LineString","coordinates":[[142.13873,-36.8772],[142.14368,-36.87775],[142.14495,-36.87784],[142.15808,-36.87789]]}},{"type":"Feature","properties":{"name":"North East Wonwondah Road","class":3,"surf":0,"highway":"secondary"},"geometry":{"type":"LineString","coordinates":[[142.1606,-36.87788],[142.17816,-36.878]]}},{"type":"Feature","properties":{"name":"North East Wonwondah Road","class":3,"surf":0,"highway":"secondary"},"geometry":{"type":"LineString","coordinates":[[142.19109,-36.87807],[142.19129,-36.87808]]}},{"type":"Feature","properties":{"name":"North East Wonwondah Road","class":3,"surf":0,"highway":"secondary"},"geometry":{"type":"LineString","coordinates":[[142.19042,-36.87808],[142.19109,-36.87807]]}},{"type":"Feature","properties":{"name":"North East Wonwondah Road","class":3,"surf":0,"highway":"secondary"},"geometry":{"type":"LineString","coordinates":[[142.19009,-36.87808],[142.19042,-36.87808]]}},{"type":"Feature","properties":{"name":"North East Wonwondah Road","class":3,"surf":0,"highway":"secondary"},"geometry":{"type":"LineString","coordinates":[[142.18968,-36.87806],[142.19009,-36.87808]]}},{"type":"Feature","properties":{"name":"North East Wonwondah Road","class":3,"surf":0,"highway":"secondary"},"geometry":{"type":"LineString","coordinates":[[142.17816,-36.878],[142.18968,-36.87806]]}},{"type":"Feature","properties":{"name":"Harrow-Clear Lake Road","class":3,"surf":0,"highway":"secondary"},"geometry":{"type":"LineString","coordinates":[[141.86187,-36.9381],[141.86307,-36.94182]]}},{"type":"Feature","properties":{"name":"North East Wonwondah Road","class":3,"surf":0,"highway":"secondary"},"geometry":{"type":"LineString","coordinates":[[142.19129,-36.87808],[142.2114,-36.87815],[142.21287,-36.87803],[142.21403,-36.87802]]}},{"type":"Feature","properties":{"name":"North East Wonwondah Road","class":3,"surf":0,"highway":"secondary"},"geometry":{"type":"LineString","coordinates":[[142.21862,-36.87802],[142.23017,-36.87811]]}},{"type":"Feature","properties":{"name":"North East Wonwondah Road","class":3,"surf":0,"highway":"secondary"},"geometry":{"type":"LineString","coordinates":[[142.21792,-36.87802],[142.21862,-36.87802]]}},{"type":"Feature","properties":{"name":"Northern Grampians Road","class":2,"surf":0,"highway":"primary","ref":"C222"},"geometry":{"type":"LineString","coordinates":[[142.32238,-36.8838],[142.32252,-36.88495]]}},{"type":"Feature","properties":{"name":"Northern Grampians Road","class":3,"surf":0,"highway":"secondary","ref":"C222"},"geometry":{"type":"LineString","coordinates":[[142.32378,-36.87435],[142.32247,-36.88276],[142.32238,-36.8838]]}},{"type":"Feature","properties":{"name":"Wonwondah-Toolondo Road","class":3,"surf":0,"highway":"secondary"},"geometry":{"type":"LineString","coordinates":[[142.02037,-36.9512],[142.01976,-36.95187]]}},{"type":"Feature","properties":{"name":"Northern Grampians Road","class":2,"surf":0,"highway":"primary"},"geometry":{"type":"LineString","coordinates":[[142.32238,-36.8838],[142.32203,-36.88376],[142.32194,-36.88368],[142.3218,-36.88301],[142.31933,-36.87756]]}},{"type":"Feature","properties":{"name":"Harrow-Clear Lake Road","class":3,"surf":0,"highway":"secondary"},"geometry":{"type":"LineString","coordinates":[[141.86307,-36.94182],[141.86343,-36.94295]]}},{"type":"Feature","properties":{"name":"Harrow-Clear Lake Road","class":3,"surf":0,"highway":"secondary"},"geometry":{"type":"LineString","coordinates":[[141.86343,-36.94295],[141.86365,-36.94362]]}},{"type":"Feature","properties":{"name":"Jallumba-Douglas Road","class":3,"surf":0,"highway":"secondary"},"geometry":{"type":"LineString","coordinates":[[141.90051,-36.95265],[141.90753,-36.94937]]}},{"type":"Feature","properties":{"name":"Jallumba-Douglas Road","class":3,"surf":0,"highway":"secondary"},"geometry":{"type":"LineString","coordinates":[[141.90753,-36.94937],[141.9135,-36.94656]]}},{"type":"Feature","properties":{"name":"Jallumba-Douglas Road","class":3,"surf":0,"highway":"secondary"},"geometry":{"type":"LineString","coordinates":[[141.9135,-36.94656],[141.92907,-36.93922]]}},{"type":"Feature","properties":{"name":"","class":6,"surf":0,"highway":"unclassified"},"geometry":{"type":"LineString","coordinates":[[141.99766,-36.9519],[141.99766,-36.95169]]}},{"type":"Feature","properties":{"name":"Wonwondah-Toolondo Road","class":3,"surf":0,"highway":"secondary"},"geometry":{"type":"LineString","coordinates":[[142.02945,-36.94073],[142.02921,-36.94128],[142.02865,-36.94207],[142.02037,-36.9512]]}},{"type":"Feature","properties":{"name":"Telangatuk East-Rocklands Road","class":3,"surf":0,"highway":"secondary"},"geometry":{"type":"LineString","coordinates":[[141.97651,-37.0747],[141.97499,-37.0847]]}},{"type":"Feature","properties":{"name":"Wimmera Highway","class":1,"surf":0,"highway":"trunk","ref":"C240"},"geometry":{"type":"LineString","coordinates":[[141.75878,-36.81996],[141.75946,-36.81959]]}},{"type":"Feature","properties":{"name":"Wimmera Highway","class":1,"surf":0,"highway":"trunk","ref":"C240"},"geometry":{"type":"LineString","coordinates":[[141.75294,-36.82313],[141.75878,-36.81996]]}},{"type":"Feature","properties":{"name":"Wimmera Highway","class":1,"surf":0,"highway":"trunk","ref":"C240"},"geometry":{"type":"LineString","coordinates":[[141.75946,-36.81959],[141.76607,-36.81571],[141.76849,-36.81438]]}},{"type":"Feature","properties":{"name":"Wimmera Highway","class":1,"surf":0,"highway":"trunk","ref":"C240"},"geometry":{"type":"LineString","coordinates":[[141.76849,-36.81438],[141.77983,-36.80821]]}},{"type":"Feature","properties":{"name":"Natimuk-Hamilton Road","class":2,"surf":0,"highway":"primary","ref":"C214"},"geometry":{"type":"LineString","coordinates":[[141.91575,-37.0799],[141.9204,-37.06912]]}},{"type":"Feature","properties":{"name":"Telangatuk East-Rocklands Road","class":3,"surf":0,"highway":"secondary"},"geometry":{"type":"LineString","coordinates":[[141.96429,-37.15648],[141.96633,-37.16372],[141.96659,-37.16445],[141.9669,-37.16497],[141.96731,-37.16538],[141.96771,-37.16565],[141.97048,-37.16709],[141.97163,-37.16747],[141.97299,-37.16779],[141.97398,-37.16819],[141.97439,-37.16848],[141.97473,-37.16882],[141.97554,-37.17],[141.97584,-37.17058]]}},{"type":"Feature","properties":{"name":"Telangatuk East-Rocklands Road","class":3,"surf":0,"highway":"secondary"},"geometry":{"type":"LineString","coordinates":[[141.97584,-37.17058],[141.97596,-37.17126],[141.97593,-37.1716],[141.97562,-37.17242]]}},{"type":"Feature","properties":{"name":"Telangatuk East-Rocklands Road","class":3,"surf":0,"highway":"secondary"},"geometry":{"type":"LineString","coordinates":[[141.97431,-37.17593],[141.9736,-37.18043]]}},{"type":"Feature","properties":{"name":"Telangatuk East-Rocklands Road","class":3,"surf":0,"highway":"secondary"},"geometry":{"type":"LineString","coordinates":[[141.9736,-37.18043],[141.97317,-37.18328]]}},{"type":"Feature","properties":{"name":"Telangatuk East-Rocklands Road","class":3,"surf":0,"highway":"secondary"},"geometry":{"type":"LineString","coordinates":[[141.97317,-37.18328],[141.97286,-37.1854]]}},{"type":"Feature","properties":{"name":"Channel Road","class":6,"surf":0,"highway":"unclassified"},"geometry":{"type":"LineString","coordinates":[[141.91476,-37.1929],[141.91514,-37.19293]]}},{"type":"Feature","properties":{"name":"Telangatuk East-Rocklands Road","class":3,"surf":0,"highway":"secondary"},"geometry":{"type":"LineString","coordinates":[[141.96873,-37.19688],[141.95981,-37.19608]]}},{"type":"Feature","properties":{"name":"Telangatuk East-Rocklands Road","class":3,"surf":0,"highway":"secondary"},"geometry":{"type":"LineString","coordinates":[[141.95981,-37.19608],[141.95905,-37.19615],[141.95815,-37.19636]]}},{"type":"Feature","properties":{"name":"Horsham-Wal Wal Road","class":3,"surf":0,"highway":"secondary"},"geometry":{"type":"LineString","coordinates":[[142.48072,-36.81182],[142.48277,-36.81182]]}},{"type":"Feature","properties":{"name":"Horsham-Wal Wal Road","class":3,"surf":0,"highway":"secondary"},"geometry":{"type":"LineString","coordinates":[[142.4474,-36.81159],[142.44349,-36.81159]]}},{"type":"Feature","properties":{"name":"Horsham-Wal Wal Road","class":3,"surf":0,"highway":"secondary"},"geometry":{"type":"LineString","coordinates":[[142.44349,-36.81159],[142.433,-36.81159],[142.43135,-36.81177]]}},{"type":"Feature","properties":{"name":"Henty Highway","class":1,"surf":0,"highway":"trunk","ref":"A200"},"geometry":{"type":"LineString","coordinates":[[142.15622,-36.9626],[142.16274,-36.96449]]}},{"type":"Feature","properties":{"name":"Horsham-Wal Wal Road","class":3,"surf":0,"highway":"secondary"},"geometry":{"type":"LineString","coordinates":[[142.48373,-36.81183],[142.48277,-36.81182]]}},{"type":"Feature","properties":{"name":"Horsham-Wal Wal Road","class":3,"surf":0,"highway":"secondary"},"geometry":{"type":"LineString","coordinates":[[142.50654,-36.81186],[142.49437,-36.81184]]}},{"type":"Feature","properties":{"name":"Horsham-Wal Wal Road","class":3,"surf":0,"highway":"secondary"},"geometry":{"type":"LineString","coordinates":[[142.49437,-36.81184],[142.48579,-36.81183]]}},{"type":"Feature","properties":{"name":"Horsham-Wal Wal Road","class":3,"surf":0,"highway":"secondary"},"geometry":{"type":"LineString","coordinates":[[142.48579,-36.81183],[142.48373,-36.81183]]}},{"type":"Feature","properties":{"name":"Wimmera Highway","class":1,"surf":0,"highway":"trunk","ref":"C240"},"geometry":{"type":"LineString","coordinates":[[141.77983,-36.80821],[141.78071,-36.80773]]}},{"type":"Feature","properties":{"name":"Wimmera Highway","class":1,"surf":0,"highway":"trunk","ref":"C240"},"geometry":{"type":"LineString","coordinates":[[141.78071,-36.80773],[141.78571,-36.80503],[141.78675,-36.80458],[141.78878,-36.80409]]}},{"type":"Feature","properties":{"name":"Stapledons Road","class":5,"surf":0,"highway":"unclassified"},"geometry":{"type":"LineString","coordinates":[[142.52329,-36.8899],[142.52333,-36.91044],[142.52342,-36.91105],[142.52373,-36.91227]]}},{"type":"Feature","properties":{"name":"Stapledons Road","class":5,"surf":0,"highway":"unclassified"},"geometry":{"type":"LineString","coordinates":[[142.5234,-36.88692],[142.52329,-36.8899]]}},{"type":"Feature","properties":{"name":"Henty Highway","class":1,"surf":0,"highway":"trunk","ref":"A200"},"geometry":{"type":"LineString","coordinates":[[142.1376,-36.87708],[142.13698,-36.8782],[142.13632,-36.87982]]}},{"type":"Feature","properties":{"name":"Clear Lake-Sherwoods Dam Road","class":3,"surf":0,"highway":"secondary"},"geometry":{"type":"LineString","coordinates":[[141.85286,-36.86973],[141.85532,-36.88023],[141.85537,-36.88113],[141.85462,-36.88609]]}},{"type":"Feature","properties":{"name":"Northern Grampians Road","class":2,"surf":0,"highway":"primary","ref":"C222"},"geometry":{"type":"LineString","coordinates":[[142.32283,-36.95203],[142.32285,-36.95257],[142.32326,-36.9548],[142.32359,-36.96011]]}},{"type":"Feature","properties":{"name":"Northern Grampians Road","class":2,"surf":0,"highway":"primary","ref":"C222"},"geometry":{"type":"LineString","coordinates":[[142.32359,-36.96011],[142.32386,-36.96376]]}},{"type":"Feature","properties":{"name":"Harrow-Clear Lake Road","class":3,"surf":0,"highway":"secondary"},"geometry":{"type":"LineString","coordinates":[[141.86624,-36.95115],[141.86743,-36.95304]]}},{"type":"Feature","properties":{"name":"Harrow-Clear Lake Road","class":3,"surf":0,"highway":"secondary"},"geometry":{"type":"LineString","coordinates":[[141.86365,-36.94362],[141.86568,-36.94996],[141.86586,-36.95046],[141.86624,-36.95115]]}},{"type":"Feature","properties":{"name":"Lower Norton-Nurrabiel Road","class":3,"surf":0,"highway":"secondary"},"geometry":{"type":"LineString","coordinates":[[142.07014,-36.825],[142.06937,-36.82715]]}},{"type":"Feature","properties":{"name":"Henty Highway","class":1,"surf":0,"highway":"trunk","ref":"A200"},"geometry":{"type":"LineString","coordinates":[[142.16924,-36.82313],[142.16872,-36.82605],[142.16839,-36.82712],[142.16789,-36.82807],[142.16632,-36.83056]]}},{"type":"Feature","properties":{"name":"Northern Grampians Road","class":3,"surf":0,"highway":"secondary","ref":"C222"},"geometry":{"type":"LineString","coordinates":[[142.34,-36.83334],[142.34001,-36.83526]]}},{"type":"Feature","properties":{"name":"Northern Grampians Road","class":3,"surf":0,"highway":"secondary","ref":"C222"},"geometry":{"type":"LineString","coordinates":[[142.34001,-36.82706],[142.34001,-36.83288]]}},{"type":"Feature","properties":{"name":"Northern Grampians Road","class":3,"surf":0,"highway":"secondary","ref":"C222"},"geometry":{"type":"LineString","coordinates":[[142.34001,-36.83288],[142.34,-36.83334]]}},{"type":"Feature","properties":{"name":"White Swamp Road","class":5,"surf":0,"highway":"unclassified"},"geometry":{"type":"LineString","coordinates":[[142.02846,-36.96116],[142.04323,-36.96263]]}},{"type":"Feature","properties":{"name":"Natimuk-Hamilton Road","class":2,"surf":0,"highway":"primary","ref":"C214"},"geometry":{"type":"LineString","coordinates":[[141.85184,-37.12573],[141.85329,-37.12441],[141.85431,-37.12372]]}},{"type":"Feature","properties":{"name":"Telangatuk East-Rocklands Road","class":3,"surf":0,"highway":"secondary"},"geometry":{"type":"LineString","coordinates":[[141.95815,-37.19636],[141.9572,-37.19679],[141.95673,-37.19711],[141.9563,-37.1975],[141.95562,-37.19848],[141.95549,-37.19893],[141.95406,-37.20774],[141.95374,-37.20838],[141.95343,-37.20876]]}},{"type":"Feature","properties":{"name":"Telangatuk East-Rocklands Road","class":3,"surf":0,"highway":"secondary"},"geometry":{"type":"LineString","coordinates":[[141.97152,-37.19492],[141.97127,-37.19549],[141.97095,-37.19589],[141.97051,-37.19628],[141.97011,-37.19652],[141.96957,-37.19671],[141.96873,-37.19688]]}},{"type":"Feature","properties":{"name":"Telangatuk East-Rocklands Road","class":3,"surf":0,"highway":"secondary"},"geometry":{"type":"LineString","coordinates":[[141.97281,-37.18573],[141.97258,-37.18737],[141.97248,-37.18885],[141.97152,-37.19492]]}},{"type":"Feature","properties":{"name":"Natimuk-Hamilton Road","class":2,"surf":0,"highway":"primary","ref":"C219"},"geometry":{"type":"LineString","coordinates":[[141.96757,-36.81446],[141.96721,-36.81679]]}},{"type":"Feature","properties":{"name":"Natimuk-Hamilton Road","class":2,"surf":0,"highway":"primary","ref":"C219"},"geometry":{"type":"LineString","coordinates":[[141.96721,-36.81679],[141.96643,-36.82188]]}},{"type":"Feature","properties":{"name":"Wonwondah-Toolondo Road","class":3,"surf":0,"highway":"secondary"},"geometry":{"type":"LineString","coordinates":[[142.07396,-36.89264],[142.07379,-36.8928]]}},{"type":"Feature","properties":{"name":"Wonwondah-Toolondo Road","class":3,"surf":0,"highway":"secondary"},"geometry":{"type":"LineString","coordinates":[[142.08672,-36.88042],[142.08598,-36.8809],[142.07922,-36.88727],[142.07813,-36.88832],[142.07591,-36.89081],[142.07396,-36.89264]]}},{"type":"Feature","properties":{"name":"Henty Highway","class":1,"surf":0,"highway":"trunk","ref":"A200"},"geometry":{"type":"LineString","coordinates":[[142.1703,-36.81702],[142.16999,-36.81896]]}},{"type":"Feature","properties":{"name":"Henty Highway","class":1,"surf":0,"highway":"trunk","ref":"A200"},"geometry":{"type":"LineString","coordinates":[[142.16999,-36.81896],[142.16924,-36.82313]]}},{"type":"Feature","properties":{"name":"Green Lake Road","class":3,"surf":0,"highway":"secondary"},"geometry":{"type":"LineString","coordinates":[[142.28521,-36.81188],[142.28519,-36.81819]]}},{"type":"Feature","properties":{"name":"Green Lake Road","class":3,"surf":0,"highway":"secondary"},"geometry":{"type":"LineString","coordinates":[[142.28519,-36.81819],[142.28517,-36.82657]]}},{"type":"Feature","properties":{"name":"Wonwondah-Toolondo Road","class":3,"surf":0,"highway":"secondary"},"geometry":{"type":"LineString","coordinates":[[142.07379,-36.8928],[142.07365,-36.89295]]}},{"type":"Feature","properties":{"name":"Wonwondah-Toolondo Road","class":3,"surf":0,"highway":"secondary"},"geometry":{"type":"LineString","coordinates":[[142.04045,-36.91207],[142.04031,-36.91216]]}},{"type":"Feature","properties":{"name":"Wonwondah-Toolondo Road","class":3,"surf":0,"highway":"secondary"},"geometry":{"type":"LineString","coordinates":[[142.04124,-36.91151],[142.04045,-36.91207]]}},{"type":"Feature","properties":{"name":"Wonwondah-Toolondo Road","class":3,"surf":0,"highway":"secondary"},"geometry":{"type":"LineString","coordinates":[[142.07365,-36.89295],[142.07209,-36.89435],[142.06208,-36.90057],[142.06138,-36.90088],[142.05252,-36.90353],[142.05169,-36.90388],[142.04705,-36.90733],[142.04124,-36.91151]]}},{"type":"Feature","properties":{"name":"Henty Highway","class":1,"surf":0,"highway":"trunk","ref":"A200"},"geometry":{"type":"LineString","coordinates":[[142.13503,-36.8831],[142.13484,-36.88373],[142.13479,-36.8843]]}},{"type":"Feature","properties":{"name":"Henty Highway","class":1,"surf":0,"highway":"trunk","ref":"A200"},"geometry":{"type":"LineString","coordinates":[[142.13479,-36.8843],[142.13479,-36.88687]]}},{"type":"Feature","properties":{"name":"Henty Highway","class":1,"surf":0,"highway":"trunk","ref":"A200"},"geometry":{"type":"LineString","coordinates":[[142.13479,-36.88687],[142.13482,-36.89032]]}},{"type":"Feature","properties":{"name":"Henty Highway","class":1,"surf":0,"highway":"trunk","ref":"A200"},"geometry":{"type":"LineString","coordinates":[[142.15403,-36.96187],[142.15622,-36.9626]]}},{"type":"Feature","properties":{"name":"Northern Grampians Road","class":2,"surf":0,"highway":"primary","ref":"C222"},"geometry":{"type":"LineString","coordinates":[[142.32371,-36.8946],[142.32448,-36.90104]]}},{"type":"Feature","properties":{"name":"Wonwondah-Toolondo Road","class":3,"surf":0,"highway":"secondary"},"geometry":{"type":"LineString","coordinates":[[142.00895,-36.96371],[142.00627,-36.96656]]}},{"type":"Feature","properties":{"name":"White Swamp Road","class":5,"surf":0,"highway":"unclassified"},"geometry":{"type":"LineString","coordinates":[[142.01274,-36.95962],[142.02846,-36.96116]]}},{"type":"Feature","properties":{"name":"Jallumba-Mockinya Road","class":3,"surf":0,"highway":"secondary"},"geometry":{"type":"LineString","coordinates":[[142.06951,-36.94453],[142.07347,-36.94661],[142.07443,-36.947],[142.07522,-36.94722],[142.10734,-36.95319],[142.10806,-36.9534],[142.10915,-36.95393],[142.11341,-36.95656],[142.11482,-36.95727]]}},{"type":"Feature","properties":{"name":"Jallumba-Mockinya Road","class":3,"surf":0,"highway":"secondary"},"geometry":{"type":"LineString","coordinates":[[142.11482,-36.95727],[142.11561,-36.95754],[142.12561,-36.95903]]}},{"type":"Feature","properties":{"name":"Jallumba-Mockinya Road","class":3,"surf":0,"highway":"secondary"},"geometry":{"type":"LineString","coordinates":[[142.12561,-36.95903],[142.13372,-36.96022]]}},{"type":"Feature","properties":{"name":"Jallumba-Mockinya Road","class":3,"surf":0,"highway":"secondary"},"geometry":{"type":"LineString","coordinates":[[142.13372,-36.96022],[142.13419,-36.96029]]}},{"type":"Feature","properties":{"name":"Jallumba-Mockinya Road","class":3,"surf":0,"highway":"secondary"},"geometry":{"type":"LineString","coordinates":[[142.13419,-36.96029],[142.14394,-36.96173]]}},{"type":"Feature","properties":{"name":"Jallumba-Mockinya Road","class":3,"surf":0,"highway":"secondary"},"geometry":{"type":"LineString","coordinates":[[142.14394,-36.96173],[142.15243,-36.96296],[142.15314,-36.96284],[142.15346,-36.96264],[142.15393,-36.96203]]}},{"type":"Feature","properties":{"name":"Henty Highway","class":1,"surf":0,"highway":"trunk","ref":"A200"},"geometry":{"type":"LineString","coordinates":[[142.16274,-36.96449],[142.16909,-36.96632]]}},{"type":"Feature","properties":{"name":"Noradjuha-Tooan East Road","class":3,"surf":0,"highway":"secondary"},"geometry":{"type":"LineString","coordinates":[[141.87822,-36.82425],[141.89043,-36.82546],[141.89123,-36.82546],[141.8916,-36.8254],[141.89216,-36.82523],[141.89286,-36.82492]]}},{"type":"Feature","properties":{"name":"Noradjuha-Tooan East Road","class":3,"surf":0,"highway":"secondary"},"geometry":{"type":"LineString","coordinates":[[141.89286,-36.82492],[141.89364,-36.82458],[141.89413,-36.82445],[141.8947,-36.82438],[141.89527,-36.8244],[141.91131,-36.82626]]}},{"type":"Feature","properties":{"name":"Noradjuha-Tooan East Road","class":3,"surf":0,"highway":"secondary"},"geometry":{"type":"LineString","coordinates":[[141.91131,-36.82626],[141.91438,-36.82662]]}},{"type":"Feature","properties":{"name":"Noradjuha-Tooan East Road","class":3,"surf":0,"highway":"secondary"},"geometry":{"type":"LineString","coordinates":[[141.91438,-36.82662],[141.91637,-36.82685]]}},{"type":"Feature","properties":{"name":"Noradjuha-Tooan East Road","class":3,"surf":0,"highway":"secondary"},"geometry":{"type":"LineString","coordinates":[[141.93163,-36.82863],[141.94105,-36.82956]]}},{"type":"Feature","properties":{"name":"Noradjuha-Tooan East Road","class":3,"surf":0,"highway":"secondary"},"geometry":{"type":"LineString","coordinates":[[141.91637,-36.82685],[141.93163,-36.82863]]}},{"type":"Feature","properties":{"name":"Scott Heard Lights Road","class":3,"surf":0,"highway":"secondary"},"geometry":{"type":"LineString","coordinates":[[141.91131,-36.82626],[141.91005,-36.83448],[141.90993,-36.83489],[141.9095,-36.83568],[141.90723,-36.838]]}},{"type":"Feature","properties":{"name":"Noradjuha Silo Road","class":5,"surf":0,"highway":"unclassified"},"geometry":{"type":"LineString","coordinates":[[141.95833,-36.83125],[141.96354,-36.83179],[141.96444,-36.83161]]}},{"type":"Feature","properties":{"name":"Noradjuha-Tooan East Road","class":3,"surf":0,"highway":"secondary"},"geometry":{"type":"LineString","coordinates":[[141.96111,-36.83466],[141.96204,-36.83575]]}},{"type":"Feature","properties":{"name":"Noradjuha-Tooan East Road","class":3,"surf":0,"highway":"secondary"},"geometry":{"type":"LineString","coordinates":[[141.95833,-36.83125],[141.95852,-36.83168],[141.96031,-36.83374]]}},{"type":"Feature","properties":{"name":"Noradjuha-Tooan East Road","class":3,"surf":0,"highway":"secondary"},"geometry":{"type":"LineString","coordinates":[[141.96031,-36.83374],[141.96111,-36.83466]]}},{"type":"Feature","properties":{"name":"Lower Norton-Nurrabiel Road","class":3,"surf":0,"highway":"secondary"},"geometry":{"type":"LineString","coordinates":[[142.06674,-36.83454],[142.05886,-36.85664]]}},{"type":"Feature","properties":{"name":"Lower Norton-Nurrabiel Road","class":3,"surf":0,"highway":"secondary"},"geometry":{"type":"LineString","coordinates":[[142.06937,-36.82715],[142.06674,-36.83454]]}},{"type":"Feature","properties":{"name":"Northern Grampians Road","class":3,"surf":0,"highway":"secondary","ref":"C222"},"geometry":{"type":"LineString","coordinates":[[142.34,-36.8359],[142.34004,-36.84135]]}},{"type":"Feature","properties":{"name":"Northern Grampians Road","class":3,"surf":0,"highway":"secondary","ref":"C222"},"geometry":{"type":"LineString","coordinates":[[142.34005,-36.84305],[142.33972,-36.84374],[142.33812,-36.84548],[142.32733,-36.85779],[142.32683,-36.85847],[142.32654,-36.85909]]}},{"type":"Feature","properties":{"name":"Telangatuk East-Rocklands Road","class":3,"surf":0,"highway":"secondary"},"geometry":{"type":"LineString","coordinates":[[141.97499,-37.0847],[141.97479,-37.08587]]}},{"type":"Feature","properties":{"name":"Telangatuk East-Rocklands Road","class":3,"surf":0,"highway":"secondary"},"geometry":{"type":"LineString","coordinates":[[141.97479,-37.08587],[141.97472,-37.08634]]}},{"type":"Feature","properties":{"name":"Telangatuk East Road","class":5,"surf":0,"highway":"unclassified"},"geometry":{"type":"LineString","coordinates":[[141.91939,-37.09116],[141.91125,-37.09034]]}},{"type":"Feature","properties":{"name":"Natimuk-Hamilton Road","class":2,"surf":0,"highway":"primary","ref":"C214"},"geometry":{"type":"LineString","coordinates":[[141.91125,-37.09034],[141.91575,-37.0799]]}},{"type":"Feature","properties":{"name":"Telangatuk East Road","class":5,"surf":0,"highway":"unclassified"},"geometry":{"type":"LineString","coordinates":[[141.9357,-37.09279],[141.91939,-37.09116]]}},{"type":"Feature","properties":{"name":"Telangatuk East Road","class":5,"surf":0,"highway":"unclassified"},"geometry":{"type":"LineString","coordinates":[[141.93716,-37.09294],[141.93595,-37.09282]]}},{"type":"Feature","properties":{"name":"Telangatuk East Road","class":5,"surf":0,"highway":"unclassified"},"geometry":{"type":"LineString","coordinates":[[141.95511,-37.09474],[141.94713,-37.09391]]}},{"type":"Feature","properties":{"name":"Telangatuk East Road","class":5,"surf":0,"highway":"unclassified"},"geometry":{"type":"LineString","coordinates":[[141.94713,-37.09391],[141.94637,-37.09383]]}},{"type":"Feature","properties":{"name":"Telangatuk East Road","class":5,"surf":0,"highway":"unclassified"},"geometry":{"type":"LineString","coordinates":[[141.94637,-37.09383],[141.93716,-37.09294]]}},{"type":"Feature","properties":{"name":"Telangatuk East-Rocklands Road","class":3,"surf":0,"highway":"secondary"},"geometry":{"type":"LineString","coordinates":[[141.97472,-37.08634],[141.97425,-37.08944]]}},{"type":"Feature","properties":{"name":"Telangatuk East-Rocklands Road","class":3,"surf":0,"highway":"secondary"},"geometry":{"type":"LineString","coordinates":[[141.97425,-37.08944],[141.97405,-37.0906]]}},{"type":"Feature","properties":{"name":"Telangatuk East-Rocklands Road","class":3,"surf":0,"highway":"secondary"},"geometry":{"type":"LineString","coordinates":[[141.97405,-37.0906],[141.97342,-37.09479]]}},{"type":"Feature","properties":{"name":"Telangatuk East Road","class":5,"surf":0,"highway":"unclassified"},"geometry":{"type":"LineString","coordinates":[[141.97314,-37.09652],[141.95809,-37.09498],[141.95511,-37.09474]]}},{"type":"Feature","properties":{"name":"Rocklands Road","class":3,"surf":0,"highway":"secondary"},"geometry":{"type":"LineString","coordinates":[[141.93718,-37.20667],[141.93699,-37.20667]]}},{"type":"Feature","properties":{"name":"Northern Grampians Road","class":3,"surf":0,"highway":"secondary","ref":"C222"},"geometry":{"type":"LineString","coordinates":[[142.34001,-36.82666],[142.34001,-36.82684]]}},{"type":"Feature","properties":{"name":"Northern Grampians Road","class":3,"surf":0,"highway":"secondary","ref":"C222"},"geometry":{"type":"LineString","coordinates":[[142.34001,-36.82684],[142.34001,-36.82706]]}},{"type":"Feature","properties":{"name":"Brimpaen-Laharum Road","class":3,"surf":0,"highway":"secondary"},"geometry":{"type":"LineString","coordinates":[[142.32719,-36.99014],[142.32335,-36.99293]]}},{"type":"Feature","properties":{"name":"Natimuk-Hamilton Road","class":2,"surf":0,"highway":"primary","ref":"C214"},"geometry":{"type":"LineString","coordinates":[[141.93501,-36.99043],[141.93482,-36.99119]]}},{"type":"Feature","properties":{"name":"Telangatuk East-Rocklands Road","class":3,"surf":0,"highway":"secondary"},"geometry":{"type":"LineString","coordinates":[[141.97562,-37.17242],[141.97478,-37.17422]]}},{"type":"Feature","properties":{"name":"Darragan Pit Road","class":5,"surf":0,"highway":"unclassified"},"geometry":{"type":"LineString","coordinates":[[142.03578,-36.80306],[142.0388,-36.80481]]}},{"type":"Feature","properties":{"name":"Western Highway","class":1,"surf":0,"highway":"trunk","ref":"A8"},"geometry":{"type":"LineString","coordinates":[[142.36531,-36.8215],[142.3695,-36.82373]]}},{"type":"Feature","properties":{"name":"Western Highway","class":1,"surf":0,"highway":"trunk","ref":"A8"},"geometry":{"type":"LineString","coordinates":[[142.3695,-36.82373],[142.37543,-36.82652]]}},{"type":"Feature","properties":{"name":"Clear Lake-Sherwoods Dam Road","class":3,"surf":0,"highway":"secondary"},"geometry":{"type":"LineString","coordinates":[[141.86007,-36.82247],[141.85894,-36.8299]]}},{"type":"Feature","properties":{"name":"Clear Lake-Sherwoods Dam Road","class":3,"surf":0,"highway":"secondary"},"geometry":{"type":"LineString","coordinates":[[141.86229,-36.80804],[141.86075,-36.81803]]}},{"type":"Feature","properties":{"name":"Clear Lake-Sherwoods Dam Road","class":3,"surf":0,"highway":"secondary"},"geometry":{"type":"LineString","coordinates":[[141.86075,-36.81803],[141.86007,-36.82247]]}},{"type":"Feature","properties":{"name":"Noradjuha-Tooan East Road","class":3,"surf":0,"highway":"secondary"},"geometry":{"type":"LineString","coordinates":[[141.86007,-36.82247],[141.86407,-36.82285]]}},{"type":"Feature","properties":{"name":"Horsham-Noradjuha Road","class":2,"surf":0,"highway":"primary","ref":"C214"},"geometry":{"type":"LineString","coordinates":[[142.00569,-36.82359],[141.99601,-36.82691]]}},{"type":"Feature","properties":{"name":"Lower Norton-Nurrabiel Road","class":3,"surf":0,"highway":"secondary"},"geometry":{"type":"LineString","coordinates":[[142.07025,-36.82469],[142.07014,-36.825]]}},{"type":"Feature","properties":{"name":"Northern Grampians Road","class":2,"surf":0,"highway":"primary","ref":"C222"},"geometry":{"type":"LineString","coordinates":[[142.32255,-36.88515],[142.32284,-36.88701],[142.32371,-36.8946]]}},{"type":"Feature","properties":{"name":"Lower Norton-Nurrabiel Road","class":3,"surf":0,"highway":"secondary"},"geometry":{"type":"LineString","coordinates":[[142.04394,-36.89817],[142.04217,-36.90315]]}},{"type":"Feature","properties":{"name":"Clear Lake-Sherwoods Dam Road","class":3,"surf":0,"highway":"secondary"},"geometry":{"type":"LineString","coordinates":[[141.85351,-36.89329],[141.85325,-36.89502]]}},{"type":"Feature","properties":{"name":"Clear Lake-Sherwoods Dam Road","class":3,"surf":0,"highway":"secondary"},"geometry":{"type":"LineString","coordinates":[[141.85462,-36.88609],[141.85351,-36.89329]]}},{"type":"Feature","properties":{"name":"Scott Heard Lights Road","class":3,"surf":0,"highway":"secondary"},"geometry":{"type":"LineString","coordinates":[[141.8864,-36.88505],[141.88516,-36.89298]]}},{"type":"Feature","properties":{"name":"Scott Heard Lights Road","class":3,"surf":0,"highway":"secondary"},"geometry":{"type":"LineString","coordinates":[[141.88516,-36.89298],[141.88493,-36.89455]]}},{"type":"Feature","properties":{"name":"Scott Heard Lights Road","class":3,"surf":0,"highway":"secondary"},"geometry":{"type":"LineString","coordinates":[[141.88493,-36.89455],[141.88439,-36.89806]]}},{"type":"Feature","properties":{"name":"Scott Heard Lights Road","class":3,"surf":0,"highway":"secondary"},"geometry":{"type":"LineString","coordinates":[[141.88439,-36.89806],[141.88239,-36.91114],[141.88226,-36.91126],[141.88208,-36.91126],[141.87655,-36.91074]]}},{"type":"Feature","properties":{"name":"Lower Norton-Nurrabiel Road","class":3,"surf":0,"highway":"secondary"},"geometry":{"type":"LineString","coordinates":[[142.04859,-36.8853],[142.04414,-36.89762]]}},{"type":"Feature","properties":{"name":"Lower Norton-Nurrabiel Road","class":3,"surf":0,"highway":"secondary"},"geometry":{"type":"LineString","coordinates":[[142.04414,-36.89762],[142.04394,-36.89817]]}},{"type":"Feature","properties":{"name":"Wonwondah-Toolondo Road","class":3,"surf":0,"highway":"secondary"},"geometry":{"type":"LineString","coordinates":[[142.0399,-36.91247],[142.03888,-36.91321],[142.03853,-36.91329]]}},{"type":"Feature","properties":{"name":"Henty Highway","class":1,"surf":0,"highway":"trunk","ref":"A200"},"geometry":{"type":"LineString","coordinates":[[142.13482,-36.89032],[142.13483,-36.89368]]}},{"type":"Feature","properties":{"name":"Northern Grampians Road","class":2,"surf":0,"highway":"primary","ref":"C222"},"geometry":{"type":"LineString","coordinates":[[142.32409,-36.96664],[142.32432,-36.96941]]}},{"type":"Feature","properties":{"name":"Northern Grampians Road","class":2,"surf":0,"highway":"primary","ref":"C222"},"geometry":{"type":"LineString","coordinates":[[142.32399,-36.96557],[142.32409,-36.96664]]}},{"type":"Feature","properties":{"name":"Northern Grampians Road","class":2,"surf":0,"highway":"primary","ref":"C222"},"geometry":{"type":"LineString","coordinates":[[142.32386,-36.96376],[142.32399,-36.96557]]}},{"type":"Feature","properties":{"name":"Jallumba-Douglas Road","class":3,"surf":0,"highway":"secondary"},"geometry":{"type":"LineString","coordinates":[[141.86862,-36.96769],[141.90051,-36.95265]]}},{"type":"Feature","properties":{"name":"Harrow-Clear Lake Road","class":3,"surf":0,"highway":"secondary"},"geometry":{"type":"LineString","coordinates":[[141.86743,-36.95304],[141.86874,-36.95509],[141.86909,-36.95584],[141.86919,-36.95645],[141.86862,-36.96769]]}},{"type":"Feature","properties":{"name":"Natimuk-Hamilton Road","class":2,"surf":0,"highway":"primary","ref":"C214"},"geometry":{"type":"LineString","coordinates":[[141.93998,-36.95895],[141.93636,-36.98286]]}},{"type":"Feature","properties":{"name":"Officer Station Road","class":5,"surf":0,"highway":"unclassified"},"geometry":{"type":"LineString","coordinates":[[141.87438,-36.99139],[141.87951,-36.99594],[141.88271,-36.9985],[141.89344,-37.00787]]}},{"type":"Feature","properties":{"name":"Natimuk-Hamilton Road","class":2,"surf":0,"highway":"primary","ref":"C214"},"geometry":{"type":"LineString","coordinates":[[141.93317,-36.99453],[141.93272,-36.99595]]}},{"type":"Feature","properties":{"name":"Natimuk-Hamilton Road","class":2,"surf":0,"highway":"primary","ref":"C214"},"geometry":{"type":"LineString","coordinates":[[141.93272,-36.99595],[141.93221,-36.99761]]}},{"type":"Feature","properties":{"name":"Ten Mile Road","class":5,"surf":0,"highway":"unclassified"},"geometry":{"type":"LineString","coordinates":[[142.03796,-36.99599],[142.03805,-36.99604],[142.0381,-36.99621],[142.03791,-36.99721],[142.03794,-36.99743]]}},{"type":"Feature","properties":{"name":"Camerons Road","class":5,"surf":0,"highway":"unclassified"},"geometry":{"type":"LineString","coordinates":[[142.03794,-36.99743],[142.03821,-36.99755],[142.05536,-36.99925]]}},{"type":"Feature","properties":{"name":"Telangatuk East-Rocklands Road","class":3,"surf":0,"highway":"secondary"},"geometry":{"type":"LineString","coordinates":[[141.97342,-37.09479],[141.97331,-37.09552]]}},{"type":"Feature","properties":{"name":"Telangatuk East-Rocklands Road","class":3,"surf":0,"highway":"secondary"},"geometry":{"type":"LineString","coordinates":[[141.97331,-37.09552],[141.97314,-37.09652]]}},{"type":"Feature","properties":{"name":"Natimuk-Hamilton Road","class":2,"surf":0,"highway":"primary","ref":"C214"},"geometry":{"type":"LineString","coordinates":[[141.91125,-37.09034],[141.90639,-37.10152],[141.90605,-37.10201],[141.90555,-37.10249],[141.90503,-37.10284],[141.9021,-37.10435]]}},{"type":"Feature","properties":{"name":"Natimuk-Hamilton Road","class":2,"surf":0,"highway":"primary","ref":"C214"},"geometry":{"type":"LineString","coordinates":[[141.9021,-37.10435],[141.901,-37.10492]]}},{"type":"Feature","properties":{"name":"Robertsons Road","class":5,"surf":0,"highway":"unclassified"},"geometry":{"type":"LineString","coordinates":[[141.95076,-37.10177],[141.95019,-37.10173]]}},{"type":"Feature","properties":{"name":"Ross Road","class":5,"surf":0,"highway":"unclassified"},"geometry":{"type":"LineString","coordinates":[[141.95398,-37.10209],[141.95252,-37.11167]]}},{"type":"Feature","properties":{"name":"Laharum Road","class":2,"surf":0,"highway":"primary"},"geometry":{"type":"LineString","coordinates":[[142.31407,-36.87557],[142.30774,-36.87642]]}},{"type":"Feature","properties":{"name":"Henty Highway","class":1,"surf":0,"highway":"trunk","ref":"A200"},"geometry":{"type":"LineString","coordinates":[[142.14165,-36.94157],[142.1494,-36.95623]]}},{"type":"Feature","properties":{"name":"Natimuk-Hamilton Road","class":2,"surf":0,"highway":"primary","ref":"C214"},"geometry":{"type":"LineString","coordinates":[[141.92922,-37.00631],[141.92993,-37.00425]]}},{"type":"Feature","properties":{"name":"Green Lake Road","class":3,"surf":0,"highway":"secondary"},"geometry":{"type":"LineString","coordinates":[[142.28517,-36.82657],[142.28515,-36.82911]]}},{"type":"Feature","properties":{"name":"Clear Lake-Sherwoods Dam Road","class":3,"surf":0,"highway":"secondary"},"geometry":{"type":"LineString","coordinates":[[141.85894,-36.8299],[141.85811,-36.83529],[141.85791,-36.83627],[141.85777,-36.8366],[141.85748,-36.83701]]}},{"type":"Feature","properties":{"name":"Noradjuha-Tooan East Road","class":3,"surf":0,"highway":"secondary"},"geometry":{"type":"LineString","coordinates":[[141.94105,-36.82956],[141.9492,-36.83036]]}},{"type":"Feature","properties":{"name":"Noradjuha Cemetery Road","class":3,"surf":0,"highway":"secondary"},"geometry":{"type":"LineString","coordinates":[[141.94276,-36.81701],[141.94243,-36.81878],[141.94241,-36.81938],[141.94253,-36.81985],[141.94246,-36.82041],[141.94105,-36.82956]]}},{"type":"Feature","properties":{"name":"Noradjuha-Tooan East Road","class":3,"surf":0,"highway":"secondary"},"geometry":{"type":"LineString","coordinates":[[141.95817,-36.83124],[141.95833,-36.83125]]}},{"type":"Feature","properties":{"name":"Horsham-Noradjuha Road","class":2,"surf":0,"highway":"primary","ref":"C214"},"geometry":{"type":"LineString","coordinates":[[141.97289,-36.83481],[141.99601,-36.82691]]}},{"type":"Feature","properties":{"name":"Henty Highway","class":1,"surf":0,"highway":"trunk","ref":"A200"},"geometry":{"type":"LineString","coordinates":[[142.13483,-36.89368],[142.13487,-36.89731],[142.13495,-36.89801],[142.13514,-36.89864]]}},{"type":"Feature","properties":{"name":"Henty Highway","class":1,"surf":0,"highway":"trunk","ref":"A200"},"geometry":{"type":"LineString","coordinates":[[142.13514,-36.89864],[142.13555,-36.89971]]}},{"type":"Feature","properties":{"name":"Henty Highway","class":1,"surf":0,"highway":"trunk","ref":"A200"},"geometry":{"type":"LineString","coordinates":[[142.13555,-36.89971],[142.1357,-36.90011]]}},{"type":"Feature","properties":{"name":"Henty Highway","class":1,"surf":0,"highway":"trunk","ref":"A200"},"geometry":{"type":"LineString","coordinates":[[142.1357,-36.90011],[142.13712,-36.90358]]}},{"type":"Feature","properties":{"name":"Curtis Road","class":5,"surf":0,"highway":"unclassified"},"geometry":{"type":"LineString","coordinates":[[142.16274,-36.89184],[142.16326,-36.89218]]}},{"type":"Feature","properties":{"name":"Curtis Road","class":5,"surf":0,"highway":"unclassified"},"geometry":{"type":"LineString","coordinates":[[142.16326,-36.89218],[142.17316,-36.89806],[142.1742,-36.89875]]}},{"type":"Feature","properties":{"name":"Curtis Road","class":5,"surf":0,"highway":"unclassified"},"geometry":{"type":"LineString","coordinates":[[142.16032,-36.89032],[142.16274,-36.89184]]}},{"type":"Feature","properties":{"name":"Curtis Road","class":5,"surf":0,"highway":"unclassified"},"geometry":{"type":"LineString","coordinates":[[142.16007,-36.89015],[142.16032,-36.89032]]}},{"type":"Feature","properties":{"name":"Curtis Road","class":5,"surf":0,"highway":"unclassified"},"geometry":{"type":"LineString","coordinates":[[142.14478,-36.88081],[142.15259,-36.88563],[142.15816,-36.8889],[142.16007,-36.89015]]}},{"type":"Feature","properties":{"name":"Curtis Road","class":5,"surf":0,"highway":"unclassified"},"geometry":{"type":"LineString","coordinates":[[142.13873,-36.8772],[142.13872,-36.87748],[142.1389,-36.87764],[142.14172,-36.87893],[142.14478,-36.88081]]}},{"type":"Feature","properties":{"name":"Curtis Road","class":5,"surf":0,"highway":"unclassified"},"geometry":{"type":"LineString","coordinates":[[142.17476,-36.89912],[142.17801,-36.9013]]}},{"type":"Feature","properties":{"name":"Henty Highway","class":1,"surf":0,"highway":"trunk","ref":"A200"},"geometry":{"type":"LineString","coordinates":[[142.1749,-36.96943],[142.1753,-36.96972]]}},{"type":"Feature","properties":{"name":"Henty Highway","class":1,"surf":0,"highway":"trunk","ref":"A200"},"geometry":{"type":"LineString","coordinates":[[142.1753,-36.96972],[142.17753,-36.97131],[142.17819,-36.97188]]}},{"type":"Feature","properties":{"name":"Henty Highway","class":1,"surf":0,"highway":"trunk","ref":"A200"},"geometry":{"type":"LineString","coordinates":[[142.19197,-36.99868],[142.18943,-36.9937]]}},{"type":"Feature","properties":{"name":"Brimpaen-Laharum Road","class":3,"surf":0,"highway":"secondary"},"geometry":{"type":"LineString","coordinates":[[142.31764,-36.99763],[142.31735,-36.9989]]}},{"type":"Feature","properties":{"name":"Brimpaen-Laharum Road","class":3,"surf":0,"highway":"secondary"},"geometry":{"type":"LineString","coordinates":[[142.31735,-36.9989],[142.31724,-36.99946]]}},{"type":"Feature","properties":{"name":"Brimpaen-Laharum Road","class":3,"surf":0,"highway":"secondary"},"geometry":{"type":"LineString","coordinates":[[142.31724,-36.99946],[142.3169,-37.00123],[142.31685,-37.00181]]}},{"type":"Feature","properties":{"name":"Brimpaen-Laharum Road","class":3,"surf":0,"highway":"secondary"},"geometry":{"type":"LineString","coordinates":[[142.31685,-37.00181],[142.31686,-37.00365]]}},{"type":"Feature","properties":{"name":"Telangatuk East-Rocklands Road","class":3,"surf":0,"highway":"secondary"},"geometry":{"type":"LineString","coordinates":[[141.97314,-37.09652],[141.97199,-37.1039]]}},{"type":"Feature","properties":{"name":"Horsham-Noradjuha Road","class":2,"surf":0,"highway":"primary","ref":"C214"},"geometry":{"type":"LineString","coordinates":[[141.97217,-36.83504],[141.97289,-36.83481]]}},{"type":"Feature","properties":{"name":"Horsham-Noradjuha Road","class":2,"surf":0,"highway":"primary","ref":"C214"},"geometry":{"type":"LineString","coordinates":[[141.96913,-36.83609],[141.97217,-36.83504]]}},{"type":"Feature","properties":{"name":"Laharum Road","class":2,"surf":0,"highway":"primary"},"geometry":{"type":"LineString","coordinates":[[142.23042,-36.82644],[142.23033,-36.8411]]}},{"type":"Feature","properties":{"name":"","class":5,"surf":0,"highway":"unclassified"},"geometry":{"type":"LineString","coordinates":[[141.7357,-36.83425],[141.73536,-36.83463],[141.73521,-36.83468],[141.73503,-36.83463]]}},{"type":"Feature","properties":{"name":"Wimmera Highway","class":1,"surf":0,"highway":"trunk","ref":"C240"},"geometry":{"type":"LineString","coordinates":[[141.73503,-36.83463],[141.7354,-36.83388],[141.73604,-36.83289]]}},{"type":"Feature","properties":{"name":"Wimmera Highway","class":1,"surf":0,"highway":"trunk","ref":"C240"},"geometry":{"type":"LineString","coordinates":[[141.73385,-36.83809],[141.73503,-36.83463]]}},{"type":"Feature","properties":{"name":"Northern Grampians Road","class":2,"surf":0,"highway":"primary","ref":"C222"},"geometry":{"type":"LineString","coordinates":[[142.32477,-36.97506],[142.32487,-36.9763]]}},{"type":"Feature","properties":{"name":"Northern Grampians Road","class":2,"surf":0,"highway":"primary","ref":"C222"},"geometry":{"type":"LineString","coordinates":[[142.32487,-36.9763],[142.32491,-36.97676]]}},{"type":"Feature","properties":{"name":"Northern Grampians Road","class":2,"surf":0,"highway":"primary","ref":"C222"},"geometry":{"type":"LineString","coordinates":[[142.32491,-36.97676],[142.32492,-36.97689]]}},{"type":"Feature","properties":{"name":"Clear Lake-Sherwoods Dam Road","class":3,"surf":0,"highway":"secondary"},"geometry":{"type":"LineString","coordinates":[[141.85348,-36.90023],[141.85549,-36.90828]]}},{"type":"Feature","properties":{"name":"Clear Lake-Sherwoods Dam Road","class":3,"surf":0,"highway":"secondary"},"geometry":{"type":"LineString","coordinates":[[141.85325,-36.89502],[141.85294,-36.89702],[141.85291,-36.89781],[141.85348,-36.90023]]}},{"type":"Feature","properties":{"name":"Northern Grampians Road","class":2,"surf":0,"highway":"primary","ref":"C222"},"geometry":{"type":"LineString","coordinates":[[142.32432,-36.96941],[142.32457,-36.97246]]}},{"type":"Feature","properties":{"name":"Northern Grampians Road","class":2,"surf":0,"highway":"primary","ref":"C222"},"geometry":{"type":"LineString","coordinates":[[142.32457,-36.97246],[142.32471,-36.9743]]}},{"type":"Feature","properties":{"name":"Northern Grampians Road","class":2,"surf":0,"highway":"primary","ref":"C222"},"geometry":{"type":"LineString","coordinates":[[142.32471,-36.9743],[142.32477,-36.97506]]}},{"type":"Feature","properties":{"name":"Northern Grampians Road","class":2,"surf":0,"highway":"primary","ref":"C222"},"geometry":{"type":"LineString","coordinates":[[142.32506,-36.97859],[142.32516,-36.97969]]}},{"type":"Feature","properties":{"name":"Northern Grampians Road","class":2,"surf":0,"highway":"primary","ref":"C222"},"geometry":{"type":"LineString","coordinates":[[142.32516,-36.97969],[142.32521,-36.98028]]}},{"type":"Feature","properties":{"name":"Northern Grampians Road","class":2,"surf":0,"highway":"primary","ref":"C222"},"geometry":{"type":"LineString","coordinates":[[142.32492,-36.97689],[142.32499,-36.97775]]}},{"type":"Feature","properties":{"name":"Northern Grampians Road","class":2,"surf":0,"highway":"primary","ref":"C222"},"geometry":{"type":"LineString","coordinates":[[142.32499,-36.97775],[142.32506,-36.97859]]}},{"type":"Feature","properties":{"name":"Henty Highway","class":1,"surf":0,"highway":"trunk","ref":"A200"},"geometry":{"type":"LineString","coordinates":[[142.20422,-37.01055],[142.19262,-36.99945],[142.19197,-36.99868]]}},{"type":"Feature","properties":{"name":"Brimpaen-Laharum Road","class":3,"surf":0,"highway":"secondary"},"geometry":{"type":"LineString","coordinates":[[142.31686,-37.00365],[142.31681,-37.01463]]}},{"type":"Feature","properties":{"name":"Officer Station Road","class":5,"surf":0,"highway":"unclassified"},"geometry":{"type":"LineString","coordinates":[[141.9235,-37.02205],[141.92424,-37.02222]]}},{"type":"Feature","properties":{"name":"Officer Station Road","class":5,"surf":0,"highway":"unclassified"},"geometry":{"type":"LineString","coordinates":[[141.89344,-37.00787],[141.89537,-37.00947],[141.89656,-37.01017],[141.91282,-37.0173],[141.91555,-37.01859],[141.9235,-37.02205]]}},{"type":"Feature","properties":{"name":"Scott Heard Lights Road","class":3,"surf":0,"highway":"secondary"},"geometry":{"type":"LineString","coordinates":[[141.90235,-36.84139],[141.90197,-36.8414],[141.89646,-36.84089]]}},{"type":"Feature","properties":{"name":"Scott Heard Lights Road","class":3,"surf":0,"highway":"secondary"},"geometry":{"type":"LineString","coordinates":[[141.90723,-36.838],[141.90522,-36.84003],[141.90435,-36.84078],[141.90343,-36.84121],[141.90235,-36.84139]]}},{"type":"Feature","properties":{"name":"Henty Highway","class":1,"surf":0,"highway":"trunk","ref":"A200"},"geometry":{"type":"LineString","coordinates":[[142.15733,-36.84481],[142.14617,-36.86254]]}},{"type":"Feature","properties":{"name":"Henty Highway","class":1,"surf":0,"highway":"trunk","ref":"A200"},"geometry":{"type":"LineString","coordinates":[[142.15937,-36.84157],[142.15733,-36.84481]]}},{"type":"Feature","properties":{"name":"Nurrabiel Church Road","class":5,"surf":0,"highway":"unclassified"},"geometry":{"type":"LineString","coordinates":[[142.022,-36.91164],[142.03853,-36.91329]]}},{"type":"Feature","properties":{"name":"Nurrabiel Church Road","class":5,"surf":0,"highway":"unclassified"},"geometry":{"type":"LineString","coordinates":[[142.01707,-36.91114],[142.02155,-36.9116]]}},{"type":"Feature","properties":{"name":"Nurrabiel Church Road","class":5,"surf":0,"highway":"unclassified"},"geometry":{"type":"LineString","coordinates":[[142.02155,-36.9116],[142.022,-36.91164]]}},{"type":"Feature","properties":{"name":"Lower Norton-Nurrabiel Road","class":3,"surf":0,"highway":"secondary"},"geometry":{"type":"LineString","coordinates":[[142.04067,-36.90734],[142.0405,-36.90778]]}},{"type":"Feature","properties":{"name":"Lower Norton-Nurrabiel Road","class":3,"surf":0,"highway":"secondary"},"geometry":{"type":"LineString","coordinates":[[142.0405,-36.90778],[142.03853,-36.91329]]}},{"type":"Feature","properties":{"name":"Henty Highway","class":1,"surf":0,"highway":"trunk","ref":"A200"},"geometry":{"type":"LineString","coordinates":[[142.13712,-36.90358],[142.13967,-36.9099],[142.13988,-36.91096]]}},{"type":"Feature","properties":{"name":"Henty Highway","class":1,"surf":0,"highway":"trunk","ref":"A200"},"geometry":{"type":"LineString","coordinates":[[142.13988,-36.91096],[142.13991,-36.91273]]}},{"type":"Feature","properties":{"name":"Henty Highway","class":1,"surf":0,"highway":"trunk","ref":"A200"},"geometry":{"type":"LineString","coordinates":[[142.13991,-36.91273],[142.13992,-36.91332]]}},{"type":"Feature","properties":{"name":"Henty Highway","class":1,"surf":0,"highway":"trunk","ref":"A200"},"geometry":{"type":"LineString","coordinates":[[142.13987,-36.91996],[142.13987,-36.92006]]}},{"type":"Feature","properties":{"name":"Curtis Road","class":5,"surf":0,"highway":"unclassified"},"geometry":{"type":"LineString","coordinates":[[142.17801,-36.9013],[142.18309,-36.9044]]}},{"type":"Feature","properties":{"name":"Harrow-Clear Lake Road","class":3,"surf":0,"highway":"secondary"},"geometry":{"type":"LineString","coordinates":[[141.84626,-36.97703],[141.84951,-36.97552]]}},{"type":"Feature","properties":{"name":"Harrow-Clear Lake Road","class":3,"surf":0,"highway":"secondary"},"geometry":{"type":"LineString","coordinates":[[141.84951,-36.97552],[141.85154,-36.97464]]}},{"type":"Feature","properties":{"name":"Harrow-Clear Lake Road","class":3,"surf":0,"highway":"secondary"},"geometry":{"type":"LineString","coordinates":[[141.85154,-36.97464],[141.86862,-36.96769]]}},{"type":"Feature","properties":{"name":"Grahams Bridge Road","class":5,"surf":0,"highway":"unclassified"},"geometry":{"type":"LineString","coordinates":[[142.23529,-37.02245],[142.2352,-37.03195]]}},{"type":"Feature","properties":{"name":"Officer Station Road","class":5,"surf":0,"highway":"unclassified"},"geometry":{"type":"LineString","coordinates":[[141.86862,-36.96769],[141.86811,-36.97627]]}},{"type":"Feature","properties":{"name":"Wonwondah-Toolondo Road","class":3,"surf":0,"highway":"secondary"},"geometry":{"type":"LineString","coordinates":[[141.99548,-36.97597],[142.00313,-36.97024],[142.00365,-36.96975],[142.00627,-36.96656]]}},{"type":"Feature","properties":{"name":"Miss Williamsons Road","class":5,"surf":0,"highway":"unclassified"},"geometry":{"type":"LineString","coordinates":[[141.99548,-36.97597],[141.99565,-36.97606],[142.00402,-36.97692],[142.00973,-36.97743],[142.00992,-36.97753]]}},{"type":"Feature","properties":{"name":"Henty Highway","class":1,"surf":0,"highway":"trunk","ref":"A200"},"geometry":{"type":"LineString","coordinates":[[142.17819,-36.97188],[142.1787,-36.97247],[142.17913,-36.97316],[142.18102,-36.97695]]}},{"type":"Feature","properties":{"name":"Grahams Bridge Road","class":5,"surf":0,"highway":"unclassified"},"geometry":{"type":"LineString","coordinates":[[142.2352,-37.03195],[142.2352,-37.03217]]}},{"type":"Feature","properties":{"name":"Grahams Bridge Road","class":5,"surf":0,"highway":"unclassified"},"geometry":{"type":"LineString","coordinates":[[142.2352,-37.03217],[142.23519,-37.03782]]}},{"type":"Feature","properties":{"name":"Henty Highway","class":1,"surf":0,"highway":"trunk","ref":"A200"},"geometry":{"type":"LineString","coordinates":[[142.20168,-37.02546],[142.20425,-37.02373],[142.20477,-37.02326],[142.20515,-37.0228],[142.20567,-37.02199],[142.206,-37.02122],[142.20615,-37.02068],[142.20622,-37.01933]]}},{"type":"Feature","properties":{"name":"Henty Highway","class":1,"surf":0,"highway":"trunk","ref":"A200"},"geometry":{"type":"LineString","coordinates":[[142.20118,-37.02577],[142.20168,-37.02546]]}},{"type":"Feature","properties":{"name":"Henty Highway","class":1,"surf":0,"highway":"trunk","ref":"A200"},"geometry":{"type":"LineString","coordinates":[[142.19567,-37.0337],[142.19616,-37.03074],[142.19636,-37.03012],[142.19679,-37.02928],[142.19733,-37.02856],[142.1981,-37.02785],[142.20118,-37.02577]]}},{"type":"Feature","properties":{"name":"Henty Highway","class":1,"surf":0,"highway":"trunk","ref":"A200"},"geometry":{"type":"LineString","coordinates":[[142.19566,-37.03382],[142.19567,-37.0337]]}},{"type":"Feature","properties":{"name":"Henty Highway","class":1,"surf":0,"highway":"trunk","ref":"A200"},"geometry":{"type":"LineString","coordinates":[[142.19309,-37.04852],[142.19396,-37.04446],[142.19566,-37.03382]]}},{"type":"Feature","properties":{"name":"Henty Highway","class":1,"surf":0,"highway":"trunk","ref":"A200"},"geometry":{"type":"LineString","coordinates":[[142.20622,-37.01933],[142.20613,-37.0145],[142.20603,-37.0134],[142.20555,-37.01222],[142.20521,-37.01166],[142.20422,-37.01055]]}},{"type":"Feature","properties":{"name":"Brimpaen-Laharum Road","class":3,"surf":0,"highway":"secondary"},"geometry":{"type":"LineString","coordinates":[[142.21674,-37.03599],[142.21729,-37.03605]]}},{"type":"Feature","properties":{"name":"Brimpaen-Laharum Road","class":3,"surf":0,"highway":"secondary"},"geometry":{"type":"LineString","coordinates":[[142.21656,-37.03598],[142.21674,-37.03599]]}},{"type":"Feature","properties":{"name":"Brimpaen-Laharum Road","class":3,"surf":0,"highway":"secondary"},"geometry":{"type":"LineString","coordinates":[[142.2161,-37.03593],[142.21656,-37.03598]]}},{"type":"Feature","properties":{"name":"Brimpaen-Laharum Road","class":3,"surf":0,"highway":"secondary"},"geometry":{"type":"LineString","coordinates":[[142.21394,-37.03572],[142.2161,-37.03593]]}},{"type":"Feature","properties":{"name":"Brimpaen-Laharum Road","class":3,"surf":0,"highway":"secondary"},"geometry":{"type":"LineString","coordinates":[[142.21729,-37.03605],[142.21853,-37.03617]]}},{"type":"Feature","properties":{"name":"Brimpaen-Laharum Road","class":3,"surf":0,"highway":"secondary"},"geometry":{"type":"LineString","coordinates":[[142.21853,-37.03617],[142.23519,-37.03782]]}},{"type":"Feature","properties":{"name":"Brimpaen-Laharum Road","class":3,"surf":0,"highway":"secondary"},"geometry":{"type":"LineString","coordinates":[[142.314,-37.01915],[142.3108,-37.02304]]}},{"type":"Feature","properties":{"name":"Brimpaen-Laharum Road","class":3,"surf":0,"highway":"secondary"},"geometry":{"type":"LineString","coordinates":[[142.3108,-37.02304],[142.30786,-37.02693],[142.30702,-37.02779],[142.30645,-37.0282]]}},{"type":"Feature","properties":{"name":"Roses Gap Road","class":5,"surf":0,"highway":"unclassified"},"geometry":{"type":"LineString","coordinates":[[142.35638,-37.02108],[142.35947,-37.02138],[142.3603,-37.02156],[142.36087,-37.02184]]}},{"type":"Feature","properties":{"name":"Clear Lake-Sherwoods Dam Road","class":3,"surf":0,"highway":"secondary"},"geometry":{"type":"LineString","coordinates":[[141.84733,-36.84587],[141.84812,-36.84933]]}},{"type":"Feature","properties":{"name":"Rifle Butts Road","class":5,"surf":0,"highway":"unclassified"},"geometry":{"type":"LineString","coordinates":[[141.97533,-36.8487],[141.97779,-36.84894]]}},{"type":"Feature","properties":{"name":"Rifle Butts Road","class":5,"surf":0,"highway":"unclassified"},"geometry":{"type":"LineString","coordinates":[[141.96509,-36.84768],[141.97533,-36.8487]]}},{"type":"Feature","properties":{"name":"Laharum Road","class":2,"surf":0,"highway":"primary"},"geometry":{"type":"LineString","coordinates":[[142.23033,-36.8411],[142.23026,-36.85939]]}},{"type":"Feature","properties":{"name":"Northern Grampians Road","class":2,"surf":0,"highway":"primary","ref":"C222"},"geometry":{"type":"LineString","coordinates":[[142.32629,-36.91633],[142.3275,-36.92619]]}},{"type":"Feature","properties":{"name":"Northern Grampians Road","class":2,"surf":0,"highway":"primary","ref":"C222"},"geometry":{"type":"LineString","coordinates":[[142.32593,-36.91313],[142.32629,-36.91633]]}},{"type":"Feature","properties":{"name":"Northern Grampians Road","class":2,"surf":0,"highway":"primary","ref":"C222"},"geometry":{"type":"LineString","coordinates":[[142.32551,-36.90967],[142.32584,-36.91258]]}},{"type":"Feature","properties":{"name":"Northern Grampians Road","class":2,"surf":0,"highway":"primary","ref":"C222"},"geometry":{"type":"LineString","coordinates":[[142.32521,-36.98028],[142.32547,-36.9816]]}},{"type":"Feature","properties":{"name":"Northern Grampians Road","class":2,"surf":0,"highway":"primary","ref":"C222"},"geometry":{"type":"LineString","coordinates":[[142.32553,-36.98187],[142.32634,-36.98524]]}},{"type":"Feature","properties":{"name":"Northern Grampians Road","class":2,"surf":0,"highway":"primary","ref":"C222"},"geometry":{"type":"LineString","coordinates":[[142.32634,-36.98524],[142.32665,-36.98652]]}},{"type":"Feature","properties":{"name":"Northern Grampians Road","class":2,"surf":0,"highway":"primary","ref":"C222"},"geometry":{"type":"LineString","coordinates":[[142.32547,-36.9816],[142.32551,-36.9818]]}},{"type":"Feature","properties":{"name":"Northern Grampians Road","class":2,"surf":0,"highway":"primary","ref":"C222"},"geometry":{"type":"LineString","coordinates":[[142.32551,-36.9818],[142.32553,-36.98187]]}},{"type":"Feature","properties":{"name":"Henty Highway","class":1,"surf":0,"highway":"trunk","ref":"A200"},"geometry":{"type":"LineString","coordinates":[[142.16909,-36.96632],[142.17085,-36.96686],[142.17179,-36.96728],[142.1749,-36.96943]]}},{"type":"Feature","properties":{"name":"Roses Gap Road","class":5,"surf":0,"highway":"unclassified"},"geometry":{"type":"LineString","coordinates":[[142.34519,-37.01993],[142.35638,-37.02108]]}},{"type":"Feature","properties":{"name":"Natimuk-Hamilton Road","class":2,"surf":0,"highway":"primary","ref":"C214"},"geometry":{"type":"LineString","coordinates":[[141.92452,-37.02004],[141.9252,-37.01805]]}},{"type":"Feature","properties":{"name":"Natimuk-Hamilton Road","class":2,"surf":0,"highway":"primary","ref":"C214"},"geometry":{"type":"LineString","coordinates":[[141.92438,-37.0205],[141.92452,-37.02004]]}},{"type":"Feature","properties":{"name":"Natimuk-Hamilton Road","class":2,"surf":0,"highway":"primary","ref":"C214"},"geometry":{"type":"LineString","coordinates":[[141.92424,-37.02222],[141.92425,-37.02131],[141.92438,-37.0205]]}},{"type":"Feature","properties":{"name":"Northern Grampians Road","class":3,"surf":0,"highway":"secondary","ref":"C222"},"geometry":{"type":"LineString","coordinates":[[142.3264,-36.85965],[142.32639,-36.85973]]}},{"type":"Feature","properties":{"name":"Northern Grampians Road","class":3,"surf":0,"highway":"secondary","ref":"C222"},"geometry":{"type":"LineString","coordinates":[[142.32639,-36.85973],[142.32549,-36.86559],[142.32472,-36.86841],[142.32378,-36.87435]]}},{"type":"Feature","properties":{"name":"Wonwondah-Dadswells Bridge Road","class":3,"surf":0,"highway":"secondary"},"geometry":{"type":"LineString","coordinates":[[142.37637,-36.85623],[142.37573,-36.85653],[142.37508,-36.85697],[142.3675,-36.86303]]}},{"type":"Feature","properties":{"name":"Wonwondah-Dadswells Bridge Road","class":3,"surf":0,"highway":"secondary"},"geometry":{"type":"LineString","coordinates":[[142.39475,-36.85584],[142.39114,-36.85583]]}},{"type":"Feature","properties":{"name":"Wonwondah-Dadswells Bridge Road","class":3,"surf":0,"highway":"secondary"},"geometry":{"type":"LineString","coordinates":[[142.39114,-36.85583],[142.39015,-36.85583]]}},{"type":"Feature","properties":{"name":"Western Highway","class":1,"surf":0,"highway":"trunk","ref":"A8"},"geometry":{"type":"LineString","coordinates":[[142.40484,-36.84143],[142.42348,-36.85568]]}},{"type":"Feature","properties":{"name":"Western Highway","class":1,"surf":0,"highway":"trunk","ref":"A8"},"geometry":{"type":"LineString","coordinates":[[142.42348,-36.85568],[142.42372,-36.85586]]}},{"type":"Feature","properties":{"name":"Wonwondah-Dadswells Bridge Road","class":3,"surf":0,"highway":"secondary"},"geometry":{"type":"LineString","coordinates":[[142.42348,-36.85568],[142.42292,-36.85581],[142.42051,-36.85583]]}},{"type":"Feature","properties":{"name":"Western Highway","class":1,"surf":0,"highway":"trunk","ref":"A8"},"geometry":{"type":"LineString","coordinates":[[142.43126,-36.8614],[142.4324,-36.86214]]}},{"type":"Feature","properties":{"name":"Western Highway","class":1,"surf":0,"highway":"trunk","ref":"A8"},"geometry":{"type":"LineString","coordinates":[[142.4324,-36.86214],[142.43554,-36.86416],[142.44168,-36.86882]]}},{"type":"Feature","properties":{"name":"Western Highway","class":1,"surf":0,"highway":"trunk","ref":"A8"},"geometry":{"type":"LineString","coordinates":[[142.43102,-36.86124],[142.43126,-36.8614]]}},{"type":"Feature","properties":{"name":"Clear Lake-Sherwoods Dam Road","class":3,"surf":0,"highway":"secondary"},"geometry":{"type":"LineString","coordinates":[[141.85549,-36.90828],[141.85558,-36.90863]]}},{"type":"Feature","properties":{"name":"Nurrabiel Church Road","class":5,"surf":0,"highway":"unclassified"},"geometry":{"type":"LineString","coordinates":[[142.01514,-36.91095],[142.01707,-36.91114]]}},{"type":"Feature","properties":{"name":"Nurrabiel Church Road","class":5,"surf":0,"highway":"unclassified"},"geometry":{"type":"LineString","coordinates":[[141.99261,-36.90874],[142.01417,-36.91086]]}},{"type":"Feature","properties":{"name":"Nurrabiel Church Road","class":5,"surf":0,"highway":"unclassified"},"geometry":{"type":"LineString","coordinates":[[142.01417,-36.91086],[142.01514,-36.91095]]}},{"type":"Feature","properties":{"name":"Henty Highway","class":1,"surf":0,"highway":"trunk","ref":"A200"},"geometry":{"type":"LineString","coordinates":[[142.13992,-36.91332],[142.13989,-36.91547]]}},{"type":"Feature","properties":{"name":"Henty Highway","class":1,"surf":0,"highway":"trunk","ref":"A200"},"geometry":{"type":"LineString","coordinates":[[142.13989,-36.91547],[142.13987,-36.91996]]}},{"type":"Feature","properties":{"name":"Henty Highway","class":1,"surf":0,"highway":"trunk","ref":"A200"},"geometry":{"type":"LineString","coordinates":[[142.13987,-36.92006],[142.13986,-36.92057]]}},{"type":"Feature","properties":{"name":"Harrow-Clear Lake Road","class":3,"surf":0,"highway":"secondary"},"geometry":{"type":"LineString","coordinates":[[141.83029,-36.9819],[141.83534,-36.98185],[141.83624,-36.98169],[141.83675,-36.98151]]}},{"type":"Feature","properties":{"name":"Harrow-Clear Lake Road","class":3,"surf":0,"highway":"secondary"},"geometry":{"type":"LineString","coordinates":[[141.81822,-36.98587],[141.82149,-36.98426]]}},{"type":"Feature","properties":{"name":"Harrow-Clear Lake Road","class":3,"surf":0,"highway":"secondary"},"geometry":{"type":"LineString","coordinates":[[141.82149,-36.98426],[141.82493,-36.98245],[141.82577,-36.98208],[141.82648,-36.98195],[141.83029,-36.9819]]}},{"type":"Feature","properties":{"name":"Harrow-Clear Lake Road","class":3,"surf":0,"highway":"secondary"},"geometry":{"type":"LineString","coordinates":[[141.83675,-36.98151],[141.84626,-36.97703]]}},{"type":"Feature","properties":{"name":"Natimuk-Hamilton Road","class":2,"surf":0,"highway":"primary","ref":"C214"},"geometry":{"type":"LineString","coordinates":[[141.93636,-36.98286],[141.93594,-36.98554]]}},{"type":"Feature","properties":{"name":"Natimuk-Hamilton Road","class":2,"surf":0,"highway":"primary","ref":"C214"},"geometry":{"type":"LineString","coordinates":[[141.93594,-36.98554],[141.93501,-36.99043]]}},{"type":"Feature","properties":{"name":"Wonwondah-Toolondo Road","class":3,"surf":0,"highway":"secondary"},"geometry":{"type":"LineString","coordinates":[[141.97161,-36.98792],[141.97735,-36.98745],[141.97861,-36.98727],[141.97914,-36.9871],[141.98076,-36.98631]]}},{"type":"Feature","properties":{"name":"Wonwondah-Toolondo Road","class":3,"surf":0,"highway":"secondary"},"geometry":{"type":"LineString","coordinates":[[141.98206,-36.98564],[141.98338,-36.98497],[141.9838,-36.98468],[141.99548,-36.97597]]}},{"type":"Feature","properties":{"name":"Henty Highway","class":1,"surf":0,"highway":"trunk","ref":"A200"},"geometry":{"type":"LineString","coordinates":[[142.18829,-36.99143],[142.18854,-36.99192]]}},{"type":"Feature","properties":{"name":"Henty Highway","class":1,"surf":0,"highway":"trunk","ref":"A200"},"geometry":{"type":"LineString","coordinates":[[142.18803,-36.9909],[142.18829,-36.99143]]}},{"type":"Feature","properties":{"name":"Henty Highway","class":1,"surf":0,"highway":"trunk","ref":"A200"},"geometry":{"type":"LineString","coordinates":[[142.18784,-36.99052],[142.18803,-36.9909]]}},{"type":"Feature","properties":{"name":"Henty Highway","class":1,"surf":0,"highway":"trunk","ref":"A200"},"geometry":{"type":"LineString","coordinates":[[142.18102,-36.97695],[142.18784,-36.99052]]}},{"type":"Feature","properties":{"name":"Mt Talbot Road","class":5,"surf":0,"highway":"unclassified"},"geometry":{"type":"LineString","coordinates":[[142.05493,-37.00224],[142.05265,-37.01755]]}},{"type":"Feature","properties":{"name":"Clear Lake-Sherwoods Dam Road","class":3,"surf":0,"highway":"secondary"},"geometry":{"type":"LineString","coordinates":[[141.84812,-36.84933],[141.84845,-36.85072]]}},{"type":"Feature","properties":{"name":"Lower Norton-Nurrabiel Road","class":3,"surf":0,"highway":"secondary"},"geometry":{"type":"LineString","coordinates":[[142.05876,-36.85693],[142.05543,-36.86612]]}},{"type":"Feature","properties":{"name":"Lower Norton-Nurrabiel Road","class":3,"surf":0,"highway":"secondary"},"geometry":{"type":"LineString","coordinates":[[142.05876,-36.85693],[142.05886,-36.85664]]}},{"type":"Feature","properties":{"name":"Rifle Butts Road","class":5,"surf":0,"highway":"unclassified"},"geometry":{"type":"LineString","coordinates":[[142.07687,-36.85855],[142.08099,-36.85898]]}},{"type":"Feature","properties":{"name":"Rifle Butts Road","class":5,"surf":0,"highway":"unclassified"},"geometry":{"type":"LineString","coordinates":[[142.11261,-36.86224],[142.11302,-36.85974],[142.11309,-36.85961],[142.11325,-36.85951],[142.11369,-36.85948],[142.11731,-36.85986]]}},{"type":"Feature","properties":{"name":"Nixons Road","class":3,"surf":0,"highway":"secondary"},"geometry":{"type":"LineString","coordinates":[[142.17103,-36.8632],[142.17646,-36.86322]]}},{"type":"Feature","properties":{"name":"Henty Highway","class":1,"surf":0,"highway":"trunk","ref":"A200"},"geometry":{"type":"LineString","coordinates":[[142.13986,-36.92057],[142.13985,-36.92071]]}},{"type":"Feature","properties":{"name":"Jackmans Road","class":5,"surf":0,"highway":"unclassified"},"geometry":{"type":"LineString","coordinates":[[142.52331,-36.93901],[142.52331,-36.92648]]}},{"type":"Feature","properties":{"name":"Jackmans Road","class":5,"surf":0,"highway":"unclassified"},"geometry":{"type":"LineString","coordinates":[[142.52331,-36.92648],[142.52332,-36.92522]]}},{"type":"Feature","properties":{"name":"Jackmans Road","class":5,"surf":0,"highway":"unclassified"},"geometry":{"type":"LineString","coordinates":[[142.52332,-36.92522],[142.52333,-36.92277]]}},{"type":"Feature","properties":{"name":"Western Highway","class":1,"surf":0,"highway":"trunk","ref":"A8"},"geometry":{"type":"LineString","coordinates":[[142.52639,-36.92446],[142.52333,-36.92277]]}},{"type":"Feature","properties":{"name":"Brimpaen-Laharum Road","class":3,"surf":0,"highway":"secondary"},"geometry":{"type":"LineString","coordinates":[[142.31802,-36.99696],[142.31791,-36.99713]]}},{"type":"Feature","properties":{"name":"Brimpaen-Laharum Road","class":3,"surf":0,"highway":"secondary"},"geometry":{"type":"LineString","coordinates":[[142.31783,-36.99725],[142.31764,-36.99763]]}},{"type":"Feature","properties":{"name":"Brimpaen-Laharum Road","class":3,"surf":0,"highway":"secondary"},"geometry":{"type":"LineString","coordinates":[[142.3194,-36.99582],[142.31854,-36.99646],[142.31802,-36.99696]]}},{"type":"Feature","properties":{"name":"Brimpaen-Laharum Road","class":3,"surf":0,"highway":"secondary"},"geometry":{"type":"LineString","coordinates":[[142.32335,-36.99293],[142.32166,-36.99417]]}},{"type":"Feature","properties":{"name":"Brimpaen-Laharum Road","class":3,"surf":0,"highway":"secondary"},"geometry":{"type":"LineString","coordinates":[[142.32166,-36.99417],[142.3194,-36.99582]]}},{"type":"Feature","properties":{"name":"Northern Grampians Road","class":2,"surf":0,"highway":"primary","ref":"C222"},"geometry":{"type":"LineString","coordinates":[[142.33208,-37.00555],[142.33222,-37.0057]]}},{"type":"Feature","properties":{"name":"Brimpaen-Laharum Road","class":3,"surf":0,"highway":"secondary"},"geometry":{"type":"LineString","coordinates":[[142.31791,-36.99713],[142.31783,-36.99725]]}},{"type":"Feature","properties":{"name":"Roses Gap Road","class":5,"surf":0,"highway":"unclassified"},"geometry":{"type":"LineString","coordinates":[[142.36532,-37.03098],[142.37508,-37.0311]]}},{"type":"Feature","properties":{"name":"Harrow-Clear Lake Road","class":3,"surf":0,"highway":"secondary"},"geometry":{"type":"LineString","coordinates":[[141.80078,-36.99451],[141.81093,-36.98946]]}},{"type":"Feature","properties":{"name":"Harrow-Clear Lake Road","class":3,"surf":0,"highway":"secondary"},"geometry":{"type":"LineString","coordinates":[[141.81093,-36.98946],[141.81822,-36.98587]]}},{"type":"Feature","properties":{"name":"Brimpaen-Laharum Road","class":3,"surf":0,"highway":"secondary"},"geometry":{"type":"LineString","coordinates":[[142.23519,-37.03782],[142.23819,-37.03763],[142.24022,-37.03757]]}},{"type":"Feature","properties":{"name":"Roses Gap Road","class":5,"surf":0,"highway":"unclassified"},"geometry":{"type":"LineString","coordinates":[[142.37508,-37.0311],[142.37668,-37.03107],[142.38058,-37.03058]]}},{"type":"Feature","properties":{"name":"Nixons Road","class":3,"surf":0,"highway":"secondary"},"geometry":{"type":"LineString","coordinates":[[142.17646,-36.86322],[142.17807,-36.86324],[142.17819,-36.86333],[142.17825,-36.86353]]}},{"type":"Feature","properties":{"name":"Wonwondah-Dadswells Bridge Road","class":3,"surf":0,"highway":"secondary"},"geometry":{"type":"LineString","coordinates":[[142.33988,-36.87219],[142.33972,-36.87221]]}},{"type":"Feature","properties":{"name":"Wonwondah-Dadswells Bridge Road","class":3,"surf":0,"highway":"secondary"},"geometry":{"type":"LineString","coordinates":[[142.35826,-36.86968],[142.35821,-36.86969]]}},{"type":"Feature","properties":{"name":"Wonwondah-Dadswells Bridge Road","class":3,"surf":0,"highway":"secondary"},"geometry":{"type":"LineString","coordinates":[[142.35821,-36.86969],[142.35501,-36.87015]]}},{"type":"Feature","properties":{"name":"Wonwondah-Dadswells Bridge Road","class":3,"surf":0,"highway":"secondary"},"geometry":{"type":"LineString","coordinates":[[142.35501,-36.87015],[142.34484,-36.87152]]}},{"type":"Feature","properties":{"name":"Wonwondah-Dadswells Bridge Road","class":3,"surf":0,"highway":"secondary"},"geometry":{"type":"LineString","coordinates":[[142.3675,-36.86303],[142.36082,-36.86841]]}},{"type":"Feature","properties":{"name":"Wonwondah-Dadswells Bridge Road","class":3,"surf":0,"highway":"secondary"},"geometry":{"type":"LineString","coordinates":[[142.36082,-36.86841],[142.35969,-36.86917],[142.3589,-36.86951],[142.35826,-36.86968]]}},{"type":"Feature","properties":{"name":"Clear Lake-Sherwoods Dam Road","class":3,"surf":0,"highway":"secondary"},"geometry":{"type":"LineString","coordinates":[[141.85558,-36.90863],[141.85714,-36.915]]}},{"type":"Feature","properties":{"name":"Clear Lake-Sherwoods Dam Road","class":3,"surf":0,"highway":"secondary"},"geometry":{"type":"LineString","coordinates":[[141.85714,-36.915],[141.85847,-36.92044]]}},{"type":"Feature","properties":{"name":"Nurrabiel Church Road","class":3,"surf":0,"highway":"secondary"},"geometry":{"type":"LineString","coordinates":[[141.9563,-36.90516],[141.99261,-36.90874]]}},{"type":"Feature","properties":{"name":"Jallumba-Clear Lake Road","class":3,"surf":0,"highway":"secondary"},"geometry":{"type":"LineString","coordinates":[[141.88111,-36.926],[141.90717,-36.92858]]}},{"type":"Feature","properties":{"name":"Jallumba-Clear Lake Road","class":3,"surf":0,"highway":"secondary"},"geometry":{"type":"LineString","coordinates":[[141.90717,-36.92858],[141.90955,-36.92882]]}},{"type":"Feature","properties":{"name":"Jallumba-Clear Lake Road","class":3,"surf":0,"highway":"secondary"},"geometry":{"type":"LineString","coordinates":[[141.93164,-36.93114],[141.93218,-36.93119]]}},{"type":"Feature","properties":{"name":"Jallumba-Clear Lake Road","class":3,"surf":0,"highway":"secondary"},"geometry":{"type":"LineString","coordinates":[[141.93218,-36.93119],[141.94048,-36.93194]]}},{"type":"Feature","properties":{"name":"Wonwondah-Toolondo Road","class":3,"surf":0,"highway":"secondary"},"geometry":{"type":"LineString","coordinates":[[141.93887,-36.99167],[141.94001,-36.99164]]}},{"type":"Feature","properties":{"name":"Wonwondah-Toolondo Road","class":3,"surf":0,"highway":"secondary"},"geometry":{"type":"LineString","coordinates":[[142.03853,-36.91329],[142.03496,-36.92408]]}},{"type":"Feature","properties":{"name":"Wonwondah-Toolondo Road","class":3,"surf":0,"highway":"secondary"},"geometry":{"type":"LineString","coordinates":[[142.03496,-36.92408],[142.03467,-36.92497]]}},{"type":"Feature","properties":{"name":"Wonwondah-Toolondo Road","class":3,"surf":0,"highway":"secondary"},"geometry":{"type":"LineString","coordinates":[[142.03449,-36.92555],[142.03404,-36.92687]]}},{"type":"Feature","properties":{"name":"Officer Station Road","class":5,"surf":0,"highway":"unclassified"},"geometry":{"type":"LineString","coordinates":[[141.86811,-36.97627],[141.86759,-36.98475],[141.8677,-36.98523],[141.86781,-36.98546],[141.86829,-36.98603],[141.87379,-36.99086]]}},{"type":"Feature","properties":{"name":"Officer Station Road","class":5,"surf":0,"highway":"unclassified"},"geometry":{"type":"LineString","coordinates":[[141.87379,-36.99086],[141.87438,-36.99139]]}},{"type":"Feature","properties":{"name":"Natimuk-Hamilton Road","class":2,"surf":0,"highway":"primary","ref":"C214"},"geometry":{"type":"LineString","coordinates":[[141.93221,-36.99761],[141.93179,-36.99891]]}},{"type":"Feature","properties":{"name":"Natimuk-Hamilton Road","class":2,"surf":0,"highway":"primary","ref":"C214"},"geometry":{"type":"LineString","coordinates":[[141.93179,-36.99891],[141.93127,-37.00041]]}},{"type":"Feature","properties":{"name":"Natimuk-Hamilton Road","class":2,"surf":0,"highway":"primary","ref":"C214"},"geometry":{"type":"LineString","coordinates":[[141.93405,-36.99276],[141.9336,-36.99354]]}},{"type":"Feature","properties":{"name":"Natimuk-Hamilton Road","class":2,"surf":0,"highway":"primary","ref":"C214"},"geometry":{"type":"LineString","coordinates":[[141.93482,-36.99119],[141.9346,-36.9918],[141.93405,-36.99276]]}},{"type":"Feature","properties":{"name":"Wonwondah-Toolondo Road","class":3,"surf":0,"highway":"secondary"},"geometry":{"type":"LineString","coordinates":[[141.93405,-36.99276],[141.93462,-36.99274],[141.93502,-36.99257]]}},{"type":"Feature","properties":{"name":"Wonwondah-Toolondo Road","class":3,"surf":0,"highway":"secondary"},"geometry":{"type":"LineString","coordinates":[[141.93502,-36.99257],[141.93606,-36.99208]]}},{"type":"Feature","properties":{"name":"Wonwondah-Toolondo Road","class":3,"surf":0,"highway":"secondary"},"geometry":{"type":"LineString","coordinates":[[141.93606,-36.99208],[141.93783,-36.99171],[141.93887,-36.99167]]}},{"type":"Feature","properties":{"name":"Wonwondah-Toolondo Road","class":3,"surf":0,"highway":"secondary"},"geometry":{"type":"LineString","coordinates":[[141.96326,-36.98859],[141.97161,-36.98792]]}},{"type":"Feature","properties":{"name":"Wonwondah-Toolondo Road","class":3,"surf":0,"highway":"secondary"},"geometry":{"type":"LineString","coordinates":[[141.94053,-36.9916],[141.94109,-36.99151],[141.94334,-36.99072],[141.94581,-36.99025]]}},{"type":"Feature","properties":{"name":"Wonwondah-Toolondo Road","class":3,"surf":0,"highway":"secondary"},"geometry":{"type":"LineString","coordinates":[[141.94581,-36.99025],[141.94618,-36.99018]]}},{"type":"Feature","properties":{"name":"Wonwondah-Toolondo Road","class":3,"surf":0,"highway":"secondary"},"geometry":{"type":"LineString","coordinates":[[141.94618,-36.99018],[141.94629,-36.99016]]}},{"type":"Feature","properties":{"name":"Wonwondah-Toolondo Road","class":3,"surf":0,"highway":"secondary"},"geometry":{"type":"LineString","coordinates":[[141.94629,-36.99016],[141.9475,-36.98994],[141.94893,-36.98981]]}},{"type":"Feature","properties":{"name":"Wonwondah-Toolondo Road","class":3,"surf":0,"highway":"secondary"},"geometry":{"type":"LineString","coordinates":[[141.9519,-36.98956],[141.95252,-36.98948]]}},{"type":"Feature","properties":{"name":"Wonwondah-Toolondo Road","class":3,"surf":0,"highway":"secondary"},"geometry":{"type":"LineString","coordinates":[[141.95252,-36.98948],[141.96326,-36.98859]]}},{"type":"Feature","properties":{"name":"Telangatuk East-Rocklands Road","class":3,"surf":0,"highway":"secondary"},"geometry":{"type":"LineString","coordinates":[[141.97161,-36.98792],[141.97056,-36.99494]]}},{"type":"Feature","properties":{"name":"Holmes Road","class":5,"surf":0,"highway":"unclassified"},"geometry":{"type":"LineString","coordinates":[[142.00992,-36.97753],[142.00766,-36.99238]]}},{"type":"Feature","properties":{"name":"Telangatuk East-Rocklands Road","class":3,"surf":0,"highway":"secondary"},"geometry":{"type":"LineString","coordinates":[[141.98412,-37.02521],[141.98403,-37.0257]]}},{"type":"Feature","properties":{"name":"Telangatuk East-Rocklands Road","class":3,"surf":0,"highway":"secondary"},"geometry":{"type":"LineString","coordinates":[[141.98538,-37.01702],[141.98412,-37.02521]]}},{"type":"Feature","properties":{"name":"Brimpaen-Laharum Road","class":3,"surf":0,"highway":"secondary"},"geometry":{"type":"LineString","coordinates":[[142.19566,-37.03382],[142.19903,-37.03415],[142.20106,-37.03423],[142.20259,-37.03437]]}},{"type":"Feature","properties":{"name":"Henty Highway","class":1,"surf":0,"highway":"trunk","ref":"A200"},"geometry":{"type":"LineString","coordinates":[[142.13985,-36.92071],[142.13986,-36.92315]]}},{"type":"Feature","properties":{"name":"Clear Lake-Sherwoods Dam Road","class":3,"surf":0,"highway":"secondary"},"geometry":{"type":"LineString","coordinates":[[141.84845,-36.85072],[141.85194,-36.86573]]}},{"type":"Feature","properties":{"name":"Clear Lake-Sherwoods Dam Road","class":3,"surf":0,"highway":"secondary"},"geometry":{"type":"LineString","coordinates":[[141.85194,-36.86573],[141.85286,-36.86973]]}},{"type":"Feature","properties":{"name":"Scott Heard Lights Road","class":3,"surf":0,"highway":"secondary"},"geometry":{"type":"LineString","coordinates":[[141.88987,-36.86222],[141.88977,-36.86284]]}},{"type":"Feature","properties":{"name":"Henty Highway","class":1,"surf":0,"highway":"trunk","ref":"A200"},"geometry":{"type":"LineString","coordinates":[[142.13986,-36.92315],[142.13984,-36.92571]]}},{"type":"Feature","properties":{"name":"Henty Highway","class":1,"surf":0,"highway":"trunk","ref":"A200"},"geometry":{"type":"LineString","coordinates":[[142.13984,-36.92571],[142.13982,-36.92924]]}},{"type":"Feature","properties":{"name":"Henty Highway","class":1,"surf":0,"highway":"trunk","ref":"A200"},"geometry":{"type":"LineString","coordinates":[[142.13982,-36.92924],[142.13981,-36.93094]]}},{"type":"Feature","properties":{"name":"Henty Highway","class":1,"surf":0,"highway":"trunk","ref":"A200"},"geometry":{"type":"LineString","coordinates":[[142.13981,-36.93094],[142.1398,-36.93312]]}},{"type":"Feature","properties":{"name":"Henty Highway","class":1,"surf":0,"highway":"trunk","ref":"A200"},"geometry":{"type":"LineString","coordinates":[[142.1398,-36.93312],[142.1398,-36.93327]]}},{"type":"Feature","properties":{"name":"Camerons Road","class":5,"surf":0,"highway":"unclassified"},"geometry":{"type":"LineString","coordinates":[[142.01771,-36.994],[142.01977,-36.9942]]}},{"type":"Feature","properties":{"name":"Henty Highway","class":1,"surf":0,"highway":"trunk","ref":"A200"},"geometry":{"type":"LineString","coordinates":[[142.1398,-36.93327],[142.1398,-36.93693],[142.1399,-36.93775],[142.14017,-36.93862]]}},{"type":"Feature","properties":{"name":"Northern Grampians Road","class":2,"surf":0,"highway":"primary","ref":"C222"},"geometry":{"type":"LineString","coordinates":[[142.3278,-36.92875],[142.32778,-36.92919]]}},{"type":"Feature","properties":{"name":"Northern Grampians Road","class":2,"surf":0,"highway":"primary","ref":"C222"},"geometry":{"type":"LineString","coordinates":[[142.32778,-36.92919],[142.32778,-36.92929]]}},{"type":"Feature","properties":{"name":"Northern Grampians Road","class":2,"surf":0,"highway":"primary","ref":"C222"},"geometry":{"type":"LineString","coordinates":[[142.32778,-36.92929],[142.32745,-36.9311],[142.32627,-36.93631]]}},{"type":"Feature","properties":{"name":"Olive Plantation Road","class":5,"surf":0,"highway":"unclassified"},"geometry":{"type":"LineString","coordinates":[[142.33972,-36.92624],[142.3312,-36.92621]]}},{"type":"Feature","properties":{"name":"Olive Plantation Road","class":5,"surf":0,"highway":"unclassified"},"geometry":{"type":"LineString","coordinates":[[142.35814,-36.92666],[142.33972,-36.92624]]}},{"type":"Feature","properties":{"name":"Holmes Road","class":5,"surf":0,"highway":"unclassified"},"geometry":{"type":"LineString","coordinates":[[142.00766,-36.99238],[142.00757,-36.99288]]}},{"type":"Feature","properties":{"name":"Camerons Road","class":5,"surf":0,"highway":"unclassified"},"geometry":{"type":"LineString","coordinates":[[142.00757,-36.99288],[142.00761,-36.99297],[142.00775,-36.99303],[142.01771,-36.994]]}},{"type":"Feature","properties":{"name":"Camerons Road","class":5,"surf":0,"highway":"unclassified"},"geometry":{"type":"LineString","coordinates":[[142.01977,-36.9942],[142.03796,-36.99599]]}},{"type":"Feature","properties":{"name":"Henty Highway","class":1,"surf":0,"highway":"trunk","ref":"A200"},"geometry":{"type":"LineString","coordinates":[[142.18943,-36.9937],[142.18854,-36.99192]]}},{"type":"Feature","properties":{"name":"Northern Grampians Road","class":2,"surf":0,"highway":"primary","ref":"C222"},"geometry":{"type":"LineString","coordinates":[[142.32872,-36.9949],[142.32936,-36.99749]]}},{"type":"Feature","properties":{"name":"Northern Grampians Road","class":2,"surf":0,"highway":"primary","ref":"C222"},"geometry":{"type":"LineString","coordinates":[[142.32936,-36.99749],[142.32982,-36.99928]]}},{"type":"Feature","properties":{"name":"Northern Grampians Road","class":2,"surf":0,"highway":"primary","ref":"C222"},"geometry":{"type":"LineString","coordinates":[[142.32982,-36.99928],[142.33045,-37.002]]}},{"type":"Feature","properties":{"name":"Northern Grampians Road","class":2,"surf":0,"highway":"primary","ref":"C222"},"geometry":{"type":"LineString","coordinates":[[142.33045,-37.002],[142.33102,-37.00417],[142.33125,-37.00457],[142.33187,-37.00469],[142.3315,-37.0049],[142.33208,-37.00555]]}},{"type":"Feature","properties":{"name":"Northern Grampians Road","class":2,"surf":0,"highway":"primary","ref":"C222"},"geometry":{"type":"LineString","coordinates":[[142.33222,-37.0057],[142.33241,-37.00594]]}},{"type":"Feature","properties":{"name":"Northern Grampians Road","class":2,"surf":0,"highway":"primary","ref":"C222"},"geometry":{"type":"LineString","coordinates":[[142.33241,-37.00594],[142.33574,-37.00969]]}},{"type":"Feature","properties":{"name":"Harrow-Clear Lake Road","class":3,"surf":0,"highway":"secondary"},"geometry":{"type":"LineString","coordinates":[[141.79325,-36.99823],[141.80078,-36.99451]]}},{"type":"Feature","properties":{"name":"Brimpaen-Laharum Road","class":3,"surf":0,"highway":"secondary"},"geometry":{"type":"LineString","coordinates":[[142.20259,-37.03437],[142.20526,-37.03482],[142.20991,-37.03531]]}},{"type":"Feature","properties":{"name":"Brimpaen-Laharum Road","class":3,"surf":0,"highway":"secondary"},"geometry":{"type":"LineString","coordinates":[[142.20991,-37.03531],[142.21034,-37.03534]]}},{"type":"Feature","properties":{"name":"Brimpaen-Laharum Road","class":3,"surf":0,"highway":"secondary"},"geometry":{"type":"LineString","coordinates":[[142.21034,-37.03534],[142.21394,-37.03572]]}},{"type":"Feature","properties":{"name":"Brimpaen-Laharum Road","class":3,"surf":0,"highway":"secondary"},"geometry":{"type":"LineString","coordinates":[[142.26294,-37.03767],[142.24288,-37.03757]]}},{"type":"Feature","properties":{"name":"Brimpaen-Laharum Road","class":3,"surf":0,"highway":"secondary"},"geometry":{"type":"LineString","coordinates":[[142.26471,-37.0377],[142.26339,-37.03767]]}},{"type":"Feature","properties":{"name":"Brimpaen-Laharum Road","class":3,"surf":0,"highway":"secondary"},"geometry":{"type":"LineString","coordinates":[[142.27728,-37.03547],[142.26642,-37.03758],[142.26471,-37.0377]]}},{"type":"Feature","properties":{"name":"Brimpaen-Laharum Road","class":3,"surf":0,"highway":"secondary"},"geometry":{"type":"LineString","coordinates":[[142.28803,-37.03342],[142.28439,-37.0341]]}},{"type":"Feature","properties":{"name":"Brimpaen-Laharum Road","class":3,"surf":0,"highway":"secondary"},"geometry":{"type":"LineString","coordinates":[[142.29982,-37.0303],[142.28803,-37.03342]]}},{"type":"Feature","properties":{"name":"Northern Grampians Road","class":2,"surf":0,"highway":"primary","ref":"C222"},"geometry":{"type":"LineString","coordinates":[[142.33788,-37.03793],[142.33771,-37.0384],[142.33759,-37.03903],[142.33765,-37.03977],[142.33785,-37.04039],[142.33978,-37.04343],[142.34181,-37.04629]]}},{"type":"Feature","properties":{"name":"Natimuk-Hamilton Road","class":2,"surf":0,"highway":"primary","ref":"C214"},"geometry":{"type":"LineString","coordinates":[[141.901,-37.10492],[141.88289,-37.11432]]}},{"type":"Feature","properties":{"name":"Natimuk-Hamilton Road","class":2,"surf":0,"highway":"primary","ref":"C214"},"geometry":{"type":"LineString","coordinates":[[141.88289,-37.11432],[141.88054,-37.11553]]}},{"type":"Feature","properties":{"name":"Wombelano Road","class":2,"surf":0,"highway":"primary","ref":"C205"},"geometry":{"type":"LineString","coordinates":[[141.80213,-37.1153],[141.80266,-37.11579]]}},{"type":"Feature","properties":{"name":"Wombelano Road","class":2,"surf":0,"highway":"primary","ref":"C205"},"geometry":{"type":"LineString","coordinates":[[141.80266,-37.11579],[141.80731,-37.12002]]}},{"type":"Feature","properties":{"name":"Wombelano Road","class":2,"surf":0,"highway":"primary","ref":"C205"},"geometry":{"type":"LineString","coordinates":[[141.80731,-37.12002],[141.80986,-37.12243]]}},{"type":"Feature","properties":{"name":"Wombelano Road","class":2,"surf":0,"highway":"primary","ref":"C205"},"geometry":{"type":"LineString","coordinates":[[141.80986,-37.12243],[141.81353,-37.12596],[141.81426,-37.12657],[141.81523,-37.12719],[141.81678,-37.12792],[141.82683,-37.13168]]}},{"type":"Feature","properties":{"name":"Natimuk-Hamilton Road","class":2,"surf":0,"highway":"primary","ref":"C214"},"geometry":{"type":"LineString","coordinates":[[141.88054,-37.11553],[141.8764,-37.11767]]}},{"type":"Feature","properties":{"name":"Natimuk-Hamilton Road","class":2,"surf":0,"highway":"primary","ref":"C214"},"geometry":{"type":"LineString","coordinates":[[141.8764,-37.11767],[141.87297,-37.11946],[141.87184,-37.11997],[141.87112,-37.12019],[141.8641,-37.12177]]}},{"type":"Feature","properties":{"name":"Scott Heard Lights Road","class":3,"surf":0,"highway":"secondary"},"geometry":{"type":"LineString","coordinates":[[141.8929,-36.843],[141.89275,-36.84352],[141.88987,-36.86222]]}},{"type":"Feature","properties":{"name":"North East Wonwondah Road","class":3,"surf":0,"highway":"secondary"},"geometry":{"type":"LineString","coordinates":[[142.15808,-36.87789],[142.1606,-36.87788]]}},{"type":"Feature","properties":{"name":"Laharum Road","class":2,"surf":0,"highway":"primary"},"geometry":{"type":"LineString","coordinates":[[142.23026,-36.85939],[142.23021,-36.87277]]}},{"type":"Feature","properties":{"name":"Laharum Road","class":2,"surf":0,"highway":"primary"},"geometry":{"type":"LineString","coordinates":[[142.23021,-36.87277],[142.23021,-36.87382]]}},{"type":"Feature","properties":{"name":"Laharum Road","class":2,"surf":0,"highway":"primary"},"geometry":{"type":"LineString","coordinates":[[142.24232,-36.87824],[142.248,-36.87822]]}},{"type":"Feature","properties":{"name":"Laharum Road","class":2,"surf":0,"highway":"primary"},"geometry":{"type":"LineString","coordinates":[[142.23784,-36.87823],[142.24232,-36.87824]]}},{"type":"Feature","properties":{"name":"Laharum Road","class":2,"surf":0,"highway":"primary"},"geometry":{"type":"LineString","coordinates":[[142.23692,-36.8782],[142.23784,-36.87823]]}},{"type":"Feature","properties":{"name":"Laharum Road","class":2,"surf":0,"highway":"primary"},"geometry":{"type":"LineString","coordinates":[[142.248,-36.87822],[142.25301,-36.87826]]}},{"type":"Feature","properties":{"name":"Laharum Road","class":2,"surf":0,"highway":"primary"},"geometry":{"type":"LineString","coordinates":[[142.25301,-36.87826],[142.25632,-36.87827]]}},{"type":"Feature","properties":{"name":"Laharum Road","class":2,"surf":0,"highway":"primary"},"geometry":{"type":"LineString","coordinates":[[142.25632,-36.87827],[142.2599,-36.87829]]}},{"type":"Feature","properties":{"name":"Laharum Road","class":2,"surf":0,"highway":"primary"},"geometry":{"type":"LineString","coordinates":[[142.2599,-36.87829],[142.26668,-36.87829]]}},{"type":"Feature","properties":{"name":"Laharum Road","class":2,"surf":0,"highway":"primary"},"geometry":{"type":"LineString","coordinates":[[142.26668,-36.87829],[142.26735,-36.8783]]}},{"type":"Feature","properties":{"name":"Laharum Road","class":2,"surf":0,"highway":"primary"},"geometry":{"type":"LineString","coordinates":[[142.26735,-36.8783],[142.2715,-36.8783],[142.2741,-36.87799],[142.28495,-36.87802]]}},{"type":"Feature","properties":{"name":"Western Highway","class":1,"surf":0,"highway":"trunk","ref":"A8"},"geometry":{"type":"LineString","coordinates":[[142.54126,-36.93261],[142.5383,-36.93096]]}},{"type":"Feature","properties":{"name":"Western Highway","class":1,"surf":0,"highway":"trunk","ref":"A8"},"geometry":{"type":"LineString","coordinates":[[142.5383,-36.93096],[142.52837,-36.92551]]}},{"type":"Feature","properties":{"name":"Western Highway","class":1,"surf":0,"highway":"trunk","ref":"A8"},"geometry":{"type":"LineString","coordinates":[[142.5477,-36.9362],[142.54166,-36.93283]]}},{"type":"Feature","properties":{"name":"Western Highway","class":1,"surf":0,"highway":"trunk","ref":"A8"},"geometry":{"type":"LineString","coordinates":[[142.55943,-36.94277],[142.5477,-36.9362]]}},{"type":"Feature","properties":{"name":"Jallumba-Clear Lake Road","class":3,"surf":0,"highway":"secondary"},"geometry":{"type":"LineString","coordinates":[[141.85969,-36.9253],[141.86415,-36.92457],[141.86557,-36.92445],[141.87101,-36.92498]]}},{"type":"Feature","properties":{"name":"Harrow-Clear Lake Road","class":3,"surf":0,"highway":"secondary"},"geometry":{"type":"LineString","coordinates":[[141.85969,-36.9253],[141.86024,-36.9292]]}},{"type":"Feature","properties":{"name":"Clear Lake-Sherwoods Dam Road","class":3,"surf":0,"highway":"secondary"},"geometry":{"type":"LineString","coordinates":[[141.85909,-36.92285],[141.85969,-36.9253]]}},{"type":"Feature","properties":{"name":"Jallumba-Clear Lake Road","class":3,"surf":0,"highway":"secondary"},"geometry":{"type":"LineString","coordinates":[[141.87101,-36.92498],[141.87431,-36.92531]]}},{"type":"Feature","properties":{"name":"Jallumba-Clear Lake Road","class":3,"surf":0,"highway":"secondary"},"geometry":{"type":"LineString","coordinates":[[141.87431,-36.92531],[141.88111,-36.926]]}},{"type":"Feature","properties":{"name":"Jallumba-Clear Lake Road","class":3,"surf":0,"highway":"secondary"},"geometry":{"type":"LineString","coordinates":[[141.90955,-36.92882],[141.93164,-36.93114]]}},{"type":"Feature","properties":{"name":"Jallumba-Mockinya Road","class":3,"surf":0,"highway":"secondary"},"geometry":{"type":"LineString","coordinates":[[141.94376,-36.93226],[141.94749,-36.93254],[141.95692,-36.93348]]}},{"type":"Feature","properties":{"name":"Jallumba-Mockinya Road","class":3,"surf":0,"highway":"secondary"},"geometry":{"type":"LineString","coordinates":[[141.95692,-36.93348],[141.95781,-36.93357]]}},{"type":"Feature","properties":{"name":"Jallumba-Mockinya Road","class":3,"surf":0,"highway":"secondary"},"geometry":{"type":"LineString","coordinates":[[141.95781,-36.93357],[141.96164,-36.93395]]}},{"type":"Feature","properties":{"name":"Natimuk-Hamilton Road","class":2,"surf":0,"highway":"primary","ref":"C214"},"geometry":{"type":"LineString","coordinates":[[141.92993,-37.00425],[141.93127,-37.00041]]}},{"type":"Feature","properties":{"name":"Natimuk-Hamilton Road","class":2,"surf":0,"highway":"primary","ref":"C214"},"geometry":{"type":"LineString","coordinates":[[141.92877,-37.00763],[141.92922,-37.00631]]}},{"type":"Feature","properties":{"name":"Natimuk-Hamilton Road","class":2,"surf":0,"highway":"primary","ref":"C214"},"geometry":{"type":"LineString","coordinates":[[141.92831,-37.00895],[141.92877,-37.00763]]}},{"type":"Feature","properties":{"name":"Natimuk-Hamilton Road","class":2,"surf":0,"highway":"primary","ref":"C214"},"geometry":{"type":"LineString","coordinates":[[141.9252,-37.01805],[141.92772,-37.01061]]}},{"type":"Feature","properties":{"name":"Natimuk-Hamilton Road","class":2,"surf":0,"highway":"primary","ref":"C214"},"geometry":{"type":"LineString","coordinates":[[141.92772,-37.01061],[141.92831,-37.00895]]}},{"type":"Feature","properties":{"name":"Telangatuk East-Rocklands Road","class":3,"surf":0,"highway":"secondary"},"geometry":{"type":"LineString","coordinates":[[141.97389,-37.003],[141.97403,-37.00331],[141.97414,-37.00391],[141.97404,-37.00526],[141.97411,-37.00588],[141.97443,-37.00652],[141.97486,-37.007],[141.9763,-37.00798],[141.97669,-37.00816],[141.97768,-37.00842],[141.97978,-37.00862],[141.98083,-37.00898],[141.98234,-37.00974],[141.98366,-37.01079],[141.9851,-37.01238],[141.98558,-37.01305],[141.98572,-37.01339],[141.98577,-37.01377]]}},{"type":"Feature","properties":{"name":"Telangatuk East-Rocklands Road","class":3,"surf":0,"highway":"secondary"},"geometry":{"type":"LineString","coordinates":[[141.97056,-36.99494],[141.97062,-36.99539],[141.97076,-36.99583],[141.97134,-36.99683],[141.97189,-36.99814],[141.97213,-36.99897],[141.97239,-37.00046],[141.97263,-37.00129]]}},{"type":"Feature","properties":{"name":"Mt Talbot Road","class":5,"surf":0,"highway":"unclassified"},"geometry":{"type":"LineString","coordinates":[[142.05536,-36.99925],[142.05541,-36.99947],[142.05493,-37.00224]]}},{"type":"Feature","properties":{"name":"Harrow-Clear Lake Road","class":3,"surf":0,"highway":"secondary"},"geometry":{"type":"LineString","coordinates":[[141.7839,-37.00287],[141.79325,-36.99823]]}},{"type":"Feature","properties":{"name":"Henty Highway","class":1,"surf":0,"highway":"trunk","ref":"A200"},"geometry":{"type":"LineString","coordinates":[[142.17407,-36.79368],[142.17405,-36.79889]]}},{"type":"Feature","properties":{"name":"Northern Grampians Road","class":2,"surf":0,"highway":"primary","ref":"C222"},"geometry":{"type":"LineString","coordinates":[[142.34181,-37.04629],[142.343,-37.04795]]}},{"type":"Feature","properties":{"name":"Northern Grampians Road","class":2,"surf":0,"highway":"primary","ref":"C222"},"geometry":{"type":"LineString","coordinates":[[142.343,-37.04795],[142.34352,-37.04842],[142.34513,-37.04957],[142.34563,-37.05002],[142.34653,-37.05109]]}},{"type":"Feature","properties":{"name":"","class":5,"surf":0,"highway":"unclassified"},"geometry":{"type":"LineString","coordinates":[[141.79171,-37.04645],[141.7919,-37.04654],[141.79643,-37.04699],[141.797,-37.04713],[141.79804,-37.04718],[141.80646,-37.04803],[141.80707,-37.04807],[141.80722,-37.04803],[141.80734,-37.04781],[141.80796,-37.04333],[141.80922,-37.03531]]}},{"type":"Feature","properties":{"name":"Ross Road","class":5,"surf":0,"highway":"unclassified"},"geometry":{"type":"LineString","coordinates":[[141.95252,-37.11167],[141.95162,-37.11727]]}},{"type":"Feature","properties":{"name":"Ross Road","class":5,"surf":0,"highway":"unclassified"},"geometry":{"type":"LineString","coordinates":[[141.95162,-37.11727],[141.9512,-37.12037]]}},{"type":"Feature","properties":{"name":"Ross Road","class":5,"surf":0,"highway":"unclassified"},"geometry":{"type":"LineString","coordinates":[[141.9512,-37.12037],[141.95051,-37.12431],[141.95026,-37.12539],[141.95003,-37.12812],[141.94956,-37.13063]]}},{"type":"Feature","properties":{"name":"Telangatuk East-Rocklands Road","class":3,"surf":0,"highway":"secondary"},"geometry":{"type":"LineString","coordinates":[[141.97199,-37.1039],[141.97051,-37.11354]]}},{"type":"Feature","properties":{"name":"Plush Hannans Road","class":5,"surf":0,"highway":"unclassified"},"geometry":{"type":"LineString","coordinates":[[142.07336,-36.80076],[142.07515,-36.80093]]}},{"type":"Feature","properties":{"name":"Plush Hannans Road","class":5,"surf":0,"highway":"unclassified"},"geometry":{"type":"LineString","coordinates":[[142.07515,-36.80093],[142.07572,-36.80099]]}},{"type":"Feature","properties":{"name":"Henty Highway","class":1,"surf":0,"highway":"trunk","ref":"A200"},"geometry":{"type":"LineString","coordinates":[[142.17405,-36.79889],[142.17406,-36.79943]]}},{"type":"Feature","properties":{"name":"Henty Highway","class":1,"surf":0,"highway":"trunk","ref":"A200"},"geometry":{"type":"LineString","coordinates":[[142.17406,-36.79943],[142.17405,-36.80032]]}},{"type":"Feature","properties":{"name":"Henty Highway","class":1,"surf":0,"highway":"trunk","ref":"A200"},"geometry":{"type":"LineString","coordinates":[[142.17405,-36.80032],[142.17404,-36.80133]]}},{"type":"Feature","properties":{"name":"Henty Highway","class":1,"surf":0,"highway":"trunk","ref":"A200"},"geometry":{"type":"LineString","coordinates":[[142.17404,-36.80133],[142.17403,-36.80211]]}},{"type":"Feature","properties":{"name":"Henty Highway","class":1,"surf":0,"highway":"trunk","ref":"A200"},"geometry":{"type":"LineString","coordinates":[[142.17403,-36.80211],[142.17401,-36.80384]]}},{"type":"Feature","properties":{"name":"Green Lake Road","class":3,"surf":0,"highway":"secondary"},"geometry":{"type":"LineString","coordinates":[[142.28506,-36.86436],[142.28495,-36.87802]]}},{"type":"Feature","properties":{"name":"Laharum Road","class":2,"surf":0,"highway":"primary"},"geometry":{"type":"LineString","coordinates":[[142.29382,-36.87805],[142.28495,-36.87802]]}},{"type":"Feature","properties":{"name":"Laharum Road","class":2,"surf":0,"highway":"primary"},"geometry":{"type":"LineString","coordinates":[[142.31457,-36.87551],[142.31407,-36.87557]]}},{"type":"Feature","properties":{"name":"Wonwondah-Dadswells Bridge Road","class":3,"surf":0,"highway":"secondary"},"geometry":{"type":"LineString","coordinates":[[142.3201,-36.87485],[142.31832,-36.8751]]}},{"type":"Feature","properties":{"name":"Wonwondah-Dadswells Bridge Road","class":3,"surf":0,"highway":"secondary"},"geometry":{"type":"LineString","coordinates":[[142.3214,-36.87467],[142.3201,-36.87485]]}},{"type":"Feature","properties":{"name":"Wonwondah-Dadswells Bridge Road","class":3,"surf":0,"highway":"secondary"},"geometry":{"type":"LineString","coordinates":[[142.32378,-36.87435],[142.3214,-36.87467]]}},{"type":"Feature","properties":{"name":"Wonwondah-Dadswells Bridge Road","class":3,"surf":0,"highway":"secondary"},"geometry":{"type":"LineString","coordinates":[[142.33587,-36.87274],[142.32378,-36.87435]]}},{"type":"Feature","properties":{"name":"Wonwondah-Dadswells Bridge Road","class":3,"surf":0,"highway":"secondary"},"geometry":{"type":"LineString","coordinates":[[142.34484,-36.87152],[142.33988,-36.87219]]}},{"type":"Feature","properties":{"name":"Wonwondah-Dadswells Bridge Road","class":3,"surf":0,"highway":"secondary"},"geometry":{"type":"LineString","coordinates":[[142.33972,-36.87221],[142.33587,-36.87274]]}},{"type":"Feature","properties":{"name":"Wonwondah-Toolondo Road","class":3,"surf":0,"highway":"secondary"},"geometry":{"type":"LineString","coordinates":[[142.03346,-36.92859],[142.03329,-36.92911]]}},{"type":"Feature","properties":{"name":"Wonwondah-Toolondo Road","class":3,"surf":0,"highway":"secondary"},"geometry":{"type":"LineString","coordinates":[[142.03404,-36.92687],[142.03346,-36.92859]]}},{"type":"Feature","properties":{"name":"Harrow-Clear Lake Road","class":3,"surf":0,"highway":"secondary"},"geometry":{"type":"LineString","coordinates":[[141.86024,-36.9292],[141.86118,-36.93557]]}},{"type":"Feature","properties":{"name":"Harrow-Clear Lake Road","class":3,"surf":0,"highway":"secondary"},"geometry":{"type":"LineString","coordinates":[[141.86118,-36.93557],[141.86132,-36.93627],[141.86187,-36.9381]]}},{"type":"Feature","properties":{"name":"Scott Hair Watsons Road","class":3,"surf":0,"highway":"secondary"},"geometry":{"type":"LineString","coordinates":[[141.86187,-36.9381],[141.86665,-36.93865]]}},{"type":"Feature","properties":{"name":"Scott Hair Watsons Road","class":3,"surf":0,"highway":"secondary"},"geometry":{"type":"LineString","coordinates":[[141.86665,-36.93865],[141.86684,-36.93867]]}},{"type":"Feature","properties":{"name":"Scott Hair Watsons Road","class":3,"surf":0,"highway":"secondary"},"geometry":{"type":"LineString","coordinates":[[141.86684,-36.93867],[141.87353,-36.93934]]}},{"type":"Feature","properties":{"name":"Jallumba-Douglas Road","class":3,"surf":0,"highway":"secondary"},"geometry":{"type":"LineString","coordinates":[[141.92907,-36.93922],[141.93964,-36.93423],[141.93985,-36.93407],[141.93999,-36.93385],[141.94048,-36.93194]]}},{"type":"Feature","properties":{"name":"Horsham-Noradjuha Road","class":2,"surf":0,"highway":"primary","ref":"C214"},"geometry":{"type":"LineString","coordinates":[[142.06345,-36.79666],[142.05689,-36.80056]]}},{"type":"Feature","properties":{"name":"Plush Hannans Road","class":5,"surf":0,"highway":"unclassified"},"geometry":{"type":"LineString","coordinates":[[142.07252,-36.80068],[142.07336,-36.80076]]}},{"type":"Feature","properties":{"name":"Plush Hannans Road","class":5,"surf":0,"highway":"unclassified"},"geometry":{"type":"LineString","coordinates":[[142.06345,-36.79666],[142.06637,-36.79987],[142.06671,-36.80007],[142.07252,-36.80068]]}},{"type":"Feature","properties":{"name":"Plush Hannans Road","class":5,"surf":0,"highway":"unclassified"},"geometry":{"type":"LineString","coordinates":[[142.07572,-36.80099],[142.0786,-36.80127]]}},{"type":"Feature","properties":{"name":"Lower Norton-Nurrabiel Road","class":3,"surf":0,"highway":"secondary"},"geometry":{"type":"LineString","coordinates":[[142.08204,-36.79172],[142.0786,-36.80127]]}},{"type":"Feature","properties":{"name":"Old Hamilton Road","class":5,"surf":0,"highway":"unclassified"},"geometry":{"type":"LineString","coordinates":[[142.1957,-36.79696],[142.1936,-36.79849]]}},{"type":"Feature","properties":{"name":"Old Hamilton Road","class":5,"surf":0,"highway":"unclassified"},"geometry":{"type":"LineString","coordinates":[[142.19591,-36.7968],[142.1957,-36.79696]]}},{"type":"Feature","properties":{"name":"Old Hamilton Road","class":5,"surf":0,"highway":"unclassified"},"geometry":{"type":"LineString","coordinates":[[142.20115,-36.793],[142.19966,-36.79436],[142.19925,-36.79461],[142.19829,-36.79503],[142.19591,-36.7968]]}},{"type":"Feature","properties":{"name":"Green Lake Road","class":3,"surf":0,"highway":"secondary"},"geometry":{"type":"LineString","coordinates":[[142.28523,-36.80449],[142.28523,-36.80463]]}},{"type":"Feature","properties":{"name":"Green Lake Road","class":3,"surf":0,"highway":"secondary"},"geometry":{"type":"LineString","coordinates":[[142.28523,-36.80463],[142.28521,-36.81188]]}},{"type":"Feature","properties":{"name":"Telangatuk East-Rocklands Road","class":3,"surf":0,"highway":"secondary"},"geometry":{"type":"LineString","coordinates":[[141.97051,-37.11354],[141.97043,-37.11408]]}},{"type":"Feature","properties":{"name":"Telangatuk East-Rocklands Road","class":3,"surf":0,"highway":"secondary"},"geometry":{"type":"LineString","coordinates":[[141.97043,-37.11408],[141.96808,-37.1294]]}},{"type":"Feature","properties":{"name":"Natimuk-Hamilton Road","class":2,"surf":0,"highway":"primary","ref":"C214"},"geometry":{"type":"LineString","coordinates":[[141.8478,-37.1298],[141.84875,-37.12876]]}},{"type":"Feature","properties":{"name":"Natimuk-Hamilton Road","class":2,"surf":0,"highway":"primary","ref":"C214"},"geometry":{"type":"LineString","coordinates":[[141.85598,-37.12325],[141.85527,-37.12339],[141.85431,-37.12372]]}},{"type":"Feature","properties":{"name":"Natimuk-Hamilton Road","class":2,"surf":0,"highway":"primary","ref":"C214"},"geometry":{"type":"LineString","coordinates":[[141.84875,-37.12876],[141.85184,-37.12573]]}},{"type":"Feature","properties":{"name":"Natimuk-Hamilton Road","class":2,"surf":0,"highway":"primary","ref":"C214"},"geometry":{"type":"LineString","coordinates":[[141.8641,-37.12177],[141.86297,-37.12201]]}},{"type":"Feature","properties":{"name":"Natimuk-Hamilton Road","class":2,"surf":0,"highway":"primary","ref":"C214"},"geometry":{"type":"LineString","coordinates":[[141.86297,-37.12201],[141.85859,-37.12297],[141.85598,-37.12325]]}},{"type":"Feature","properties":{"name":"Colin Street","class":5,"surf":0,"highway":"unclassified"},"geometry":{"type":"LineString","coordinates":[[142.18507,-36.70752],[142.18661,-36.7076]]}},{"type":"Feature","properties":{"name":"Florence Street","class":5,"surf":0,"highway":"unclassified"},"geometry":{"type":"LineString","coordinates":[[142.1871,-36.70466],[142.1871,-36.70572]]}},{"type":"Feature","properties":{"name":"Fultons Road","class":3,"surf":0,"highway":"secondary"},"geometry":{"type":"LineString","coordinates":[[142.13553,-36.76447],[142.13554,-36.76506]]}},{"type":"Feature","properties":{"name":"Wimmera Highway","class":1,"surf":0,"highway":"trunk","ref":"C240"},"geometry":{"type":"LineString","coordinates":[[141.85689,-36.7783],[141.85968,-36.77707]]}},{"type":"Feature","properties":{"name":"Gregory Court","class":5,"surf":0,"highway":"unclassified"},"geometry":{"type":"LineString","coordinates":[[142.19774,-36.75109],[142.1975,-36.75099]]}},{"type":"Feature","properties":{"name":"Northern Grampians Road","class":2,"surf":0,"highway":"primary","ref":"C222"},"geometry":{"type":"LineString","coordinates":[[142.34394,-37.02242],[142.34364,-37.02424]]}},{"type":"Feature","properties":{"name":"Northern Grampians Road","class":2,"surf":0,"highway":"primary","ref":"C222"},"geometry":{"type":"LineString","coordinates":[[142.36374,-37.063],[142.36432,-37.06387]]}},{"type":"Feature","properties":{"name":"Grahams Bridge Road","class":5,"surf":0,"highway":"unclassified"},"geometry":{"type":"LineString","coordinates":[[142.21235,-36.76768],[142.21235,-36.77323]]}},{"type":"Feature","properties":{"name":"Orchard Drive","class":5,"surf":0,"highway":"unclassified"},"geometry":{"type":"LineString","coordinates":[[142.30547,-36.66456],[142.30561,-36.66472],[142.30566,-36.66509]]}},{"type":"Feature","properties":{"name":"Memorial Drive","class":5,"surf":0,"highway":"unclassified"},"geometry":{"type":"LineString","coordinates":[[142.20273,-36.72274],[142.20271,-36.72262],[142.20314,-36.72202]]}},{"type":"Feature","properties":{"name":"Natimuk Road","class":5,"surf":0,"highway":"unclassified"},"geometry":{"type":"LineString","coordinates":[[142.18237,-36.72023],[142.18508,-36.71923]]}},{"type":"Feature","properties":{"name":"Hammond-McCuish Road","class":3,"surf":0,"highway":"secondary"},"geometry":{"type":"LineString","coordinates":[[141.89674,-36.78197],[141.8981,-36.78392],[141.90688,-36.78936]]}},{"type":"Feature","properties":{"name":"Digger Jims Road","class":5,"surf":0,"highway":"unclassified"},"geometry":{"type":"LineString","coordinates":[[141.8363,-37.00217],[141.8468,-37.00324]]}},{"type":"Feature","properties":{"name":"Hutchinsons Road","class":5,"surf":0,"highway":"unclassified"},"geometry":{"type":"LineString","coordinates":[[142.0451,-36.75686],[142.04512,-36.75904]]}},{"type":"Feature","properties":{"name":"Colonial Drive","class":5,"surf":0,"highway":"unclassified"},"geometry":{"type":"LineString","coordinates":[[142.18043,-36.75016],[142.18006,-36.75071],[142.18003,-36.75098]]}},{"type":"Feature","properties":{"name":"Hillary Street","class":5,"surf":0,"highway":"unclassified"},"geometry":{"type":"LineString","coordinates":[[142.17957,-36.71403],[142.17972,-36.71446],[142.17963,-36.71528],[142.17966,-36.71545]]}},{"type":"Feature","properties":{"name":"Coughlin Court","class":5,"surf":0,"highway":"unclassified"},"geometry":{"type":"LineString","coordinates":[[142.2124,-36.7155],[142.21273,-36.71591]]}},{"type":"Feature","properties":{"name":"Asplins Road","class":5,"surf":0,"highway":"unclassified"},"geometry":{"type":"LineString","coordinates":[[142.02835,-36.74695],[142.02838,-36.7542]]}},{"type":"Feature","properties":{"name":"Errett Street","class":5,"surf":0,"highway":"unclassified"},"geometry":{"type":"LineString","coordinates":[[142.19216,-36.70463],[142.19217,-36.70657]]}},{"type":"Feature","properties":{"name":"Kooyong Street","class":5,"surf":0,"highway":"unclassified"},"geometry":{"type":"LineString","coordinates":[[142.17891,-36.7194],[142.17939,-36.72024]]}},{"type":"Feature","properties":{"name":"Williams Road","class":2,"surf":0,"highway":"primary","ref":"C215"},"geometry":{"type":"LineString","coordinates":[[142.22312,-36.72568],[142.22269,-36.7259],[142.22177,-36.72618],[142.22071,-36.72623]]}},{"type":"Feature","properties":{"name":"Sloss Street","class":5,"surf":0,"highway":"unclassified"},"geometry":{"type":"LineString","coordinates":[[142.20112,-36.71977],[142.2013,-36.71968],[142.20236,-36.71968]]}},{"type":"Feature","properties":{"name":"Rocklands Road","class":3,"surf":0,"highway":"secondary"},"geometry":{"type":"LineString","coordinates":[[141.94526,-37.21097],[141.94492,-37.21072]]}},{"type":"Feature","properties":{"name":"Wail Nursery Road","class":5,"surf":0,"highway":"unclassified"},"geometry":{"type":"LineString","coordinates":[[142.10277,-36.50921],[142.10294,-36.50935],[142.10317,-36.50997],[142.10307,-36.51138],[142.1032,-36.5117],[142.10336,-36.51184],[142.10362,-36.51192],[142.10399,-36.51193],[142.10486,-36.51169]]}},{"type":"Feature","properties":{"name":"Henty Highway","class":1,"surf":0,"highway":"trunk","ref":"B200"},"geometry":{"type":"LineString","coordinates":[[142.33735,-36.51124],[142.34099,-36.50747]]}},{"type":"Feature","properties":{"name":"Henty Highway","class":1,"surf":0,"highway":"trunk","ref":"B200"},"geometry":{"type":"LineString","coordinates":[[142.24564,-36.66761],[142.24826,-36.66426],[142.24923,-36.66348],[142.25049,-36.66287],[142.25389,-36.66189],[142.25471,-36.66147],[142.25508,-36.66119]]}},{"type":"Feature","properties":{"name":"Jost Avenue","class":5,"surf":0,"highway":"unclassified"},"geometry":{"type":"LineString","coordinates":[[142.05596,-36.76272],[142.05656,-36.76271]]}},{"type":"Feature","properties":{"name":"Mitre-Nurcoung Road","class":3,"surf":0,"highway":"secondary"},"geometry":{"type":"LineString","coordinates":[[141.77844,-36.71952],[141.77839,-36.72038],[141.77848,-36.72092],[141.77865,-36.72143],[141.7812,-36.72634]]}},{"type":"Feature","properties":{"name":"Wyn Wyn Road","class":2,"surf":0,"highway":"primary"},"geometry":{"type":"LineString","coordinates":[[141.9163,-36.6882],[141.9163,-36.69709]]}},{"type":"Feature","properties":{"name":"Mitre-Grass Flat Road","class":3,"surf":0,"highway":"secondary"},"geometry":{"type":"LineString","coordinates":[[141.8063,-36.6985],[141.80778,-36.68881]]}},{"type":"Feature","properties":{"name":"Pelchens Road","class":5,"surf":0,"highway":"unclassified"},"geometry":{"type":"LineString","coordinates":[[142.06315,-36.75218],[142.06316,-36.75347]]}},{"type":"Feature","properties":{"name":"","class":5,"surf":0,"highway":"unclassified"},"geometry":{"type":"LineString","coordinates":[[142.24096,-36.6745],[142.24087,-36.67462]]}},{"type":"Feature","properties":{"name":"Wyn Wyn Road","class":2,"surf":0,"highway":"primary"},"geometry":{"type":"LineString","coordinates":[[141.9163,-36.69916],[141.91634,-36.70344],[141.91686,-36.70464],[141.91709,-36.7056],[141.91745,-36.70625]]}},{"type":"Feature","properties":{"name":"Wimmera Highway","class":1,"surf":0,"highway":"trunk","ref":"C240"},"geometry":{"type":"LineString","coordinates":[[142.02156,-36.73758],[142.02831,-36.73799]]}},{"type":"Feature","properties":{"name":"Natimuk-Frances Road","class":2,"surf":0,"highway":"primary","ref":"C213"},"geometry":{"type":"LineString","coordinates":[[141.84203,-36.74353],[141.84915,-36.7468],[141.85026,-36.74721],[141.8514,-36.74741]]}},{"type":"Feature","properties":{"name":"Jallumba-Mockinya Road","class":3,"surf":0,"highway":"secondary"},"geometry":{"type":"LineString","coordinates":[[141.96164,-36.93395],[141.97455,-36.93523],[141.98449,-36.9363]]}},{"type":"Feature","properties":{"name":"Henty Highway","class":1,"surf":0,"highway":"trunk","ref":"A200"},"geometry":{"type":"LineString","coordinates":[[142.13607,-36.88045],[142.13589,-36.8809]]}},{"type":"Feature","properties":{"name":"Henty Highway","class":1,"surf":0,"highway":"trunk","ref":"A200"},"geometry":{"type":"LineString","coordinates":[[142.18836,-37.07966],[142.18775,-37.07406]]}},{"type":"Feature","properties":{"name":"Wonwondah-Toolondo Road","class":3,"surf":0,"highway":"secondary"},"geometry":{"type":"LineString","coordinates":[[142.01976,-36.95187],[142.01816,-36.95362]]}},{"type":"Feature","properties":{"name":"Wimmera Highway","class":1,"surf":0,"highway":"trunk","ref":"C240"},"geometry":{"type":"LineString","coordinates":[[141.78878,-36.80409],[141.79144,-36.80366]]}},{"type":"Feature","properties":{"name":"Wonwondah-Toolondo Road","class":3,"surf":0,"highway":"secondary"},"geometry":{"type":"LineString","coordinates":[[142.01274,-36.95962],[142.00952,-36.96314]]}},{"type":"Feature","properties":{"name":"Telangatuk East Road","class":5,"surf":0,"highway":"unclassified"},"geometry":{"type":"LineString","coordinates":[[141.93595,-37.09282],[141.9357,-37.09279]]}},{"type":"Feature","properties":{"name":"Noradjuha-Tooan East Road","class":3,"surf":0,"highway":"secondary"},"geometry":{"type":"LineString","coordinates":[[141.86407,-36.82285],[141.87822,-36.82425]]}},{"type":"Feature","properties":{"name":"Northern Grampians Road","class":2,"surf":0,"highway":"primary","ref":"C222"},"geometry":{"type":"LineString","coordinates":[[142.32584,-36.91258],[142.32593,-36.91313]]}},{"type":"Feature","properties":{"name":"Western Highway","class":1,"surf":0,"highway":"trunk","ref":"A8"},"geometry":{"type":"LineString","coordinates":[[142.42372,-36.85586],[142.42909,-36.85996],[142.43102,-36.86124]]}},{"type":"Feature","properties":{"name":"Rifle Butts Road","class":5,"surf":0,"highway":"unclassified"},"geometry":{"type":"LineString","coordinates":[[142.08099,-36.85898],[142.09002,-36.85991]]}},{"type":"Feature","properties":{"name":"Wonwondah-Toolondo Road","class":3,"surf":0,"highway":"secondary"},"geometry":{"type":"LineString","coordinates":[[142.03467,-36.92497],[142.03449,-36.92555]]}},{"type":"Feature","properties":{"name":"Wonwondah-Toolondo Road","class":3,"surf":0,"highway":"secondary"},"geometry":{"type":"LineString","coordinates":[[141.94893,-36.98981],[141.9519,-36.98956]]}},{"type":"Feature","properties":{"name":"Jackmans Road","class":3,"surf":0,"highway":"secondary"},"geometry":{"type":"LineString","coordinates":[[141.87583,-36.9155],[141.87431,-36.92531]]}},{"type":"Feature","properties":{"name":"Wimmera Highway","class":1,"surf":0,"highway":"trunk","ref":"C240"},"geometry":{"type":"LineString","coordinates":[[141.80794,-36.80032],[141.80956,-36.79921],[141.8106,-36.79864],[141.82165,-36.79378]]}},{"type":"Feature","properties":{"name":"Barnes Boulevard","class":4,"surf":0,"highway":"tertiary"},"geometry":{"type":"LineString","coordinates":[[142.18949,-36.72481],[142.19075,-36.72485],[142.19158,-36.72497]]}},{"type":"Feature","properties":{"name":"Cathcart Street","class":5,"surf":0,"highway":"unclassified"},"geometry":{"type":"LineString","coordinates":[[142.21214,-36.70974],[142.21214,-36.70988]]}},{"type":"Feature","properties":{"name":"Webster Street","class":5,"surf":0,"highway":"unclassified"},"geometry":{"type":"LineString","coordinates":[[142.21647,-36.70647],[142.21646,-36.70699]]}},{"type":"Feature","properties":{"name":"Kalimna Avenue","class":5,"surf":0,"highway":"unclassified"},"geometry":{"type":"LineString","coordinates":[[142.18332,-36.72468],[142.18321,-36.72399]]}},{"type":"Feature","properties":{"name":"Henty Highway","class":1,"surf":0,"highway":"trunk","ref":"A200"},"geometry":{"type":"LineString","coordinates":[[142.17681,-36.77898],[142.17653,-36.77916]]}},{"type":"Feature","properties":{"name":"Dimboola Road","class":1,"surf":0,"highway":"trunk","ref":"A8"},"geometry":{"type":"LineString","coordinates":[[142.19626,-36.71039],[142.19847,-36.71151]]}},{"type":"Feature","properties":{"name":"Brigid Court","class":5,"surf":0,"highway":"unclassified"},"geometry":{"type":"LineString","coordinates":[[142.21084,-36.71549],[142.21137,-36.71561],[142.21198,-36.71634]]}},{"type":"Feature","properties":{"name":"Northern Grampians Road","class":2,"surf":0,"highway":"primary","ref":"C222"},"geometry":{"type":"LineString","coordinates":[[142.3275,-36.92619],[142.32773,-36.92812]]}},{"type":"Feature","properties":{"name":"Henty Highway","class":1,"surf":0,"highway":"trunk","ref":"B200"},"geometry":{"type":"LineString","coordinates":[[142.24517,-36.66828],[142.24564,-36.66761]]}},{"type":"Feature","properties":{"name":"Longerenong Road","class":3,"surf":0,"highway":"secondary"},"geometry":{"type":"LineString","coordinates":[[142.28235,-36.67303],[142.28455,-36.67397]]}},{"type":"Feature","properties":{"name":"West Road","class":5,"surf":0,"highway":"unclassified"},"geometry":{"type":"LineString","coordinates":[[142.30009,-36.66728],[142.3001,-36.66642],[142.30019,-36.66631]]}},{"type":"Feature","properties":{"name":"Centenary Park Road","class":3,"surf":0,"highway":"secondary"},"geometry":{"type":"LineString","coordinates":[[141.85135,-36.7621],[141.85145,-36.76479],[141.85166,-36.76537],[141.85212,-36.76617]]}},{"type":"Feature","properties":{"name":"Tooley Court","class":5,"surf":0,"highway":"unclassified"},"geometry":{"type":"LineString","coordinates":[[142.21842,-36.72052],[142.21773,-36.72036]]}},{"type":"Feature","properties":{"name":"","class":5,"surf":0,"highway":"unclassified"},"geometry":{"type":"LineString","coordinates":[[142.18753,-36.71367],[142.18727,-36.71368]]}},{"type":"Feature","properties":{"name":"Sawyer Court","class":5,"surf":0,"highway":"unclassified"},"geometry":{"type":"LineString","coordinates":[[142.21828,-36.72151],[142.21743,-36.72158],[142.21722,-36.7215],[142.21683,-36.72119]]}},{"type":"Feature","properties":{"name":"Jaspers Lane","class":5,"surf":0,"highway":"unclassified"},"geometry":{"type":"LineString","coordinates":[[141.76843,-37.15041],[141.76785,-37.15029],[141.76728,-37.15029]]}},{"type":"Feature","properties":{"name":"Drummond Street","class":5,"surf":0,"highway":"unclassified"},"geometry":{"type":"LineString","coordinates":[[142.17812,-36.7276],[142.17809,-36.72776]]}},{"type":"Feature","properties":{"name":"Three Bridges Road","class":3,"surf":0,"highway":"secondary"},"geometry":{"type":"LineString","coordinates":[[142.15903,-36.76425],[142.15943,-36.76409]]}},{"type":"Feature","properties":{"name":"Henty Highway","class":1,"surf":0,"highway":"trunk","ref":"B200"},"geometry":{"type":"LineString","coordinates":[[142.22848,-36.69055],[142.22455,-36.69581],[142.22381,-36.69665]]}},{"type":"Feature","properties":{"name":"Lake Avenue","class":5,"surf":0,"highway":"unclassified"},"geometry":{"type":"LineString","coordinates":[[141.94289,-36.74089],[141.94318,-36.74123]]}},{"type":"Feature","properties":{"name":"Regent Street","class":5,"surf":0,"highway":"unclassified"},"geometry":{"type":"LineString","coordinates":[[141.94733,-36.74067],[141.95101,-36.73904]]}},{"type":"Feature","properties":{"name":"Park Drive","class":5,"surf":0,"highway":"unclassified"},"geometry":{"type":"LineString","coordinates":[[142.19381,-36.71463],[142.19373,-36.71479]]}},{"type":"Feature","properties":{"name":"Tulgany Court","class":5,"surf":0,"highway":"unclassified"},"geometry":{"type":"LineString","coordinates":[[142.17881,-36.74337],[142.18003,-36.7429]]}},{"type":"Feature","properties":{"name":"McPherson Street","class":1,"surf":0,"highway":"trunk","ref":"A8"},"geometry":{"type":"LineString","coordinates":[[142.20498,-36.7216],[142.205,-36.72246]]}},{"type":"Feature","properties":{"name":"Blue Ribbon Road","class":2,"surf":0,"highway":"primary","ref":"C231"},"geometry":{"type":"LineString","coordinates":[[142.20221,-36.69411],[142.20224,-36.69697]]}},{"type":"Feature","properties":{"name":"","class":5,"surf":0,"highway":"unclassified"},"geometry":{"type":"LineString","coordinates":[[142.19778,-36.71499],[142.19787,-36.71499]]}},{"type":"Feature","properties":{"name":"Noradjuha-Tooan East Road","class":3,"surf":0,"highway":"secondary"},"geometry":{"type":"LineString","coordinates":[[141.96204,-36.83575],[141.96358,-36.83752],[141.96387,-36.83778],[141.96413,-36.83781]]}},{"type":"Feature","properties":{"name":"","class":5,"surf":0,"highway":"unclassified"},"geometry":{"type":"LineString","coordinates":[[142.19888,-36.71395],[142.19888,-36.71427]]}},{"type":"Feature","properties":{"name":"Obrien Lane","class":5,"surf":0,"highway":"unclassified"},"geometry":{"type":"LineString","coordinates":[[142.20876,-36.71342],[142.20934,-36.71342]]}},{"type":"Feature","properties":{"name":"Victoria Boulevard","class":6,"surf":0,"highway":"unclassified"},"geometry":{"type":"LineString","coordinates":[[142.17861,-36.71561],[142.17852,-36.71527]]}},{"type":"Feature","properties":{"name":"Barnes Boulevard","class":5,"surf":0,"highway":"unclassified"},"geometry":{"type":"LineString","coordinates":[[142.16969,-36.7275],[142.16969,-36.72847]]}},{"type":"Feature","properties":{"name":"Roberts Avenue","class":5,"surf":0,"highway":"unclassified"},"geometry":{"type":"LineString","coordinates":[[142.19912,-36.71427],[142.19974,-36.71427]]}},{"type":"Feature","properties":{"name":"Dooen Road","class":1,"surf":0,"highway":"trunk","ref":"B200"},"geometry":{"type":"LineString","coordinates":[[142.21387,-36.70474],[142.21436,-36.70438]]}},{"type":"Feature","properties":{"name":"Williams Road","class":2,"surf":0,"highway":"primary","ref":"C215"},"geometry":{"type":"LineString","coordinates":[[142.20525,-36.72607],[142.20687,-36.72609]]}},{"type":"Feature","properties":{"name":"Young Street","class":5,"surf":0,"highway":"unclassified"},"geometry":{"type":"LineString","coordinates":[[142.21026,-36.72721],[142.21106,-36.72721]]}},{"type":"Feature","properties":{"name":"Horsham-Lubeck Road","class":2,"surf":0,"highway":"primary","ref":"C215"},"geometry":{"type":"LineString","coordinates":[[142.28349,-36.7238],[142.26991,-36.72378]]}},{"type":"Feature","properties":{"name":"Old Hamilton Road","class":5,"surf":0,"highway":"unclassified"},"geometry":{"type":"LineString","coordinates":[[142.20514,-36.77558],[142.20512,-36.78082]]}},{"type":"Feature","properties":{"name":"Blue Ribbon Road","class":2,"surf":0,"highway":"primary","ref":"C231"},"geometry":{"type":"LineString","coordinates":[[142.21674,-36.51072],[142.21432,-36.52183]]}},{"type":"Feature","properties":{"name":"Old Hamilton Road","class":3,"surf":0,"highway":"secondary"},"geometry":{"type":"LineString","coordinates":[[142.20521,-36.7598],[142.20518,-36.76436]]}},{"type":"Feature","properties":{"name":"Natimuk-Frances Road","class":2,"surf":0,"highway":"primary","ref":"C213"},"geometry":{"type":"LineString","coordinates":[[141.78131,-36.72807],[141.7819,-36.72814]]}},{"type":"Feature","properties":{"name":"Three Bridges Road","class":3,"surf":0,"highway":"secondary"},"geometry":{"type":"LineString","coordinates":[[142.14219,-36.7651],[142.1449,-36.76511]]}},{"type":"Feature","properties":{"name":"Green Lake Road","class":3,"surf":0,"highway":"secondary"},"geometry":{"type":"LineString","coordinates":[[142.28524,-36.79718],[142.28523,-36.80449]]}},{"type":"Feature","properties":{"name":"Blue Ribbon Road","class":2,"surf":0,"highway":"primary","ref":"C231"},"geometry":{"type":"LineString","coordinates":[[142.20922,-36.54595],[142.20924,-36.54716]]}},{"type":"Feature","properties":{"name":"Hutchinsons Road","class":5,"surf":0,"highway":"unclassified"},"geometry":{"type":"LineString","coordinates":[[142.04505,-36.74838],[142.04506,-36.75031]]}},{"type":"Feature","properties":{"name":"Old Hamilton Road","class":3,"surf":0,"highway":"secondary"},"geometry":{"type":"LineString","coordinates":[[142.20552,-36.75302],[142.20545,-36.75458],[142.20534,-36.75516]]}},{"type":"Feature","properties":{"name":"Plozzas Road","class":3,"surf":0,"highway":"secondary"},"geometry":{"type":"LineString","coordinates":[[142.17922,-36.7529],[142.1842,-36.7529]]}},{"type":"Feature","properties":{"name":"Natimuk-Hamilton Road","class":2,"surf":0,"highway":"primary","ref":"C214"},"geometry":{"type":"LineString","coordinates":[[141.84786,-37.14998],[141.84775,-37.14904]]}},{"type":"Feature","properties":{"name":"Plush Hannans Road","class":5,"surf":0,"highway":"unclassified"},"geometry":{"type":"LineString","coordinates":[[142.14828,-36.81112],[142.15485,-36.81124]]}},{"type":"Feature","properties":{"name":"Henty Highway","class":1,"surf":0,"highway":"trunk","ref":"A200"},"geometry":{"type":"LineString","coordinates":[[142.13632,-36.87982],[142.13607,-36.88045]]}},{"type":"Feature","properties":{"name":"Laharum Road","class":2,"surf":0,"highway":"primary"},"geometry":{"type":"LineString","coordinates":[[142.23043,-36.81176],[142.23042,-36.82644]]}},{"type":"Feature","properties":{"name":"Noradjuha-Tooan East Road","class":3,"surf":0,"highway":"secondary"},"geometry":{"type":"LineString","coordinates":[[141.9492,-36.83036],[141.95817,-36.83124]]}},{"type":"Feature","properties":{"name":"Northern Grampians Road","class":3,"surf":0,"highway":"secondary","ref":"C222"},"geometry":{"type":"LineString","coordinates":[[142.34004,-36.84135],[142.34013,-36.84223],[142.34005,-36.84305]]}},{"type":"Feature","properties":{"name":"Brimpaen-Laharum Road","class":3,"surf":0,"highway":"secondary"},"geometry":{"type":"LineString","coordinates":[[142.31681,-37.01463],[142.31679,-37.01664],[142.31634,-37.01752],[142.31595,-37.01788],[142.31446,-37.01879],[142.314,-37.01915]]}},{"type":"Feature","properties":{"name":"Telangatuk East-Rocklands Road","class":3,"surf":0,"highway":"secondary"},"geometry":{"type":"LineString","coordinates":[[141.98577,-37.01377],[141.98571,-37.0148],[141.98538,-37.01702]]}},{"type":"Feature","properties":{"name":"Olive Plantation Road","class":5,"surf":0,"highway":"unclassified"},"geometry":{"type":"LineString","coordinates":[[142.3312,-36.92621],[142.3275,-36.92619]]}},{"type":"Feature","properties":{"name":"Churchill Road","class":5,"surf":0,"highway":"unclassified"},"geometry":{"type":"LineString","coordinates":[[142.1826,-36.71176],[142.1826,-36.71221],[142.18272,-36.71288],[142.18293,-36.71333]]}},{"type":"Feature","properties":{"name":"Oconnor Street","class":5,"surf":0,"highway":"unclassified"},"geometry":{"type":"LineString","coordinates":[[142.18649,-36.70978],[142.18715,-36.70978],[142.18814,-36.70948]]}},{"type":"Feature","properties":{"name":"Henty Highway","class":1,"surf":0,"highway":"trunk","ref":"A200"},"geometry":{"type":"LineString","coordinates":[[142.19616,-36.75297],[142.1945,-36.75538]]}},{"type":"Feature","properties":{"name":"Selkirk Drive","class":5,"surf":0,"highway":"unclassified"},"geometry":{"type":"LineString","coordinates":[[142.19715,-36.71877],[142.19593,-36.71878]]}},{"type":"Feature","properties":{"name":"Plozzas Road","class":3,"surf":0,"highway":"secondary"},"geometry":{"type":"LineString","coordinates":[[142.19245,-36.75296],[142.19616,-36.75297]]}},{"type":"Feature","properties":{"name":"Stawell Road","class":1,"surf":0,"highway":"trunk","ref":"A8"},"geometry":{"type":"LineString","coordinates":[[142.2129,-36.73951],[142.21414,-36.74055]]}},{"type":"Feature","properties":{"name":"Western Highway","class":1,"surf":0,"highway":"trunk","ref":"A8"},"geometry":{"type":"LineString","coordinates":[[142.27243,-36.77336],[142.27297,-36.77365]]}},{"type":"Feature","properties":{"name":"Banksia Court","class":5,"surf":0,"highway":"unclassified"},"geometry":{"type":"LineString","coordinates":[[142.2149,-36.70923],[142.21543,-36.70923]]}},{"type":"Feature","properties":{"name":"Dimboola Road","class":1,"surf":0,"highway":"trunk","ref":"A8"},"geometry":{"type":"LineString","coordinates":[[142.19389,-36.70931],[142.19626,-36.71039]]}},{"type":"Feature","properties":{"name":"Wavell Street","class":4,"surf":0,"highway":"tertiary"},"geometry":{"type":"LineString","coordinates":[[142.19979,-36.70261],[142.20006,-36.7026]]}},{"type":"Feature","properties":{"name":"Henty Highway","class":1,"surf":0,"highway":"trunk","ref":"A200"},"geometry":{"type":"LineString","coordinates":[[142.19903,-36.7487],[142.1975,-36.75099]]}},{"type":"Feature","properties":{"name":"Harfield Court","class":5,"surf":0,"highway":"unclassified"},"geometry":{"type":"LineString","coordinates":[[142.21728,-36.72083],[142.21683,-36.72052],[142.21638,-36.72046]]}},{"type":"Feature","properties":{"name":"Jackmans Road","class":3,"surf":0,"highway":"secondary"},"geometry":{"type":"LineString","coordinates":[[141.87655,-36.91074],[141.87583,-36.9155]]}},{"type":"Feature","properties":{"name":"Green Lake Road","class":3,"surf":0,"highway":"secondary"},"geometry":{"type":"LineString","coordinates":[[142.28527,-36.78656],[142.28528,-36.78997]]}},{"type":"Feature","properties":{"name":"Osborne Road","class":5,"surf":0,"highway":"unclassified"},"geometry":{"type":"LineString","coordinates":[[142.21249,-36.74083],[142.21375,-36.74079],[142.21414,-36.74055]]}}]}