{"type":"FeatureCollection","features":[{"type":"Feature","properties":{"name":"London Road","ref":"C238","highway":"secondary","class":3,"kind":"sub-arterial","surface":"asphalt"},"geometry":{"type":"LineString","coordinates":[[142.7887,-37.0909],[142.78869,-37.0908],[142.78872,-37.09067],[142.78882,-37.09008],[142.78891,-37.0898]]}},{"type":"Feature","properties":{"name":"Stawell Road","ref":"A8;A200","highway":"trunk","class":1,"kind":"highway","surface":"asphalt"},"geometry":{"type":"LineString","coordinates":[[142.20514,-36.72438],[142.20514,-36.72448],[142.20515,-36.72459],[142.20517,-36.72532],[142.20522,-36.72554],[142.20523,-36.72586],[142.20523,-36.72589],[142.20523,-36.72595],[142.20524,-36.72607]]}},{"type":"Feature","properties":{"name":"Stawell Road","ref":"A8","highway":"trunk","class":1,"kind":"highway","surface":"asphalt"},"geometry":{"type":"LineString","coordinates":[[142.20869,-36.73606],[142.20786,-36.73548],[142.20635,-36.73428],[142.206,-36.73399],[142.20594,-36.73394]]}},{"type":"Feature","properties":{"name":"Wimmera Highway","ref":"B240","highway":"primary","class":2,"kind":"arterial","surface":"asphalt"},"geometry":{"type":"LineString","coordinates":[[142.25946,-36.63851],[142.25955,-36.63849],[142.25978,-36.63836],[142.25994,-36.63829],[142.26026,-36.63814],[142.26051,-36.63804]]}},{"type":"Feature","properties":{"name":"Henty Highway","ref":"B200","highway":"primary","class":2,"kind":"arterial","surface":"asphalt"},"geometry":{"type":"LineString","coordinates":[[142.25983,-36.63758],[142.26041,-36.63607],[142.26081,-36.63468],[142.26523,-36.62412],[142.26808,-36.61829],[142.27267,-36.60747],[142.27669,-36.59714],[142.27856,-36.59275],[142.28206,-36.58456],[142.28619,-36.57453],[142.29025,-36.56834],[142.30074,-36.55282],[142.3096,-36.53977],[142.31402,-36.5353],[142.32439,-36.52447],[142.34598,-36.50233]]}},{"type":"Feature","properties":{"name":"Northern Grampians Road","ref":"C222","highway":"secondary","class":3,"kind":"sub-arterial","surface":"asphalt"},"geometry":{"type":"LineString","coordinates":[[142.34359,-37.01872],[142.34375,-37.01893],[142.3441,-37.01947],[142.34415,-37.01962],[142.34434,-37.02026],[142.34362,-37.0243],[142.3434,-37.02554],[142.34268,-37.02781],[142.34219,-37.03059],[142.34191,-37.03116],[142.34129,-37.03241],[142.34073,-37.03339],[142.34059,-37.03362],[142.34051,-37.03377]]}},{"type":"Feature","properties":{"name":"Mount Victory Road","ref":"C222","highway":"secondary","class":3,"kind":"sub-arterial","surface":"asphalt"},"geometry":{"type":"LineString","coordinates":[[142.50381,-37.14396],[142.50433,-37.14304],[142.50529,-37.14236],[142.50667,-37.14199],[142.5067,-37.14134],[142.5066,-37.14037],[142.50788,-37.13897],[142.50895,-37.13772],[142.50923,-37.1367],[142.51033,-37.13584],[142.51281,-37.13692],[142.51649,-37.13668],[142.51843,-37.13583],[142.51862,-37.13575]]}},{"type":"Feature","properties":{"name":"Mount Victory Road","ref":"C222","highway":"secondary","class":3,"kind":"sub-arterial","surface":"asphalt"},"geometry":{"type":"LineString","coordinates":[[142.4674,-37.14599],[142.46958,-37.14724],[142.47133,-37.14783],[142.47476,-37.14879],[142.48007,-37.1505],[142.48243,-37.15423],[142.48408,-37.15429],[142.49165,-37.15422],[142.49435,-37.15251],[142.49647,-37.15441],[142.49546,-37.15734],[142.49587,-37.16009],[142.49695,-37.15928],[142.49734,-37.15874]]}},{"type":"Feature","properties":{"name":"Mount Victory Road","ref":"C222","highway":"secondary","class":3,"kind":"sub-arterial","surface":"asphalt"},"geometry":{"type":"LineString","coordinates":[[142.44853,-37.14443],[142.45049,-37.14389],[142.45221,-37.14338],[142.45346,-37.14304],[142.4546,-37.14231],[142.4559,-37.14257],[142.4572,-37.14317],[142.4584,-37.14377],[142.45979,-37.14433],[142.46121,-37.14488],[142.46248,-37.1458],[142.46406,-37.1466],[142.46613,-37.14648],[142.46716,-37.14607]]}},{"type":"Feature","properties":{"name":"Mount Victory Road","ref":"C222","highway":"secondary","class":3,"kind":"sub-arterial","surface":"asphalt"},"geometry":{"type":"LineString","coordinates":[[142.41466,-37.11279],[142.42007,-37.11902],[142.42175,-37.12598],[142.42291,-37.13023],[142.42694,-37.13132],[142.4309,-37.13551],[142.4349,-37.13633],[142.43798,-37.13871],[142.43865,-37.14099],[142.44105,-37.14351],[142.44275,-37.14414],[142.44537,-37.14309],[142.44845,-37.14442],[142.44853,-37.14443]]}},{"type":"Feature","properties":{"name":"Mount Victory Road","ref":"C222","highway":"secondary","class":3,"kind":"sub-arterial","surface":"asphalt"},"geometry":{"type":"LineString","coordinates":[[142.38877,-37.09519],[142.39343,-37.09832],[142.39405,-37.10108],[142.39392,-37.10303],[142.39643,-37.10439],[142.3985,-37.10611],[142.40003,-37.1078],[142.40037,-37.1099],[142.4023,-37.11196],[142.40425,-37.11417],[142.40933,-37.11496],[142.40906,-37.11286],[142.41248,-37.11256],[142.41466,-37.11279]]}},{"type":"Feature","properties":{"name":"Grampians Road","ref":"C216","highway":"secondary","class":3,"kind":"sub-arterial","surface":"asphalt"},"geometry":{"type":"LineString","coordinates":[[142.69221,-37.06019],[142.68954,-37.06016],[142.67905,-37.06467],[142.67623,-37.06636],[142.67012,-37.06837],[142.66677,-37.06997],[142.66599,-37.07347],[142.66523,-37.07546],[142.65524,-37.08443],[142.65417,-37.08523],[142.6529,-37.08574],[142.62909,-37.09373],[142.62128,-37.09356],[142.619,-37.09351]]}},{"type":"Feature","properties":{"name":"Western Highway","ref":"A8","highway":"trunk","class":1,"kind":"highway","surface":"asphalt"},"geometry":{"type":"LineString","coordinates":[[142.79037,-37.09264],[142.78943,-37.09169],[142.7887,-37.0909],[142.78804,-37.09019],[142.78658,-37.08868]]}},{"type":"Feature","properties":{"name":"Western Highway","ref":"A8","highway":"trunk","class":1,"kind":"highway","surface":"asphalt"},"geometry":{"type":"LineString","coordinates":[[142.40914,-36.84475],[142.40472,-36.84137],[142.40114,-36.83864],[142.40035,-36.83811],[142.39954,-36.83769],[142.39647,-36.83625],[142.39494,-36.83556],[142.39461,-36.83541]]}},{"type":"Feature","properties":{"name":"Wartook Road","ref":"C228","highway":"secondary","class":3,"kind":"sub-arterial","surface":"asphalt"},"geometry":{"type":"LineString","coordinates":[[142.41671,-37.11027],[142.41689,-37.11034],[142.41702,-37.11037],[142.41739,-37.11046]]}},{"type":"Feature","properties":{"name":"Henty Highway","ref":"A200","highway":"trunk","class":1,"kind":"highway","surface":"asphalt"},"geometry":{"type":"LineString","coordinates":[[142.22328,-37.16865],[142.2187,-37.16581],[142.21773,-37.16482],[142.2153,-37.16126],[142.20702,-37.14839],[142.20417,-37.14406],[142.19845,-37.13516],[142.19633,-37.13185],[142.19565,-37.13025],[142.19113,-37.11822],[142.1906,-37.11704],[142.18969,-37.11567],[142.18867,-37.11427],[142.18681,-37.11223]]}},{"type":"Feature","properties":{"name":"London Road","ref":"C238","highway":"secondary","class":3,"kind":"sub-arterial","surface":"asphalt"},"geometry":{"type":"LineString","coordinates":[[142.78891,-37.0898],[142.7893,-37.08736],[142.78987,-37.08403],[142.7905,-37.08036],[142.79093,-37.07789],[142.79124,-37.07617],[142.79144,-37.07493],[142.79151,-37.07455]]}},{"type":"Feature","properties":{"name":"Donald-Murtoa Road","ref":"C236","highway":"secondary","class":3,"kind":"sub-arterial","surface":"asphalt"},"geometry":{"type":"LineString","coordinates":[[142.95661,-36.39752],[142.90768,-36.39216],[142.89283,-36.39149],[142.84356,-36.38642],[142.80411,-36.38225],[142.78866,-36.37904],[142.77745,-36.37863],[142.76572,-36.37938],[142.75005,-36.39005],[142.70733,-36.4074],[142.65167,-36.42923],[142.63032,-36.43774],[142.5966,-36.45342],[142.59594,-36.45376]]}},{"type":"Feature","properties":{"name":"Stawell - Warracknabeal Road","ref":"B210","highway":"primary","class":2,"kind":"arterial","surface":"asphalt"},"geometry":{"type":"LineString","coordinates":[[142.63064,-36.62555],[142.62934,-36.6205],[142.62984,-36.61387],[142.63157,-36.61087],[142.63176,-36.60345],[142.6318,-36.58532],[142.6318,-36.56006],[142.63178,-36.53205],[142.63179,-36.5099],[142.63178,-36.4972],[142.63159,-36.49616],[142.6312,-36.49533],[142.63055,-36.49446],[142.62843,-36.49273],[142.61346,-36.48106],[142.59495,-36.46672]]}},{"type":"Feature","properties":{"name":"Horsham-Minyip Road","ref":"C236","highway":"secondary","class":3,"kind":"sub-arterial","surface":"asphalt"},"geometry":{"type":"LineString","coordinates":[[142.46918,-36.50065],[142.46911,-36.50065],[142.46392,-36.50065],[142.45089,-36.50063],[142.44048,-36.50062],[142.42228,-36.50059],[142.40672,-36.50064],[142.40029,-36.50044]]}},{"type":"Feature","properties":{"name":"Henty Highway","ref":"B200","highway":"primary","class":2,"kind":"arterial","surface":"asphalt"},"geometry":{"type":"LineString","coordinates":[[142.34598,-36.50233],[142.35606,-36.49185],[142.35704,-36.49052],[142.36068,-36.48395],[142.37243,-36.4627],[142.37981,-36.44935],[142.38108,-36.44707],[142.38644,-36.4373],[142.38984,-36.43114],[142.39012,-36.43012],[142.39149,-36.41691],[142.39337,-36.39843],[142.39392,-36.393],[142.39459,-36.38677],[142.39467,-36.38645]]}},{"type":"Feature","properties":{"name":"Marma Street","ref":"B240","highway":"primary","class":2,"kind":"arterial","surface":"asphalt"},"geometry":{"type":"LineString","coordinates":[[142.46654,-36.62021],[142.46665,-36.62021],[142.46749,-36.62019],[142.46767,-36.62018]]}},{"type":"Feature","properties":{"name":"Stawell - Warracknabeal Road","ref":"B210;B240","highway":"primary","class":2,"kind":"arterial","surface":"asphalt"},"geometry":{"type":"LineString","coordinates":[[142.63068,-36.62573],[142.63073,-36.62592],[142.63087,-36.62636],[142.63092,-36.62659],[142.63097,-36.62714],[142.63098,-36.62779]]}},{"type":"Feature","properties":{"name":"Wimmera Highway","ref":"B240","highway":"primary","class":2,"kind":"arterial","surface":"asphalt"},"geometry":{"type":"LineString","coordinates":[[142.63154,-36.63776],[142.63161,-36.63777],[142.63177,-36.63776],[142.63201,-36.63775],[142.63251,-36.63775],[142.63298,-36.63775]]}},{"type":"Feature","properties":{"name":"Stawell - Warracknabeal Road","ref":"B210","highway":"primary","class":2,"kind":"arterial","surface":"asphalt"},"geometry":{"type":"LineString","coordinates":[[142.63154,-36.63776],[142.63188,-36.63865],[142.63199,-36.64033],[142.63189,-36.66828],[142.63172,-36.6803],[142.63157,-36.69782],[142.63145,-36.69974],[142.63135,-36.70114],[142.63134,-36.72719],[142.63147,-36.73271],[142.63148,-36.74682],[142.63139,-36.76003],[142.63145,-36.7615]]}},{"type":"Feature","properties":{"name":"Stawell - Warracknabeal Road","ref":"B210","highway":"primary","class":2,"kind":"arterial","surface":"asphalt"},"geometry":{"type":"LineString","coordinates":[[142.63347,-36.89155],[142.63433,-36.8923],[142.63526,-36.89299],[142.64008,-36.89668],[142.64061,-36.89707],[142.64858,-36.90301],[142.6504,-36.90436],[142.65092,-36.9048],[142.65145,-36.90527],[142.65181,-36.9056],[142.6523,-36.90609],[142.65278,-36.90663],[142.65313,-36.90703],[142.65351,-36.90746],[142.65402,-36.90813],[142.65437,-36.90864],[142.65476,-36.90922],[142.65522,-36.91002],[142.65563,-36.91078]]}},{"type":"Feature","properties":{"name":"Western Highway","ref":"A8","highway":"trunk","class":1,"kind":"highway","surface":"asphalt"},"geometry":{"type":"LineString","coordinates":[[142.66119,-36.99197],[142.66051,-36.99177],[142.64709,-36.98765],[142.64141,-36.98592],[142.63161,-36.98293],[142.63125,-36.9828],[142.63043,-36.98252],[142.62975,-36.98221],[142.62907,-36.98184],[142.62886,-36.98172]]}},{"type":"Feature","properties":{"name":"Western Highway","ref":"A8","highway":"trunk","class":1,"kind":"highway","surface":"asphalt"},"geometry":{"type":"LineString","coordinates":[[142.71327,-37.00802],[142.71237,-37.00757],[142.71162,-37.0073],[142.71125,-37.00718],[142.70912,-37.0065],[142.70862,-37.00635],[142.70795,-37.00615],[142.70697,-37.00585],[142.70566,-37.00545],[142.70455,-37.00513],[142.70131,-37.00414],[142.69977,-37.00367],[142.69708,-37.00284],[142.69232,-37.00139],[142.69126,-37.00106]]}},{"type":"Feature","properties":{"name":"Seaby Street","ref":"C221","highway":"secondary","class":3,"kind":"sub-arterial","surface":"asphalt"},"geometry":{"type":"LineString","coordinates":[[142.76494,-37.0641],[142.76524,-37.06364],[142.76527,-37.06359],[142.76561,-37.06304]]}},{"type":"Feature","properties":{"name":"McPherson Street","ref":"A8;A200;B240","highway":"trunk","class":1,"kind":"highway","surface":"asphalt"},"geometry":{"type":"LineString","coordinates":[[142.20492,-36.71657],[142.20492,-36.7165],[142.20492,-36.71613],[142.20491,-36.71542]]}},{"type":"Feature","properties":{"name":"Wimmera Highway","ref":"B240","highway":"primary","class":2,"kind":"arterial","surface":"asphalt"},"geometry":{"type":"LineString","coordinates":[[142.00269,-36.734],[142.0009,-36.73358],[142.00045,-36.73349],[141.99333,-36.73245],[141.98635,-36.73154],[141.98492,-36.73126],[141.98311,-36.73091],[141.98206,-36.73068],[141.97205,-36.72927],[141.97151,-36.72922],[141.97098,-36.72922],[141.97044,-36.72928],[141.96971,-36.72942],[141.96913,-36.72961],[141.96574,-36.7311],[141.95935,-36.73392]]}},{"type":"Feature","properties":{"name":"Natimuk - Frances Road","ref":"C213","highway":"secondary","class":3,"kind":"sub-arterial","surface":"asphalt"},"geometry":{"type":"LineString","coordinates":[[141.93224,-36.74523],[141.9275,-36.74242],[141.92407,-36.74149],[141.90424,-36.74171],[141.89431,-36.74684],[141.85733,-36.7474],[141.8498,-36.74707],[141.83718,-36.74131],[141.81768,-36.73211],[141.7929,-36.72922],[141.76905,-36.72695],[141.76103,-36.72969],[141.75311,-36.73223],[141.7373,-36.73301],[141.73021,-36.73329]]}},{"type":"Feature","properties":{"name":"Nhill - Harrow Road","ref":"C206","highway":"secondary","class":3,"kind":"sub-arterial","surface":"asphalt"},"geometry":{"type":"LineString","coordinates":[[141.65223,-36.87719],[141.63508,-36.84043],[141.63887,-36.81518],[141.62986,-36.81218],[141.63257,-36.79262],[141.6303,-36.7882],[141.62265,-36.78141],[141.61851,-36.77958],[141.61521,-36.7759],[141.6165,-36.76687],[141.61372,-36.76318],[141.6107,-36.7559],[141.61294,-36.73418],[141.61295,-36.73407]]}},{"type":"Feature","properties":{"name":"Nhill - Harrow Road","ref":"C206","highway":"secondary","class":3,"kind":"sub-arterial","surface":"asphalt"},"geometry":{"type":"LineString","coordinates":[[141.62163,-36.69965],[141.63442,-36.69031],[141.64062,-36.67447],[141.65218,-36.59822],[141.65159,-36.56089],[141.64778,-36.55258],[141.64594,-36.51936],[141.65255,-36.48205],[141.65794,-36.45787],[141.65974,-36.43852],[141.63723,-36.4345],[141.64841,-36.35647],[141.64446,-36.34589],[141.64082,-36.34265]]}},{"type":"Feature","properties":{"name":"Wimmera Highway","ref":"B240","highway":"primary","class":2,"kind":"arterial","surface":"asphalt"},"geometry":{"type":"LineString","coordinates":[[141.65223,-36.87719],[141.62105,-36.88362],[141.60814,-36.88548],[141.60125,-36.88433],[141.5934,-36.88556],[141.58166,-36.88958],[141.57696,-36.89285],[141.57512,-36.89336],[141.57363,-36.89335],[141.56844,-36.89297],[141.55177,-36.89327],[141.54099,-36.89355],[141.50554,-36.89895],[141.50362,-36.89967],[141.50241,-36.90052]]}},{"type":"Feature","properties":{"name":"Western Highway","ref":"A8","highway":"trunk","class":1,"kind":"highway","surface":"asphalt"},"geometry":{"type":"LineString","coordinates":[[142.02128,-36.43642],[142.0205,-36.43634]]}},{"type":"Feature","properties":{"name":"Western Highway","ref":"A8","highway":"trunk","class":1,"kind":"highway","surface":"asphalt"},"geometry":{"type":"LineString","coordinates":[[142.01527,-36.43515],[142.01521,-36.43512],[142.01514,-36.43508]]}},{"type":"Feature","properties":{"name":"Lloyd Street","ref":"C227","highway":"secondary","class":3,"kind":"sub-arterial","surface":"asphalt"},"geometry":{"type":"LineString","coordinates":[[142.02881,-36.45739],[142.02878,-36.45734]]}},{"type":"Feature","properties":{"name":"Western Highway","ref":"A8","highway":"trunk","class":1,"kind":"highway","surface":"asphalt"},"geometry":{"type":"LineString","coordinates":[[142.05427,-36.4561],[142.05463,-36.45656],[142.05487,-36.45686],[142.05518,-36.45723],[142.05537,-36.45744],[142.05587,-36.45792],[142.05597,-36.45802],[142.05609,-36.45814],[142.05632,-36.45832]]}},{"type":"Feature","properties":{"name":"Horsham Road","ref":"C227","highway":"secondary","class":3,"kind":"sub-arterial","surface":"asphalt"},"geometry":{"type":"LineString","coordinates":[[142.05413,-36.45825],[142.05527,-36.45841],[142.05539,-36.45842],[142.05549,-36.45843],[142.05559,-36.45843],[142.05567,-36.45842],[142.05576,-36.45841],[142.05583,-36.45839],[142.0559,-36.45837],[142.05597,-36.45836],[142.05603,-36.45833],[142.05613,-36.45829],[142.05615,-36.45828]]}},{"type":"Feature","properties":{"name":"Horsham Road","ref":"C227","highway":"secondary","class":3,"kind":"sub-arterial","surface":"asphalt"},"geometry":{"type":"LineString","coordinates":[[142.05413,-36.45825],[142.05006,-36.45776],[142.04761,-36.45746],[142.04411,-36.45703],[142.03734,-36.45625],[142.03686,-36.45617],[142.03655,-36.45609],[142.03628,-36.45598],[142.03602,-36.45584],[142.03585,-36.45572],[142.03567,-36.45557],[142.03553,-36.45542],[142.03547,-36.45535]]}},{"type":"Feature","properties":{"name":"Western Highway","ref":"A8","highway":"trunk","class":1,"kind":"highway","surface":"asphalt"},"geometry":{"type":"LineString","coordinates":[[142.10421,-36.50955],[142.10415,-36.509]]}},{"type":"Feature","properties":{"name":"Donald-Murtoa Road","ref":"C236","highway":"secondary","class":3,"kind":"sub-arterial","surface":"asphalt"},"geometry":{"type":"LineString","coordinates":[[142.57711,-36.4665],[142.56941,-36.46885],[142.56072,-36.46901],[142.55472,-36.47018],[142.54102,-36.47317],[142.53138,-36.4735],[142.51674,-36.47673],[142.50573,-36.47941],[142.49592,-36.48698],[142.49242,-36.48903],[142.47186,-36.49617],[142.47007,-36.49748],[142.46924,-36.49933],[142.46918,-36.50065]]}},{"type":"Feature","properties":{"name":"Main Street","ref":"C236","highway":"secondary","class":3,"kind":"sub-arterial","surface":"asphalt"},"geometry":{"type":"LineString","coordinates":[[142.58561,-36.46095],[142.58519,-36.46128],[142.58444,-36.46183],[142.58415,-36.46206],[142.58335,-36.46266],[142.58243,-36.46336]]}},{"type":"Feature","properties":{"name":"Church Street","ref":"B210","highway":"primary","class":2,"kind":"arterial","surface":"asphalt"},"geometry":{"type":"LineString","coordinates":[[142.58699,-36.45977],[142.58606,-36.45898],[142.58556,-36.45852],[142.58503,-36.45809]]}},{"type":"Feature","properties":{"name":"B210;C236","ref":"B210;C236","highway":"primary","class":2,"kind":"arterial","surface":"asphalt"},"geometry":{"type":"LineString","coordinates":[[142.58694,-36.45985],[142.58695,-36.45982],[142.58696,-36.4598],[142.58699,-36.45977],[142.58701,-36.45976],[142.58705,-36.45976],[142.58708,-36.45976],[142.58711,-36.45977],[142.58714,-36.45978],[142.58716,-36.45981],[142.58717,-36.45985],[142.58716,-36.45988],[142.58713,-36.45991],[142.5871,-36.45993],[142.58707,-36.45994],[142.58703,-36.45993],[142.587,-36.45993],[142.58697,-36.45991],[142.58695,-36.45988],[142.58694,-36.45985]]}},{"type":"Feature","properties":{"name":"Blue Ribbon Road","ref":"C221","highway":"secondary","class":3,"kind":"sub-arterial","surface":"asphalt"},"geometry":{"type":"LineString","coordinates":[[142.22585,-36.3399],[142.22559,-36.39595],[142.22567,-36.4482],[142.2223,-36.46339],[142.22082,-36.47069],[142.21973,-36.49678],[142.21636,-36.51225],[142.20925,-36.545],[142.20921,-36.54917],[142.20479,-36.58458],[142.20435,-36.60026],[142.2047,-36.60958],[142.20489,-36.66612],[142.20199,-36.68209],[142.20221,-36.69696]]}},{"type":"Feature","properties":{"name":"Western Highway","ref":"A8","highway":"trunk","class":1,"kind":"highway","surface":"asphalt"},"geometry":{"type":"LineString","coordinates":[[141.98043,-36.41885],[141.97871,-36.418],[141.97705,-36.41685],[141.97571,-36.41551],[141.97318,-36.41233],[141.97094,-36.40964],[141.96927,-36.40847],[141.9641,-36.40567],[141.96178,-36.40387],[141.9602,-36.40231],[141.95756,-36.39993],[141.93391,-36.38421],[141.93137,-36.3828],[141.92805,-36.38248],[141.92415,-36.38275],[141.9151,-36.38128]]}},{"type":"Feature","properties":{"name":"Western Highway","ref":"A8","highway":"trunk","class":1,"kind":"highway","surface":"asphalt"},"geometry":{"type":"LineString","coordinates":[[141.98119,-36.41916],[141.98043,-36.41885]]}},{"type":"Feature","properties":{"name":"Nhill Road","ref":"C227","highway":"secondary","class":3,"kind":"sub-arterial","surface":"asphalt"},"geometry":{"type":"LineString","coordinates":[[142.0183,-36.44114],[142.01812,-36.44071],[142.01783,-36.44003],[142.01752,-36.4393],[142.01691,-36.43819],[142.01685,-36.43811],[142.01564,-36.43681]]}},{"type":"Feature","properties":{"name":"Scallan Street","ref":"C221","highway":"secondary","class":3,"kind":"sub-arterial","surface":"paved"},"geometry":{"type":"LineString","coordinates":[[142.77632,-37.05725],[142.77664,-37.0571]]}},{"type":"Feature","properties":{"name":"Byrne Street","ref":"C221;C238","highway":"secondary","class":3,"kind":"sub-arterial","surface":"asphalt"},"geometry":{"type":"LineString","coordinates":[[142.78137,-37.05422],[142.78155,-37.05409],[142.78196,-37.0538]]}},{"type":"Feature","properties":{"name":"Navarre Road","ref":"C221","highway":"secondary","class":3,"kind":"sub-arterial","surface":"asphalt"},"geometry":{"type":"LineString","coordinates":[[142.78874,-37.051],[142.78883,-37.05088],[142.78982,-37.04983],[142.79068,-37.04884],[142.79123,-37.0482]]}},{"type":"Feature","properties":{"name":"Wimmera Highway","ref":"B240","highway":"primary","class":2,"kind":"arterial","surface":"asphalt"},"geometry":{"type":"LineString","coordinates":[[142.00361,-36.73423],[142.00269,-36.734]]}},{"type":"Feature","properties":{"name":"Natimuk Road","ref":"B240","highway":"primary","class":2,"kind":"arterial","surface":"asphalt"},"geometry":{"type":"LineString","coordinates":[[142.16896,-36.72565],[142.16955,-36.72546],[142.17059,-36.72505]]}},{"type":"Feature","properties":{"name":"Wilson Street","ref":"B240","highway":"primary","class":2,"kind":"arterial","surface":"asphalt"},"geometry":{"type":"LineString","coordinates":[[142.19887,-36.71664],[142.19879,-36.71664],[142.19841,-36.71664],[142.19759,-36.71664]]}},{"type":"Feature","properties":{"name":"B240","ref":"B240","highway":"primary","class":2,"kind":"arterial","surface":"asphalt"},"geometry":{"type":"LineString","coordinates":[[142.19701,-36.71661],[142.19704,-36.71658],[142.1971,-36.71655]]}},{"type":"Feature","properties":{"name":"Northern Grampians Road","ref":"C222","highway":"secondary","class":3,"kind":"sub-arterial","surface":"asphalt"},"geometry":{"type":"LineString","coordinates":[[142.34051,-37.03377],[142.34023,-37.03423]]}},{"type":"Feature","properties":{"name":"Northern Grampians Road","ref":"C222","highway":"secondary","class":3,"kind":"sub-arterial","surface":"asphalt"},"geometry":{"type":"LineString","coordinates":[[142.34023,-37.03423],[142.33804,-37.03771],[142.33759,-37.03884],[142.33763,-37.03991],[142.34179,-37.04634],[142.34299,-37.04795],[142.34521,-37.0497],[142.34587,-37.05032],[142.34811,-37.0529],[142.34975,-37.05382],[142.35314,-37.05548],[142.3586,-37.05751],[142.36085,-37.05928],[142.36347,-37.06263],[142.36488,-37.06482],[142.36492,-37.06487]]}},{"type":"Feature","properties":{"name":"Grampians Road","ref":"C216","highway":"secondary","class":3,"kind":"sub-arterial","surface":"asphalt"},"geometry":{"type":"LineString","coordinates":[[142.51905,-37.13869],[142.51905,-37.13884]]}},{"type":"Feature","properties":{"name":"Grampians Road","ref":"C216","highway":"secondary","class":3,"kind":"sub-arterial","surface":"asphalt"},"geometry":{"type":"LineString","coordinates":[[142.51905,-37.13964],[142.51904,-37.13919],[142.51903,-37.13894],[142.51905,-37.13884]]}},{"type":"Feature","properties":{"name":"Western Highway","ref":"A8","highway":"trunk","class":1,"kind":"highway","surface":"paved"},"geometry":{"type":"LineString","coordinates":[[142.80411,-37.10585],[142.80362,-37.10556]]}},{"type":"Feature","properties":{"name":"Western Highway","ref":"A8","highway":"trunk","class":1,"kind":"highway","surface":"asphalt"},"geometry":{"type":"LineString","coordinates":[[142.80362,-37.10556],[142.80273,-37.1051],[142.80156,-37.1045],[142.80079,-37.10384],[142.7992,-37.10215],[142.79634,-37.09913]]}},{"type":"Feature","properties":{"name":"Grampians Road","ref":"C216","highway":"secondary","class":3,"kind":"sub-arterial","surface":"asphalt"},"geometry":{"type":"LineString","coordinates":[[142.75729,-37.06048],[142.75695,-37.06036],[142.75678,-37.06033],[142.75661,-37.06031]]}},{"type":"Feature","properties":{"name":"Grampians Road","ref":"C216","highway":"secondary","class":3,"kind":"sub-arterial","surface":"asphalt"},"geometry":{"type":"LineString","coordinates":[[142.75607,-37.06031],[142.75625,-37.06024],[142.75636,-37.06017],[142.75639,-37.06012],[142.75641,-37.06006],[142.75642,-37.06002],[142.75639,-37.05993]]}},{"type":"Feature","properties":{"name":"Darlington Road","ref":"C238","highway":"secondary","class":3,"kind":"sub-arterial","surface":"asphalt"},"geometry":{"type":"LineString","coordinates":[[142.78082,-37.05205],[142.7813,-37.04966]]}},{"type":"Feature","properties":{"name":"Alfred Street","ref":"C238","highway":"secondary","class":3,"kind":"sub-arterial","surface":"asphalt"},"geometry":{"type":"LineString","coordinates":[[142.78087,-37.05458],[142.78082,-37.05452],[142.78079,-37.05443],[142.78062,-37.05355],[142.78055,-37.05303]]}},{"type":"Feature","properties":{"name":"Darlington Road","ref":"C238","highway":"secondary","class":3,"kind":"sub-arterial","surface":"asphalt"},"geometry":{"type":"LineString","coordinates":[[142.7807,-37.05228],[142.78082,-37.05205]]}},{"type":"Feature","properties":{"name":"Darlington Road","ref":"C238","highway":"secondary","class":3,"kind":"sub-arterial","surface":"asphalt"},"geometry":{"type":"LineString","coordinates":[[142.78082,-37.05205],[142.78087,-37.0523]]}},{"type":"Feature","properties":{"name":"Darlington Road","ref":"C238","highway":"secondary","class":3,"kind":"sub-arterial","surface":"asphalt"},"geometry":{"type":"LineString","coordinates":[[142.78057,-37.05285],[142.78061,-37.05255]]}},{"type":"Feature","properties":{"name":"Darlington Road","ref":"C238","highway":"secondary","class":3,"kind":"sub-arterial","surface":"asphalt"},"geometry":{"type":"LineString","coordinates":[[142.78078,-37.05259],[142.78057,-37.05285]]}},{"type":"Feature","properties":{"name":"C238","ref":"C238","highway":"secondary","class":3,"kind":"sub-arterial","surface":"asphalt"},"geometry":{"type":"LineString","coordinates":[[142.78061,-37.05255],[142.78059,-37.05249],[142.78059,-37.05242],[142.78062,-37.05236],[142.78067,-37.05229],[142.7807,-37.05228],[142.78073,-37.05226],[142.78079,-37.05226],[142.78082,-37.05227],[142.78087,-37.0523],[142.78089,-37.05237],[142.78089,-37.05243],[142.78088,-37.05248],[142.78087,-37.05252],[142.78084,-37.05256],[142.78078,-37.05259],[142.78072,-37.0526],[142.78066,-37.05259],[142.78061,-37.05255]]}},{"type":"Feature","properties":{"name":"Grampians Road","ref":"C216;C222","highway":"secondary","class":3,"kind":"sub-arterial","surface":"asphalt"},"geometry":{"type":"LineString","coordinates":[[142.52182,-37.1301],[142.52163,-37.13023],[142.5214,-37.13043],[142.5212,-37.13078],[142.52115,-37.13116],[142.5213,-37.1316],[142.52162,-37.13237],[142.5217,-37.13313],[142.52148,-37.13519],[142.52126,-37.13562],[142.52085,-37.13595],[142.52027,-37.13626],[142.52024,-37.13628]]}},{"type":"Feature","properties":{"name":"Grampians Road","ref":"C216;C222","highway":"secondary","class":3,"kind":"sub-arterial","surface":"asphalt"},"geometry":{"type":"LineString","coordinates":[[142.52272,-37.12992],[142.52257,-37.12991],[142.52237,-37.12992],[142.52221,-37.12996],[142.52204,-37.13001],[142.52182,-37.1301]]}},{"type":"Feature","properties":{"name":"Murtoa - Glenorchy Road","ref":"C237","highway":"secondary","class":3,"kind":"sub-arterial","surface":"asphalt"},"geometry":{"type":"LineString","coordinates":[[142.6193,-36.87954],[142.61337,-36.87427],[142.60104,-36.86311],[142.59502,-36.85781],[142.59414,-36.85707],[142.59346,-36.85652],[142.59276,-36.85593],[142.59126,-36.8546],[142.58842,-36.85203],[142.58444,-36.84851],[142.57885,-36.84347],[142.57861,-36.84324],[142.57707,-36.84125],[142.56567,-36.82657],[142.55995,-36.81928],[142.55856,-36.8175],[142.55842,-36.81732],[142.55461,-36.81235],[142.55427,-36.8119],[142.54281,-36.79714],[142.53639,-36.78885],[142.53569,-36.78796]]}},{"type":"Feature","properties":{"name":"Western Highway","ref":"A8","highway":"trunk","class":1,"kind":"highway","surface":"asphalt"},"geometry":{"type":"LineString","coordinates":[[142.27001,-36.77212],[142.26713,-36.77059],[142.26702,-36.77051],[142.26124,-36.76743],[142.25991,-36.76671],[142.25792,-36.76559],[142.25397,-36.76335],[142.25089,-36.76168],[142.24873,-36.76052],[142.24639,-36.75928],[142.24409,-36.75805],[142.24364,-36.7578],[142.24177,-36.7568],[142.24112,-36.75645],[142.23774,-36.75465],[142.23397,-36.75264],[142.23064,-36.75083],[142.22663,-36.74858],[142.22361,-36.7469],[142.22142,-36.74569]]}},{"type":"Feature","properties":{"name":"Horsham-Lubeck Road","ref":"C215","highway":"secondary","class":3,"kind":"sub-arterial","surface":"asphalt"},"geometry":{"type":"LineString","coordinates":[[142.32025,-36.7242],[142.31981,-36.72402],[142.31927,-36.72392],[142.31844,-36.72389],[142.30369,-36.72389],[142.28543,-36.72384],[142.26721,-36.72379],[142.25133,-36.72375],[142.249,-36.72375],[142.23981,-36.72375]]}},{"type":"Feature","properties":{"name":"Horsham-Lubeck Road","ref":"C215","highway":"secondary","class":3,"kind":"sub-arterial","surface":"asphalt"},"geometry":{"type":"LineString","coordinates":[[142.32025,-36.7242],[142.32079,-36.72446],[142.32116,-36.72475],[142.32151,-36.72518],[142.32171,-36.72556],[142.32183,-36.72586],[142.32189,-36.72664]]}},{"type":"Feature","properties":{"name":"Williams Road","ref":"C215","highway":"secondary","class":3,"kind":"sub-arterial","surface":"asphalt"},"geometry":{"type":"LineString","coordinates":[[142.22503,-36.72413],[142.2243,-36.72462],[142.22369,-36.72522],[142.22364,-36.72526],[142.22358,-36.72531],[142.22331,-36.7255],[142.22311,-36.72566],[142.223,-36.72572],[142.22264,-36.72593],[142.22202,-36.72613],[142.22158,-36.7262],[142.22139,-36.72624],[142.2207,-36.72623]]}},{"type":"Feature","properties":{"name":"Horsham - Noradjuha Road","ref":"C214","highway":"secondary","class":3,"kind":"sub-arterial","surface":"asphalt"},"geometry":{"type":"LineString","coordinates":[[141.96405,-36.8378],[141.96571,-36.83725],[141.96677,-36.8369],[141.96916,-36.83607],[142.0013,-36.82511],[142.00557,-36.82365],[142.02496,-36.81703],[142.03463,-36.81376],[142.04437,-36.80801],[142.06343,-36.79667],[142.06967,-36.79324],[142.08326,-36.78587],[142.08344,-36.78577],[142.08413,-36.7854]]}},{"type":"Feature","properties":{"name":"Natimuk - Hamilton Road","ref":"C214","highway":"secondary","class":3,"kind":"sub-arterial","surface":"asphalt"},"geometry":{"type":"LineString","coordinates":[[141.93574,-36.98678],[141.93499,-36.99038],[141.93484,-36.99114],[141.93464,-36.99165],[141.93369,-36.99329],[141.93317,-36.99453],[141.93121,-37.00044],[141.92429,-37.02076],[141.92422,-37.02222],[141.92444,-37.03005],[141.92478,-37.03666],[141.92497,-37.04138],[141.92493,-37.04211]]}},{"type":"Feature","properties":{"name":"Nhill - Harrow Road","ref":"C206","highway":"secondary","class":3,"kind":"sub-arterial","surface":"asphalt"},"geometry":{"type":"LineString","coordinates":[[141.59575,-37.09531],[141.59512,-37.10371],[141.59585,-37.10523],[141.60031,-37.11253],[141.60049,-37.12541],[141.60045,-37.13283],[141.59917,-37.13668],[141.59803,-37.14009],[141.59668,-37.14414],[141.59607,-37.14595],[141.59575,-37.14684],[141.59542,-37.14734],[141.59455,-37.14828]]}},{"type":"Feature","properties":{"name":"Wombelano Road","ref":"C205","highway":"secondary","class":3,"kind":"sub-arterial","surface":"asphalt"},"geometry":{"type":"LineString","coordinates":[[141.84382,-37.13857],[141.78618,-37.10092],[141.77746,-37.09767],[141.74702,-37.08231],[141.75394,-37.06892],[141.74395,-37.04757],[141.73021,-37.03987],[141.7292,-37.03299],[141.71821,-37.02798],[141.70525,-37.02522],[141.67355,-37.02153],[141.6735,-37.01396],[141.65985,-37.00947],[141.60474,-37.00349]]}},{"type":"Feature","properties":{"name":"Grampians Road","ref":"C216;C222","highway":"secondary","class":3,"kind":"sub-arterial","surface":"asphalt"},"geometry":{"type":"LineString","coordinates":[[142.53939,-37.12838],[142.53713,-37.12942],[142.5351,-37.13046],[142.53438,-37.13072],[142.53381,-37.13077],[142.53304,-37.13062],[142.53226,-37.13008],[142.53153,-37.12954],[142.53078,-37.1294],[142.5298,-37.12956],[142.52731,-37.12998],[142.52612,-37.12999],[142.52511,-37.13003],[142.52474,-37.13009]]}},{"type":"Feature","properties":{"name":"C227","ref":"C227","highway":"secondary","class":3,"kind":"sub-arterial","surface":"asphalt"},"geometry":{"type":"LineString","coordinates":[[142.03487,-36.45476],[142.03486,-36.45473],[142.03486,-36.4547]]}},{"type":"Feature","properties":{"name":"Western Highway","ref":"A8","highway":"trunk","class":1,"kind":"highway","surface":"asphalt"},"geometry":{"type":"LineString","coordinates":[[142.11565,-36.55421],[142.11555,-36.55025],[142.11548,-36.54735],[142.11537,-36.54567],[142.11466,-36.53903],[142.11358,-36.52827],[142.11256,-36.51946],[142.11214,-36.51842],[142.11145,-36.51738],[142.10989,-36.51556],[142.10895,-36.51473],[142.10796,-36.51415],[142.10659,-36.51342],[142.10555,-36.51265],[142.10503,-36.51202],[142.10458,-36.51118],[142.10421,-36.50955]]}},{"type":"Feature","properties":{"name":"Coleraine-Edenhope Road","ref":"C206","highway":"secondary","class":3,"kind":"sub-arterial","surface":"asphalt"},"geometry":{"type":"LineString","coordinates":[[141.59432,-37.16136],[141.59404,-37.16055],[141.59433,-37.15988],[141.59471,-37.15952],[141.59606,-37.15906],[141.59697,-37.15855],[141.59733,-37.15811],[141.59771,-37.15741],[141.59823,-37.15614],[141.59835,-37.15549],[141.59834,-37.15479],[141.59802,-37.15373],[141.59608,-37.14955],[141.59499,-37.1485],[141.59455,-37.14828]]}},{"type":"Feature","properties":{"name":"Dimboola Road","ref":"A8","highway":"trunk","class":1,"kind":"highway","surface":"asphalt"},"geometry":{"type":"LineString","coordinates":[[142.19874,-36.71172],[142.19863,-36.71167],[142.19838,-36.71154]]}},{"type":"Feature","properties":{"name":"Laharum Road","ref":"C793","highway":"secondary","class":3,"kind":"sub-arterial","surface":"asphalt"},"geometry":{"type":"LineString","coordinates":[[142.31646,-36.87555],[142.3154,-36.87542],[142.31463,-36.87546],[142.30769,-36.8764],[142.29738,-36.87785],[142.29567,-36.87801],[142.28494,-36.87801],[142.27428,-36.87799],[142.27241,-36.87817],[142.27095,-36.87834],[142.26673,-36.87832],[142.24832,-36.87824],[142.23778,-36.87828],[142.23576,-36.87822],[142.23467,-36.87806],[142.23371,-36.87779],[142.23291,-36.8774],[142.23254,-36.87721]]}},{"type":"Feature","properties":{"name":"Kalkee Road","ref":"C221","highway":"secondary","class":3,"kind":"sub-arterial","surface":"asphalt"},"geometry":{"type":"LineString","coordinates":[[142.20226,-36.70766],[142.20226,-36.70757],[142.20224,-36.70749],[142.20222,-36.70741],[142.20218,-36.70731],[142.20213,-36.70722],[142.20209,-36.70717],[142.20202,-36.70708]]}},{"type":"Feature","properties":{"name":"Kalkee Road","ref":"C221","highway":"secondary","class":3,"kind":"sub-arterial","surface":"asphalt"},"geometry":{"type":"LineString","coordinates":[[142.20214,-36.70708],[142.20218,-36.70715],[142.20223,-36.70722],[142.20228,-36.7073],[142.20231,-36.70736],[142.20233,-36.70743],[142.20235,-36.70751],[142.20236,-36.70759],[142.20236,-36.70764],[142.20236,-36.70766]]}},{"type":"Feature","properties":{"name":"Urquhart Street","ref":"C221","highway":"secondary","class":3,"kind":"sub-arterial","surface":"asphalt"},"geometry":{"type":"LineString","coordinates":[[142.20227,-36.70786],[142.20227,-36.7077],[142.20226,-36.70766]]}},{"type":"Feature","properties":{"name":"Urquhart Street","ref":"C221","highway":"secondary","class":3,"kind":"sub-arterial","surface":"asphalt"},"geometry":{"type":"LineString","coordinates":[[142.20236,-36.70787],[142.20236,-36.70856]]}},{"type":"Feature","properties":{"name":"Urquhart Street","ref":"C221","highway":"secondary","class":3,"kind":"sub-arterial","surface":"asphalt"},"geometry":{"type":"LineString","coordinates":[[142.20225,-36.70856],[142.20227,-36.70802],[142.20227,-36.70786]]}},{"type":"Feature","properties":{"name":"Urquhart Street","ref":"C221","highway":"secondary","class":3,"kind":"sub-arterial","surface":"asphalt"},"geometry":{"type":"LineString","coordinates":[[142.20236,-36.70766],[142.20236,-36.70785],[142.20236,-36.70787]]}},{"type":"Feature","properties":{"name":"Kalkee Road","ref":"C221","highway":"secondary","class":3,"kind":"sub-arterial","surface":"asphalt"},"geometry":{"type":"LineString","coordinates":[[142.20165,-36.70666],[142.20184,-36.70681],[142.20197,-36.70692],[142.20207,-36.70701],[142.20214,-36.70708]]}},{"type":"Feature","properties":{"name":"Urquhart Street","ref":"C221","highway":"secondary","class":3,"kind":"sub-arterial","surface":"asphalt"},"geometry":{"type":"LineString","coordinates":[[142.20236,-36.70856],[142.20236,-36.7087]]}},{"type":"Feature","properties":{"name":"Kalkee Road","ref":"C221","highway":"secondary","class":3,"kind":"sub-arterial","surface":"asphalt"},"geometry":{"type":"LineString","coordinates":[[142.20087,-36.7047],[142.20093,-36.7051],[142.20094,-36.70523],[142.20095,-36.70533]]}},{"type":"Feature","properties":{"name":"Kalkee Road","ref":"C221","highway":"secondary","class":3,"kind":"sub-arterial","surface":"asphalt"},"geometry":{"type":"LineString","coordinates":[[142.20115,-36.70643],[142.20113,-36.70641],[142.20107,-36.70635],[142.201,-36.70626],[142.20098,-36.70623],[142.20095,-36.70617],[142.2009,-36.70607],[142.20086,-36.70597],[142.20084,-36.70585],[142.20083,-36.70573],[142.20082,-36.70559],[142.20082,-36.70543],[142.20083,-36.70533]]}},{"type":"Feature","properties":{"name":"Stawell Road","ref":"A8;A200","highway":"trunk","class":1,"kind":"highway","surface":"asphalt"},"geometry":{"type":"LineString","coordinates":[[142.20489,-36.72458],[142.20485,-36.72355]]}},{"type":"Feature","properties":{"name":"McPherson Street","ref":"A8;A200","highway":"trunk","class":1,"kind":"highway","surface":"asphalt"},"geometry":{"type":"LineString","coordinates":[[142.20498,-36.722],[142.205,-36.72217],[142.20503,-36.72249],[142.20504,-36.72264],[142.20505,-36.72269],[142.20505,-36.7227],[142.20505,-36.72275],[142.20507,-36.72281],[142.20509,-36.72286],[142.20513,-36.72298],[142.20515,-36.72304],[142.20516,-36.7231],[142.20516,-36.72316],[142.20515,-36.72322],[142.20513,-36.7233],[142.2051,-36.72336]]}},{"type":"Feature","properties":{"name":"Stawell Road","ref":"A8;A200","highway":"trunk","class":1,"kind":"highway","surface":"asphalt"},"geometry":{"type":"LineString","coordinates":[[142.20485,-36.72355],[142.20485,-36.72347],[142.20484,-36.72343],[142.20483,-36.72339],[142.20481,-36.72335],[142.20479,-36.7233],[142.20477,-36.72326]]}},{"type":"Feature","properties":{"name":"Stawell Road","ref":"A8;A200","highway":"trunk","class":1,"kind":"highway","surface":"asphalt"},"geometry":{"type":"LineString","coordinates":[[142.20505,-36.72354],[142.20514,-36.72438]]}},{"type":"Feature","properties":{"name":"Williams Road","ref":"C215","highway":"trunk","class":1,"kind":"highway","surface":"asphalt"},"geometry":{"type":"LineString","coordinates":[[142.20524,-36.72607],[142.20499,-36.72607]]}},{"type":"Feature","properties":{"name":"Stawell Road","ref":"A8;A200","highway":"trunk","class":1,"kind":"highway","surface":"asphalt"},"geometry":{"type":"LineString","coordinates":[[142.20528,-36.72801],[142.20532,-36.72943],[142.20534,-36.73004]]}},{"type":"Feature","properties":{"name":"Stawell Road","ref":"A8;A200","highway":"trunk","class":1,"kind":"highway","surface":"asphalt"},"geometry":{"type":"LineString","coordinates":[[142.20509,-36.72801],[142.20507,-36.72785]]}},{"type":"Feature","properties":{"name":"Hamilton Road","ref":"A200","highway":"trunk","class":1,"kind":"highway","surface":"asphalt"},"geometry":{"type":"LineString","coordinates":[[142.2058,-36.73421],[142.20572,-36.73431],[142.20562,-36.73448],[142.20554,-36.73468]]}},{"type":"Feature","properties":{"name":"Stawell Road","ref":"A8;A200","highway":"trunk","class":1,"kind":"highway","surface":"asphalt"},"geometry":{"type":"LineString","coordinates":[[142.20594,-36.73394],[142.20583,-36.73384],[142.20569,-36.73369],[142.20556,-36.73352],[142.20553,-36.73347]]}},{"type":"Feature","properties":{"name":"Hamilton Road","ref":"A200","highway":"trunk","class":1,"kind":"highway","surface":"asphalt"},"geometry":{"type":"LineString","coordinates":[[142.20554,-36.73468],[142.20559,-36.73445],[142.20565,-36.73432],[142.20576,-36.73414],[142.20588,-36.734],[142.20594,-36.73394]]}},{"type":"Feature","properties":{"name":"Hamilton Road","ref":"A200","highway":"trunk","class":1,"kind":"highway","surface":"asphalt"},"geometry":{"type":"LineString","coordinates":[[142.20608,-36.73392],[142.206,-36.73399]]}},{"type":"Feature","properties":{"name":"Hamilton Road","ref":"A200","highway":"trunk","class":1,"kind":"highway","surface":"asphalt"},"geometry":{"type":"LineString","coordinates":[[142.2054,-36.73877],[142.20544,-36.73858],[142.20548,-36.7384],[142.20551,-36.73822],[142.20553,-36.73803],[142.20554,-36.73786],[142.20554,-36.73764]]}},{"type":"Feature","properties":{"name":"Stawell Road","ref":"A8","highway":"trunk","class":1,"kind":"highway","surface":"asphalt"},"geometry":{"type":"LineString","coordinates":[[142.20869,-36.73606],[142.20923,-36.7365],[142.21002,-36.73716]]}},{"type":"Feature","properties":{"name":"Hamilton Road","ref":"","highway":"trunk","class":1,"kind":"highway","surface":"asphalt"},"geometry":{"type":"LineString","coordinates":[[142.20594,-36.73394],[142.20603,-36.73387]]}},{"type":"Feature","properties":{"name":"Wilson Street","ref":"B240","highway":"primary","class":2,"kind":"arterial","surface":"asphalt"},"geometry":{"type":"LineString","coordinates":[[142.20433,-36.71662],[142.20473,-36.71658],[142.20481,-36.71658],[142.20492,-36.71657]]}},{"type":"Feature","properties":{"name":"Wilson Street","ref":"B240","highway":"primary","class":2,"kind":"arterial","surface":"asphalt"},"geometry":{"type":"LineString","coordinates":[[142.20493,-36.71666],[142.20478,-36.71666],[142.2047,-36.71666],[142.20433,-36.71662]]}},{"type":"Feature","properties":{"name":"Baillie Street","ref":"","highway":"primary","class":2,"kind":"arterial","surface":"asphalt"},"geometry":{"type":"LineString","coordinates":[[142.20555,-36.71164],[142.20554,-36.71162],[142.20553,-36.71161],[142.20552,-36.7116],[142.20552,-36.71158],[142.20553,-36.71156],[142.20553,-36.71154],[142.20554,-36.71152],[142.20556,-36.7115]]}},{"type":"Feature","properties":{"name":"B240","ref":"B240","highway":"primary","class":2,"kind":"arterial","surface":"asphalt"},"geometry":{"type":"LineString","coordinates":[[142.20221,-36.71655],[142.20222,-36.71654]]}},{"type":"Feature","properties":{"name":"Williams Road","ref":"C215","highway":"secondary","class":3,"kind":"sub-arterial","surface":"asphalt"},"geometry":{"type":"LineString","coordinates":[[142.21616,-36.72617],[142.21602,-36.72617],[142.21513,-36.72616]]}},{"type":"Feature","properties":{"name":"Williams Road","ref":"C215","highway":"secondary","class":3,"kind":"sub-arterial","surface":"asphalt"},"geometry":{"type":"LineString","coordinates":[[142.21864,-36.72621],[142.2185,-36.72621]]}},{"type":"Feature","properties":{"name":"Williams Road","ref":"C215","highway":"secondary","class":3,"kind":"sub-arterial","surface":"asphalt"},"geometry":{"type":"LineString","coordinates":[[142.2185,-36.72621],[142.21822,-36.7262],[142.21732,-36.72618],[142.21688,-36.72618],[142.21651,-36.72618],[142.21637,-36.72617]]}},{"type":"Feature","properties":{"name":"Williams Road","ref":"C215","highway":"secondary","class":3,"kind":"sub-arterial","surface":"asphalt"},"geometry":{"type":"LineString","coordinates":[[142.21637,-36.72617],[142.21616,-36.72617]]}},{"type":"Feature","properties":{"name":"Wilson Street","ref":"B240","highway":"primary","class":2,"kind":"arterial","surface":"asphalt"},"geometry":{"type":"LineString","coordinates":[[142.20033,-36.71663],[142.20183,-36.71663],[142.20197,-36.71663]]}},{"type":"Feature","properties":{"name":"Wilson Street","ref":"B240","highway":"primary","class":2,"kind":"arterial","surface":"asphalt"},"geometry":{"type":"LineString","coordinates":[[142.19887,-36.71664],[142.19913,-36.71661],[142.1992,-36.7166],[142.1993,-36.7166],[142.19956,-36.7166],[142.19966,-36.7166],[142.19976,-36.7166],[142.20007,-36.71659],[142.20022,-36.7166],[142.20033,-36.71663]]}},{"type":"Feature","properties":{"name":"Wilson Street","ref":"B240","highway":"primary","class":2,"kind":"arterial","surface":"asphalt"},"geometry":{"type":"LineString","coordinates":[[142.20033,-36.71663],[142.20017,-36.71666],[142.20003,-36.71666],[142.19992,-36.71667],[142.19975,-36.71667],[142.19966,-36.71667],[142.19957,-36.71667],[142.19933,-36.71667],[142.19915,-36.71667],[142.19906,-36.71666],[142.19887,-36.71664]]}},{"type":"Feature","properties":{"name":"Firebrace Street","ref":"","highway":"primary","class":2,"kind":"arterial","surface":"asphalt"},"geometry":{"type":"LineString","coordinates":[[142.19966,-36.71667],[142.19966,-36.7166]]}},{"type":"Feature","properties":{"name":"Firebrace Street","ref":"","highway":"primary","class":2,"kind":"arterial","surface":"asphalt"},"geometry":{"type":"LineString","coordinates":[[142.19976,-36.7166],[142.19975,-36.71667]]}},{"type":"Feature","properties":{"name":"Dimboola Road","ref":"A8","highway":"trunk","class":1,"kind":"highway","surface":"asphalt"},"geometry":{"type":"LineString","coordinates":[[142.18886,-36.70698],[142.18989,-36.70738]]}},{"type":"Feature","properties":{"name":"Dimboola Road","ref":"A8","highway":"trunk","class":1,"kind":"highway","surface":"asphalt"},"geometry":{"type":"LineString","coordinates":[[142.18886,-36.70698],[142.18869,-36.70691],[142.18816,-36.70669],[142.1868,-36.70605]]}},{"type":"Feature","properties":{"name":"Wilson Street","ref":"B240","highway":"primary","class":2,"kind":"arterial","surface":"asphalt"},"geometry":{"type":"LineString","coordinates":[[142.20284,-36.71663],[142.20433,-36.71662]]}},{"type":"Feature","properties":{"name":"Baillie Street","ref":"A8","highway":"trunk","class":1,"kind":"highway","surface":"asphalt"},"geometry":{"type":"LineString","coordinates":[[142.20079,-36.7117],[142.20088,-36.7117],[142.201,-36.7117],[142.20103,-36.7117],[142.20121,-36.7117],[142.20209,-36.7117],[142.20221,-36.7117]]}},{"type":"Feature","properties":{"name":"Dooen Road","ref":"B200;B240","highway":"primary","class":2,"kind":"arterial","surface":"asphalt"},"geometry":{"type":"LineString","coordinates":[[142.20551,-36.71154],[142.20556,-36.7115],[142.20581,-36.71129],[142.20614,-36.71107]]}},{"type":"Feature","properties":{"name":"Baillie Street","ref":"B200;B240","highway":"primary","class":2,"kind":"arterial","surface":"asphalt"},"geometry":{"type":"LineString","coordinates":[[142.20494,-36.71169],[142.20509,-36.71169],[142.20515,-36.71169],[142.20522,-36.71168],[142.20528,-36.71167],[142.20535,-36.71164],[142.20543,-36.71159],[142.20551,-36.71154]]}},{"type":"Feature","properties":{"name":"Dooen Road","ref":"B200;B240","highway":"primary","class":2,"kind":"arterial","surface":"asphalt"},"geometry":{"type":"LineString","coordinates":[[142.20614,-36.71107],[142.20587,-36.71134],[142.2056,-36.71159],[142.20555,-36.71164]]}},{"type":"Feature","properties":{"name":"McPherson Street","ref":"A8;A200;B240","highway":"trunk","class":1,"kind":"highway","surface":"asphalt"},"geometry":{"type":"LineString","coordinates":[[142.20494,-36.71181],[142.20494,-36.71188],[142.20494,-36.71197],[142.20493,-36.7121],[142.20488,-36.71239]]}},{"type":"Feature","properties":{"name":"Baillie Street","ref":"B200;B240","highway":"primary","class":2,"kind":"arterial","surface":"asphalt"},"geometry":{"type":"LineString","coordinates":[[142.20555,-36.71164],[142.20545,-36.7117],[142.20537,-36.71174],[142.20528,-36.71178],[142.20521,-36.71179],[142.20514,-36.7118],[142.20506,-36.71181],[142.20494,-36.71181]]}},{"type":"Feature","properties":{"name":"McPherson Street","ref":"A200;B240","highway":"trunk","class":1,"kind":"highway","surface":"asphalt"},"geometry":{"type":"LineString","coordinates":[[142.20485,-36.71211],[142.20484,-36.71204],[142.20484,-36.71189],[142.20483,-36.7118]]}},{"type":"Feature","properties":{"name":"Firebrace Street","ref":"","highway":"trunk","class":1,"kind":"highway","surface":"asphalt"},"geometry":{"type":"LineString","coordinates":[[142.19976,-36.71171],[142.19976,-36.71182]]}},{"type":"Feature","properties":{"name":"Firebrace Street","ref":"","highway":"trunk","class":1,"kind":"highway","surface":"asphalt"},"geometry":{"type":"LineString","coordinates":[[142.19965,-36.71181],[142.19966,-36.71171]]}},{"type":"Feature","properties":{"name":"Urquhart Street","ref":"C221","highway":"secondary","class":3,"kind":"sub-arterial","surface":"asphalt"},"geometry":{"type":"LineString","coordinates":[[142.20221,-36.7117],[142.2022,-36.71121],[142.2022,-36.71057],[142.2022,-36.7104],[142.20222,-36.70939],[142.20224,-36.70893]]}},{"type":"Feature","properties":{"name":"Baillie Street","ref":"","highway":"trunk","class":1,"kind":"highway","surface":"asphalt"},"geometry":{"type":"LineString","coordinates":[[142.20079,-36.71181],[142.20079,-36.7117]]}},{"type":"Feature","properties":{"name":"Wilson Street","ref":"B240","highway":"primary","class":2,"kind":"arterial","surface":"asphalt"},"geometry":{"type":"LineString","coordinates":[[142.20221,-36.71672],[142.20197,-36.71663]]}},{"type":"Feature","properties":{"name":"Wilson Street","ref":"B240","highway":"primary","class":2,"kind":"arterial","surface":"asphalt"},"geometry":{"type":"LineString","coordinates":[[142.20243,-36.71656],[142.20284,-36.71663]]}},{"type":"Feature","properties":{"name":"Wilson Street","ref":"B240","highway":"primary","class":2,"kind":"arterial","surface":"asphalt"},"geometry":{"type":"LineString","coordinates":[[142.20197,-36.71663],[142.20221,-36.71655]]}},{"type":"Feature","properties":{"name":"Wilson Street","ref":"B240","highway":"primary","class":2,"kind":"arterial","surface":"asphalt"},"geometry":{"type":"LineString","coordinates":[[142.20284,-36.71663],[142.20241,-36.71672]]}},{"type":"Feature","properties":{"name":"May Park Terrace","ref":"","highway":"trunk","class":1,"kind":"highway","surface":"asphalt"},"geometry":{"type":"LineString","coordinates":[[142.19625,-36.71034],[142.19626,-36.71046]]}},{"type":"Feature","properties":{"name":"Millar Street","ref":"","highway":"trunk","class":1,"kind":"highway","surface":"asphalt"},"geometry":{"type":"LineString","coordinates":[[142.19277,-36.70871],[142.19271,-36.70878]]}},{"type":"Feature","properties":{"name":"Dimboola Road","ref":"","highway":"trunk","class":1,"kind":"highway","surface":"asphalt"},"geometry":{"type":"LineString","coordinates":[[142.19558,-36.71016],[142.19564,-36.71007]]}},{"type":"Feature","properties":{"name":"Dimboola Road","ref":"","highway":"trunk","class":1,"kind":"highway","surface":"asphalt"},"geometry":{"type":"LineString","coordinates":[[142.19568,-36.71009],[142.19561,-36.71018]]}},{"type":"Feature","properties":{"name":"Dimboola Road","ref":"","highway":"trunk","class":1,"kind":"highway","surface":"asphalt"},"geometry":{"type":"LineString","coordinates":[[142.19489,-36.70973],[142.19483,-36.70981]]}},{"type":"Feature","properties":{"name":"Dimboola Road","ref":"","highway":"trunk","class":1,"kind":"highway","surface":"asphalt"},"geometry":{"type":"LineString","coordinates":[[142.19454,-36.70966],[142.1946,-36.70958]]}},{"type":"Feature","properties":{"name":"Small Street","ref":"","highway":"trunk","class":1,"kind":"highway","surface":"asphalt"},"geometry":{"type":"LineString","coordinates":[[142.19384,-36.70933],[142.1939,-36.70925]]}},{"type":"Feature","properties":{"name":"Dimboola Road","ref":"A8","highway":"trunk","class":1,"kind":"highway","surface":"asphalt"},"geometry":{"type":"LineString","coordinates":[[142.19277,-36.70871],[142.19331,-36.70897],[142.19344,-36.70903],[142.19368,-36.70914],[142.1939,-36.70925],[142.1941,-36.70935],[142.19414,-36.70937],[142.19433,-36.70946],[142.19437,-36.70948],[142.19445,-36.70951],[142.1946,-36.70958],[142.19462,-36.7096],[142.19489,-36.70973],[142.19505,-36.7098],[142.19511,-36.70983],[142.19543,-36.70998],[142.19547,-36.71],[142.19553,-36.71003],[142.19564,-36.71007],[142.19568,-36.71009],[142.19574,-36.71012],[142.19612,-36.71028],[142.19625,-36.71034]]}},{"type":"Feature","properties":{"name":"O'Connor Street","ref":"","highway":"trunk","class":1,"kind":"highway","surface":"asphalt"},"geometry":{"type":"LineString","coordinates":[[142.19153,-36.70822],[142.19159,-36.70815]]}},{"type":"Feature","properties":{"name":"Saul Crescent","ref":"","highway":"trunk","class":1,"kind":"highway","surface":"asphalt"},"geometry":{"type":"LineString","coordinates":[[142.19216,-36.70842],[142.1921,-36.70849]]}},{"type":"Feature","properties":{"name":"O'Connor Street","ref":"","highway":"trunk","class":1,"kind":"highway","surface":"asphalt"},"geometry":{"type":"LineString","coordinates":[[142.19169,-36.70819],[142.19163,-36.70827]]}},{"type":"Feature","properties":{"name":"Dimboola Road","ref":"","highway":"trunk","class":1,"kind":"highway","surface":"asphalt"},"geometry":{"type":"LineString","coordinates":[[142.19325,-36.70904],[142.19331,-36.70897]]}},{"type":"Feature","properties":{"name":"Natimuk - Frances Road","ref":"C213","highway":"secondary","class":3,"kind":"sub-arterial","surface":"asphalt"},"geometry":{"type":"LineString","coordinates":[[141.55257,-36.71887],[141.55352,-36.7192],[141.5599,-36.7232],[141.56394,-36.72568],[141.56498,-36.72601],[141.56591,-36.72616],[141.56876,-36.72628],[141.57036,-36.72639],[141.57407,-36.72716],[141.58519,-36.72957],[141.59085,-36.7308],[141.59173,-36.73113],[141.59796,-36.73414],[141.59922,-36.7347],[141.60015,-36.73496],[141.60101,-36.73506],[141.60215,-36.73505],[141.61295,-36.73407]]}},{"type":"Feature","properties":{"name":"Natimuk - Frances Road","ref":"C213","highway":"secondary","class":3,"kind":"sub-arterial","surface":"asphalt"},"geometry":{"type":"LineString","coordinates":[[141.49772,-36.71492],[141.51852,-36.71882],[141.51951,-36.71918],[141.51984,-36.7194],[141.52243,-36.72292],[141.52322,-36.72361],[141.52439,-36.72405],[141.52834,-36.72461],[141.5293,-36.72448],[141.53364,-36.72273],[141.53804,-36.72096],[141.53898,-36.72083],[141.54286,-36.72073],[141.54397,-36.72045],[141.54792,-36.71898],[141.55162,-36.71878],[141.55257,-36.71887]]}},{"type":"Feature","properties":{"name":"Comyn Street","ref":"B240","highway":"primary","class":2,"kind":"arterial","surface":"asphalt"},"geometry":{"type":"LineString","coordinates":[[142.44155,-36.61536],[142.45524,-36.615],[142.45541,-36.61499],[142.45562,-36.61499],[142.45647,-36.61498]]}},{"type":"Feature","properties":{"name":"Marma Street","ref":"B240","highway":"primary","class":2,"kind":"arterial","surface":"asphalt"},"geometry":{"type":"LineString","coordinates":[[142.47117,-36.62016],[142.47184,-36.62017],[142.4731,-36.62017],[142.47321,-36.62017],[142.47485,-36.62017],[142.47498,-36.62017],[142.47516,-36.62018],[142.47521,-36.62017],[142.47552,-36.62017]]}},{"type":"Feature","properties":{"name":"Lake Street","ref":"C237","highway":"secondary","class":3,"kind":"sub-arterial","surface":"asphalt"},"geometry":{"type":"LineString","coordinates":[[142.46673,-36.62488],[142.46671,-36.62457],[142.46669,-36.62431],[142.46666,-36.62379],[142.46661,-36.62288],[142.46659,-36.62254],[142.46657,-36.62224],[142.46656,-36.62185],[142.46654,-36.62021]]}},{"type":"Feature","properties":{"name":"Marma Street","ref":"B240","highway":"primary","class":2,"kind":"arterial","surface":"asphalt"},"geometry":{"type":"LineString","coordinates":[[142.47117,-36.62016],[142.47049,-36.62023]]}},{"type":"Feature","properties":{"name":"Marma Street","ref":"B240","highway":"primary","class":2,"kind":"arterial","surface":"asphalt"},"geometry":{"type":"LineString","coordinates":[[142.46767,-36.62018],[142.46801,-36.62014],[142.46815,-36.62014],[142.46865,-36.62013],[142.46882,-36.62013],[142.46928,-36.62013],[142.46943,-36.62013],[142.46948,-36.62013],[142.46988,-36.62013],[142.47001,-36.62013],[142.47015,-36.62012],[142.47037,-36.62012],[142.4705,-36.62012]]}},{"type":"Feature","properties":{"name":"Ballyglunin North Road","ref":"C215","highway":"secondary","class":3,"kind":"sub-arterial","surface":"asphalt"},"geometry":{"type":"LineString","coordinates":[[142.32182,-36.79801],[142.32184,-36.79793],[142.32186,-36.79781],[142.32187,-36.79733],[142.32179,-36.78259],[142.32181,-36.77519],[142.32187,-36.76793],[142.32186,-36.76614],[142.32186,-36.76555]]}},{"type":"Feature","properties":{"name":"Longfield Street","ref":"A8","highway":"trunk","class":1,"kind":"highway","surface":"asphalt"},"geometry":{"type":"LineString","coordinates":[[142.76677,-37.06493],[142.7665,-37.06482],[142.76617,-37.06469],[142.76558,-37.06445]]}},{"type":"Feature","properties":{"name":"Longfield Street","ref":"A8","highway":"trunk","class":1,"kind":"highway","surface":"asphalt"},"geometry":{"type":"LineString","coordinates":[[142.75812,-37.0609],[142.75894,-37.06144],[142.75967,-37.06187],[142.76015,-37.06215],[142.76028,-37.06225],[142.7604,-37.06231],[142.76057,-37.0624],[142.76142,-37.06274],[142.76213,-37.06302],[142.76262,-37.06319],[142.76309,-37.06338]]}},{"type":"Feature","properties":{"name":"Cromie Street","ref":"B210;B240","highway":"primary","class":2,"kind":"arterial","surface":"asphalt"},"geometry":{"type":"LineString","coordinates":[[142.63153,-36.63773],[142.63141,-36.63754],[142.63131,-36.63735],[142.6312,-36.63709],[142.63111,-36.63687],[142.63105,-36.63664],[142.63101,-36.63645],[142.631,-36.63638],[142.63098,-36.63622],[142.63097,-36.63606],[142.63096,-36.63585],[142.63095,-36.63555],[142.63095,-36.6348],[142.63095,-36.63475],[142.63096,-36.63432],[142.63096,-36.63404],[142.63092,-36.63276],[142.63091,-36.63167],[142.63092,-36.6315],[142.63093,-36.63044]]}},{"type":"Feature","properties":{"name":"Cromie Street","ref":"B210;B240","highway":"primary","class":2,"kind":"arterial","surface":"asphalt"},"geometry":{"type":"LineString","coordinates":[[142.63122,-36.62847],[142.63126,-36.62851],[142.63129,-36.62858],[142.63131,-36.62864],[142.63134,-36.62869],[142.63136,-36.62879],[142.63136,-36.62881],[142.63137,-36.62898],[142.63137,-36.62975],[142.63136,-36.63044]]}},{"type":"Feature","properties":{"name":"Stawell - Warracknabeal Road","ref":"B210;B240","highway":"primary","class":2,"kind":"arterial","surface":"asphalt"},"geometry":{"type":"LineString","coordinates":[[142.63153,-36.63773],[142.63154,-36.63776]]}},{"type":"Feature","properties":{"name":"Horsham-Lubeck Road","ref":"C215","highway":"secondary","class":3,"kind":"sub-arterial","surface":"asphalt"},"geometry":{"type":"LineString","coordinates":[[142.32184,-36.73851],[142.32188,-36.73054],[142.32189,-36.72664]]}},{"type":"Feature","properties":{"name":"Horsham-Lubeck Road","ref":"C215","highway":"secondary","class":3,"kind":"sub-arterial","surface":"asphalt"},"geometry":{"type":"LineString","coordinates":[[142.32186,-36.76555],[142.32186,-36.76489],[142.32186,-36.76289],[142.32191,-36.74855],[142.32189,-36.74718],[142.32184,-36.73851]]}},{"type":"Feature","properties":{"name":"Donald-Murtoa Road","ref":"C237","highway":"secondary","class":3,"kind":"sub-arterial","surface":"asphalt"},"geometry":{"type":"LineString","coordinates":[[142.46912,-36.5529],[142.46861,-36.55433],[142.46856,-36.55462],[142.46844,-36.56892],[142.46844,-36.56923],[142.46832,-36.58353],[142.46829,-36.58603],[142.46825,-36.59158],[142.46822,-36.59348]]}},{"type":"Feature","properties":{"name":"Donald-Murtoa Road","ref":"C237","highway":"secondary","class":3,"kind":"sub-arterial","surface":"asphalt"},"geometry":{"type":"LineString","coordinates":[[142.46918,-36.50065],[142.46912,-36.51536],[142.46911,-36.53007],[142.46915,-36.55274],[142.46912,-36.5529]]}},{"type":"Feature","properties":{"name":"Northern Grampians Road","ref":"C222","highway":"secondary","class":3,"kind":"sub-arterial","surface":"asphalt"},"geometry":{"type":"LineString","coordinates":[[142.32384,-36.9467],[142.32277,-36.9518],[142.32279,-36.95268],[142.32319,-36.95429],[142.32394,-36.96545],[142.32395,-36.96556],[142.32404,-36.96667],[142.32466,-36.97413],[142.32516,-36.98028],[142.32664,-36.98652],[142.32678,-36.98715],[142.32744,-36.98994],[142.32865,-36.99489],[142.33074,-37.00341],[142.33091,-37.00393],[142.33119,-37.00458],[142.33537,-37.00933],[142.33757,-37.01175],[142.33822,-37.0125],[142.34339,-37.01847],[142.34359,-37.01872]]}},{"type":"Feature","properties":{"name":"Lake Street","ref":"B240;C237","highway":"primary","class":2,"kind":"arterial","surface":"asphalt"},"geometry":{"type":"LineString","coordinates":[[142.46653,-36.61523],[142.46658,-36.61534],[142.46658,-36.6155],[142.46655,-36.61614],[142.46655,-36.6164],[142.46654,-36.61745],[142.46655,-36.61845]]}},{"type":"Feature","properties":{"name":"Wimmera Highway","ref":"B240","highway":"primary","class":2,"kind":"arterial","surface":"asphalt"},"geometry":{"type":"LineString","coordinates":[[142.47552,-36.62017],[142.47636,-36.62016],[142.4768,-36.62016],[142.47761,-36.62017],[142.47799,-36.62019],[142.47968,-36.62019],[142.48028,-36.62018]]}},{"type":"Feature","properties":{"name":"Horsham-Lubeck Road","ref":"C215","highway":"secondary","class":3,"kind":"sub-arterial","surface":"asphalt"},"geometry":{"type":"LineString","coordinates":[[142.23981,-36.72375],[142.22819,-36.72368],[142.22733,-36.72367],[142.22634,-36.72372],[142.22561,-36.72389],[142.22503,-36.72413]]}},{"type":"Feature","properties":{"name":"Wimmera Highway","ref":"B240","highway":"primary","class":2,"kind":"arterial","surface":"asphalt"},"geometry":{"type":"LineString","coordinates":[[142.16788,-36.72594],[142.14775,-36.73035],[142.14236,-36.73148],[142.1346,-36.73231],[142.12304,-36.73702],[142.11642,-36.73906],[142.08279,-36.73917],[142.07109,-36.73893],[142.0455,-36.73902],[142.02513,-36.73781],[142.01516,-36.7372],[142.01168,-36.73717],[142.00969,-36.73672],[142.00554,-36.73474],[142.00361,-36.73423]]}},{"type":"Feature","properties":{"name":"Dooen Road","ref":"B200;B240","highway":"primary","class":2,"kind":"arterial","surface":"asphalt"},"geometry":{"type":"LineString","coordinates":[[142.20614,-36.71107],[142.20804,-36.7095],[142.20846,-36.70916],[142.2098,-36.70808],[142.20986,-36.70803],[142.21162,-36.70659],[142.21385,-36.70477]]}},{"type":"Feature","properties":{"name":"Dimboola Road","ref":"A8","highway":"trunk","class":1,"kind":"highway","surface":"asphalt"},"geometry":{"type":"LineString","coordinates":[[142.19838,-36.71154],[142.19788,-36.71126],[142.19767,-36.71115],[142.19728,-36.71095]]}},{"type":"Feature","properties":{"name":"Stawell Road","ref":"A8","highway":"trunk","class":1,"kind":"highway","surface":"asphalt"},"geometry":{"type":"LineString","coordinates":[[142.20608,-36.73392],[142.20618,-36.734],[142.20652,-36.73428],[142.20683,-36.73453]]}},{"type":"Feature","properties":{"name":"Ararat Road","ref":"A8","highway":"trunk","class":1,"kind":"highway","surface":"asphalt"},"geometry":{"type":"LineString","coordinates":[[142.77384,-37.07389],[142.77319,-37.07303]]}},{"type":"Feature","properties":{"name":"High Street","ref":"C227","highway":"secondary","class":3,"kind":"sub-arterial","surface":"asphalt"},"geometry":{"type":"LineString","coordinates":[[142.03442,-36.455],[142.03396,-36.45521]]}},{"type":"Feature","properties":{"name":"Northern Grampians Road","ref":"C222","highway":"secondary","class":3,"kind":"sub-arterial","surface":"asphalt"},"geometry":{"type":"LineString","coordinates":[[142.34017,-36.80862],[142.34002,-36.8091],[142.34006,-36.81814],[142.33994,-36.82666],[142.33994,-36.82683]]}},{"type":"Feature","properties":{"name":"Laharum Road","ref":"C793","highway":"secondary","class":3,"kind":"sub-arterial","surface":"paved"},"geometry":{"type":"LineString","coordinates":[[142.23254,-36.87721],[142.23188,-36.87675],[142.23152,-36.87641],[142.23123,-36.8761],[142.23109,-36.87591],[142.23084,-36.87552]]}},{"type":"Feature","properties":{"name":"Stawell Road","ref":"A8","highway":"trunk","class":1,"kind":"highway","surface":"asphalt"},"geometry":{"type":"LineString","coordinates":[[142.20683,-36.73453],[142.20793,-36.7354],[142.20869,-36.73606]]}},{"type":"Feature","properties":{"name":"Seaby Street","ref":"C221","highway":"secondary","class":3,"kind":"sub-arterial","surface":"asphalt"},"geometry":{"type":"LineString","coordinates":[[142.77144,-37.05869],[142.77112,-37.05886],[142.77091,-37.05897],[142.77031,-37.05921]]}},{"type":"Feature","properties":{"name":"Stawell - Avoca Road","ref":"C221","highway":"secondary","class":3,"kind":"sub-arterial","surface":"asphalt"},"geometry":{"type":"LineString","coordinates":[[142.77144,-37.05869],[142.7715,-37.05867]]}},{"type":"Feature","properties":{"name":"Ararat - Stawell Road","ref":"C238","highway":"secondary","class":3,"kind":"sub-arterial","surface":"asphalt"},"geometry":{"type":"LineString","coordinates":[[142.78286,-37.05406],[142.78299,-37.05429],[142.78302,-37.05438],[142.78301,-37.05451]]}},{"type":"Feature","properties":{"name":"Ararat - Stawell Road","ref":"C238","highway":"secondary","class":3,"kind":"sub-arterial","surface":"asphalt"},"geometry":{"type":"LineString","coordinates":[[142.78286,-37.05406],[142.78279,-37.05396],[142.78268,-37.05381]]}},{"type":"Feature","properties":{"name":"Ararat - Stawell Road","ref":"C238","highway":"secondary","class":3,"kind":"sub-arterial","surface":"asphalt"},"geometry":{"type":"LineString","coordinates":[[142.78311,-37.05492],[142.78299,-37.05481],[142.78293,-37.0547],[142.7829,-37.05463],[142.78289,-37.05455]]}},{"type":"Feature","properties":{"name":"Donald - Stawell Road","ref":"C238","highway":"secondary","class":3,"kind":"sub-arterial","surface":"asphalt"},"geometry":{"type":"LineString","coordinates":[[142.78347,-37.03088],[142.78345,-37.03095],[142.78335,-37.03121],[142.78324,-37.0317],[142.78305,-37.03272],[142.78274,-37.03442],[142.78245,-37.03583],[142.7824,-37.03609],[142.78232,-37.03638],[142.7822,-37.0367],[142.78215,-37.0368],[142.78183,-37.03744],[142.78139,-37.03829],[142.7809,-37.03934],[142.78083,-37.03957],[142.78079,-37.03987],[142.78081,-37.04013]]}},{"type":"Feature","properties":{"name":"Darlington Road","ref":"C238","highway":"secondary","class":3,"kind":"sub-arterial","surface":"asphalt"},"geometry":{"type":"LineString","coordinates":[[142.78081,-37.04013],[142.78085,-37.04061],[142.78097,-37.04194],[142.78103,-37.04284]]}},{"type":"Feature","properties":{"name":"Darlington Road","ref":"C238","highway":"secondary","class":3,"kind":"sub-arterial","surface":"asphalt"},"geometry":{"type":"LineString","coordinates":[[142.78103,-37.04284],[142.78111,-37.04361]]}},{"type":"Feature","properties":{"name":"Donald - Stawell Road","ref":"C238","highway":"secondary","class":3,"kind":"sub-arterial","surface":"asphalt"},"geometry":{"type":"LineString","coordinates":[[142.78464,-37.02907],[142.78402,-37.02994],[142.78373,-37.03036],[142.78351,-37.03079],[142.78347,-37.03088]]}},{"type":"Feature","properties":{"name":"Navarre Road","ref":"C221","highway":"secondary","class":3,"kind":"sub-arterial","surface":"asphalt"},"geometry":{"type":"LineString","coordinates":[[142.79123,-37.0482],[142.7918,-37.04751],[142.79194,-37.04734],[142.79252,-37.04668],[142.79321,-37.04586],[142.79498,-37.04378],[142.7952,-37.04353],[142.79637,-37.04215],[142.79646,-37.04206],[142.79663,-37.04186]]}},{"type":"Feature","properties":{"name":"Stawell - Avoca Road","ref":"C221","highway":"secondary","class":3,"kind":"sub-arterial","surface":"asphalt"},"geometry":{"type":"LineString","coordinates":[[142.82094,-37.02583],[142.82779,-37.02214],[142.83424,-37.02127],[142.83946,-37.01769],[142.84908,-37.01614],[142.85802,-37.01123],[142.86387,-37.00686],[142.86845,-37.0011],[142.87434,-36.99261],[142.88107,-36.98408],[142.88479,-36.98089],[142.88785,-36.97291],[142.8915,-36.96595],[142.89312,-36.96421]]}},{"type":"Feature","properties":{"name":"Western Highway","ref":"A8","highway":"trunk","class":1,"kind":"highway","surface":"asphalt"},"geometry":{"type":"LineString","coordinates":[[142.72688,-37.0368],[142.72472,-37.03361]]}},{"type":"Feature","properties":{"name":"Western Highway","ref":"A8","highway":"trunk","class":1,"kind":"highway","surface":"asphalt"},"geometry":{"type":"LineString","coordinates":[[142.72472,-37.03361],[142.72403,-37.0326],[142.72278,-37.03075],[142.72206,-37.02944],[142.72194,-37.02922],[142.72181,-37.02884],[142.72123,-37.02643],[142.72106,-37.02575],[142.72078,-37.02458]]}},{"type":"Feature","properties":{"name":"Laharum Road","ref":"C793","highway":"secondary","class":3,"kind":"sub-arterial","surface":"asphalt"},"geometry":{"type":"LineString","coordinates":[[142.23061,-36.87515],[142.23024,-36.87406],[142.2302,-36.86589],[142.23023,-36.85626],[142.2303,-36.84667],[142.23032,-36.8386],[142.23032,-36.82853],[142.2304,-36.82024],[142.23042,-36.80935],[142.23047,-36.80008],[142.2305,-36.79037],[142.23054,-36.7791],[142.23055,-36.77142],[142.23056,-36.76276],[142.2306,-36.75304],[142.23064,-36.75083]]}},{"type":"Feature","properties":{"name":"Laharum Road","ref":"C793","highway":"secondary","class":3,"kind":"sub-arterial","surface":"paved"},"geometry":{"type":"LineString","coordinates":[[142.23084,-36.87552],[142.23061,-36.87515]]}},{"type":"Feature","properties":{"name":"Western Highway","ref":"A8","highway":"trunk","class":1,"kind":"highway","surface":"asphalt"},"geometry":{"type":"LineString","coordinates":[[142.39444,-36.83533],[142.39389,-36.83508],[142.38208,-36.82957],[142.37646,-36.82698],[142.37537,-36.82649],[142.37018,-36.82409],[142.36254,-36.82008]]}},{"type":"Feature","properties":{"name":"Western Highway","ref":"A8","highway":"trunk","class":1,"kind":"highway","surface":"asphalt"},"geometry":{"type":"LineString","coordinates":[[142.39461,-36.83541],[142.39444,-36.83533]]}},{"type":"Feature","properties":{"name":"Northern Grampians Road","ref":"C222","highway":"secondary","class":3,"kind":"sub-arterial","surface":"concrete"},"geometry":{"type":"LineString","coordinates":[[142.33994,-36.82683],[142.33994,-36.82706]]}},{"type":"Feature","properties":{"name":"Northern Grampians Road","ref":"C222","highway":"secondary","class":3,"kind":"sub-arterial","surface":"asphalt"},"geometry":{"type":"LineString","coordinates":[[142.33994,-36.82706],[142.33991,-36.83806],[142.33998,-36.84306],[142.33599,-36.84783],[142.32661,-36.85875],[142.32554,-36.86479],[142.32421,-36.87106],[142.3227,-36.88104],[142.32268,-36.88615],[142.3242,-36.89946],[142.32626,-36.91672],[142.32761,-36.92775],[142.3262,-36.93631],[142.32384,-36.9467]]}},{"type":"Feature","properties":{"name":"Western Highway","ref":"A8","highway":"trunk","class":1,"kind":"highway","surface":"asphalt"},"geometry":{"type":"LineString","coordinates":[[142.36254,-36.82008],[142.36235,-36.81997]]}},{"type":"Feature","properties":{"name":"Western Highway","ref":"A8","highway":"trunk","class":1,"kind":"highway","surface":"asphalt"},"geometry":{"type":"LineString","coordinates":[[142.36235,-36.81997],[142.35832,-36.8178],[142.35774,-36.81748],[142.34757,-36.81203],[142.34271,-36.80936],[142.3405,-36.80809],[142.3403,-36.80797],[142.33805,-36.80672],[142.32418,-36.79928],[142.32196,-36.79809],[142.32182,-36.79801]]}},{"type":"Feature","properties":{"name":"Henty Highway","ref":"A200","highway":"trunk","class":1,"kind":"highway","surface":"asphalt"},"geometry":{"type":"LineString","coordinates":[[142.1864,-37.11176],[142.18553,-37.11016],[142.18623,-37.10781],[142.18826,-37.09385],[142.18836,-37.07968],[142.19414,-37.05826],[142.19298,-37.05144],[142.1931,-37.04853],[142.19712,-37.02879],[142.20621,-37.02065],[142.19615,-37.00297],[142.17857,-36.97261],[142.17158,-36.96739],[142.15394,-36.96201],[142.15154,-36.9603]]}},{"type":"Feature","properties":{"name":"Henty Highway","ref":"A200","highway":"trunk","class":1,"kind":"highway","surface":"asphalt"},"geometry":{"type":"LineString","coordinates":[[142.18681,-37.11223],[142.1864,-37.11176]]}},{"type":"Feature","properties":{"name":"Natimuk - Hamilton Road","ref":"C214","highway":"secondary","class":3,"kind":"sub-arterial","surface":"asphalt"},"geometry":{"type":"LineString","coordinates":[[141.92493,-37.04211],[141.92326,-37.05334],[141.92163,-37.06374],[141.91161,-37.08938],[141.90618,-37.10175],[141.90324,-37.10372],[141.89301,-37.10904],[141.87251,-37.11968],[141.86412,-37.12177],[141.85583,-37.12327],[141.85271,-37.12492],[141.84382,-37.13857],[141.84773,-37.14924]]}},{"type":"Feature","properties":{"name":"Natimuk - Hamilton Road","ref":"C214","highway":"secondary","class":3,"kind":"sub-arterial","surface":"asphalt"},"geometry":{"type":"LineString","coordinates":[[141.93983,-36.93714],[141.93896,-36.93823],[141.93867,-36.93873],[141.93845,-36.93938],[141.93838,-36.93997],[141.93844,-36.9406],[141.93869,-36.94131],[141.94053,-36.9448],[141.94143,-36.94646],[141.94203,-36.94725],[141.94228,-36.94783],[141.94234,-36.94838],[141.94223,-36.94904],[141.94185,-36.94972],[141.94143,-36.95036],[141.94124,-36.95078],[141.94113,-36.95125],[141.94,-36.95861]]}},{"type":"Feature","properties":{"name":"Natimuk - Hamilton Road","ref":"C214","highway":"secondary","class":3,"kind":"sub-arterial","surface":"asphalt"},"geometry":{"type":"LineString","coordinates":[[141.93983,-36.93714],[141.94159,-36.93493],[141.94288,-36.93334],[141.94372,-36.93225]]}},{"type":"Feature","properties":{"name":"Natimuk-Hamilton Road","ref":"C219","highway":"secondary","class":3,"kind":"sub-arterial","surface":"asphalt"},"geometry":{"type":"LineString","coordinates":[[141.9663,-36.82266],[141.96702,-36.81792],[141.97119,-36.79062],[141.97167,-36.78728],[141.97173,-36.78108],[141.97173,-36.77932],[141.97166,-36.77877],[141.96988,-36.77124],[141.96905,-36.76777],[141.96801,-36.76341],[141.96744,-36.76094],[141.96633,-36.75628],[141.96624,-36.75586],[141.96618,-36.75434],[141.96606,-36.7377],[141.96597,-36.73158],[141.96578,-36.73115],[141.96574,-36.7311]]}},{"type":"Feature","properties":{"name":"C221","ref":"C221","highway":"secondary","class":3,"kind":"sub-arterial","surface":"asphalt"},"geometry":{"type":"LineString","coordinates":[[142.77644,-37.05738],[142.77642,-37.05743]]}},{"type":"Feature","properties":{"name":"Stawell - Warracknabeal Road","ref":"B210","highway":"primary","class":2,"kind":"arterial","surface":"asphalt"},"geometry":{"type":"LineString","coordinates":[[142.65563,-36.91078],[142.65607,-36.91173],[142.65628,-36.91236]]}},{"type":"Feature","properties":{"name":"Stawell - Warracknabeal Road","ref":"B210","highway":"primary","class":2,"kind":"arterial","surface":"asphalt"},"geometry":{"type":"LineString","coordinates":[[142.65628,-36.91236],[142.65672,-36.91378],[142.65693,-36.91471],[142.65711,-36.91618],[142.65714,-36.91798],[142.65702,-36.91945],[142.65677,-36.92076],[142.65649,-36.92185],[142.65397,-36.9299],[142.65366,-36.93156],[142.6537,-36.93443],[142.65458,-36.9374],[142.65751,-36.94212],[142.65882,-36.9466],[142.6588,-36.95933],[142.65881,-36.98656],[142.65883,-36.98676]]}},{"type":"Feature","properties":{"name":"Wilson Street","ref":"B240","highway":"primary","class":2,"kind":"arterial","surface":"asphalt"},"geometry":{"type":"LineString","coordinates":[[142.19701,-36.7167],[142.19662,-36.71669],[142.1948,-36.71672]]}},{"type":"Feature","properties":{"name":"High Street","ref":"C234","highway":"secondary","class":3,"kind":"sub-arterial","surface":"asphalt"},"geometry":{"type":"LineString","coordinates":[[142.03606,-36.45431],[142.03601,-36.45436],[142.0358,-36.45445],[142.03555,-36.45456],[142.03543,-36.45461],[142.03536,-36.45465],[142.03531,-36.45469],[142.03524,-36.45476]]}},{"type":"Feature","properties":{"name":"Horsham Road","ref":"C227","highway":"secondary","class":3,"kind":"sub-arterial","surface":"asphalt"},"geometry":{"type":"LineString","coordinates":[[142.03547,-36.45535],[142.03539,-36.45532],[142.03532,-36.45521],[142.03526,-36.45514],[142.03523,-36.45509],[142.03518,-36.45502],[142.03515,-36.45498],[142.03511,-36.45493],[142.03507,-36.4549],[142.03503,-36.45487]]}},{"type":"Feature","properties":{"name":"High Street","ref":"C227","highway":"secondary","class":3,"kind":"sub-arterial","surface":"asphalt"},"geometry":{"type":"LineString","coordinates":[[142.03442,-36.455],[142.03447,-36.45496],[142.03454,-36.45492],[142.03464,-36.45486],[142.03472,-36.45481],[142.03486,-36.4547]]}},{"type":"Feature","properties":{"name":"Grampians Road","ref":"C216;C222","highway":"secondary","class":3,"kind":"sub-arterial","surface":"asphalt"},"geometry":{"type":"LineString","coordinates":[[142.52474,-37.13009],[142.52448,-37.13013],[142.52422,-37.13015],[142.52404,-37.13014],[142.52377,-37.13011],[142.52345,-37.13006]]}},{"type":"Feature","properties":{"name":"Ararat-Halls Gap Road","ref":"C222;31","highway":"secondary","class":3,"kind":"sub-arterial","surface":"asphalt"},"geometry":{"type":"LineString","coordinates":[[142.60631,-37.18606],[142.60399,-37.18249],[142.59801,-37.17657],[142.58797,-37.16645],[142.58668,-37.16516],[142.58134,-37.15985],[142.57394,-37.15244],[142.56992,-37.1484],[142.56773,-37.14619],[142.564,-37.14245],[142.55961,-37.13801],[142.55838,-37.13715],[142.55572,-37.13591],[142.55005,-37.13333],[142.54508,-37.13101]]}},{"type":"Feature","properties":{"name":"Ararat-Halls Gap Road","ref":"C222;31","highway":"secondary","class":3,"kind":"sub-arterial","surface":"paved"},"geometry":{"type":"LineString","coordinates":[[142.54508,-37.13101],[142.54264,-37.12988],[142.54102,-37.12913]]}},{"type":"Feature","properties":{"name":"Western Highway","ref":"A8","highway":"trunk","class":1,"kind":"highway","surface":"asphalt"},"geometry":{"type":"LineString","coordinates":[[142.6032,-36.96719],[142.59172,-36.96078],[142.58633,-36.95774],[142.58043,-36.95443],[142.57867,-36.95345],[142.57765,-36.95291],[142.57739,-36.95275],[142.56845,-36.94776],[142.56506,-36.94577],[142.56349,-36.94483],[142.56086,-36.94351],[142.55952,-36.94278],[142.55944,-36.94273],[142.55936,-36.94269],[142.55459,-36.93998],[142.54124,-36.93259],[142.53,-36.92632],[142.52816,-36.92538],[142.52691,-36.92474],[142.52325,-36.92271],[142.51981,-36.92081]]}},{"type":"Feature","properties":{"name":"Western Highway","ref":"A8","highway":"trunk","class":1,"kind":"highway","surface":"asphalt"},"geometry":{"type":"LineString","coordinates":[[142.68213,-36.99829],[142.67801,-36.99704],[142.67268,-36.99544],[142.67115,-36.99498],[142.66162,-36.99211],[142.66119,-36.99197]]}},{"type":"Feature","properties":{"name":"Western Highway","ref":"A8","highway":"trunk","class":1,"kind":"highway","surface":"asphalt"},"geometry":{"type":"LineString","coordinates":[[142.46795,-36.88886],[142.46724,-36.88831],[142.46693,-36.88808],[142.46425,-36.88604],[142.45331,-36.87773],[142.45224,-36.87692],[142.44966,-36.87497],[142.44917,-36.87458],[142.4485,-36.87408],[142.43604,-36.86456],[142.43211,-36.86197]]}},{"type":"Feature","properties":{"name":"Western Highway","ref":"A8","highway":"trunk","class":1,"kind":"highway","surface":"asphalt"},"geometry":{"type":"LineString","coordinates":[[142.51087,-36.91578],[142.51062,-36.91563]]}},{"type":"Feature","properties":{"name":"Western Highway","ref":"A8","highway":"trunk","class":1,"kind":"highway","surface":"asphalt"},"geometry":{"type":"LineString","coordinates":[[142.62886,-36.98172],[142.6275,-36.98094]]}},{"type":"Feature","properties":{"name":"Western Highway","ref":"A8","highway":"trunk","class":1,"kind":"highway","surface":"asphalt"},"geometry":{"type":"LineString","coordinates":[[142.47782,-36.89644],[142.46795,-36.88886]]}},{"type":"Feature","properties":{"name":"Western Highway","ref":"A8","highway":"trunk","class":1,"kind":"highway","surface":"asphalt"},"geometry":{"type":"LineString","coordinates":[[142.48653,-36.90295],[142.4813,-36.89905],[142.48017,-36.8982],[142.47937,-36.8976],[142.47782,-36.89644]]}},{"type":"Feature","properties":{"name":"Western Highway","ref":"A8","highway":"trunk","class":1,"kind":"highway","surface":"asphalt"},"geometry":{"type":"LineString","coordinates":[[142.49612,-36.91048],[142.49151,-36.90666],[142.48653,-36.90295]]}},{"type":"Feature","properties":{"name":"Western Highway","ref":"A8","highway":"trunk","class":1,"kind":"highway","surface":"asphalt"},"geometry":{"type":"LineString","coordinates":[[142.62434,-36.97912],[142.62347,-36.97862],[142.62009,-36.97672]]}},{"type":"Feature","properties":{"name":"Western Highway","ref":"A8","highway":"trunk","class":1,"kind":"highway","surface":"asphalt"},"geometry":{"type":"LineString","coordinates":[[142.61341,-36.97296],[142.60846,-36.97017],[142.60618,-36.96889],[142.60459,-36.96797]]}},{"type":"Feature","properties":{"name":"Western Highway","ref":"A8","highway":"trunk","class":1,"kind":"highway","surface":"asphalt"},"geometry":{"type":"LineString","coordinates":[[142.69126,-37.00106],[142.69044,-37.00081],[142.6884,-37.00018],[142.68599,-36.99945],[142.68213,-36.99829]]}},{"type":"Feature","properties":{"name":"Western Highway","ref":"A8","highway":"trunk","class":1,"kind":"highway","surface":"asphalt"},"geometry":{"type":"LineString","coordinates":[[142.51981,-36.92081],[142.51935,-36.92056],[142.51906,-36.92043],[142.51872,-36.92027],[142.51731,-36.91971],[142.51687,-36.91951],[142.51639,-36.91925],[142.51568,-36.9188]]}},{"type":"Feature","properties":{"name":"Western Highway","ref":"A8","highway":"trunk","class":1,"kind":"highway","surface":"asphalt"},"geometry":{"type":"LineString","coordinates":[[142.51062,-36.91563],[142.50956,-36.915],[142.5093,-36.91484],[142.50868,-36.91449],[142.50777,-36.91421],[142.50678,-36.91408],[142.50581,-36.91405],[142.50487,-36.91404]]}},{"type":"Feature","properties":{"name":"Western Highway","ref":"A8","highway":"trunk","class":1,"kind":"highway","surface":"asphalt"},"geometry":{"type":"LineString","coordinates":[[142.50487,-36.91404],[142.50331,-36.91404],[142.50224,-36.91387],[142.50146,-36.91373],[142.50022,-36.91329],[142.49911,-36.91275],[142.49836,-36.91225]]}},{"type":"Feature","properties":{"name":"Western Highway","ref":"A8","highway":"trunk","class":1,"kind":"highway","surface":"asphalt"},"geometry":{"type":"LineString","coordinates":[[142.72078,-37.02458],[142.71979,-37.02048],[142.71974,-37.02028],[142.7196,-37.01975]]}},{"type":"Feature","properties":{"name":"Western Highway","ref":"A8","highway":"trunk","class":1,"kind":"highway","surface":"asphalt"},"geometry":{"type":"LineString","coordinates":[[142.74157,-37.05087],[142.73688,-37.04802],[142.73503,-37.04689],[142.73326,-37.0458],[142.73246,-37.04507],[142.73156,-37.04393],[142.73077,-37.0427],[142.72969,-37.04106]]}},{"type":"Feature","properties":{"name":"Western Highway","ref":"A8","highway":"trunk","class":1,"kind":"highway","surface":"asphalt"},"geometry":{"type":"LineString","coordinates":[[142.80792,-37.11156],[142.80724,-37.11085],[142.80697,-37.11041],[142.80615,-37.10841],[142.80593,-37.10786],[142.80572,-37.10749],[142.80529,-37.10685],[142.80485,-37.10637],[142.80418,-37.10589],[142.80411,-37.10585]]}},{"type":"Feature","properties":{"name":"Main Street","ref":"A8","highway":"trunk","class":1,"kind":"highway","surface":"asphalt"},"geometry":{"type":"LineString","coordinates":[[142.85795,-37.15483],[142.85636,-37.15298],[142.85627,-37.15289],[142.85614,-37.15278],[142.85604,-37.15271],[142.85579,-37.15256],[142.85545,-37.15237],[142.85387,-37.15155],[142.85168,-37.15039],[142.8495,-37.14924],[142.8467,-37.14776],[142.84625,-37.14752]]}},{"type":"Feature","properties":{"name":"Western Highway","ref":"A8","highway":"trunk","class":1,"kind":"highway","surface":"asphalt"},"geometry":{"type":"LineString","coordinates":[[142.8152,-37.11914],[142.8104,-37.11414]]}},{"type":"Feature","properties":{"name":"Western Highway","ref":"A8","highway":"trunk","class":1,"kind":"highway","surface":"asphalt"},"geometry":{"type":"LineString","coordinates":[[142.82628,-37.13067],[142.82214,-37.12637],[142.8152,-37.11914]]}},{"type":"Feature","properties":{"name":"Western Highway","ref":"A8","highway":"trunk","class":1,"kind":"highway","surface":"asphalt"},"geometry":{"type":"LineString","coordinates":[[142.83193,-37.13652],[142.83163,-37.13622],[142.82668,-37.13109],[142.82628,-37.13067]]}},{"type":"Feature","properties":{"name":"Western Highway","ref":"A8","highway":"trunk","class":1,"kind":"highway","surface":"asphalt"},"geometry":{"type":"LineString","coordinates":[[142.83811,-37.14282],[142.83764,-37.14244],[142.83586,-37.14058],[142.83467,-37.13935],[142.83461,-37.13929],[142.8334,-37.13804],[142.83193,-37.13652]]}},{"type":"Feature","properties":{"name":"Western Highway","ref":"A8","highway":"trunk","class":1,"kind":"highway","surface":"asphalt"},"geometry":{"type":"LineString","coordinates":[[142.84061,-37.14449],[142.84008,-37.14416],[142.8386,-37.14322],[142.83811,-37.14282]]}},{"type":"Feature","properties":{"name":"Natimuk - Hamilton Road","ref":"C214","highway":"secondary","class":3,"kind":"sub-arterial","surface":"asphalt"},"geometry":{"type":"LineString","coordinates":[[141.84773,-37.14924],[141.84778,-37.15004]]}},{"type":"Feature","properties":{"name":"Longfield Street","ref":"A8","highway":"trunk","class":1,"kind":"highway","surface":"asphalt"},"geometry":{"type":"LineString","coordinates":[[142.765,-37.06422],[142.76489,-37.06418]]}},{"type":"Feature","properties":{"name":"Longfield Street","ref":"A8","highway":"trunk","class":1,"kind":"highway","surface":"asphalt"},"geometry":{"type":"LineString","coordinates":[[142.76505,-37.06414],[142.76549,-37.06431],[142.76584,-37.06445],[142.76622,-37.06461],[142.76655,-37.06478],[142.76677,-37.06493]]}},{"type":"Feature","properties":{"name":"C221","ref":"C221","highway":"trunk","class":1,"kind":"highway","surface":"paved"},"geometry":{"type":"LineString","coordinates":[[142.76489,-37.06418],[142.76494,-37.0641]]}},{"type":"Feature","properties":{"name":"Main Street","ref":"C221","highway":"secondary","class":3,"kind":"sub-arterial","surface":"asphalt"},"geometry":{"type":"LineString","coordinates":[[142.77219,-37.0584],[142.77255,-37.05825]]}},{"type":"Feature","properties":{"name":"Baillie Street","ref":"A8","highway":"trunk","class":1,"kind":"highway","surface":"asphalt"},"geometry":{"type":"LineString","coordinates":[[142.20221,-36.7118],[142.2021,-36.71181],[142.20121,-36.71181],[142.20103,-36.71181],[142.201,-36.71181],[142.20089,-36.71181],[142.20079,-36.71181]]}},{"type":"Feature","properties":{"name":"Urquhart Street","ref":"C221","highway":"secondary","class":3,"kind":"sub-arterial","surface":"asphalt"},"geometry":{"type":"LineString","coordinates":[[142.20224,-36.70893],[142.20224,-36.70885],[142.20224,-36.7087],[142.20225,-36.70856]]}},{"type":"Feature","properties":{"name":"Urquhart Street","ref":"C221","highway":"secondary","class":3,"kind":"sub-arterial","surface":"asphalt"},"geometry":{"type":"LineString","coordinates":[[142.20236,-36.7087],[142.20233,-36.70939],[142.20233,-36.71057],[142.20234,-36.71108],[142.20235,-36.7116],[142.20235,-36.7117]]}},{"type":"Feature","properties":{"name":"Cromie Street","ref":"B210;B240","highway":"primary","class":2,"kind":"arterial","surface":"asphalt"},"geometry":{"type":"LineString","coordinates":[[142.63093,-36.63044],[142.63092,-36.62974],[142.63092,-36.6295],[142.63092,-36.62943],[142.63091,-36.62912],[142.63091,-36.62874],[142.6309,-36.62849],[142.6309,-36.62836],[142.6309,-36.62811],[142.63098,-36.62779]]}},{"type":"Feature","properties":{"name":"Lake Street","ref":"B240;C237","highway":"primary","class":2,"kind":"arterial","surface":"asphalt"},"geometry":{"type":"LineString","coordinates":[[142.46655,-36.61845],[142.46654,-36.6189],[142.46654,-36.61968],[142.46654,-36.62008],[142.46654,-36.62021]]}},{"type":"Feature","properties":{"name":"Marma Street","ref":"B240","highway":"primary","class":2,"kind":"arterial","surface":"asphalt"},"geometry":{"type":"LineString","coordinates":[[142.4705,-36.62012],[142.47117,-36.62016]]}},{"type":"Feature","properties":{"name":"Marma Street","ref":"B240","highway":"primary","class":2,"kind":"arterial","surface":"asphalt"},"geometry":{"type":"LineString","coordinates":[[142.47049,-36.62023],[142.47015,-36.62023],[142.47003,-36.62023],[142.46988,-36.62023],[142.46987,-36.62023],[142.46948,-36.62022],[142.46943,-36.62022],[142.46929,-36.62022],[142.46882,-36.62023],[142.46868,-36.62023],[142.46815,-36.62023],[142.46813,-36.62023],[142.46801,-36.62023],[142.46767,-36.62018]]}},{"type":"Feature","properties":{"name":"Cromie Street","ref":"B210;B240","highway":"primary","class":2,"kind":"arterial","surface":"asphalt"},"geometry":{"type":"LineString","coordinates":[[142.63136,-36.63044],[142.63138,-36.63155],[142.63139,-36.63167],[142.63137,-36.63276],[142.63139,-36.63404],[142.63137,-36.6352],[142.63137,-36.63554],[142.63137,-36.63645],[142.63136,-36.63714],[142.63137,-36.63727],[142.63138,-36.63735],[142.63142,-36.63746],[142.63149,-36.63757],[142.63153,-36.63773]]}},{"type":"Feature","properties":{"name":"Walter Street","ref":"","highway":"primary","class":2,"kind":"arterial","surface":"asphalt"},"geometry":{"type":"LineString","coordinates":[[142.63093,-36.63044],[142.63115,-36.63044],[142.63136,-36.63044]]}},{"type":"Feature","properties":{"name":"Main Street","ref":"C236","highway":"secondary","class":3,"kind":"sub-arterial","surface":"asphalt"},"geometry":{"type":"LineString","coordinates":[[142.59311,-36.45565],[142.59296,-36.45577],[142.59106,-36.45719],[142.58896,-36.45842],[142.58714,-36.45978]]}},{"type":"Feature","properties":{"name":"Horsham Road","ref":"C227","highway":"secondary","class":3,"kind":"sub-arterial","surface":"asphalt"},"geometry":{"type":"LineString","coordinates":[[142.05527,-36.45847],[142.05413,-36.45825]]}},{"type":"Feature","properties":{"name":"Wimmera Highway","ref":"B240","highway":"primary","class":2,"kind":"arterial","surface":"asphalt"},"geometry":{"type":"LineString","coordinates":[[141.93114,-36.74571],[141.84071,-36.78541],[141.80298,-36.80291],[141.78677,-36.80459],[141.76458,-36.81656],[141.73911,-36.83015],[141.73287,-36.84057],[141.7233,-36.85052],[141.70441,-36.85805],[141.69399,-36.86232],[141.68256,-36.86526],[141.67517,-36.86803],[141.66501,-36.87233],[141.65223,-36.87719]]}},{"type":"Feature","properties":{"name":"Main Street","ref":"C213","highway":"secondary","class":3,"kind":"sub-arterial","surface":"asphalt"},"geometry":{"type":"LineString","coordinates":[[141.47758,-36.71715],[141.47721,-36.71732],[141.47475,-36.71804],[141.47335,-36.71846],[141.47322,-36.71849],[141.47321,-36.7185],[141.47292,-36.71858],[141.47267,-36.71864],[141.47259,-36.71865],[141.47243,-36.71866]]}},{"type":"Feature","properties":{"name":"Wimmera Highway","ref":"B240","highway":"primary","class":2,"kind":"arterial","surface":"asphalt"},"geometry":{"type":"LineString","coordinates":[[141.50241,-36.90052],[141.48504,-36.91319],[141.46365,-36.92281],[141.45149,-36.92753],[141.44848,-36.93153],[141.43178,-36.93941],[141.42277,-36.94556],[141.41295,-36.95337],[141.38731,-36.96962],[141.37154,-36.98298],[141.36327,-36.9909],[141.35048,-37],[141.31183,-37.02068],[141.30672,-37.02134]]}},{"type":"Feature","properties":{"name":"Coleraine-Edenhope Road","ref":"C208","highway":"secondary","class":3,"kind":"sub-arterial","surface":"asphalt"},"geometry":{"type":"LineString","coordinates":[[141.30516,-37.03975],[141.33755,-37.0667],[141.37103,-37.09479],[141.39357,-37.10949],[141.43244,-37.1239],[141.45145,-37.12868],[141.4971,-37.12655],[141.51492,-37.12906],[141.53054,-37.13016],[141.53762,-37.12921],[141.56421,-37.13955],[141.586,-37.14887],[141.59434,-37.14822],[141.59455,-37.14828]]}},{"type":"Feature","properties":{"name":"Ararat Road","ref":"A8","highway":"trunk","class":1,"kind":"highway","surface":"asphalt"},"geometry":{"type":"LineString","coordinates":[[142.77319,-37.07303],[142.77313,-37.07295],[142.77292,-37.07266],[142.77262,-37.07223],[142.77252,-37.07209],[142.77159,-37.07086],[142.77002,-37.06875]]}},{"type":"Feature","properties":{"name":"Scallan Street","ref":"C221","highway":"secondary","class":3,"kind":"sub-arterial","surface":"paved"},"geometry":{"type":"LineString","coordinates":[[142.77941,-37.05568],[142.78002,-37.05524],[142.78025,-37.05507],[142.78054,-37.05484],[142.78062,-37.05478]]}},{"type":"Feature","properties":{"name":"Scallan Street","ref":"C221","highway":"secondary","class":3,"kind":"sub-arterial","surface":"paved"},"geometry":{"type":"LineString","coordinates":[[142.7777,-37.05655],[142.77827,-37.05629],[142.77833,-37.05625],[142.77897,-37.05592],[142.77941,-37.05568]]}},{"type":"Feature","properties":{"name":"Ararat - Stawell Road","ref":"C238","highway":"secondary","class":3,"kind":"sub-arterial","surface":"asphalt"},"geometry":{"type":"LineString","coordinates":[[142.78325,-37.05509],[142.78311,-37.05492]]}},{"type":"Feature","properties":{"name":"Scallan Street","ref":"C221","highway":"secondary","class":3,"kind":"sub-arterial","surface":"paved"},"geometry":{"type":"LineString","coordinates":[[142.78062,-37.05478],[142.78087,-37.05458]]}},{"type":"Feature","properties":{"name":"Stawell Road","ref":"A8;A200","highway":"trunk","class":1,"kind":"highway","surface":"asphalt"},"geometry":{"type":"LineString","coordinates":[[142.20567,-36.73345],[142.20581,-36.73362],[142.20592,-36.73375],[142.20603,-36.73387]]}},{"type":"Feature","properties":{"name":"Black Range Road","ref":"C221","highway":"secondary","class":3,"kind":"sub-arterial","surface":"paved"},"geometry":{"type":"LineString","coordinates":[[142.76047,-37.07213],[142.76084,-37.07195],[142.76129,-37.07159],[142.76184,-37.07066],[142.76189,-37.0697],[142.76162,-37.0685],[142.76139,-37.06725],[142.76142,-37.06702],[142.76152,-37.06684],[142.76176,-37.0666],[142.76216,-37.06644],[142.76281,-37.06638],[142.76342,-37.06632],[142.76363,-37.06626]]}},{"type":"Feature","properties":{"name":"Seaby Street","ref":"C221","highway":"secondary","class":3,"kind":"sub-arterial","surface":"paved"},"geometry":{"type":"LineString","coordinates":[[142.76363,-37.06626],[142.76369,-37.0662],[142.76379,-37.06608],[142.76396,-37.0658],[142.76429,-37.06525]]}},{"type":"Feature","properties":{"name":"Grampians Road","ref":"C216","highway":"secondary","class":3,"kind":"sub-arterial","surface":"asphalt"},"geometry":{"type":"LineString","coordinates":[[142.5317,-37.16121],[142.53035,-37.1594],[142.53012,-37.15911],[142.52912,-37.15734],[142.52869,-37.15652],[142.52775,-37.15491],[142.52645,-37.15295],[142.52588,-37.15212],[142.52515,-37.15061],[142.52491,-37.15002],[142.52448,-37.14912],[142.523,-37.14708],[142.52223,-37.14608],[142.52085,-37.14451],[142.5203,-37.14392],[142.51939,-37.14275],[142.51916,-37.14243]]}},{"type":"Feature","properties":{"name":"Grampians Road","ref":"C216","highway":"secondary","class":3,"kind":"sub-arterial","surface":"asphalt"},"geometry":{"type":"LineString","coordinates":[[142.52001,-37.13646],[142.51982,-37.13659],[142.51967,-37.13667]]}},{"type":"Feature","properties":{"name":"Horsham Road","ref":"A8","highway":"trunk","class":1,"kind":"highway","surface":"asphalt"},"geometry":{"type":"LineString","coordinates":[[142.75438,-37.05871],[142.75425,-37.05863],[142.7535,-37.05818],[142.75345,-37.05816],[142.75312,-37.05797],[142.75017,-37.05615],[142.74932,-37.05563],[142.74896,-37.05541],[142.74666,-37.05399]]}},{"type":"Feature","properties":{"name":"Kalkee Road","ref":"C221","highway":"secondary","class":3,"kind":"sub-arterial","surface":"asphalt"},"geometry":{"type":"LineString","coordinates":[[142.20083,-36.70533],[142.20083,-36.70521],[142.20084,-36.70507],[142.20087,-36.7047]]}},{"type":"Feature","properties":{"name":"Kalkee Road","ref":"C221","highway":"secondary","class":3,"kind":"sub-arterial","surface":"asphalt"},"geometry":{"type":"LineString","coordinates":[[142.20095,-36.70533],[142.20096,-36.70555],[142.20097,-36.70573],[142.20099,-36.70586],[142.20102,-36.70597],[142.20107,-36.70609],[142.20112,-36.70617],[142.20119,-36.70627],[142.20129,-36.70637],[142.20142,-36.70648],[142.20165,-36.70666]]}},{"type":"Feature","properties":{"name":"Kalkee Road","ref":"C221","highway":"secondary","class":3,"kind":"sub-arterial","surface":"asphalt"},"geometry":{"type":"LineString","coordinates":[[142.20088,-36.70261],[142.20086,-36.70341],[142.20087,-36.70384],[142.20087,-36.70387],[142.20087,-36.7047]]}},{"type":"Feature","properties":{"name":"Kalkee Road","ref":"C221","highway":"secondary","class":3,"kind":"sub-arterial","surface":"asphalt"},"geometry":{"type":"LineString","coordinates":[[142.20181,-36.69872],[142.20155,-36.6994],[142.20126,-36.70025],[142.20114,-36.70062],[142.20087,-36.70133],[142.20088,-36.70261]]}},{"type":"Feature","properties":{"name":"Dooen Road","ref":"B200;B240","highway":"primary","class":2,"kind":"arterial","surface":"asphalt"},"geometry":{"type":"LineString","coordinates":[[142.21845,-36.70102],[142.21976,-36.69999],[142.22307,-36.69725],[142.22328,-36.69708],[142.2234,-36.69698],[142.22376,-36.69669],[142.22387,-36.69658],[142.22406,-36.69643],[142.22432,-36.69612],[142.22476,-36.69548]]}},{"type":"Feature","properties":{"name":"Dimboola Road","ref":"A8","highway":"trunk","class":1,"kind":"highway","surface":"asphalt"},"geometry":{"type":"LineString","coordinates":[[142.18983,-36.70746],[142.18886,-36.70698]]}},{"type":"Feature","properties":{"name":"Stawell Road","ref":"A8;A200","highway":"trunk","class":1,"kind":"highway","surface":"asphalt"},"geometry":{"type":"LineString","coordinates":[[142.20524,-36.72607],[142.20524,-36.72617],[142.20525,-36.72698]]}},{"type":"Feature","properties":{"name":"Stawell Road","ref":"A8;A200","highway":"trunk","class":1,"kind":"highway","surface":"asphalt"},"geometry":{"type":"LineString","coordinates":[[142.20499,-36.72607],[142.20499,-36.72596],[142.20492,-36.72547],[142.20489,-36.72458]]}},{"type":"Feature","properties":{"name":"Williams Road","ref":"C215","highway":"secondary","class":3,"kind":"sub-arterial","surface":"asphalt"},"geometry":{"type":"LineString","coordinates":[[142.2207,-36.72623],[142.21948,-36.72622],[142.21911,-36.72622],[142.21864,-36.72621]]}},{"type":"Feature","properties":{"name":"Williams Road","ref":"C215","highway":"secondary","class":3,"kind":"sub-arterial","surface":"asphalt"},"geometry":{"type":"LineString","coordinates":[[142.21349,-36.72615],[142.2131,-36.72614],[142.21067,-36.72612]]}},{"type":"Feature","properties":{"name":"Williams Road","ref":"C215","highway":"secondary","class":3,"kind":"sub-arterial","surface":"asphalt"},"geometry":{"type":"LineString","coordinates":[[142.21067,-36.72612],[142.21022,-36.72612]]}},{"type":"Feature","properties":{"name":"Stawell Road","ref":"A8;A200","highway":"trunk","class":1,"kind":"highway","surface":"asphalt"},"geometry":{"type":"LineString","coordinates":[[142.20518,-36.73004],[142.20509,-36.72801]]}},{"type":"Feature","properties":{"name":"Williams Road","ref":"C215","highway":"secondary","class":3,"kind":"sub-arterial","surface":"asphalt"},"geometry":{"type":"LineString","coordinates":[[142.21022,-36.72612],[142.2086,-36.7261],[142.20742,-36.72609],[142.20684,-36.72608],[142.20635,-36.72608],[142.20542,-36.72607],[142.20534,-36.72607],[142.2053,-36.72607],[142.20524,-36.72607]]}},{"type":"Feature","properties":{"name":"Stawell Road","ref":"A8;A200","highway":"trunk","class":1,"kind":"highway","surface":"asphalt"},"geometry":{"type":"LineString","coordinates":[[142.20551,-36.73308],[142.20553,-36.73313],[142.20558,-36.73329],[142.20567,-36.73345]]}},{"type":"Feature","properties":{"name":"Stawell Road","ref":"A8;A200","highway":"trunk","class":1,"kind":"highway","surface":"asphalt"},"geometry":{"type":"LineString","coordinates":[[142.20534,-36.73004],[142.20544,-36.73268],[142.20545,-36.73279]]}},{"type":"Feature","properties":{"name":"Natimuk Road","ref":"B240","highway":"primary","class":2,"kind":"arterial","surface":"asphalt"},"geometry":{"type":"LineString","coordinates":[[142.19289,-36.71672],[142.19281,-36.71673],[142.19272,-36.71675],[142.19264,-36.71678],[142.19253,-36.71681],[142.19125,-36.71729],[142.1899,-36.71779],[142.1884,-36.71833],[142.18789,-36.71852],[142.1875,-36.71865],[142.18726,-36.71873],[142.18715,-36.71877],[142.18554,-36.71936]]}},{"type":"Feature","properties":{"name":"Natimuk Road","ref":"B240","highway":"primary","class":2,"kind":"arterial","surface":"asphalt"},"geometry":{"type":"LineString","coordinates":[[142.17342,-36.72397],[142.17394,-36.72377]]}},{"type":"Feature","properties":{"name":"Hamilton Road","ref":"A200","highway":"trunk","class":1,"kind":"highway","surface":"asphalt"},"geometry":{"type":"LineString","coordinates":[[142.20554,-36.73764],[142.20554,-36.73735],[142.20552,-36.73664],[142.20552,-36.73656],[142.2055,-36.73605],[142.20549,-36.73585],[142.20548,-36.73554],[142.20548,-36.73529],[142.20548,-36.73516],[142.20548,-36.73506],[142.20549,-36.73499],[142.2055,-36.73494]]}},{"type":"Feature","properties":{"name":"Stawell Road","ref":"A8;A200","highway":"trunk","class":1,"kind":"highway","surface":"asphalt"},"geometry":{"type":"LineString","coordinates":[[142.20536,-36.73308],[142.20533,-36.73289],[142.20531,-36.73265],[142.20529,-36.73229],[142.20518,-36.73004]]}},{"type":"Feature","properties":{"name":"Henty Highway","ref":"A200","highway":"trunk","class":1,"kind":"highway","surface":"asphalt"},"geometry":{"type":"LineString","coordinates":[[142.19636,-36.7526],[142.19743,-36.75101],[142.20301,-36.74275]]}},{"type":"Feature","properties":{"name":"Stawell Road","ref":"A8;A200","highway":"trunk","class":1,"kind":"highway","surface":"asphalt"},"geometry":{"type":"LineString","coordinates":[[142.20553,-36.73347],[142.20544,-36.73333],[142.20538,-36.73315],[142.20536,-36.73308]]}},{"type":"Feature","properties":{"name":"Henty Highway","ref":"A200","highway":"trunk","class":1,"kind":"highway","surface":"asphalt"},"geometry":{"type":"LineString","coordinates":[[142.19611,-36.75297],[142.19636,-36.7526]]}},{"type":"Feature","properties":{"name":"Stawell - Warracknabeal Road","ref":"B210","highway":"primary","class":2,"kind":"arterial","surface":"asphalt"},"geometry":{"type":"LineString","coordinates":[[142.58503,-36.45809],[142.57996,-36.45434],[142.57579,-36.45437],[142.57357,-36.45399],[142.56093,-36.43437],[142.54048,-36.40178],[142.52585,-36.37754],[142.50648,-36.35309],[142.49675,-36.34106],[142.48066,-36.3303],[142.45328,-36.31202],[142.43379,-36.29725],[142.41938,-36.27705],[142.41245,-36.26729]]}},{"type":"Feature","properties":{"name":"Church Street","ref":"B210","highway":"primary","class":2,"kind":"arterial","surface":"asphalt"},"geometry":{"type":"LineString","coordinates":[[142.59495,-36.46672],[142.59487,-36.46665],[142.59476,-36.46656],[142.59197,-36.46414],[142.59134,-36.46358],[142.59094,-36.46323],[142.58994,-36.46237],[142.589,-36.46156],[142.58804,-36.46073],[142.58713,-36.45991]]}},{"type":"Feature","properties":{"name":"Ararat - Stawell Road","ref":"C238","highway":"secondary","class":3,"kind":"sub-arterial","surface":"asphalt"},"geometry":{"type":"LineString","coordinates":[[142.78289,-37.05455],[142.7829,-37.05447],[142.78292,-37.0544],[142.78292,-37.05432],[142.78286,-37.05406]]}},{"type":"Feature","properties":{"name":"Ararat - Stawell Road","ref":"C238","highway":"secondary","class":3,"kind":"sub-arterial","surface":"asphalt"},"geometry":{"type":"LineString","coordinates":[[142.78301,-37.05451],[142.78299,-37.05459],[142.78301,-37.05469],[142.78311,-37.05492]]}},{"type":"Feature","properties":{"name":"London Road","ref":"C238","highway":"secondary","class":3,"kind":"sub-arterial","surface":"asphalt"},"geometry":{"type":"LineString","coordinates":[[142.79203,-37.06771],[142.79172,-37.06658],[142.79145,-37.0655],[142.79143,-37.06538]]}},{"type":"Feature","properties":{"name":"Seaby Street","ref":"C221","highway":"secondary","class":3,"kind":"sub-arterial","surface":"paved"},"geometry":{"type":"LineString","coordinates":[[142.76429,-37.06525],[142.76447,-37.06498],[142.76463,-37.06473],[142.76469,-37.06462]]}},{"type":"Feature","properties":{"name":"Seaby Street","ref":"C221","highway":"secondary","class":3,"kind":"sub-arterial","surface":"asphalt"},"geometry":{"type":"LineString","coordinates":[[142.77031,-37.05921],[142.76803,-37.06014]]}},{"type":"Feature","properties":{"name":"Seaby Street","ref":"C221","highway":"secondary","class":3,"kind":"sub-arterial","surface":"asphalt"},"geometry":{"type":"LineString","coordinates":[[142.76572,-37.06308],[142.76538,-37.06365]]}},{"type":"Feature","properties":{"name":"Seaby Street","ref":"C221","highway":"secondary","class":3,"kind":"sub-arterial","surface":"asphalt"},"geometry":{"type":"LineString","coordinates":[[142.76797,-37.06006],[142.77025,-37.05912]]}},{"type":"Feature","properties":{"name":"Seaby Street","ref":"C221","highway":"secondary","class":3,"kind":"sub-arterial","surface":"asphalt"},"geometry":{"type":"LineString","coordinates":[[142.77025,-37.05912],[142.77086,-37.05888],[142.771,-37.05883],[142.77109,-37.0588],[142.77144,-37.05869]]}},{"type":"Feature","properties":{"name":"Seaby Street","ref":"C221","highway":"secondary","class":3,"kind":"sub-arterial","surface":"asphalt"},"geometry":{"type":"LineString","coordinates":[[142.76803,-37.06014],[142.76789,-37.0602]]}},{"type":"Feature","properties":{"name":"Seaby Street","ref":"C221","highway":"secondary","class":3,"kind":"sub-arterial","surface":"asphalt"},"geometry":{"type":"LineString","coordinates":[[142.76561,-37.06304],[142.76626,-37.06199],[142.76691,-37.06095],[142.76716,-37.06065],[142.76736,-37.06043],[142.76756,-37.06027],[142.76772,-37.06018],[142.76787,-37.0601],[142.76797,-37.06006]]}},{"type":"Feature","properties":{"name":"London Road","ref":"C238","highway":"secondary","class":3,"kind":"sub-arterial","surface":"asphalt"},"geometry":{"type":"LineString","coordinates":[[142.79151,-37.07455],[142.79175,-37.07315],[142.79185,-37.07253],[142.79189,-37.0723],[142.79209,-37.07099],[142.79237,-37.06954],[142.79238,-37.06934],[142.79237,-37.06912],[142.79234,-37.06886],[142.79226,-37.06852],[142.79203,-37.06771]]}},{"type":"Feature","properties":{"name":"Natimuk - Frances Road","ref":"C213","highway":"secondary","class":3,"kind":"sub-arterial","surface":"asphalt"},"geometry":{"type":"LineString","coordinates":[[141.73021,-36.73329],[141.72869,-36.73336],[141.72815,-36.73336]]}},{"type":"Feature","properties":{"name":"Natimuk - Frances Road","ref":"C213","highway":"secondary","class":3,"kind":"sub-arterial","surface":"asphalt"},"geometry":{"type":"LineString","coordinates":[[141.72815,-36.73336],[141.72344,-36.73342],[141.72227,-36.73331],[141.7195,-36.73318],[141.71086,-36.73255],[141.69697,-36.73159],[141.68957,-36.73086],[141.67999,-36.72988],[141.67661,-36.72916],[141.66781,-36.72723],[141.66252,-36.72629],[141.6518,-36.72715],[141.64537,-36.72864],[141.63443,-36.73137],[141.62894,-36.73265],[141.61295,-36.73407]]}},{"type":"Feature","properties":{"name":"Borung Highway","ref":"C234","highway":"secondary","class":3,"kind":"sub-arterial","surface":"asphalt"},"geometry":{"type":"LineString","coordinates":[[142.16528,-36.37736],[142.14702,-36.38856],[142.11808,-36.40646],[142.09182,-36.42273],[142.08286,-36.42641],[142.07505,-36.43023],[142.07129,-36.43298],[142.06805,-36.43538],[142.05739,-36.44326],[142.05419,-36.4457],[142.05187,-36.44743],[142.05129,-36.44782],[142.05101,-36.44797]]}},{"type":"Feature","properties":{"name":"Borung Highway","ref":"C234","highway":"secondary","class":3,"kind":"sub-arterial","surface":"asphalt"},"geometry":{"type":"LineString","coordinates":[[142.1687,-36.37525],[142.16528,-36.37736]]}},{"type":"Feature","properties":{"name":"","ref":"","highway":"primary","class":2,"kind":"arterial","surface":"asphalt"},"geometry":{"type":"LineString","coordinates":[[142.63122,-36.62847],[142.6309,-36.62849]]}},{"type":"Feature","properties":{"name":"","ref":"","highway":"primary","class":2,"kind":"arterial","surface":"asphalt"},"geometry":{"type":"LineString","coordinates":[[142.6309,-36.62811],[142.63104,-36.6281]]}},{"type":"Feature","properties":{"name":"Stawell - Warracknabeal Road","ref":"B210","highway":"primary","class":2,"kind":"arterial","surface":"asphalt"},"geometry":{"type":"LineString","coordinates":[[142.65883,-36.98676],[142.65892,-36.98724],[142.65909,-36.98784],[142.65935,-36.98849],[142.6596,-36.98899],[142.65994,-36.98957],[142.66054,-36.99033],[142.66072,-36.99061],[142.66082,-36.99077],[142.6609,-36.99095]]}},{"type":"Feature","properties":{"name":"Stawell - Warracknabeal Road","ref":"B210","highway":"primary","class":2,"kind":"arterial","surface":"asphalt"},"geometry":{"type":"LineString","coordinates":[[142.63136,-36.78244],[142.63137,-36.78129],[142.63145,-36.7615]]}},{"type":"Feature","properties":{"name":"Stawell - Warracknabeal Road","ref":"B210","highway":"primary","class":2,"kind":"arterial","surface":"asphalt"},"geometry":{"type":"LineString","coordinates":[[142.63136,-36.78244],[142.63135,-36.79967],[142.63136,-36.81195],[142.63136,-36.82665],[142.63138,-36.84013],[142.63068,-36.84197],[142.62918,-36.8456],[142.62938,-36.84694],[142.63118,-36.85078],[142.63136,-36.85423],[142.63137,-36.86367],[142.63137,-36.87048],[142.63141,-36.88635],[142.63143,-36.88709],[142.63163,-36.8883],[142.63205,-36.88951],[142.63291,-36.89087],[142.63347,-36.89155]]}},{"type":"Feature","properties":{"name":"Natimuk - Hamilton Road","ref":"C214","highway":"secondary","class":3,"kind":"sub-arterial","surface":"asphalt"},"geometry":{"type":"LineString","coordinates":[[141.94372,-36.93225],[141.94676,-36.92856]]}},{"type":"Feature","properties":{"name":"Natimuk - Hamilton Road","ref":"C214","highway":"secondary","class":3,"kind":"sub-arterial","surface":"asphalt"},"geometry":{"type":"LineString","coordinates":[[141.94676,-36.92856],[141.94685,-36.92844]]}},{"type":"Feature","properties":{"name":"Natimuk - Hamilton Road","ref":"C214","highway":"secondary","class":3,"kind":"sub-arterial","surface":"asphalt"},"geometry":{"type":"LineString","coordinates":[[141.94685,-36.92844],[141.94725,-36.92796],[141.95339,-36.92053],[141.95426,-36.91877],[141.95477,-36.91524],[141.95631,-36.90516],[141.96059,-36.87663],[141.96504,-36.84769],[141.96534,-36.84593],[141.96538,-36.84412],[141.96507,-36.84259],[141.96496,-36.84203],[141.96423,-36.83906],[141.96411,-36.83838],[141.96406,-36.83814],[141.96405,-36.8378]]}},{"type":"Feature","properties":{"name":"Western Highway","ref":"A8","highway":"trunk","class":1,"kind":"highway","surface":"asphalt"},"geometry":{"type":"LineString","coordinates":[[141.62973,-36.35235],[141.61747,-36.3592],[141.58905,-36.36772],[141.55421,-36.37865],[141.51648,-36.38496],[141.50563,-36.39019],[141.49742,-36.39796],[141.49208,-36.40084],[141.47632,-36.40369],[141.4231,-36.39808],[141.3812,-36.3938],[141.3531,-36.39246],[141.32477,-36.39025],[141.27541,-36.38377]]}},{"type":"Feature","properties":{"name":"Dimboola Road","ref":"A8","highway":"trunk","class":1,"kind":"highway","surface":"asphalt"},"geometry":{"type":"LineString","coordinates":[[142.17709,-36.70137],[142.17341,-36.69962]]}},{"type":"Feature","properties":{"name":"Dimboola Road","ref":"A8","highway":"trunk","class":1,"kind":"highway","surface":"asphalt"},"geometry":{"type":"LineString","coordinates":[[142.18163,-36.70356],[142.17709,-36.70137]]}},{"type":"Feature","properties":{"name":"Henty Highway","ref":"B200;B240","highway":"primary","class":2,"kind":"arterial","surface":"asphalt"},"geometry":{"type":"LineString","coordinates":[[142.22476,-36.69548],[142.22721,-36.6923],[142.22945,-36.68903],[142.23225,-36.68533],[142.23447,-36.68234],[142.2404,-36.67457],[142.24364,-36.67029],[142.24555,-36.66773],[142.24798,-36.66456],[142.24866,-36.66387],[142.2497,-36.66318],[142.25109,-36.66265],[142.25213,-36.66238]]}},{"type":"Feature","properties":{"name":"Henty Highway","ref":"B200;B240","highway":"primary","class":2,"kind":"arterial","surface":"asphalt"},"geometry":{"type":"LineString","coordinates":[[142.25918,-36.65356],[142.25923,-36.6533],[142.25928,-36.65307],[142.25932,-36.65281],[142.25935,-36.65246],[142.25938,-36.65098],[142.25937,-36.65027],[142.25934,-36.64654],[142.25933,-36.64561],[142.25933,-36.64549],[142.25933,-36.64531],[142.25926,-36.64211],[142.25926,-36.64176],[142.25926,-36.64171],[142.25929,-36.64017]]}},{"type":"Feature","properties":{"name":"Henty Highway","ref":"B200;B240","highway":"primary","class":2,"kind":"arterial","surface":"asphalt"},"geometry":{"type":"LineString","coordinates":[[142.25213,-36.66238],[142.25321,-36.66211],[142.254,-36.66183],[142.25471,-36.66146],[142.25506,-36.6612],[142.25515,-36.66112],[142.2556,-36.66074],[142.25599,-36.66026],[142.25685,-36.65864],[142.25744,-36.6574],[142.25789,-36.65647],[142.25811,-36.65602],[142.25836,-36.65551],[142.25836,-36.6555],[142.25847,-36.65527],[142.2587,-36.65479],[142.25893,-36.65424],[142.25912,-36.65376],[142.25918,-36.65356]]}},{"type":"Feature","properties":{"name":"Main Street","ref":"C213","highway":"secondary","class":3,"kind":"sub-arterial","surface":"asphalt"},"geometry":{"type":"LineString","coordinates":[[141.47243,-36.71866],[141.47254,-36.71856],[141.47303,-36.7184],[141.47405,-36.7181],[141.47469,-36.71791],[141.4761,-36.7175],[141.47716,-36.71722],[141.47758,-36.71715]]}},{"type":"Feature","properties":{"name":"Natimuk - Frances Road","ref":"C213","highway":"secondary","class":3,"kind":"sub-arterial","surface":"asphalt"},"geometry":{"type":"LineString","coordinates":[[141.47758,-36.71715],[141.4813,-36.71604],[141.48284,-36.7156],[141.48389,-36.71529],[141.48395,-36.71527],[141.48532,-36.71486],[141.48937,-36.71366],[141.48978,-36.71358],[141.49016,-36.71356],[141.49061,-36.71359],[141.49084,-36.71363],[141.49416,-36.71426],[141.49587,-36.71457],[141.49772,-36.71492]]}},{"type":"Feature","properties":{"name":"Seaby Street","ref":"C221","highway":"secondary","class":3,"kind":"sub-arterial","surface":"paved"},"geometry":{"type":"LineString","coordinates":[[142.76469,-37.06462],[142.7648,-37.06434],[142.76485,-37.06426],[142.76489,-37.06418]]}},{"type":"Feature","properties":{"name":"C221","ref":"C221","highway":"trunk","class":1,"kind":"highway","surface":"paved"},"geometry":{"type":"LineString","coordinates":[[142.76505,-37.06414],[142.765,-37.06422]]}},{"type":"Feature","properties":{"name":"Seaby Street","ref":"C221","highway":"secondary","class":3,"kind":"sub-arterial","surface":"paved"},"geometry":{"type":"LineString","coordinates":[[142.765,-37.06422],[142.76488,-37.06441],[142.76469,-37.06462]]}},{"type":"Feature","properties":{"name":"Longfield Street","ref":"A8","highway":"trunk","class":1,"kind":"highway","surface":"asphalt"},"geometry":{"type":"LineString","coordinates":[[142.76309,-37.06338],[142.76348,-37.06353],[142.76381,-37.06366],[142.76446,-37.06391]]}},{"type":"Feature","properties":{"name":"Horsham Road","ref":"A8","highway":"trunk","class":1,"kind":"highway","surface":"asphalt"},"geometry":{"type":"LineString","coordinates":[[142.75743,-37.06056],[142.75736,-37.06053],[142.7573,-37.06049],[142.75729,-37.06048],[142.75722,-37.06044],[142.75677,-37.06016],[142.75672,-37.06013],[142.75639,-37.05993],[142.75608,-37.05975],[142.75576,-37.05953]]}},{"type":"Feature","properties":{"name":"Grampians Road","ref":"C216","highway":"secondary","class":3,"kind":"sub-arterial","surface":"asphalt"},"geometry":{"type":"LineString","coordinates":[[142.75661,-37.06031],[142.75607,-37.06031]]}},{"type":"Feature","properties":{"name":"Grampians Road","ref":"C216","highway":"secondary","class":3,"kind":"sub-arterial","surface":"asphalt"},"geometry":{"type":"LineString","coordinates":[[142.75678,-37.06011],[142.75677,-37.06014],[142.75677,-37.06016],[142.75674,-37.06021],[142.75669,-37.06026],[142.75661,-37.06031]]}},{"type":"Feature","properties":{"name":"Grampians Road","ref":"C216","highway":"secondary","class":3,"kind":"sub-arterial","surface":"asphalt"},"geometry":{"type":"LineString","coordinates":[[142.75625,-37.06024],[142.75661,-37.06016],[142.75672,-37.06013],[142.75677,-37.06014],[142.75685,-37.06015]]}},{"type":"Feature","properties":{"name":"Longfield Street","ref":"A8","highway":"trunk","class":1,"kind":"highway","surface":"asphalt"},"geometry":{"type":"LineString","coordinates":[[142.76421,-37.06391],[142.76376,-37.06373],[142.76324,-37.06352],[142.76258,-37.06326],[142.76202,-37.06305],[142.76138,-37.0628],[142.76048,-37.06243],[142.76022,-37.0623],[142.75992,-37.06212],[142.7593,-37.06175],[142.75849,-37.06124],[142.75806,-37.06096]]}},{"type":"Feature","properties":{"name":"Grampians Road","ref":"C216;C222","highway":"secondary","class":3,"kind":"sub-arterial","surface":"asphalt"},"geometry":{"type":"LineString","coordinates":[[142.52345,-37.13006],[142.52332,-37.13003],[142.52316,-37.12998]]}},{"type":"Feature","properties":{"name":"Horsham - Noradjuha Road","ref":"C214","highway":"secondary","class":3,"kind":"sub-arterial","surface":"asphalt"},"geometry":{"type":"LineString","coordinates":[[142.11372,-36.75877],[142.11439,-36.75755],[142.11712,-36.7521],[142.11725,-36.7517],[142.11734,-36.75129],[142.11737,-36.75088],[142.11731,-36.73907],[142.11731,-36.73898]]}},{"type":"Feature","properties":{"name":"Horsham - Noradjuha Road","ref":"C214","highway":"secondary","class":3,"kind":"sub-arterial","surface":"asphalt"},"geometry":{"type":"LineString","coordinates":[[142.11343,-36.75929],[142.11372,-36.75877]]}},{"type":"Feature","properties":{"name":"Borung Highway","ref":"C234","highway":"secondary","class":3,"kind":"sub-arterial","surface":"asphalt"},"geometry":{"type":"LineString","coordinates":[[142.1687,-36.37525],[142.19729,-36.35758],[142.19864,-36.35674],[142.23964,-36.33133],[142.27687,-36.30833],[142.28434,-36.30366],[142.2942,-36.29757],[142.30828,-36.28895],[142.32805,-36.27681],[142.33717,-36.27125],[142.34354,-36.26736],[142.34779,-36.26483],[142.35123,-36.26272],[142.36078,-36.25684]]}},{"type":"Feature","properties":{"name":"Wimmera Highway","ref":"B240","highway":"primary","class":2,"kind":"arterial","surface":"asphalt"},"geometry":{"type":"LineString","coordinates":[[141.95307,-36.73666],[141.95216,-36.73708],[141.95117,-36.73763]]}},{"type":"Feature","properties":{"name":"Main Street","ref":"B240","highway":"primary","class":2,"kind":"arterial","surface":"asphalt"},"geometry":{"type":"LineString","coordinates":[[141.95117,-36.73763],[141.9509,-36.73777],[141.9507,-36.73788],[141.94997,-36.73826],[141.94673,-36.73968],[141.94665,-36.73972],[141.94533,-36.74028]]}},{"type":"Feature","properties":{"name":"Main Street","ref":"C213","highway":"secondary","class":3,"kind":"sub-arterial","surface":"asphalt"},"geometry":{"type":"LineString","coordinates":[[141.46431,-36.72097],[141.46454,-36.72095],[141.46493,-36.72088],[141.46643,-36.72043],[141.46705,-36.72025],[141.4675,-36.72012],[141.46782,-36.72002],[141.46867,-36.71977],[141.47007,-36.71936],[141.47243,-36.71866]]}},{"type":"Feature","properties":{"name":"Natimuk - Frances Road","ref":"C213","highway":"secondary","class":3,"kind":"sub-arterial","surface":"asphalt"},"geometry":{"type":"LineString","coordinates":[[141.45265,-36.71789],[141.45837,-36.71947],[141.46196,-36.72046]]}},{"type":"Feature","properties":{"name":"Scallan Street","ref":"C221","highway":"secondary","class":3,"kind":"sub-arterial","surface":"paved"},"geometry":{"type":"LineString","coordinates":[[142.77664,-37.0571],[142.77641,-37.05731]]}},{"type":"Feature","properties":{"name":"Scallan Street","ref":"C221","highway":"secondary","class":3,"kind":"sub-arterial","surface":"paved"},"geometry":{"type":"LineString","coordinates":[[142.77664,-37.0571],[142.77718,-37.05682],[142.7777,-37.05655]]}},{"type":"Feature","properties":{"name":"Main Street","ref":"C221","highway":"secondary","class":3,"kind":"sub-arterial","surface":"asphalt"},"geometry":{"type":"LineString","coordinates":[[142.77537,-37.05752],[142.77553,-37.05746],[142.77574,-37.05742],[142.77601,-37.05733],[142.77612,-37.05729]]}},{"type":"Feature","properties":{"name":"Main Street","ref":"C221","highway":"secondary","class":3,"kind":"sub-arterial","surface":"asphalt"},"geometry":{"type":"LineString","coordinates":[[142.77611,-37.05745],[142.77597,-37.05748],[142.77566,-37.05752],[142.77537,-37.05752]]}},{"type":"Feature","properties":{"name":"Henty Highway","ref":"A200","highway":"trunk","class":1,"kind":"highway","surface":"asphalt"},"geometry":{"type":"LineString","coordinates":[[142.15118,-36.95981],[142.13985,-36.93819],[142.13983,-36.91138],[142.13533,-36.89955],[142.13471,-36.88442],[142.13707,-36.87805],[142.14604,-36.86253],[142.16835,-36.82714],[142.17065,-36.81462],[142.17345,-36.81057],[142.17405,-36.79531],[142.17484,-36.78074],[142.17699,-36.77889]]}},{"type":"Feature","properties":{"name":"Henty Highway","ref":"A200","highway":"trunk","class":1,"kind":"highway","surface":"asphalt"},"geometry":{"type":"LineString","coordinates":[[142.15154,-36.9603],[142.15118,-36.95981]]}},{"type":"Feature","properties":{"name":"Ararat - Stawell Road","ref":"C238","highway":"secondary","class":3,"kind":"sub-arterial","surface":"asphalt"},"geometry":{"type":"LineString","coordinates":[[142.78238,-37.05345],[142.78243,-37.05349],[142.78252,-37.05357],[142.78268,-37.05381]]}},{"type":"Feature","properties":{"name":"Byrne Street","ref":"C221","highway":"secondary","class":3,"kind":"sub-arterial","surface":"asphalt"},"geometry":{"type":"LineString","coordinates":[[142.78262,-37.05331],[142.78272,-37.05324]]}},{"type":"Feature","properties":{"name":"Byrne Street","ref":"C221","highway":"secondary","class":3,"kind":"sub-arterial","surface":"asphalt"},"geometry":{"type":"LineString","coordinates":[[142.78262,-37.05331],[142.78255,-37.05339],[142.78243,-37.05349],[142.78233,-37.05356]]}},{"type":"Feature","properties":{"name":"Ararat - Stawell Road","ref":"C238","highway":"secondary","class":3,"kind":"sub-arterial","surface":"asphalt"},"geometry":{"type":"LineString","coordinates":[[142.78268,-37.05381],[142.78252,-37.05368],[142.78239,-37.0536],[142.78233,-37.05356]]}},{"type":"Feature","properties":{"name":"Byrne Street","ref":"C221;C238","highway":"secondary","class":3,"kind":"sub-arterial","surface":"asphalt"},"geometry":{"type":"LineString","coordinates":[[142.78196,-37.0538],[142.7821,-37.05366],[142.78227,-37.05354],[142.78238,-37.05345]]}},{"type":"Feature","properties":{"name":"","ref":"","highway":"trunk","class":1,"kind":"highway","surface":"asphalt"},"geometry":{"type":"LineString","coordinates":[[142.76376,-37.06373],[142.76381,-37.06366]]}},{"type":"Feature","properties":{"name":"Natimuk Road","ref":"B240","highway":"primary","class":2,"kind":"arterial","surface":"asphalt"},"geometry":{"type":"LineString","coordinates":[[142.18549,-36.71928],[142.18714,-36.71869],[142.18727,-36.71865]]}},{"type":"Feature","properties":{"name":"Natimuk Road","ref":"B240","highway":"primary","class":2,"kind":"arterial","surface":"asphalt"},"geometry":{"type":"LineString","coordinates":[[142.1852,-36.71949],[142.183,-36.72035],[142.18278,-36.72043],[142.18266,-36.72047],[142.18255,-36.72051],[142.18213,-36.72065]]}},{"type":"Feature","properties":{"name":"Borung Highway","ref":"C234","highway":"secondary","class":3,"kind":"sub-arterial","surface":"asphalt"},"geometry":{"type":"LineString","coordinates":[[142.05101,-36.44797],[142.05024,-36.44839],[142.04948,-36.44879],[142.04942,-36.44882],[142.04938,-36.44884],[142.04934,-36.44885],[142.04931,-36.44886],[142.04926,-36.44886]]}},{"type":"Feature","properties":{"name":"High Street","ref":"C234","highway":"secondary","class":3,"kind":"sub-arterial","surface":"asphalt"},"geometry":{"type":"LineString","coordinates":[[142.04717,-36.44958],[142.04787,-36.44926],[142.04865,-36.44892],[142.04888,-36.44881],[142.04892,-36.4488],[142.04896,-36.44879],[142.049,-36.44878],[142.04902,-36.44878],[142.04908,-36.44877]]}},{"type":"Feature","properties":{"name":"High Street","ref":"C234","highway":"secondary","class":3,"kind":"sub-arterial","surface":"asphalt"},"geometry":{"type":"LineString","coordinates":[[142.04717,-36.44958],[142.03744,-36.45374],[142.03647,-36.45415],[142.03606,-36.45431]]}},{"type":"Feature","properties":{"name":"Nhill Road","ref":"C227","highway":"secondary","class":3,"kind":"sub-arterial","surface":"asphalt"},"geometry":{"type":"LineString","coordinates":[[142.01564,-36.43681],[142.01531,-36.43647],[142.01523,-36.43637],[142.01516,-36.43626],[142.0151,-36.43612],[142.01507,-36.436],[142.01506,-36.43588],[142.01507,-36.43575],[142.01509,-36.43558],[142.01513,-36.43542],[142.01518,-36.43525]]}},{"type":"Feature","properties":{"name":"Nhill Road","ref":"C227","highway":"secondary","class":3,"kind":"sub-arterial","surface":"asphalt"},"geometry":{"type":"LineString","coordinates":[[142.01517,-36.43576],[142.01516,-36.43585],[142.01517,-36.43595],[142.01518,-36.43604],[142.01521,-36.43613],[142.01523,-36.43621],[142.01528,-36.43629],[142.01537,-36.43643],[142.01547,-36.43658],[142.01564,-36.43681]]}},{"type":"Feature","properties":{"name":"Wimmera Highway","ref":"B240","highway":"primary","class":2,"kind":"arterial","surface":"asphalt"},"geometry":{"type":"LineString","coordinates":[[141.93424,-36.74475],[141.93373,-36.74486]]}},{"type":"Feature","properties":{"name":"Wimmera Highway","ref":"B240","highway":"primary","class":2,"kind":"arterial","surface":"asphalt"},"geometry":{"type":"LineString","coordinates":[[141.93373,-36.74486],[141.93368,-36.74487],[141.93274,-36.74507],[141.93224,-36.74523]]}},{"type":"Feature","properties":{"name":"Donald - Stawell Road","ref":"C238","highway":"secondary","class":3,"kind":"sub-arterial","surface":"asphalt"},"geometry":{"type":"LineString","coordinates":[[142.78545,-36.81127],[142.78544,-36.8115],[142.78545,-36.81535],[142.78548,-36.81737],[142.78545,-36.81817],[142.78546,-36.81937],[142.78554,-36.83962],[142.78563,-36.8541],[142.78561,-36.86148],[142.78554,-36.86866],[142.78561,-36.8831],[142.78555,-36.89762],[142.78567,-36.91211],[142.78565,-36.91644],[142.78565,-36.91686],[142.78563,-36.91939]]}},{"type":"Feature","properties":{"name":"Donald - Stawell Road","ref":"C238","highway":"secondary","class":3,"kind":"sub-arterial","surface":"asphalt"},"geometry":{"type":"LineString","coordinates":[[142.78545,-36.81098],[142.78545,-36.81127]]}},{"type":"Feature","properties":{"name":"Donald - Stawell Road","ref":"C238","highway":"secondary","class":3,"kind":"sub-arterial","surface":"asphalt"},"geometry":{"type":"LineString","coordinates":[[142.80891,-36.76141],[142.80842,-36.76145],[142.80764,-36.76151],[142.80688,-36.76154],[142.80354,-36.76156],[142.79483,-36.76152],[142.78945,-36.76156],[142.78899,-36.76157],[142.78857,-36.76161],[142.78805,-36.76172],[142.78759,-36.76185],[142.78719,-36.76202],[142.78679,-36.76227],[142.78647,-36.76253],[142.78612,-36.7629],[142.78589,-36.76325],[142.78574,-36.76362],[142.78567,-36.76394],[142.78561,-36.76439],[142.78552,-36.78157],[142.78551,-36.79607],[142.78546,-36.81058],[142.78545,-36.81098]]}},{"type":"Feature","properties":{"name":"Donald - Stawell Road","ref":"C238","highway":"secondary","class":3,"kind":"sub-arterial","surface":"asphalt"},"geometry":{"type":"LineString","coordinates":[[142.80928,-36.76137],[142.80891,-36.76141]]}},{"type":"Feature","properties":{"name":"Murtoa - Glenorchy Road","ref":"C237","highway":"secondary","class":3,"kind":"sub-arterial","surface":"asphalt"},"geometry":{"type":"LineString","coordinates":[[142.53561,-36.78787],[142.53183,-36.78268],[142.5316,-36.78129],[142.53165,-36.76186],[142.52723,-36.75169],[142.51955,-36.74368],[142.50459,-36.729],[142.50398,-36.72654],[142.50404,-36.70313],[142.504,-36.69886],[142.50382,-36.69791],[142.50326,-36.69684],[142.48055,-36.66829],[142.46896,-36.6537],[142.46823,-36.65289]]}},{"type":"Feature","properties":{"name":"Murtoa - Glenorchy Road","ref":"C237","highway":"secondary","class":3,"kind":"sub-arterial","surface":"asphalt"},"geometry":{"type":"LineString","coordinates":[[142.53569,-36.78796],[142.53561,-36.78787]]}},{"type":"Feature","properties":{"name":"Wimmera Highway","ref":"B240","highway":"primary","class":2,"kind":"arterial","surface":"asphalt"},"geometry":{"type":"LineString","coordinates":[[142.81298,-36.63961],[142.81345,-36.63963],[142.81442,-36.63968],[142.81501,-36.63968],[142.81554,-36.63965],[142.81656,-36.63956],[142.8176,-36.6395],[142.81841,-36.63948],[142.82557,-36.6395],[142.83012,-36.63953],[142.8307,-36.63957],[142.83115,-36.63963],[142.83136,-36.63966],[142.83196,-36.63982],[142.8325,-36.64],[142.83719,-36.6416],[142.84231,-36.64335],[142.84467,-36.64415],[142.84753,-36.64513],[142.84806,-36.64535],[142.84845,-36.64554],[142.84881,-36.64574]]}},{"type":"Feature","properties":{"name":"Wimmera Highway","ref":"B240","highway":"primary","class":2,"kind":"arterial","surface":"asphalt"},"geometry":{"type":"LineString","coordinates":[[142.81264,-36.63959],[142.81298,-36.63961]]}},{"type":"Feature","properties":{"name":"Pomonal Road","ref":"C221","highway":"secondary","class":3,"kind":"sub-arterial","surface":"paved"},"geometry":{"type":"LineString","coordinates":[[142.65273,-37.14042],[142.65295,-37.14029]]}},{"type":"Feature","properties":{"name":"Pomonal Road","ref":"C221","highway":"secondary","class":3,"kind":"sub-arterial","surface":"paved"},"geometry":{"type":"LineString","coordinates":[[142.65295,-37.14029],[142.65332,-37.14006]]}},{"type":"Feature","properties":{"name":"Pomonal Road","ref":"C221","highway":"secondary","class":3,"kind":"sub-arterial","surface":"paved"},"geometry":{"type":"LineString","coordinates":[[142.65349,-37.13995],[142.65409,-37.13959],[142.6544,-37.1394]]}},{"type":"Feature","properties":{"name":"Pomonal Road","ref":"C221","highway":"secondary","class":3,"kind":"sub-arterial","surface":"paved"},"geometry":{"type":"LineString","coordinates":[[142.65332,-37.14006],[142.65349,-37.13995]]}},{"type":"Feature","properties":{"name":"Pomonal Road","ref":"C221","highway":"secondary","class":3,"kind":"sub-arterial","surface":"paved"},"geometry":{"type":"LineString","coordinates":[[142.6544,-37.1394],[142.65467,-37.13924]]}},{"type":"Feature","properties":{"name":"Pomonal Road","ref":"C221","highway":"secondary","class":3,"kind":"sub-arterial","surface":"paved"},"geometry":{"type":"LineString","coordinates":[[142.65723,-37.13759],[142.67537,-37.12568],[142.68725,-37.11787],[142.69369,-37.11655],[142.7054,-37.11584],[142.71892,-37.11274],[142.7294,-37.10976],[142.73429,-37.10482],[142.7362,-37.09941],[142.73801,-37.09609],[142.74154,-37.09189],[142.74506,-37.08503],[142.75252,-37.07687],[142.75552,-37.07535]]}},{"type":"Feature","properties":{"name":"Donald - Stawell Road","ref":"C238","highway":"secondary","class":3,"kind":"sub-arterial","surface":"asphalt"},"geometry":{"type":"LineString","coordinates":[[142.78521,-36.92485],[142.78505,-36.92565]]}},{"type":"Feature","properties":{"name":"Donald - Stawell Road","ref":"C238","highway":"secondary","class":3,"kind":"sub-arterial","surface":"asphalt"},"geometry":{"type":"LineString","coordinates":[[142.78505,-36.92565],[142.78493,-36.92662],[142.7849,-36.92729],[142.78492,-36.92802],[142.78523,-36.93011],[142.7856,-36.93263],[142.78568,-36.93455],[142.78568,-36.93768]]}},{"type":"Feature","properties":{"name":"Donald - Stawell Road","ref":"C238","highway":"secondary","class":3,"kind":"sub-arterial","surface":"asphalt"},"geometry":{"type":"LineString","coordinates":[[142.78568,-36.93768],[142.78568,-36.93811]]}},{"type":"Feature","properties":{"name":"Donald - Stawell Road","ref":"C238","highway":"secondary","class":3,"kind":"sub-arterial","surface":"asphalt"},"geometry":{"type":"LineString","coordinates":[[142.78568,-36.93811],[142.78571,-36.94116],[142.78583,-36.95572],[142.78578,-36.9701],[142.78574,-36.98203],[142.78573,-36.98464],[142.78568,-36.99762],[142.78564,-37.00852],[142.78564,-37.00872],[142.78574,-37.02302],[142.78573,-37.02549],[142.78574,-37.02646],[142.78573,-37.02689],[142.78567,-37.02729],[142.78559,-37.02762],[142.78547,-37.02786],[142.78529,-37.0282],[142.78505,-37.02852],[142.78464,-37.02907]]}},{"type":"Feature","properties":{"name":"Wimmera Highway","ref":"B240","highway":"primary","class":2,"kind":"arterial","surface":"asphalt"},"geometry":{"type":"LineString","coordinates":[[142.84908,-36.64591],[142.84951,-36.64622],[142.84987,-36.64653],[142.85022,-36.64687],[142.85058,-36.64727],[142.85178,-36.64857],[142.85283,-36.64969],[142.85338,-36.6503],[142.85687,-36.65442],[142.85896,-36.65692],[142.85955,-36.65755],[142.86162,-36.66],[142.86359,-36.66229],[142.86471,-36.66356],[142.86676,-36.66588]]}},{"type":"Feature","properties":{"name":"Wimmera Highway","ref":"B240","highway":"primary","class":2,"kind":"arterial","surface":"asphalt"},"geometry":{"type":"LineString","coordinates":[[142.84881,-36.64574],[142.84908,-36.64591]]}},{"type":"Feature","properties":{"name":"Horsham-Minyip Road","ref":"C236","highway":"secondary","class":3,"kind":"sub-arterial","surface":"asphalt"},"geometry":{"type":"LineString","coordinates":[[142.40029,-36.50044],[142.3999,-36.50043]]}},{"type":"Feature","properties":{"name":"Horsham-Minyip Road","ref":"C236","highway":"secondary","class":3,"kind":"sub-arterial","surface":"asphalt"},"geometry":{"type":"LineString","coordinates":[[142.3999,-36.50043],[142.39935,-36.50045],[142.39897,-36.50049],[142.39859,-36.50055],[142.39822,-36.50063],[142.39482,-36.50151],[142.39113,-36.50238],[142.39084,-36.50243],[142.39043,-36.50248],[142.39001,-36.5025],[142.38955,-36.50249],[142.37971,-36.50251],[142.35345,-36.50249],[142.34776,-36.50247],[142.34672,-36.50246],[142.34647,-36.50244],[142.34635,-36.50243],[142.3462,-36.5024],[142.34606,-36.50236],[142.34598,-36.50233]]}},{"type":"Feature","properties":{"name":"Horsham - Noradjuha Road","ref":"C214","highway":"secondary","class":3,"kind":"sub-arterial","surface":"asphalt"},"geometry":{"type":"LineString","coordinates":[[142.08435,-36.78528],[142.09948,-36.77707],[142.09957,-36.77702],[142.10428,-36.77444],[142.10473,-36.77413],[142.10514,-36.77379],[142.10529,-36.77364],[142.10988,-36.76864],[142.11016,-36.76828],[142.11033,-36.7679],[142.11042,-36.76746],[142.11046,-36.76702],[142.11041,-36.76661],[142.11032,-36.76597],[142.11025,-36.76551],[142.11023,-36.76524],[142.11029,-36.76495],[142.11045,-36.76466],[142.11135,-36.763],[142.11298,-36.76012],[142.11343,-36.75929]]}},{"type":"Feature","properties":{"name":"Horsham - Noradjuha Road","ref":"C214","highway":"secondary","class":3,"kind":"sub-arterial","surface":"asphalt"},"geometry":{"type":"LineString","coordinates":[[142.08413,-36.7854],[142.08435,-36.78528]]}},{"type":"Feature","properties":{"name":"Henty Highway","ref":"B200","highway":"primary","class":2,"kind":"arterial","surface":"asphalt"},"geometry":{"type":"LineString","coordinates":[[142.39779,-36.38328],[142.39893,-36.38287],[142.40068,-36.38222],[142.40246,-36.38063],[142.40744,-36.3733],[142.40818,-36.37212],[142.4084,-36.37151],[142.40847,-36.37095],[142.408,-36.36693],[142.40617,-36.35377],[142.40494,-36.34496],[142.40546,-36.34206],[142.40796,-36.33131],[142.41074,-36.31924],[142.41176,-36.31463],[142.41175,-36.31409],[142.41081,-36.30758],[142.41041,-36.30483]]}},{"type":"Feature","properties":{"name":"Henty Highway","ref":"B200","highway":"primary","class":2,"kind":"arterial","surface":"asphalt"},"geometry":{"type":"LineString","coordinates":[[142.39766,-36.38333],[142.39779,-36.38328]]}},{"type":"Feature","properties":{"name":"Wimmera Highway","ref":"B240","highway":"primary","class":2,"kind":"arterial","surface":"asphalt"},"geometry":{"type":"LineString","coordinates":[[142.37286,-36.62104],[142.38404,-36.62107],[142.39367,-36.62105],[142.40865,-36.62102],[142.40997,-36.62079],[142.41115,-36.62037],[142.41174,-36.62006],[142.41263,-36.61945],[142.41635,-36.6166],[142.41717,-36.61611],[142.41833,-36.61566],[142.41933,-36.61542],[142.42052,-36.61534],[142.42837,-36.61536],[142.44155,-36.61536]]}},{"type":"Feature","properties":{"name":"Wimmera Highway","ref":"B240","highway":"primary","class":2,"kind":"arterial","surface":"asphalt"},"geometry":{"type":"LineString","coordinates":[[142.37272,-36.62104],[142.37286,-36.62104]]}},{"type":"Feature","properties":{"name":"Western Highway","ref":"A8","highway":"trunk","class":1,"kind":"highway","surface":"asphalt"},"geometry":{"type":"LineString","coordinates":[[142.05791,-36.45949],[142.05743,-36.4592],[142.05724,-36.45908],[142.057,-36.45892],[142.05682,-36.4588],[142.05646,-36.45852],[142.05636,-36.45844],[142.05618,-36.45831],[142.05615,-36.45828],[142.05605,-36.4582],[142.05597,-36.45813],[142.05562,-36.4578],[142.05532,-36.45749],[142.05517,-36.45733],[142.05498,-36.45711],[142.05477,-36.45685],[142.05443,-36.45637],[142.05427,-36.4561]]}},{"type":"Feature","properties":{"name":"Western Highway","ref":"A8","highway":"trunk","class":1,"kind":"highway","surface":"asphalt"},"geometry":{"type":"LineString","coordinates":[[142.09433,-36.4826],[142.09769,-36.48525],[142.09875,-36.48641],[142.09926,-36.48728],[142.09962,-36.48821],[142.09977,-36.48899],[142.09982,-36.49027],[142.09987,-36.49733],[142.09991,-36.50158],[142.10008,-36.50236],[142.1005,-36.50322],[142.101,-36.50391],[142.10266,-36.50559],[142.10324,-36.50627],[142.10379,-36.50726],[142.10405,-36.50818],[142.10415,-36.509]]}},{"type":"Feature","properties":{"name":"Stawell - Warracknabeal Road","ref":"B210","highway":"primary","class":2,"kind":"arterial","surface":"asphalt"},"geometry":{"type":"LineString","coordinates":[[142.6609,-36.99095],[142.66104,-36.99123],[142.66111,-36.99146],[142.66119,-36.99178],[142.66121,-36.99187],[142.66119,-36.99197]]}},{"type":"Feature","properties":{"name":"Stawell - Warracknabeal Road","ref":"B210","highway":"primary","class":2,"kind":"arterial","surface":"asphalt"},"geometry":{"type":"LineString","coordinates":[[142.66119,-36.99197],[142.66109,-36.99174],[142.66105,-36.99161],[142.66103,-36.99151],[142.66097,-36.99122],[142.6609,-36.99095]]}},{"type":"Feature","properties":{"name":"London Road","ref":"C238","highway":"secondary","class":3,"kind":"sub-arterial","surface":"asphalt"},"geometry":{"type":"LineString","coordinates":[[142.78892,-37.09035],[142.7889,-37.0907],[142.78886,-37.09079],[142.78877,-37.09087],[142.7887,-37.0909]]}},{"type":"Feature","properties":{"name":"Wimmera Highway","ref":"B240","highway":"primary","class":2,"kind":"arterial","surface":"asphalt"},"geometry":{"type":"LineString","coordinates":[[142.26005,-36.63835],[142.25995,-36.6384],[142.25975,-36.63853],[142.25966,-36.63858],[142.25956,-36.6386],[142.25951,-36.6386],[142.25943,-36.6386]]}},{"type":"Feature","properties":{"name":"Wimmera Highway","ref":"B240","highway":"primary","class":2,"kind":"arterial","surface":"asphalt"},"geometry":{"type":"LineString","coordinates":[[142.26094,-36.63791],[142.26235,-36.63749],[142.26444,-36.63685],[142.27297,-36.63421],[142.27631,-36.63322],[142.27748,-36.63288],[142.27795,-36.63283],[142.27853,-36.63277],[142.29359,-36.63271],[142.30305,-36.63267],[142.3052,-36.63267]]}},{"type":"Feature","properties":{"name":"Wimmera Highway","ref":"B240","highway":"primary","class":2,"kind":"arterial","surface":"asphalt"},"geometry":{"type":"LineString","coordinates":[[142.63068,-36.62573],[142.6306,-36.62567],[142.63053,-36.62562],[142.6304,-36.62558],[142.63024,-36.62554]]}},{"type":"Feature","properties":{"name":"Wimmera Highway","ref":"B240","highway":"primary","class":2,"kind":"arterial","surface":"asphalt"},"geometry":{"type":"LineString","coordinates":[[142.63024,-36.62554],[142.63035,-36.62554],[142.63047,-36.62555],[142.63057,-36.62555],[142.63064,-36.62555]]}},{"type":"Feature","properties":{"name":"Donald-Murtoa Road","ref":"C237","highway":"secondary","class":3,"kind":"sub-arterial","surface":"asphalt"},"geometry":{"type":"LineString","coordinates":[[142.46648,-36.61146],[142.46644,-36.61163],[142.46641,-36.61252],[142.46639,-36.61319],[142.46639,-36.61382],[142.46639,-36.61386],[142.46639,-36.6139],[142.46639,-36.61395]]}},{"type":"Feature","properties":{"name":"Donald-Murtoa Road","ref":"C237","highway":"secondary","class":3,"kind":"sub-arterial","surface":"asphalt"},"geometry":{"type":"LineString","coordinates":[[142.46822,-36.59348],[142.46812,-36.60073],[142.46809,-36.60274],[142.46803,-36.60729],[142.46802,-36.60768],[142.46798,-36.60792],[142.46792,-36.60815],[142.46785,-36.60832],[142.46773,-36.60864],[142.46772,-36.60868],[142.4676,-36.60894],[142.46708,-36.61001],[142.46708,-36.61003],[142.46676,-36.61069],[142.46654,-36.61125],[142.46654,-36.61126],[142.46648,-36.61143],[142.46648,-36.61146]]}},{"type":"Feature","properties":{"name":"Donald-Murtoa Road","ref":"C237","highway":"secondary","class":3,"kind":"sub-arterial","surface":"asphalt"},"geometry":{"type":"LineString","coordinates":[[142.46639,-36.61395],[142.46637,-36.61474],[142.46637,-36.61475]]}},{"type":"Feature","properties":{"name":"Donald-Murtoa Road","ref":"C237","highway":"secondary","class":3,"kind":"sub-arterial","surface":"asphalt"},"geometry":{"type":"LineString","coordinates":[[142.46637,-36.61475],[142.46639,-36.61492],[142.46639,-36.61501],[142.46632,-36.61512]]}},{"type":"Feature","properties":{"name":"Donald-Murtoa Road","ref":"C237","highway":"secondary","class":3,"kind":"sub-arterial","surface":"asphalt"},"geometry":{"type":"LineString","coordinates":[[142.46626,-36.6151],[142.46631,-36.615],[142.46636,-36.61484],[142.46637,-36.61475]]}},{"type":"Feature","properties":{"name":"","ref":"","highway":"primary","class":2,"kind":"arterial","surface":"asphalt"},"geometry":{"type":"LineString","coordinates":[[142.46988,-36.62013],[142.46988,-36.62023]]}},{"type":"Feature","properties":{"name":"Wartook Road","ref":"C228","highway":"secondary","class":3,"kind":"sub-arterial","surface":"asphalt"},"geometry":{"type":"LineString","coordinates":[[142.41651,-37.11044],[142.41665,-37.11033]]}},{"type":"Feature","properties":{"name":"Wartook Road","ref":"C228","highway":"secondary","class":3,"kind":"sub-arterial","surface":"asphalt"},"geometry":{"type":"LineString","coordinates":[[142.41466,-37.11279],[142.41467,-37.11272],[142.41498,-37.11113],[142.41513,-37.11091],[142.41538,-37.11079],[142.41581,-37.11068],[142.41615,-37.11062],[142.41634,-37.11054],[142.41651,-37.11044]]}},{"type":"Feature","properties":{"name":"Grampians Road","ref":"C216","highway":"secondary","class":3,"kind":"sub-arterial","surface":"paved"},"geometry":{"type":"LineString","coordinates":[[142.565,-37.11615],[142.55862,-37.11922],[142.5559,-37.12042],[142.55307,-37.12185],[142.55019,-37.12323],[142.54993,-37.12336],[142.54831,-37.12416],[142.54658,-37.125],[142.54545,-37.12552],[142.54524,-37.12562],[142.54401,-37.12621],[142.54277,-37.12686],[142.54166,-37.12741],[142.54066,-37.12785],[142.54044,-37.12795]]}},{"type":"Feature","properties":{"name":"Grampians Road","ref":"C216","highway":"secondary","class":3,"kind":"sub-arterial","surface":"paved"},"geometry":{"type":"LineString","coordinates":[[142.56505,-37.11612],[142.565,-37.11615]]}},{"type":"Feature","properties":{"name":"Grampians Road","ref":"C216","highway":"secondary","class":3,"kind":"sub-arterial","surface":"asphalt"},"geometry":{"type":"LineString","coordinates":[[142.60438,-37.09407],[142.60433,-37.0941]]}},{"type":"Feature","properties":{"name":"Grampians Road","ref":"C216","highway":"secondary","class":3,"kind":"sub-arterial","surface":"asphalt"},"geometry":{"type":"LineString","coordinates":[[142.60433,-37.0941],[142.60353,-37.09457],[142.60007,-37.09674],[142.58159,-37.10794],[142.58131,-37.10812],[142.56505,-37.11612]]}},{"type":"Feature","properties":{"name":"Western Highway","ref":"A8","highway":"trunk","class":1,"kind":"highway","surface":"asphalt"},"geometry":{"type":"LineString","coordinates":[[142.05638,-36.45837],[142.05643,-36.45841],[142.05645,-36.45843],[142.05662,-36.45856],[142.0568,-36.4587],[142.05708,-36.4589],[142.05763,-36.45925],[142.05823,-36.45959],[142.05856,-36.45979],[142.05898,-36.46003]]}},{"type":"Feature","properties":{"name":"Western Highway","ref":"A8","highway":"trunk","class":1,"kind":"highway","surface":"asphalt"},"geometry":{"type":"LineString","coordinates":[[142.0205,-36.43634],[142.01978,-36.43628]]}},{"type":"Feature","properties":{"name":"Western Highway","ref":"A8","highway":"trunk","class":1,"kind":"highway","surface":"asphalt"},"geometry":{"type":"LineString","coordinates":[[142.05898,-36.46003],[142.05832,-36.45971],[142.05812,-36.45961],[142.05791,-36.45949]]}},{"type":"Feature","properties":{"name":"Nhill - Harrow Road","ref":"C206","highway":"secondary","class":3,"kind":"sub-arterial","surface":"asphalt"},"geometry":{"type":"LineString","coordinates":[[141.65223,-36.87719],[141.64881,-36.88836],[141.64272,-36.90686],[141.63782,-36.92267],[141.63645,-36.92771],[141.63181,-36.93941],[141.62852,-36.94889],[141.62647,-36.95621],[141.62282,-36.96752],[141.61428,-36.9783],[141.60879,-36.98765],[141.60686,-36.99139],[141.60474,-37.00349],[141.60296,-37.02078],[141.59918,-37.05937]]}},{"type":"Feature","properties":{"name":"Baillie Street","ref":"A8","highway":"trunk","class":1,"kind":"highway","surface":"asphalt"},"geometry":{"type":"LineString","coordinates":[[142.19976,-36.71182],[142.19965,-36.71181],[142.19928,-36.71181],[142.19919,-36.7118],[142.19909,-36.7118],[142.19898,-36.71179],[142.1989,-36.71177],[142.19883,-36.71175],[142.19874,-36.71172]]}},{"type":"Feature","properties":{"name":"Baillie Street","ref":"A8","highway":"trunk","class":1,"kind":"highway","surface":"asphalt"},"geometry":{"type":"LineString","coordinates":[[142.19858,-36.71155],[142.19864,-36.71158],[142.19871,-36.71161],[142.19881,-36.71165],[142.19892,-36.71167],[142.19903,-36.71169],[142.19913,-36.7117],[142.19926,-36.7117],[142.19951,-36.7117],[142.19966,-36.71171]]}},{"type":"Feature","properties":{"name":"Baillie Street","ref":"A8","highway":"trunk","class":1,"kind":"highway","surface":"asphalt"},"geometry":{"type":"LineString","coordinates":[[142.20324,-36.71169],[142.2047,-36.71169],[142.20483,-36.71169]]}},{"type":"Feature","properties":{"name":"Baillie Street","ref":"A8","highway":"trunk","class":1,"kind":"highway","surface":"asphalt"},"geometry":{"type":"LineString","coordinates":[[142.20447,-36.7118],[142.20324,-36.7118],[142.20251,-36.7118],[142.20235,-36.7118]]}},{"type":"Feature","properties":{"name":"Henty Highway","ref":"B200;B240","highway":"primary","class":2,"kind":"arterial","surface":"asphalt"},"geometry":{"type":"LineString","coordinates":[[142.25943,-36.6386],[142.25944,-36.63857],[142.25946,-36.63851]]}},{"type":"Feature","properties":{"name":"Stawell - Warracknabeal Road","ref":"B210;B240","highway":"primary","class":2,"kind":"arterial","surface":"asphalt"},"geometry":{"type":"LineString","coordinates":[[142.63064,-36.62555],[142.63068,-36.62573]]}},{"type":"Feature","properties":{"name":"Murtoa - Glenorchy Road","ref":"C237","highway":"secondary","class":3,"kind":"sub-arterial","surface":"asphalt"},"geometry":{"type":"LineString","coordinates":[[142.46392,-36.64303],[142.46502,-36.63792],[142.46574,-36.63453],[142.46637,-36.63182],[142.46645,-36.63145],[142.46669,-36.63009],[142.46676,-36.62948],[142.46679,-36.6289],[142.46673,-36.62488]]}},{"type":"Feature","properties":{"name":"Murtoa - Glenorchy Road","ref":"C237","highway":"secondary","class":3,"kind":"sub-arterial","surface":"asphalt"},"geometry":{"type":"LineString","coordinates":[[142.4639,-36.64312],[142.46391,-36.64309],[142.46392,-36.64303]]}},{"type":"Feature","properties":{"name":"Wimmera Highway","ref":"B240","highway":"primary","class":2,"kind":"arterial","surface":"asphalt"},"geometry":{"type":"LineString","coordinates":[[142.4967,-36.62173],[142.50426,-36.6221],[142.51416,-36.62212],[142.51716,-36.62262],[142.52002,-36.6231],[142.53853,-36.62319],[142.54982,-36.62343],[142.55391,-36.62502],[142.55699,-36.62559],[142.5754,-36.62558],[142.58488,-36.62557],[142.60302,-36.62556],[142.62144,-36.62555],[142.62603,-36.62555]]}},{"type":"Feature","properties":{"name":"Wimmera Highway","ref":"B240","highway":"primary","class":2,"kind":"arterial","surface":"asphalt"},"geometry":{"type":"LineString","coordinates":[[142.49661,-36.62173],[142.49664,-36.62173],[142.4967,-36.62173]]}},{"type":"Feature","properties":{"name":"Murtoa - Glenorchy Road","ref":"C237","highway":"secondary","class":3,"kind":"sub-arterial","surface":"asphalt"},"geometry":{"type":"LineString","coordinates":[[142.46823,-36.65289],[142.46808,-36.65272]]}},{"type":"Feature","properties":{"name":"Murtoa - Glenorchy Road","ref":"C237","highway":"secondary","class":3,"kind":"sub-arterial","surface":"asphalt"},"geometry":{"type":"LineString","coordinates":[[142.46808,-36.65272],[142.46738,-36.65192],[142.4664,-36.65069],[142.46433,-36.64807],[142.46417,-36.64782],[142.46399,-36.6475],[142.46383,-36.64716],[142.4637,-36.64686],[142.4636,-36.64656],[142.46357,-36.6464],[142.46354,-36.64624],[142.46351,-36.64591],[142.4635,-36.64562],[142.46351,-36.64522],[142.46358,-36.64462],[142.4639,-36.64312]]}},{"type":"Feature","properties":{"name":"Natimuk - Hamilton Road","ref":"C214","highway":"secondary","class":3,"kind":"sub-arterial","surface":"asphalt"},"geometry":{"type":"LineString","coordinates":[[141.93996,-36.95887],[141.93896,-36.9658],[141.93785,-36.97296],[141.93702,-36.97843],[141.93634,-36.98288],[141.93602,-36.98492],[141.93574,-36.98678]]}},{"type":"Feature","properties":{"name":"Natimuk - Hamilton Road","ref":"C214","highway":"secondary","class":3,"kind":"sub-arterial","surface":"asphalt"},"geometry":{"type":"LineString","coordinates":[[141.94,-36.95861],[141.93996,-36.95887]]}},{"type":"Feature","properties":{"name":"Dimboola Road","ref":"A8","highway":"trunk","class":1,"kind":"highway","surface":"asphalt"},"geometry":{"type":"LineString","coordinates":[[142.19755,-36.71102],[142.19769,-36.71109],[142.19809,-36.71129],[142.19834,-36.71142],[142.19846,-36.71148],[142.19858,-36.71155]]}},{"type":"Feature","properties":{"name":"Dimboola Road","ref":"A8","highway":"trunk","class":1,"kind":"highway","surface":"asphalt"},"geometry":{"type":"LineString","coordinates":[[142.19626,-36.71046],[142.19607,-36.71038],[142.19583,-36.71028],[142.19568,-36.71021],[142.19561,-36.71018],[142.19558,-36.71016],[142.19547,-36.71011],[142.19537,-36.71006],[142.19522,-36.70999],[142.19511,-36.70994],[142.19505,-36.70991],[142.19499,-36.70988],[142.19483,-36.70981],[142.19466,-36.70973]]}},{"type":"Feature","properties":{"name":"Main Street","ref":"B240","highway":"primary","class":2,"kind":"arterial","surface":"asphalt"},"geometry":{"type":"LineString","coordinates":[[141.94489,-36.74048],[141.94398,-36.74088],[141.94347,-36.7411]]}},{"type":"Feature","properties":{"name":"Main Street","ref":"B240","highway":"primary","class":2,"kind":"arterial","surface":"asphalt"},"geometry":{"type":"LineString","coordinates":[[141.93951,-36.74285],[141.93917,-36.74301],[141.9373,-36.74381],[141.93698,-36.74396],[141.93631,-36.74422],[141.93583,-36.74438],[141.93568,-36.74442],[141.93424,-36.74475]]}},{"type":"Feature","properties":{"name":"Main Street","ref":"B240","highway":"primary","class":2,"kind":"arterial","surface":"asphalt"},"geometry":{"type":"LineString","coordinates":[[141.94326,-36.74118],[141.94316,-36.74123]]}},{"type":"Feature","properties":{"name":"Main Street","ref":"B240","highway":"primary","class":2,"kind":"arterial","surface":"asphalt"},"geometry":{"type":"LineString","coordinates":[[141.94347,-36.7411],[141.94326,-36.74118]]}},{"type":"Feature","properties":{"name":"Main Street","ref":"B240","highway":"primary","class":2,"kind":"arterial","surface":"asphalt"},"geometry":{"type":"LineString","coordinates":[[141.94316,-36.74123],[141.94219,-36.74167],[141.94137,-36.74202],[141.94019,-36.74253],[141.93951,-36.74285]]}},{"type":"Feature","properties":{"name":"Main Street","ref":"B240","highway":"primary","class":2,"kind":"arterial","surface":"asphalt"},"geometry":{"type":"LineString","coordinates":[[141.94533,-36.74028],[141.94489,-36.74048]]}},{"type":"Feature","properties":{"name":"Horsham Road","ref":"A8","highway":"trunk","class":1,"kind":"highway","surface":"asphalt"},"geometry":{"type":"LineString","coordinates":[[142.75576,-37.05953],[142.75559,-37.05943],[142.75555,-37.0594],[142.75438,-37.05871]]}},{"type":"Feature","properties":{"name":"Ararat Road","ref":"A8","highway":"trunk","class":1,"kind":"highway","surface":"asphalt"},"geometry":{"type":"LineString","coordinates":[[142.77446,-37.07471],[142.77437,-37.07459],[142.77384,-37.07389]]}},{"type":"Feature","properties":{"name":"Ararat Road","ref":"A8","highway":"trunk","class":1,"kind":"highway","surface":"asphalt"},"geometry":{"type":"LineString","coordinates":[[142.77703,-37.07802],[142.77686,-37.07783],[142.77568,-37.0763],[142.77446,-37.07471]]}},{"type":"Feature","properties":{"name":"Wimmera Highway","ref":"B240","highway":"primary","class":2,"kind":"arterial","surface":"asphalt"},"geometry":{"type":"LineString","coordinates":[[142.48404,-36.6202],[142.48445,-36.62025],[142.48485,-36.62031],[142.48531,-36.62043],[142.4858,-36.62058],[142.48658,-36.62088],[142.48668,-36.62091],[142.48691,-36.621],[142.48756,-36.62123],[142.48824,-36.62145],[142.48896,-36.62162],[142.48978,-36.62169],[142.49064,-36.6217]]}},{"type":"Feature","properties":{"name":"Henty Highway","ref":"B200;B240","highway":"primary","class":2,"kind":"arterial","surface":"asphalt"},"geometry":{"type":"LineString","coordinates":[[142.25929,-36.64017],[142.25926,-36.63999],[142.25926,-36.63968],[142.25929,-36.63945],[142.25934,-36.63912],[142.25937,-36.6389],[142.25941,-36.63869],[142.25943,-36.6386]]}},{"type":"Feature","properties":{"name":"Grampians Road","ref":"C216","highway":"secondary","class":3,"kind":"sub-arterial","surface":"asphalt"},"geometry":{"type":"LineString","coordinates":[[142.61838,-37.0935],[142.61696,-37.09348],[142.61565,-37.09345],[142.6073,-37.09335],[142.60653,-37.09341],[142.60631,-37.09342],[142.60573,-37.09351],[142.60542,-37.09361],[142.60523,-37.09368],[142.6048,-37.09383],[142.60438,-37.09407]]}},{"type":"Feature","properties":{"name":"Grampians Road","ref":"C216","highway":"secondary","class":3,"kind":"sub-arterial","surface":"paved"},"geometry":{"type":"LineString","coordinates":[[142.619,-37.09351],[142.61838,-37.0935]]}},{"type":"Feature","properties":{"name":"Wimmera Highway","ref":"B240","highway":"primary","class":2,"kind":"arterial","surface":"asphalt"},"geometry":{"type":"LineString","coordinates":[[142.3052,-36.63267],[142.30865,-36.63266],[142.31133,-36.63266],[142.31204,-36.63265]]}},{"type":"Feature","properties":{"name":"Wimmera Highway","ref":"B240","highway":"primary","class":2,"kind":"arterial","surface":"asphalt"},"geometry":{"type":"LineString","coordinates":[[142.31204,-36.63265],[142.32127,-36.63249],[142.33154,-36.6325],[142.3373,-36.63251],[142.34464,-36.63251],[142.34547,-36.63246],[142.34636,-36.63229],[142.347,-36.63209],[142.34771,-36.6318],[142.34826,-36.63152],[142.34894,-36.63109],[142.3548,-36.62667],[142.35859,-36.62374],[142.36009,-36.62261],[142.36063,-36.62222],[142.36119,-36.62186],[142.36172,-36.62158],[142.36246,-36.6213],[142.3632,-36.62114],[142.36382,-36.62106],[142.36485,-36.62103],[142.37272,-36.62104]]}},{"type":"Feature","properties":{"name":"Comyn Street","ref":"B240","highway":"primary","class":2,"kind":"arterial","surface":"asphalt"},"geometry":{"type":"LineString","coordinates":[[142.45647,-36.61498],[142.45732,-36.61496],[142.45969,-36.61497]]}},{"type":"Feature","properties":{"name":"Comyn Street","ref":"B240","highway":"primary","class":2,"kind":"arterial","surface":"asphalt"},"geometry":{"type":"LineString","coordinates":[[142.46374,-36.61498],[142.46405,-36.61498],[142.46463,-36.61498],[142.46483,-36.61498],[142.46535,-36.61499],[142.46577,-36.61502],[142.46618,-36.61508],[142.46626,-36.6151]]}},{"type":"Feature","properties":{"name":"Patrick Street","ref":"C238","highway":"secondary","class":3,"kind":"sub-arterial","surface":"asphalt"},"geometry":{"type":"LineString","coordinates":[[142.79143,-37.06538],[142.79141,-37.06532],[142.79139,-37.06527],[142.7913,-37.06513],[142.79096,-37.06469]]}},{"type":"Feature","properties":{"name":"Donald - Stawell Road","ref":"C238","highway":"secondary","class":3,"kind":"sub-arterial","surface":"asphalt"},"geometry":{"type":"LineString","coordinates":[[142.86757,-36.70979],[142.86742,-36.72573],[142.86686,-36.72702],[142.86584,-36.72787],[142.86436,-36.72838],[142.81737,-36.72845],[142.81558,-36.72865],[142.81424,-36.72935],[142.81341,-36.73035],[142.81311,-36.73159],[142.81298,-36.75943],[142.81164,-36.76086],[142.80928,-36.76137]]}},{"type":"Feature","properties":{"name":"McPherson Street","ref":"A8;A200;B240","highway":"trunk","class":1,"kind":"highway","surface":"asphalt"},"geometry":{"type":"LineString","coordinates":[[142.20493,-36.71666],[142.20492,-36.71657]]}},{"type":"Feature","properties":{"name":"McPherson Street","ref":"A8;A200","highway":"trunk","class":1,"kind":"highway","surface":"asphalt"},"geometry":{"type":"LineString","coordinates":[[142.20498,-36.722],[142.20498,-36.72143],[142.20497,-36.72085],[142.20497,-36.72054],[142.20496,-36.72026],[142.20496,-36.71965],[142.20495,-36.71868]]}},{"type":"Feature","properties":{"name":"McPherson Street","ref":"A8;A200;B240","highway":"trunk","class":1,"kind":"highway","surface":"asphalt"},"geometry":{"type":"LineString","coordinates":[[142.20494,-36.71169],[142.20494,-36.71181]]}},{"type":"Feature","properties":{"name":"Baillie Street","ref":"A8;B200;B240","highway":"trunk","class":1,"kind":"highway","surface":"asphalt"},"geometry":{"type":"LineString","coordinates":[[142.20483,-36.71169],[142.20494,-36.71169]]}},{"type":"Feature","properties":{"name":"Baillie Street","ref":"A8","highway":"trunk","class":1,"kind":"highway","surface":"asphalt"},"geometry":{"type":"LineString","coordinates":[[142.20494,-36.71181],[142.20483,-36.7118]]}},{"type":"Feature","properties":{"name":"Henty Highway","ref":"A200","highway":"trunk","class":1,"kind":"highway","surface":"asphalt"},"geometry":{"type":"LineString","coordinates":[[142.17739,-36.77862],[142.17782,-36.77833],[142.17839,-36.77792],[142.17894,-36.77754],[142.17907,-36.77745],[142.17954,-36.77708],[142.17991,-36.77673],[142.18037,-36.77616],[142.18155,-36.77452],[142.18186,-36.774],[142.18372,-36.77118],[142.18615,-36.76761],[142.18693,-36.76646],[142.19028,-36.76154]]}},{"type":"Feature","properties":{"name":"Henty Highway","ref":"A200","highway":"trunk","class":1,"kind":"highway","surface":"asphalt"},"geometry":{"type":"LineString","coordinates":[[142.17699,-36.77889],[142.17739,-36.77862]]}},{"type":"Feature","properties":{"name":"Scallan Street","ref":"C221;C238","highway":"secondary","class":3,"kind":"sub-arterial","surface":"paved"},"geometry":{"type":"LineString","coordinates":[[142.78087,-37.05458],[142.78091,-37.05456],[142.78108,-37.05443],[142.78128,-37.05428],[142.78137,-37.05422]]}},{"type":"Feature","properties":{"name":"Ararat - Stawell Road","ref":"C238","highway":"secondary","class":3,"kind":"sub-arterial","surface":"asphalt"},"geometry":{"type":"LineString","coordinates":[[142.78233,-37.05356],[142.78227,-37.05354]]}},{"type":"Feature","properties":{"name":"Byrne Street","ref":"C221;C238","highway":"secondary","class":3,"kind":"sub-arterial","surface":"asphalt"},"geometry":{"type":"LineString","coordinates":[[142.78233,-37.05356],[142.78209,-37.05372],[142.78196,-37.0538]]}},{"type":"Feature","properties":{"name":"Byrne Street","ref":"C221","highway":"secondary","class":3,"kind":"sub-arterial","surface":"asphalt"},"geometry":{"type":"LineString","coordinates":[[142.78238,-37.05345],[142.78248,-37.05339],[142.78262,-37.05331]]}},{"type":"Feature","properties":{"name":"Comyn Street","ref":"B240;C237","highway":"primary","class":2,"kind":"arterial","surface":"asphalt"},"geometry":{"type":"LineString","coordinates":[[142.46632,-36.61512],[142.46653,-36.61523]]}},{"type":"Feature","properties":{"name":"Comyn Street","ref":"B240;C237","highway":"primary","class":2,"kind":"arterial","surface":"asphalt"},"geometry":{"type":"LineString","coordinates":[[142.46632,-36.61512],[142.46626,-36.6151]]}},{"type":"Feature","properties":{"name":"Western Highway","ref":"A8","highway":"trunk","class":1,"kind":"highway","surface":"asphalt"},"geometry":{"type":"LineString","coordinates":[[142.05427,-36.4561],[142.05302,-36.45421],[142.05226,-36.45299],[142.05123,-36.45151]]}},{"type":"Feature","properties":{"name":"Kalkee Road","ref":"C221","highway":"secondary","class":3,"kind":"sub-arterial","surface":"asphalt"},"geometry":{"type":"LineString","coordinates":[[142.20125,-36.70652],[142.20118,-36.70646],[142.20115,-36.70643]]}},{"type":"Feature","properties":{"name":"Kalkee Road","ref":"C221","highway":"secondary","class":3,"kind":"sub-arterial","surface":"asphalt"},"geometry":{"type":"LineString","coordinates":[[142.20202,-36.70708],[142.20195,-36.70702],[142.20187,-36.70696],[142.20181,-36.70691],[142.20166,-36.70681],[142.20148,-36.70669],[142.20135,-36.7066],[142.20125,-36.70652]]}},{"type":"Feature","properties":{"name":"Dimboola Road","ref":"A8","highway":"trunk","class":1,"kind":"highway","surface":"asphalt"},"geometry":{"type":"LineString","coordinates":[[142.19732,-36.71089],[142.19755,-36.71102]]}},{"type":"Feature","properties":{"name":"Dimboola Road","ref":"A8","highway":"trunk","class":1,"kind":"highway","surface":"asphalt"},"geometry":{"type":"LineString","coordinates":[[142.19708,-36.71076],[142.19732,-36.71089]]}},{"type":"Feature","properties":{"name":"Dimboola Road","ref":"A8","highway":"trunk","class":1,"kind":"highway","surface":"asphalt"},"geometry":{"type":"LineString","coordinates":[[142.19728,-36.71095],[142.19704,-36.71083]]}},{"type":"Feature","properties":{"name":"McPherson Street","ref":"A200;B240","highway":"trunk","class":1,"kind":"highway","surface":"asphalt"},"geometry":{"type":"LineString","coordinates":[[142.20483,-36.7118],[142.20483,-36.71169]]}},{"type":"Feature","properties":{"name":"Baillie Street","ref":"A8","highway":"trunk","class":1,"kind":"highway","surface":"asphalt"},"geometry":{"type":"LineString","coordinates":[[142.20483,-36.7118],[142.20447,-36.7118]]}},{"type":"Feature","properties":{"name":"Baillie Street","ref":"A8","highway":"trunk","class":1,"kind":"highway","surface":"asphalt"},"geometry":{"type":"LineString","coordinates":[[142.20235,-36.7118],[142.20221,-36.7118]]}},{"type":"Feature","properties":{"name":"Baillie Street","ref":"A8","highway":"trunk","class":1,"kind":"highway","surface":"asphalt"},"geometry":{"type":"LineString","coordinates":[[142.20221,-36.7117],[142.20235,-36.7117]]}},{"type":"Feature","properties":{"name":"Cromie Street","ref":"B210;B240","highway":"primary","class":2,"kind":"arterial","surface":"asphalt"},"geometry":{"type":"LineString","coordinates":[[142.63104,-36.6281],[142.63104,-36.62813],[142.63105,-36.62819],[142.63109,-36.62826],[142.63111,-36.62831],[142.63115,-36.62836],[142.63122,-36.62847]]}},{"type":"Feature","properties":{"name":"Cromie Street","ref":"B210;B240","highway":"primary","class":2,"kind":"arterial","surface":"asphalt"},"geometry":{"type":"LineString","coordinates":[[142.63098,-36.62779],[142.63101,-36.62795],[142.63104,-36.6281]]}},{"type":"Feature","properties":{"name":"Dimboola Road","ref":"A8","highway":"trunk","class":1,"kind":"highway","surface":"asphalt"},"geometry":{"type":"LineString","coordinates":[[142.1921,-36.70849],[142.19182,-36.70836],[142.19169,-36.7083],[142.19163,-36.70827]]}},{"type":"Feature","properties":{"name":"Dimboola Road","ref":"A8","highway":"trunk","class":1,"kind":"highway","surface":"asphalt"},"geometry":{"type":"LineString","coordinates":[[142.19271,-36.70878],[142.19262,-36.70874]]}},{"type":"Feature","properties":{"name":"Dimboola Road","ref":"A8","highway":"trunk","class":1,"kind":"highway","surface":"asphalt"},"geometry":{"type":"LineString","coordinates":[[142.19268,-36.70866],[142.19277,-36.70871]]}},{"type":"Feature","properties":{"name":"Dimboola Road","ref":"A8","highway":"trunk","class":1,"kind":"highway","surface":"asphalt"},"geometry":{"type":"LineString","coordinates":[[142.18989,-36.70738],[142.19001,-36.70743],[142.19047,-36.70762],[142.19099,-36.70786],[142.19159,-36.70815]]}},{"type":"Feature","properties":{"name":"Dimboola Road","ref":"A8","highway":"trunk","class":1,"kind":"highway","surface":"asphalt"},"geometry":{"type":"LineString","coordinates":[[142.19153,-36.70822],[142.191,-36.70798],[142.19083,-36.70791],[142.18996,-36.70752],[142.18983,-36.70746]]}},{"type":"Feature","properties":{"name":"Dimboola Road","ref":"A8","highway":"trunk","class":1,"kind":"highway","surface":"asphalt"},"geometry":{"type":"LineString","coordinates":[[142.19163,-36.70827],[142.19153,-36.70822]]}},{"type":"Feature","properties":{"name":"Dimboola Road","ref":"A8","highway":"trunk","class":1,"kind":"highway","surface":"asphalt"},"geometry":{"type":"LineString","coordinates":[[142.19169,-36.70819],[142.19175,-36.70822],[142.19216,-36.70842]]}},{"type":"Feature","properties":{"name":"Dimboola Road","ref":"A8","highway":"trunk","class":1,"kind":"highway","surface":"asphalt"},"geometry":{"type":"LineString","coordinates":[[142.19159,-36.70815],[142.19169,-36.70819]]}},{"type":"Feature","properties":{"name":"Dimboola Road","ref":"A8","highway":"trunk","class":1,"kind":"highway","surface":"asphalt"},"geometry":{"type":"LineString","coordinates":[[142.19262,-36.70874],[142.1921,-36.70849]]}},{"type":"Feature","properties":{"name":"Dimboola Road","ref":"A8","highway":"trunk","class":1,"kind":"highway","surface":"asphalt"},"geometry":{"type":"LineString","coordinates":[[142.19216,-36.70842],[142.19268,-36.70866]]}},{"type":"Feature","properties":{"name":"Wimmera Highway","ref":"B240","highway":"primary","class":2,"kind":"arterial","surface":"asphalt"},"geometry":{"type":"LineString","coordinates":[[142.26094,-36.63791],[142.26048,-36.63812]]}},{"type":"Feature","properties":{"name":"Wimmera Highway","ref":"B240","highway":"primary","class":2,"kind":"arterial","surface":"asphalt"},"geometry":{"type":"LineString","coordinates":[[142.26051,-36.63804],[142.26094,-36.63791]]}},{"type":"Feature","properties":{"name":"Main Street","ref":"A8","highway":"trunk","class":1,"kind":"highway","surface":"asphalt"},"geometry":{"type":"LineString","coordinates":[[142.84625,-37.14752],[142.84366,-37.14614]]}},{"type":"Feature","properties":{"name":"Nhill Road","ref":"C227","highway":"secondary","class":3,"kind":"sub-arterial","surface":"asphalt"},"geometry":{"type":"LineString","coordinates":[[142.02181,-36.44665],[142.02161,-36.44633],[142.02045,-36.4446],[142.0194,-36.44297],[142.01886,-36.44214],[142.01844,-36.44143],[142.0183,-36.44114]]}},{"type":"Feature","properties":{"name":"Mount Victory Road","ref":"C222","highway":"secondary","class":3,"kind":"sub-arterial","surface":"asphalt"},"geometry":{"type":"LineString","coordinates":[[142.36492,-37.06487],[142.36572,-37.06581],[142.36699,-37.06716],[142.36742,-37.06765],[142.36767,-37.06802],[142.36786,-37.06837],[142.36801,-37.0689],[142.36829,-37.0711],[142.36826,-37.07154],[142.36818,-37.07193],[142.36807,-37.0723],[142.36782,-37.07273],[142.36688,-37.07388],[142.36662,-37.07426],[142.36644,-37.07458],[142.36632,-37.07503],[142.36622,-37.07592],[142.36625,-37.07642],[142.36631,-37.07672],[142.36658,-37.07764]]}},{"type":"Feature","properties":{"name":"Northern Grampians Road","ref":"C793","highway":"secondary","class":3,"kind":"sub-arterial","surface":"paved"},"geometry":{"type":"LineString","coordinates":[[142.32234,-36.8838],[142.32215,-36.88379],[142.322,-36.88379],[142.32192,-36.88372],[142.32188,-36.88364],[142.32186,-36.88337],[142.32179,-36.88312],[142.32175,-36.88299],[142.32024,-36.87966],[142.31941,-36.87761],[142.31905,-36.8771],[142.31869,-36.87668],[142.31819,-36.87626],[142.31742,-36.87586],[142.31687,-36.87565],[142.31646,-36.87555]]}},{"type":"Feature","properties":{"name":"Henty Highway","ref":"A200","highway":"trunk","class":1,"kind":"highway","surface":"asphalt"},"geometry":{"type":"LineString","coordinates":[[142.20301,-36.74275],[142.2043,-36.74085],[142.20483,-36.74008],[142.20511,-36.73958],[142.20527,-36.73916],[142.20536,-36.73889],[142.2054,-36.73877]]}},{"type":"Feature","properties":{"name":"Henty Highway","ref":"A200","highway":"trunk","class":1,"kind":"highway","surface":"asphalt"},"geometry":{"type":"LineString","coordinates":[[142.19028,-36.76154],[142.19046,-36.76127],[142.19213,-36.75884],[142.1937,-36.75652],[142.19454,-36.75528],[142.19473,-36.75501],[142.19494,-36.75469],[142.19611,-36.75297]]}},{"type":"Feature","properties":{"name":"Western Highway","ref":"A8","highway":"trunk","class":1,"kind":"highway","surface":"asphalt"},"geometry":{"type":"LineString","coordinates":[[142.77799,-37.07909],[142.77703,-37.07802]]}},{"type":"Feature","properties":{"name":"Longfield Street","ref":"A8","highway":"trunk","class":1,"kind":"highway","surface":"asphalt"},"geometry":{"type":"LineString","coordinates":[[142.76717,-37.06519],[142.76677,-37.06493]]}},{"type":"Feature","properties":{"name":"Horsham Road","ref":"A8","highway":"trunk","class":1,"kind":"highway","surface":"asphalt"},"geometry":{"type":"LineString","coordinates":[[142.75806,-37.06096],[142.75791,-37.06086],[142.75789,-37.06084]]}},{"type":"Feature","properties":{"name":"Horsham Road","ref":"A8","highway":"trunk","class":1,"kind":"highway","surface":"asphalt"},"geometry":{"type":"LineString","coordinates":[[142.75576,-37.05953],[142.75607,-37.05968],[142.75639,-37.05986],[142.75678,-37.06011],[142.75685,-37.06015],[142.75729,-37.06042],[142.75741,-37.06049],[142.75747,-37.06053]]}},{"type":"Feature","properties":{"name":"Horsham Road","ref":"A8","highway":"trunk","class":1,"kind":"highway","surface":"asphalt"},"geometry":{"type":"LineString","coordinates":[[142.74575,-37.05344],[142.74157,-37.05087]]}},{"type":"Feature","properties":{"name":"Darlington Road","ref":"C238","highway":"secondary","class":3,"kind":"sub-arterial","surface":"asphalt"},"geometry":{"type":"LineString","coordinates":[[142.78055,-37.05303],[142.78054,-37.05295],[142.78057,-37.05285]]}},{"type":"Feature","properties":{"name":"Natimuk - Frances Road","ref":"C213","highway":"secondary","class":3,"kind":"sub-arterial","surface":"asphalt"},"geometry":{"type":"LineString","coordinates":[[141.46196,-36.72046],[141.4634,-36.72086],[141.46382,-36.72094],[141.46419,-36.72097],[141.46431,-36.72097]]}},{"type":"Feature","properties":{"name":"Kalkee Road","ref":"C221","highway":"secondary","class":3,"kind":"sub-arterial","surface":"asphalt"},"geometry":{"type":"LineString","coordinates":[[142.20221,-36.69696],[142.2022,-36.69738],[142.2022,-36.69754],[142.20219,-36.69766],[142.20216,-36.69777],[142.20212,-36.69787],[142.20181,-36.69872]]}},{"type":"Feature","properties":{"name":"Western Highway","ref":"A8","highway":"trunk","class":1,"kind":"highway","surface":"asphalt"},"geometry":{"type":"LineString","coordinates":[[142.22142,-36.74569],[142.21872,-36.7442],[142.21808,-36.74376],[142.21719,-36.74305],[142.21577,-36.74186]]}},{"type":"Feature","properties":{"name":"Western Highway","ref":"A8","highway":"trunk","class":1,"kind":"highway","surface":"asphalt"},"geometry":{"type":"LineString","coordinates":[[142.21577,-36.74186],[142.21444,-36.74078],[142.21409,-36.74052]]}},{"type":"Feature","properties":{"name":"Western Highway","ref":"A8","highway":"trunk","class":1,"kind":"highway","surface":"asphalt"},"geometry":{"type":"LineString","coordinates":[[142.49836,-36.91225],[142.49756,-36.91157],[142.49612,-36.91048]]}},{"type":"Feature","properties":{"name":"Comyn Street","ref":"B240","highway":"primary","class":2,"kind":"arterial","surface":"asphalt"},"geometry":{"type":"LineString","coordinates":[[142.45969,-36.61497],[142.45994,-36.61497],[142.46065,-36.61497],[142.46139,-36.61497],[142.46221,-36.61498],[142.46274,-36.61498],[142.46291,-36.61498],[142.46336,-36.61498],[142.46374,-36.61498]]}},{"type":"Feature","properties":{"name":"Wimmera Highway","ref":"B240","highway":"primary","class":2,"kind":"arterial","surface":"asphalt"},"geometry":{"type":"LineString","coordinates":[[142.48028,-36.62018],[142.48056,-36.62018],[142.48285,-36.62016],[142.48349,-36.62018],[142.4835,-36.62018],[142.48404,-36.6202]]}},{"type":"Feature","properties":{"name":"Wimmera Highway","ref":"B240","highway":"primary","class":2,"kind":"arterial","surface":"asphalt"},"geometry":{"type":"LineString","coordinates":[[142.49064,-36.6217],[142.49661,-36.62173]]}},{"type":"Feature","properties":{"name":"Wimmera Highway","ref":"B240","highway":"primary","class":2,"kind":"arterial","surface":"asphalt"},"geometry":{"type":"LineString","coordinates":[[142.62936,-36.62555],[142.62989,-36.62554],[142.62997,-36.62554],[142.63024,-36.62554]]}},{"type":"Feature","properties":{"name":"Wimmera Highway","ref":"B240","highway":"primary","class":2,"kind":"arterial","surface":"asphalt"},"geometry":{"type":"LineString","coordinates":[[142.62603,-36.62555],[142.62926,-36.62555],[142.62936,-36.62555]]}},{"type":"Feature","properties":{"name":"Wimmera Highway","ref":"B240","highway":"primary","class":2,"kind":"arterial","surface":"asphalt"},"geometry":{"type":"LineString","coordinates":[[142.63298,-36.63775],[142.63634,-36.63773],[142.64047,-36.63775],[142.64889,-36.63777],[142.65615,-36.63791],[142.65998,-36.63894],[142.6628,-36.63931],[142.68063,-36.6393],[142.70434,-36.63928],[142.73164,-36.63931],[142.74222,-36.63942],[142.76375,-36.63945],[142.78522,-36.63948],[142.80242,-36.6395],[142.81264,-36.63959]]}},{"type":"Feature","properties":{"name":"Grampians Road","ref":"C216","highway":"secondary","class":3,"kind":"sub-arterial","surface":"asphalt"},"geometry":{"type":"LineString","coordinates":[[142.51905,-37.13884],[142.51909,-37.13894],[142.51909,-37.13913],[142.51909,-37.13919],[142.51911,-37.13964],[142.51913,-37.13991],[142.51913,-37.13996],[142.51912,-37.14011],[142.51912,-37.14031],[142.51909,-37.14068],[142.51894,-37.14094]]}},{"type":"Feature","properties":{"name":"Grampians Road","ref":"C216","highway":"secondary","class":3,"kind":"sub-arterial","surface":"asphalt"},"geometry":{"type":"LineString","coordinates":[[142.51894,-37.14094],[142.51901,-37.14067],[142.51903,-37.14035],[142.51905,-37.14012],[142.51905,-37.13991],[142.51905,-37.13964]]}},{"type":"Feature","properties":{"name":"Western Highway","ref":"A8","highway":"trunk","class":1,"kind":"highway","surface":"asphalt"},"geometry":{"type":"LineString","coordinates":[[141.98339,-36.41977],[141.98301,-36.41969]]}},{"type":"Feature","properties":{"name":"Western Highway","ref":"A8","highway":"trunk","class":1,"kind":"highway","surface":"asphalt"},"geometry":{"type":"LineString","coordinates":[[141.98301,-36.41969],[141.98264,-36.41961],[141.98224,-36.4195]]}},{"type":"Feature","properties":{"name":"Mount Victory Road","ref":"C222","highway":"secondary","class":3,"kind":"sub-arterial","surface":"asphalt"},"geometry":{"type":"LineString","coordinates":[[142.50349,-37.14514],[142.50352,-37.14513],[142.50356,-37.14513],[142.50359,-37.14514],[142.50361,-37.14516]]}},{"type":"Feature","properties":{"name":"Navarre Road","ref":"C221","highway":"secondary","class":3,"kind":"sub-arterial","surface":"asphalt"},"geometry":{"type":"LineString","coordinates":[[142.78816,-37.05139],[142.78839,-37.05124],[142.78851,-37.05115],[142.78861,-37.05107],[142.78874,-37.051]]}},{"type":"Feature","properties":{"name":"Nhill - Harrow Road","ref":"C206","highway":"secondary","class":3,"kind":"sub-arterial","surface":"asphalt"},"geometry":{"type":"LineString","coordinates":[[141.61798,-36.70185],[141.61806,-36.70162],[141.61825,-36.70125],[141.6185,-36.70092],[141.6188,-36.70058],[141.61919,-36.7003],[141.61966,-36.70004],[141.6203,-36.69981],[141.62096,-36.69968],[141.62163,-36.69965]]}},{"type":"Feature","properties":{"name":"Nhill - Harrow Road","ref":"C206","highway":"secondary","class":3,"kind":"sub-arterial","surface":"asphalt"},"geometry":{"type":"LineString","coordinates":[[141.61295,-36.73407],[141.61297,-36.73391],[141.61402,-36.72765],[141.6149,-36.72185],[141.61499,-36.72124],[141.61529,-36.7193],[141.61597,-36.71483],[141.61695,-36.70842],[141.61792,-36.70201],[141.61798,-36.70185]]}},{"type":"Feature","properties":{"name":"Mount Victory Road","ref":"C222","highway":"secondary","class":3,"kind":"sub-arterial","surface":"asphalt"},"geometry":{"type":"LineString","coordinates":[[142.50361,-37.14516],[142.50363,-37.14518],[142.50363,-37.14521],[142.50363,-37.14524],[142.50361,-37.14526]]}},{"type":"Feature","properties":{"name":"Mount Victory Road","ref":"C222","highway":"secondary","class":3,"kind":"sub-arterial","surface":"asphalt"},"geometry":{"type":"LineString","coordinates":[[142.50361,-37.14526],[142.50358,-37.14528],[142.50355,-37.14529],[142.50351,-37.14529],[142.50348,-37.14528],[142.50346,-37.14526]]}},{"type":"Feature","properties":{"name":"Main Street","ref":"A8","highway":"trunk","class":1,"kind":"highway","surface":"asphalt"},"geometry":{"type":"LineString","coordinates":[[142.84366,-37.14614],[142.84281,-37.14569],[142.84263,-37.14559]]}},{"type":"Feature","properties":{"name":"Horsham Road","ref":"A8","highway":"trunk","class":1,"kind":"highway","surface":"asphalt"},"geometry":{"type":"LineString","coordinates":[[142.74666,-37.05399],[142.74627,-37.05375],[142.74575,-37.05344]]}},{"type":"Feature","properties":{"name":"Dooen Road","ref":"B200;B240","highway":"primary","class":2,"kind":"arterial","surface":"asphalt"},"geometry":{"type":"LineString","coordinates":[[142.21385,-36.70477],[142.21443,-36.7043]]}},{"type":"Feature","properties":{"name":"McPherson Street","ref":"A8;A200;B240","highway":"trunk","class":1,"kind":"highway","surface":"asphalt"},"geometry":{"type":"LineString","coordinates":[[142.2049,-36.71425],[142.2049,-36.71379],[142.20489,-36.71371],[142.20489,-36.71363],[142.20489,-36.71343]]}},{"type":"Feature","properties":{"name":"McPherson Street","ref":"A8;A200;B240","highway":"trunk","class":1,"kind":"highway","surface":"asphalt"},"geometry":{"type":"LineString","coordinates":[[142.20491,-36.71542],[142.20491,-36.7149],[142.2049,-36.71425]]}},{"type":"Feature","properties":{"name":"Mount Victory Road","ref":"C222","highway":"secondary","class":3,"kind":"sub-arterial","surface":"asphalt"},"geometry":{"type":"LineString","coordinates":[[142.49812,-37.15696],[142.50039,-37.15471],[142.49948,-37.15389],[142.49917,-37.15295],[142.49803,-37.15141],[142.49774,-37.15027],[142.4973,-37.1489],[142.49596,-37.14789],[142.49464,-37.14812],[142.49575,-37.14694],[142.49943,-37.14643],[142.50132,-37.1464],[142.50264,-37.14545],[142.50304,-37.14534]]}},{"type":"Feature","properties":{"name":"Wartook Road","ref":"C228","highway":"secondary","class":3,"kind":"sub-arterial","surface":"asphalt"},"geometry":{"type":"LineString","coordinates":[[142.41665,-37.11033],[142.41668,-37.1103],[142.41671,-37.11027]]}},{"type":"Feature","properties":{"name":"Nhill - Harrow Road","ref":"C206","highway":"secondary","class":3,"kind":"sub-arterial","surface":"asphalt"},"geometry":{"type":"LineString","coordinates":[[141.59918,-37.05937],[141.59756,-37.07589],[141.5968,-37.08458],[141.59639,-37.08851],[141.59575,-37.09531]]}},{"type":"Feature","properties":{"name":"Western Highway","ref":"A8","highway":"trunk","class":1,"kind":"highway","surface":"asphalt"},"geometry":{"type":"LineString","coordinates":[[141.6383,-36.34538],[141.63462,-36.34929],[141.6343,-36.34955],[141.63394,-36.34987],[141.6337,-36.35007],[141.63336,-36.35034],[141.63304,-36.35055],[141.63237,-36.35091],[141.62973,-36.35235]]}},{"type":"Feature","properties":{"name":"Mount Victory Road","ref":"C222","highway":"secondary","class":3,"kind":"sub-arterial","surface":"asphalt"},"geometry":{"type":"LineString","coordinates":[[142.50361,-37.14487],[142.5036,-37.14462],[142.5036,-37.14433],[142.50362,-37.14421],[142.50368,-37.14411],[142.50375,-37.14403],[142.50381,-37.14396]]}},{"type":"Feature","properties":{"name":"Mount Victory Road","ref":"C222","highway":"secondary","class":3,"kind":"sub-arterial","surface":"asphalt"},"geometry":{"type":"LineString","coordinates":[[142.50346,-37.14526],[142.50341,-37.14527],[142.50338,-37.14529],[142.50328,-37.1453]]}},{"type":"Feature","properties":{"name":"Hamilton Road","ref":"A200","highway":"trunk","class":1,"kind":"highway","surface":"asphalt"},"geometry":{"type":"LineString","coordinates":[[142.2055,-36.73494],[142.2055,-36.7349],[142.20552,-36.7348],[142.20554,-36.73468]]}},{"type":"Feature","properties":{"name":"Hamilton Road","ref":"A200","highway":"trunk","class":1,"kind":"highway","surface":"asphalt"},"geometry":{"type":"LineString","coordinates":[[142.206,-36.73399],[142.20588,-36.73412],[142.2058,-36.73421]]}},{"type":"Feature","properties":{"name":"Stawell Road","ref":"A8;A200","highway":"trunk","class":1,"kind":"highway","surface":"asphalt"},"geometry":{"type":"LineString","coordinates":[[142.20603,-36.73387],[142.20608,-36.73392]]}},{"type":"Feature","properties":{"name":"Wartook Road","ref":"C228","highway":"secondary","class":3,"kind":"sub-arterial","surface":"asphalt"},"geometry":{"type":"LineString","coordinates":[[142.41739,-37.11046],[142.4192,-37.11077],[142.42031,-37.11054],[142.42024,-37.10978],[142.42002,-37.10907],[142.41954,-37.10842],[142.42162,-37.10614],[142.42247,-37.10382],[142.42447,-37.09974],[142.42874,-37.09755],[142.43232,-37.09534],[142.43184,-37.09366],[142.43207,-37.09217],[142.43213,-37.09203]]}},{"type":"Feature","properties":{"name":"Western Highway","ref":"A8","highway":"trunk","class":1,"kind":"highway","surface":"asphalt"},"geometry":{"type":"LineString","coordinates":[[141.75842,-36.35093],[141.75801,-36.35083],[141.75718,-36.35061],[141.7538,-36.34952],[141.75366,-36.34944],[141.7529,-36.34918],[141.75182,-36.34874],[141.75014,-36.34809],[141.73216,-36.34213],[141.73001,-36.34141],[141.72004,-36.33819],[141.71886,-36.3379],[141.71745,-36.33767],[141.71021,-36.33705],[141.69043,-36.33527],[141.68771,-36.33503]]}},{"type":"Feature","properties":{"name":"Western Highway","ref":"A8","highway":"trunk","class":1,"kind":"highway","surface":"asphalt"},"geometry":{"type":"LineString","coordinates":[[141.7585,-36.35095],[141.75842,-36.35093]]}},{"type":"Feature","properties":{"name":"McPherson Street","ref":"A8;A200","highway":"trunk","class":1,"kind":"highway","surface":"asphalt"},"geometry":{"type":"LineString","coordinates":[[142.20482,-36.72281],[142.20485,-36.72277],[142.20488,-36.72272],[142.20489,-36.72269],[142.2049,-36.72267],[142.20492,-36.72261],[142.20492,-36.72257],[142.20493,-36.72254],[142.20493,-36.72249],[142.20494,-36.72245],[142.20495,-36.72237],[142.20497,-36.72219],[142.20498,-36.722]]}},{"type":"Feature","properties":{"name":"Stawell Road","ref":"A8;A200","highway":"trunk","class":1,"kind":"highway","surface":"asphalt"},"geometry":{"type":"LineString","coordinates":[[142.2051,-36.72336],[142.20507,-36.72338],[142.20506,-36.72342],[142.20505,-36.72348],[142.20505,-36.72354]]}},{"type":"Feature","properties":{"name":"McPherson Street","ref":"","highway":"trunk","class":1,"kind":"highway","surface":"asphalt"},"geometry":{"type":"LineString","coordinates":[[142.20503,-36.72249],[142.20493,-36.72249]]}},{"type":"Feature","properties":{"name":"High Street","ref":"C234","highway":"secondary","class":3,"kind":"sub-arterial","surface":"asphalt"},"geometry":{"type":"LineString","coordinates":[[142.03518,-36.4546],[142.03522,-36.4546],[142.03526,-36.45459],[142.03532,-36.45458],[142.03536,-36.45457],[142.03541,-36.45456],[142.03547,-36.45454],[142.03579,-36.45441],[142.03598,-36.45432],[142.03606,-36.45431]]}},{"type":"Feature","properties":{"name":"High Street","ref":"C227","highway":"secondary","class":3,"kind":"sub-arterial","surface":"asphalt"},"geometry":{"type":"LineString","coordinates":[[142.035,-36.45487],[142.03492,-36.45487],[142.03486,-36.45487],[142.03481,-36.45489],[142.03474,-36.45491],[142.03449,-36.455],[142.03442,-36.455]]}},{"type":"Feature","properties":{"name":"Horsham Road","ref":"C227","highway":"secondary","class":3,"kind":"sub-arterial","surface":"asphalt"},"geometry":{"type":"LineString","coordinates":[[142.03523,-36.45479],[142.03523,-36.45485],[142.03524,-36.4549],[142.03527,-36.45498],[142.03531,-36.45506],[142.0354,-36.45521],[142.03545,-36.45529],[142.03547,-36.45535]]}},{"type":"Feature","properties":{"name":"Horsham Road","ref":"C227","highway":"secondary","class":3,"kind":"sub-arterial","surface":"asphalt"},"geometry":{"type":"LineString","coordinates":[[142.05618,-36.45831],[142.05615,-36.45834],[142.05611,-36.45837],[142.05606,-36.45839],[142.05599,-36.45842],[142.05589,-36.45844],[142.0558,-36.45847],[142.05571,-36.45848],[142.05561,-36.45849],[142.05551,-36.45849],[142.0554,-36.45848],[142.05527,-36.45847]]}},{"type":"Feature","properties":{"name":"","ref":"","highway":"trunk","class":1,"kind":"highway","surface":"asphalt"},"geometry":{"type":"LineString","coordinates":[[142.05615,-36.45828],[142.05616,-36.45827],[142.05617,-36.45827],[142.05619,-36.45827],[142.0562,-36.45827],[142.05622,-36.45827],[142.05624,-36.45828],[142.05626,-36.45829],[142.05628,-36.45829],[142.05632,-36.45832]]}},{"type":"Feature","properties":{"name":"","ref":"","highway":"trunk","class":1,"kind":"highway","surface":"asphalt"},"geometry":{"type":"LineString","coordinates":[[142.05645,-36.45843],[142.05642,-36.45844],[142.05641,-36.45845],[142.05638,-36.45845],[142.05636,-36.45844]]}},{"type":"Feature","properties":{"name":"Borung Highway","ref":"C234","highway":"secondary","class":3,"kind":"sub-arterial","surface":"asphalt"},"geometry":{"type":"LineString","coordinates":[[142.04919,-36.44879],[142.04922,-36.44879],[142.04924,-36.44879],[142.04926,-36.44879],[142.04929,-36.44879],[142.04931,-36.44879],[142.04936,-36.44877],[142.04944,-36.44873]]}},{"type":"Feature","properties":{"name":"Western Highway","ref":"A8","highway":"trunk","class":1,"kind":"highway","surface":"asphalt"},"geometry":{"type":"LineString","coordinates":[[142.05123,-36.45151],[142.05006,-36.45001],[142.04999,-36.44992],[142.04976,-36.44961],[142.04914,-36.44885],[142.04908,-36.44877]]}},{"type":"Feature","properties":{"name":"High Street","ref":"C234","highway":"secondary","class":3,"kind":"sub-arterial","surface":"asphalt"},"geometry":{"type":"LineString","coordinates":[[142.04908,-36.44877],[142.04904,-36.44881],[142.04899,-36.44884],[142.04885,-36.4489]]}},{"type":"Feature","properties":{"name":"C234","ref":"C234","highway":"secondary","class":3,"kind":"sub-arterial","surface":"asphalt"},"geometry":{"type":"LineString","coordinates":[[142.04999,-36.44992],[142.0496,-36.44946],[142.04917,-36.44892],[142.04915,-36.44891],[142.04913,-36.44889],[142.0491,-36.44888],[142.04907,-36.44887],[142.04902,-36.44887],[142.04897,-36.44887],[142.04892,-36.44888],[142.04885,-36.4489]]}},{"type":"Feature","properties":{"name":"Western Highway","ref":"A8","highway":"trunk","class":1,"kind":"highway","surface":"asphalt"},"geometry":{"type":"LineString","coordinates":[[142.04908,-36.44877],[142.04894,-36.44862],[142.04869,-36.44833],[142.04793,-36.44743],[142.04749,-36.44695],[142.04682,-36.4462]]}},{"type":"Feature","properties":{"name":"Western Highway","ref":"A8","highway":"trunk","class":1,"kind":"highway","surface":"asphalt"},"geometry":{"type":"LineString","coordinates":[[142.04682,-36.4462],[142.04633,-36.44569],[142.04502,-36.44452],[142.04307,-36.44304],[142.0406,-36.4415],[142.03844,-36.44035],[142.03664,-36.43955],[142.03507,-36.43892],[142.0347,-36.43878],[142.03219,-36.43802],[142.03016,-36.43752],[142.02911,-36.43732],[142.02799,-36.43712],[142.02689,-36.43696],[142.02551,-36.43681],[142.02384,-36.43666],[142.02128,-36.43642]]}},{"type":"Feature","properties":{"name":"Borung Highway","ref":"C234","highway":"secondary","class":3,"kind":"sub-arterial","surface":"asphalt"},"geometry":{"type":"LineString","coordinates":[[142.04926,-36.44886],[142.04931,-36.44881],[142.04935,-36.44879],[142.04944,-36.44873]]}},{"type":"Feature","properties":{"name":"High Street","ref":"C234","highway":"secondary","class":3,"kind":"sub-arterial","surface":"asphalt"},"geometry":{"type":"LineString","coordinates":[[142.04914,-36.44885],[142.04911,-36.44884],[142.04909,-36.44884],[142.04906,-36.44885],[142.04903,-36.44885],[142.049,-36.44885],[142.04898,-36.44886],[142.04893,-36.44887],[142.04885,-36.4489]]}},{"type":"Feature","properties":{"name":"C234","ref":"C234","highway":"trunk","class":1,"kind":"highway","surface":"asphalt"},"geometry":{"type":"LineString","coordinates":[[142.04926,-36.44886],[142.04923,-36.44886],[142.0492,-36.44886],[142.04918,-36.44886],[142.04914,-36.44885]]}},{"type":"Feature","properties":{"name":"Western Highway","ref":"A8","highway":"trunk","class":1,"kind":"highway","surface":"asphalt"},"geometry":{"type":"LineString","coordinates":[[142.04928,-36.44889],[142.04938,-36.44901],[142.04957,-36.44926],[142.05017,-36.45003],[142.0508,-36.45087],[142.05123,-36.45151]]}},{"type":"Feature","properties":{"name":"Borung Highway","ref":"C234","highway":"secondary","class":3,"kind":"sub-arterial","surface":"asphalt"},"geometry":{"type":"LineString","coordinates":[[142.04948,-36.44879],[142.04943,-36.44882],[142.0494,-36.44884],[142.04938,-36.44887],[142.04936,-36.44889],[142.04935,-36.44891],[142.04935,-36.44894],[142.04935,-36.44895],[142.04936,-36.44898],[142.04938,-36.44901]]}},{"type":"Feature","properties":{"name":"High Street","ref":"C234","highway":"secondary","class":3,"kind":"sub-arterial","surface":"asphalt"},"geometry":{"type":"LineString","coordinates":[[142.04888,-36.44881],[142.04891,-36.4488],[142.04893,-36.44878],[142.04894,-36.44876],[142.04896,-36.44873],[142.04896,-36.4487],[142.04896,-36.44866],[142.04894,-36.44862]]}},{"type":"Feature","properties":{"name":"Western Highway","ref":"A8","highway":"trunk","class":1,"kind":"highway","surface":"asphalt"},"geometry":{"type":"LineString","coordinates":[[142.04682,-36.4462],[142.04747,-36.44684],[142.04807,-36.44749],[142.04817,-36.44761],[142.04868,-36.44818],[142.04919,-36.44879],[142.04926,-36.44886],[142.04928,-36.44889]]}},{"type":"Feature","properties":{"name":"C234","ref":"C234","highway":"trunk","class":1,"kind":"highway","surface":"asphalt"},"geometry":{"type":"LineString","coordinates":[[142.04908,-36.44877],[142.04911,-36.44877],[142.04914,-36.44877],[142.04917,-36.44878],[142.04919,-36.44879]]}},{"type":"Feature","properties":{"name":"Dimboola - Rainbow Road","ref":"C227","highway":"secondary","class":3,"kind":"sub-arterial","surface":"asphalt"},"geometry":{"type":"LineString","coordinates":[[142.01662,-36.43419],[142.01763,-36.43324],[142.01795,-36.43246],[142.01796,-36.43022],[142.01809,-36.39763],[142.01869,-36.37433],[142.02101,-36.36412],[142.02277,-36.35909],[142.01996,-36.35191],[142.01613,-36.33209],[142.01935,-36.30581],[142.02,-36.30394],[142.02228,-36.30143]]}},{"type":"Feature","properties":{"name":"Western Highway","ref":"A8","highway":"trunk","class":1,"kind":"highway","surface":"asphalt"},"geometry":{"type":"LineString","coordinates":[[142.01559,-36.4352],[142.01567,-36.43523],[142.01584,-36.43531],[142.01625,-36.43547],[142.01667,-36.43561],[142.01706,-36.43574],[142.01741,-36.43583],[142.01784,-36.43595],[142.01831,-36.43605],[142.01876,-36.43613],[142.01909,-36.43619],[142.0194,-36.43623],[142.01978,-36.43628]]}},{"type":"Feature","properties":{"name":"Western Highway","ref":"A8","highway":"trunk","class":1,"kind":"highway","surface":"asphalt"},"geometry":{"type":"LineString","coordinates":[[142.01386,-36.43425],[142.01394,-36.43431],[142.01411,-36.43441],[142.0143,-36.43452],[142.01467,-36.43474],[142.0153,-36.43507],[142.01536,-36.4351]]}},{"type":"Feature","properties":{"name":"Western Highway","ref":"A8","highway":"trunk","class":1,"kind":"highway","surface":"asphalt"},"geometry":{"type":"LineString","coordinates":[[142.01276,-36.43348],[142.01232,-36.43308],[142.01192,-36.43267],[142.01101,-36.43161],[142.00947,-36.42993],[142.00895,-36.42936],[142.00674,-36.42695],[142.00535,-36.42548],[142.00441,-36.42463],[142.00344,-36.42396],[142.00215,-36.42322],[142.0015,-36.42293],[142.00075,-36.42262],[141.99998,-36.42235],[141.99919,-36.42211],[141.99855,-36.42195],[141.99767,-36.42178],[141.99695,-36.42168],[141.98922,-36.42062],[141.98402,-36.41989],[141.98339,-36.41977]]}},{"type":"Feature","properties":{"name":"Western Highway","ref":"A8","highway":"trunk","class":1,"kind":"highway","surface":"asphalt"},"geometry":{"type":"LineString","coordinates":[[142.01978,-36.43628],[142.01912,-36.43622],[142.01876,-36.43617],[142.01818,-36.43608],[142.01776,-36.43599],[142.01723,-36.43586],[142.01665,-36.43568],[142.01663,-36.43567],[142.01615,-36.4355],[142.0158,-36.43537],[142.01551,-36.43525],[142.01545,-36.43523]]}},{"type":"Feature","properties":{"name":"Dimboola - Rainbow Road","ref":"C227","highway":"secondary","class":3,"kind":"sub-arterial","surface":"asphalt"},"geometry":{"type":"LineString","coordinates":[[142.01662,-36.43419],[142.01655,-36.43427],[142.0165,-36.43433],[142.01643,-36.43442],[142.01637,-36.43448],[142.01633,-36.43452],[142.01621,-36.43463],[142.01579,-36.43503],[142.01568,-36.43513],[142.01563,-36.43518],[142.01559,-36.4352]]}},{"type":"Feature","properties":{"name":"C227","ref":"C227","highway":"secondary","class":3,"kind":"sub-arterial","surface":"asphalt"},"geometry":{"type":"LineString","coordinates":[[142.01545,-36.43514],[142.01549,-36.43514],[142.01552,-36.43513],[142.01554,-36.43513],[142.01558,-36.43511],[142.01564,-36.43507]]}},{"type":"Feature","properties":{"name":"Nhill Road","ref":"C227","highway":"secondary","class":3,"kind":"sub-arterial","surface":"asphalt"},"geometry":{"type":"LineString","coordinates":[[142.01527,-36.43515],[142.01528,-36.43521],[142.01528,-36.43524],[142.01527,-36.43528],[142.01525,-36.43537]]}},{"type":"Feature","properties":{"name":"Dimboola - Rainbow Road","ref":"C227","highway":"secondary","class":3,"kind":"sub-arterial","surface":"asphalt"},"geometry":{"type":"LineString","coordinates":[[142.01557,-36.43519],[142.01557,-36.43517],[142.01558,-36.43516],[142.01559,-36.43514],[142.0156,-36.43511],[142.01564,-36.43507]]}},{"type":"Feature","properties":{"name":"C227","ref":"C227","highway":"secondary","class":3,"kind":"sub-arterial","surface":"asphalt"},"geometry":{"type":"LineString","coordinates":[[142.01545,-36.43523],[142.0154,-36.43523],[142.01537,-36.43523],[142.01533,-36.43525],[142.01531,-36.43527],[142.01529,-36.43529],[142.01525,-36.43537]]}},{"type":"Feature","properties":{"name":"Grampians Road","ref":"C216;C222","highway":"secondary","class":3,"kind":"sub-arterial","surface":"asphalt"},"geometry":{"type":"LineString","coordinates":[[142.52304,-37.12995],[142.52283,-37.12993],[142.52272,-37.12992]]}},{"type":"Feature","properties":{"name":"Grampians Road","ref":"C216;C222","highway":"secondary","class":3,"kind":"sub-arterial","surface":"asphalt"},"geometry":{"type":"LineString","coordinates":[[142.52316,-37.12998],[142.52304,-37.12995]]}},{"type":"Feature","properties":{"name":"Stawell Road","ref":"A8","highway":"trunk","class":1,"kind":"highway","surface":"asphalt"},"geometry":{"type":"LineString","coordinates":[[142.21409,-36.74052],[142.21289,-36.73953],[142.21192,-36.73873],[142.2114,-36.7383],[142.21102,-36.73799],[142.2102,-36.7373],[142.21002,-36.73716]]}},{"type":"Feature","properties":{"name":"C227","ref":"C227","highway":"trunk","class":1,"kind":"highway","surface":"asphalt"},"geometry":{"type":"LineString","coordinates":[[142.01559,-36.4352],[142.01557,-36.43521]]}},{"type":"Feature","properties":{"name":"Western Highway","ref":"A8","highway":"trunk","class":1,"kind":"highway","surface":"asphalt"},"geometry":{"type":"LineString","coordinates":[[142.01557,-36.43519],[142.01559,-36.4352]]}},{"type":"Feature","properties":{"name":"Western Highway","ref":"A8","highway":"trunk","class":1,"kind":"highway","surface":"asphalt"},"geometry":{"type":"LineString","coordinates":[[142.01545,-36.43514],[142.01553,-36.43517],[142.01557,-36.43519]]}},{"type":"Feature","properties":{"name":"Western Highway","ref":"A8","highway":"trunk","class":1,"kind":"highway","surface":"asphalt"},"geometry":{"type":"LineString","coordinates":[[142.01536,-36.4351],[142.01545,-36.43514]]}},{"type":"Feature","properties":{"name":"Western Highway","ref":"A8","highway":"trunk","class":1,"kind":"highway","surface":"asphalt"},"geometry":{"type":"LineString","coordinates":[[142.01545,-36.43523],[142.01527,-36.43515]]}},{"type":"Feature","properties":{"name":"Grampians Road","ref":"C216","highway":"secondary","class":3,"kind":"sub-arterial","surface":"asphalt"},"geometry":{"type":"LineString","coordinates":[[142.51916,-37.14243],[142.51904,-37.14218],[142.51898,-37.14199],[142.51894,-37.14181],[142.51894,-37.14176],[142.51893,-37.14154],[142.51893,-37.14141],[142.5189,-37.14129],[142.51888,-37.14119],[142.51888,-37.14111],[142.51894,-37.14094]]}},{"type":"Feature","properties":{"name":"Grampians Road","ref":"C216","highway":"secondary","class":3,"kind":"sub-arterial","surface":"asphalt"},"geometry":{"type":"LineString","coordinates":[[142.51967,-37.13667],[142.51951,-37.13679],[142.51941,-37.13687],[142.51928,-37.137],[142.51919,-37.1371],[142.51912,-37.13723]]}},{"type":"Feature","properties":{"name":"Ararat-Halls Gap Road","ref":"C222;31","highway":"secondary","class":3,"kind":"sub-arterial","surface":"paved"},"geometry":{"type":"LineString","coordinates":[[142.53997,-37.12867],[142.53979,-37.12859],[142.53956,-37.12847],[142.53939,-37.12838]]}},{"type":"Feature","properties":{"name":"Ararat-Halls Gap Road","ref":"C222;31","highway":"secondary","class":3,"kind":"sub-arterial","surface":"paved"},"geometry":{"type":"LineString","coordinates":[[142.54102,-37.12913],[142.53997,-37.12867]]}},{"type":"Feature","properties":{"name":"Grampians Road","ref":"C216","highway":"secondary","class":3,"kind":"sub-arterial","surface":"paved"},"geometry":{"type":"LineString","coordinates":[[142.54044,-37.12795],[142.54016,-37.12807],[142.53939,-37.12838]]}},{"type":"Feature","properties":{"name":"Donald - Stawell Road","ref":"C238","highway":"secondary","class":3,"kind":"sub-arterial","surface":"asphalt"},"geometry":{"type":"LineString","coordinates":[[142.78564,-36.91966],[142.78564,-36.9216],[142.7856,-36.9225],[142.78521,-36.92485]]}},{"type":"Feature","properties":{"name":"Donald - Stawell Road","ref":"C238","highway":"secondary","class":3,"kind":"sub-arterial","surface":"asphalt"},"geometry":{"type":"LineString","coordinates":[[142.78563,-36.91939],[142.78564,-36.91966]]}},{"type":"Feature","properties":{"name":"Western Highway","ref":"A8","highway":"trunk","class":1,"kind":"highway","surface":"asphalt"},"geometry":{"type":"LineString","coordinates":[[142.28161,-36.77832],[142.27001,-36.77212]]}},{"type":"Feature","properties":{"name":"Western Highway","ref":"A8","highway":"trunk","class":1,"kind":"highway","surface":"asphalt"},"geometry":{"type":"LineString","coordinates":[[142.3071,-36.79061],[142.30369,-36.78906],[142.30348,-36.78896],[142.29908,-36.78696],[142.29876,-36.78679],[142.29307,-36.78423],[142.29067,-36.78312],[142.28789,-36.78173],[142.28542,-36.78035],[142.28526,-36.78026],[142.28161,-36.77832]]}},{"type":"Feature","properties":{"name":"McPherson Street","ref":"A8;A200;B240","highway":"trunk","class":1,"kind":"highway","surface":"asphalt"},"geometry":{"type":"LineString","coordinates":[[142.20488,-36.71239],[142.20485,-36.71211]]}},{"type":"Feature","properties":{"name":"McPherson Street","ref":"A8;A200","highway":"trunk","class":1,"kind":"highway","surface":"asphalt"},"geometry":{"type":"LineString","coordinates":[[142.20477,-36.72326],[142.20476,-36.72321],[142.20474,-36.72317],[142.20473,-36.72314],[142.20472,-36.72311],[142.20471,-36.72307],[142.20471,-36.72301],[142.20472,-36.72296],[142.20473,-36.72292],[142.20476,-36.72288],[142.20482,-36.72281]]}},{"type":"Feature","properties":{"name":"Wilson Street","ref":"B240","highway":"primary","class":2,"kind":"arterial","surface":"asphalt"},"geometry":{"type":"LineString","coordinates":[[142.19339,-36.71671],[142.19322,-36.71671],[142.19309,-36.71671],[142.19299,-36.71671],[142.19289,-36.71672]]}},{"type":"Feature","properties":{"name":"Natimuk Road","ref":"B240","highway":"primary","class":2,"kind":"arterial","surface":"asphalt"},"geometry":{"type":"LineString","coordinates":[[142.18213,-36.72065],[142.18251,-36.72045],[142.18274,-36.72038],[142.18297,-36.7203],[142.18514,-36.71941],[142.18549,-36.71928]]}},{"type":"Feature","properties":{"name":"Natimuk Road","ref":"B240","highway":"primary","class":2,"kind":"arterial","surface":"asphalt"},"geometry":{"type":"LineString","coordinates":[[142.18554,-36.71936],[142.1852,-36.71949]]}},{"type":"Feature","properties":{"name":"Natimuk Road","ref":"B240","highway":"primary","class":2,"kind":"arterial","surface":"asphalt"},"geometry":{"type":"LineString","coordinates":[[142.18098,-36.72107],[142.18213,-36.72065]]}},{"type":"Feature","properties":{"name":"Wimmera Highway","ref":"B240","highway":"primary","class":2,"kind":"arterial","surface":"asphalt"},"geometry":{"type":"LineString","coordinates":[[141.93224,-36.74523],[141.93196,-36.74536],[141.93114,-36.74571]]}},{"type":"Feature","properties":{"name":"Wimmera Highway","ref":"B240","highway":"primary","class":2,"kind":"arterial","surface":"asphalt"},"geometry":{"type":"LineString","coordinates":[[141.95935,-36.73392],[141.95307,-36.73666]]}},{"type":"Feature","properties":{"name":"Wimmera Highway","ref":"B240","highway":"primary","class":2,"kind":"arterial","surface":"asphalt"},"geometry":{"type":"LineString","coordinates":[[142.16788,-36.72594],[142.16841,-36.72581],[142.16896,-36.72565]]}},{"type":"Feature","properties":{"name":"Natimuk Road","ref":"B240","highway":"primary","class":2,"kind":"arterial","surface":"asphalt"},"geometry":{"type":"LineString","coordinates":[[142.17059,-36.72505],[142.17124,-36.72478],[142.17342,-36.72397]]}},{"type":"Feature","properties":{"name":"Wilson Street","ref":"B240","highway":"primary","class":2,"kind":"arterial","surface":"asphalt"},"geometry":{"type":"LineString","coordinates":[[142.19471,-36.7166],[142.19479,-36.7166],[142.19488,-36.7166],[142.19555,-36.71659],[142.19662,-36.71661],[142.19701,-36.71661]]}},{"type":"Feature","properties":{"name":"Wimmera Highway","ref":"B240","highway":"primary","class":2,"kind":"arterial","surface":"asphalt"},"geometry":{"type":"LineString","coordinates":[[142.26048,-36.63812],[142.26016,-36.63828],[142.26005,-36.63835]]}},{"type":"Feature","properties":{"name":"Henty Highway","ref":"B200;B240","highway":"primary","class":2,"kind":"arterial","surface":"asphalt"},"geometry":{"type":"LineString","coordinates":[[142.25933,-36.63972],[142.25929,-36.64017]]}},{"type":"Feature","properties":{"name":"Henty Highway","ref":"B200","highway":"primary","class":2,"kind":"arterial","surface":"asphalt"},"geometry":{"type":"LineString","coordinates":[[142.25983,-36.63758],[142.25978,-36.63777],[142.25964,-36.6382],[142.25955,-36.63849],[142.25951,-36.6386]]}},{"type":"Feature","properties":{"name":"Henty Highway","ref":"B200;B240","highway":"primary","class":2,"kind":"arterial","surface":"asphalt"},"geometry":{"type":"LineString","coordinates":[[142.25951,-36.6386],[142.25941,-36.63914],[142.25935,-36.6395],[142.25933,-36.63972]]}},{"type":"Feature","properties":{"name":"Henty Highway","ref":"B200","highway":"primary","class":2,"kind":"arterial","surface":"asphalt"},"geometry":{"type":"LineString","coordinates":[[142.25946,-36.63851],[142.25952,-36.63831],[142.25958,-36.63814],[142.2597,-36.63783],[142.25983,-36.63758]]}},{"type":"Feature","properties":{"name":"Donald-Murtoa Road","ref":"C236","highway":"secondary","class":3,"kind":"sub-arterial","surface":"asphalt"},"geometry":{"type":"LineString","coordinates":[[142.58011,-36.4651],[142.57999,-36.46519],[142.57987,-36.46526],[142.57965,-36.4654],[142.57919,-36.46566],[142.57871,-36.4659],[142.57823,-36.46611],[142.57711,-36.4665]]}},{"type":"Feature","properties":{"name":"Main Street","ref":"C236","highway":"secondary","class":3,"kind":"sub-arterial","surface":"asphalt"},"geometry":{"type":"LineString","coordinates":[[142.58243,-36.46336],[142.58028,-36.46498],[142.58011,-36.4651]]}},{"type":"Feature","properties":{"name":"Main Street","ref":"C236","highway":"secondary","class":3,"kind":"sub-arterial","surface":"asphalt"},"geometry":{"type":"LineString","coordinates":[[142.58697,-36.45991],[142.58561,-36.46095]]}},{"type":"Feature","properties":{"name":"Main Street","ref":"C236","highway":"secondary","class":3,"kind":"sub-arterial","surface":"asphalt"},"geometry":{"type":"LineString","coordinates":[[142.59496,-36.45433],[142.59491,-36.45437],[142.59458,-36.45459],[142.59311,-36.45565]]}},{"type":"Feature","properties":{"name":"Donald-Murtoa Road","ref":"C236","highway":"secondary","class":3,"kind":"sub-arterial","surface":"asphalt"},"geometry":{"type":"LineString","coordinates":[[142.59594,-36.45376],[142.59534,-36.45409],[142.59496,-36.45433]]}},{"type":"Feature","properties":{"name":"Grampians Road","ref":"C216","highway":"secondary","class":3,"kind":"sub-arterial","surface":"asphalt"},"geometry":{"type":"LineString","coordinates":[[142.51912,-37.13723],[142.51909,-37.13733],[142.51907,-37.13745],[142.51907,-37.13771],[142.51905,-37.13865],[142.51905,-37.13869]]}},{"type":"Feature","properties":{"name":"Mount Victory Road","ref":"C222","highway":"secondary","class":3,"kind":"sub-arterial","surface":"asphalt"},"geometry":{"type":"LineString","coordinates":[[142.50344,-37.14518],[142.50346,-37.14516],[142.50349,-37.14514]]}},{"type":"Feature","properties":{"name":"Mount Victory Road","ref":"C222","highway":"secondary","class":3,"kind":"sub-arterial","surface":"asphalt"},"geometry":{"type":"LineString","coordinates":[[142.50346,-37.14526],[142.50345,-37.14525],[142.50344,-37.14523],[142.50344,-37.1452],[142.50344,-37.14518]]}},{"type":"Feature","properties":{"name":"Mount Victory Road","ref":"C222","highway":"secondary","class":3,"kind":"sub-arterial","surface":"asphalt"},"geometry":{"type":"LineString","coordinates":[[142.50361,-37.14487],[142.5036,-37.14509],[142.50361,-37.14516]]}},{"type":"Feature","properties":{"name":"Mount Victory Road","ref":"C222","highway":"secondary","class":3,"kind":"sub-arterial","surface":"asphalt"},"geometry":{"type":"LineString","coordinates":[[142.50328,-37.1453],[142.50339,-37.14521],[142.50344,-37.14518]]}},{"type":"Feature","properties":{"name":"Mount Victory Road","ref":"C222","highway":"secondary","class":3,"kind":"sub-arterial","surface":"asphalt"},"geometry":{"type":"LineString","coordinates":[[142.50304,-37.14534],[142.50328,-37.1453]]}},{"type":"Feature","properties":{"name":"Mount Victory Road","ref":"C222","highway":"secondary","class":3,"kind":"sub-arterial","surface":"asphalt"},"geometry":{"type":"LineString","coordinates":[[142.50349,-37.14514],[142.50352,-37.14509],[142.50361,-37.14487]]}},{"type":"Feature","properties":{"name":"Grampians Road","ref":"C216;C222","highway":"secondary","class":3,"kind":"sub-arterial","surface":"asphalt"},"geometry":{"type":"LineString","coordinates":[[142.52024,-37.13628],[142.52001,-37.13646]]}},{"type":"Feature","properties":{"name":"Mount Victory Road","ref":"C222","highway":"secondary","class":3,"kind":"sub-arterial","surface":"asphalt"},"geometry":{"type":"LineString","coordinates":[[142.51967,-37.1362],[142.51982,-37.13631],[142.51995,-37.13641],[142.52001,-37.13646]]}},{"type":"Feature","properties":{"name":"Mount Victory Road","ref":"C222","highway":"secondary","class":3,"kind":"sub-arterial","surface":"asphalt"},"geometry":{"type":"LineString","coordinates":[[142.51862,-37.13575],[142.51872,-37.13572],[142.51884,-37.1357],[142.51893,-37.13572],[142.51902,-37.13574],[142.51917,-37.13582],[142.51937,-37.13597],[142.51967,-37.1362]]}},{"type":"Feature","properties":{"name":"Mount Victory Road","ref":"C222","highway":"secondary","class":3,"kind":"sub-arterial","surface":"asphalt"},"geometry":{"type":"LineString","coordinates":[[142.38631,-37.09382],[142.38649,-37.09391],[142.38678,-37.09403],[142.38762,-37.09439],[142.38781,-37.09447],[142.38794,-37.09453],[142.38804,-37.09459],[142.38813,-37.09466],[142.38832,-37.09481],[142.38877,-37.09519]]}},{"type":"Feature","properties":{"name":"Mount Victory Road","ref":"C222","highway":"secondary","class":3,"kind":"sub-arterial","surface":"asphalt"},"geometry":{"type":"LineString","coordinates":[[142.38322,-37.09067],[142.38419,-37.09109],[142.38442,-37.09118],[142.38454,-37.09124],[142.38461,-37.09129],[142.38467,-37.09134],[142.38474,-37.09144],[142.38477,-37.09151],[142.3848,-37.09158],[142.38503,-37.09236],[142.38508,-37.0926],[142.3851,-37.09267],[142.38511,-37.0927],[142.38516,-37.09282],[142.3853,-37.09306],[142.38532,-37.09307],[142.38553,-37.09327],[142.38573,-37.09344],[142.38594,-37.09358],[142.38612,-37.09371],[142.38631,-37.09382]]}},{"type":"Feature","properties":{"name":"Northern Grampians Road","ref":"C222","highway":"secondary","class":3,"kind":"sub-arterial","surface":"asphalt"},"geometry":{"type":"LineString","coordinates":[[142.34017,-36.80862],[142.34018,-36.80851],[142.34026,-36.80837],[142.3404,-36.80813],[142.3405,-36.80809]]}},{"type":"Feature","properties":{"name":"Northern Grampians Road","ref":"C222","highway":"secondary","class":3,"kind":"sub-arterial","surface":"asphalt"},"geometry":{"type":"LineString","coordinates":[[142.3405,-36.80809],[142.34048,-36.80817],[142.34032,-36.80839],[142.34024,-36.80853],[142.34017,-36.80862]]}},{"type":"Feature","properties":{"name":"Mount Victory Road","ref":"C222","highway":"secondary","class":3,"kind":"sub-arterial","surface":"asphalt"},"geometry":{"type":"LineString","coordinates":[[142.36658,-37.07764],[142.36808,-37.08055],[142.36857,-37.08123],[142.36924,-37.08175],[142.37172,-37.08308],[142.37331,-37.08337],[142.37408,-37.08361],[142.37465,-37.08394],[142.37595,-37.08502],[142.3772,-37.08595],[142.37859,-37.08765],[142.37968,-37.08843],[142.3821,-37.08983],[142.38305,-37.09057],[142.38322,-37.09067]]}},{"type":"Feature","properties":{"name":"Navarre Road","ref":"C221","highway":"secondary","class":3,"kind":"sub-arterial","surface":"asphalt"},"geometry":{"type":"LineString","coordinates":[[142.78874,-37.051],[142.78838,-37.05148]]}},{"type":"Feature","properties":{"name":"Western Highway","ref":"A8","highway":"trunk","class":1,"kind":"highway","surface":"asphalt"},"geometry":{"type":"LineString","coordinates":[[142.05632,-36.45832],[142.05638,-36.45837]]}},{"type":"Feature","properties":{"name":"Western Highway","ref":"A8","highway":"trunk","class":1,"kind":"highway","surface":"asphalt"},"geometry":{"type":"LineString","coordinates":[[142.01276,-36.43348],[142.01298,-36.43365],[142.01328,-36.43386],[142.01375,-36.43418],[142.01386,-36.43425]]}},{"type":"Feature","properties":{"name":"Baillie Street","ref":"A8","highway":"trunk","class":1,"kind":"highway","surface":"asphalt"},"geometry":{"type":"LineString","coordinates":[[142.20079,-36.71181],[142.2006,-36.71181],[142.20042,-36.71181],[142.2003,-36.71181],[142.20016,-36.71181]]}},{"type":"Feature","properties":{"name":"Baillie Street","ref":"A8","highway":"trunk","class":1,"kind":"highway","surface":"asphalt"},"geometry":{"type":"LineString","coordinates":[[142.19976,-36.71171],[142.20011,-36.7117],[142.20015,-36.7117],[142.20019,-36.7117],[142.2003,-36.7117],[142.20041,-36.7117],[142.20056,-36.7117],[142.2006,-36.7117],[142.20079,-36.7117]]}},{"type":"Feature","properties":{"name":"Western Highway","ref":"A8","highway":"trunk","class":1,"kind":"highway","surface":"asphalt"},"geometry":{"type":"LineString","coordinates":[[142.84263,-37.14559],[142.84131,-37.14492],[142.84076,-37.14458]]}},{"type":"Feature","properties":{"name":"Western Highway","ref":"A8","highway":"trunk","class":1,"kind":"highway","surface":"asphalt"},"geometry":{"type":"LineString","coordinates":[[142.84076,-37.14458],[142.84061,-37.14449]]}},{"type":"Feature","properties":{"name":"Western Highway","ref":"A8","highway":"trunk","class":1,"kind":"highway","surface":"asphalt"},"geometry":{"type":"LineString","coordinates":[[142.72964,-37.04097],[142.72777,-37.03815]]}},{"type":"Feature","properties":{"name":"Western Highway","ref":"A8","highway":"trunk","class":1,"kind":"highway","surface":"asphalt"},"geometry":{"type":"LineString","coordinates":[[142.72969,-37.04106],[142.72964,-37.04097]]}},{"type":"Feature","properties":{"name":"Western Highway","ref":"A8","highway":"trunk","class":1,"kind":"highway","surface":"asphalt"},"geometry":{"type":"LineString","coordinates":[[142.72774,-37.0381],[142.72693,-37.03687],[142.72688,-37.0368]]}},{"type":"Feature","properties":{"name":"Western Highway","ref":"A8","highway":"trunk","class":1,"kind":"highway","surface":"asphalt"},"geometry":{"type":"LineString","coordinates":[[142.72777,-37.03815],[142.72774,-37.0381]]}},{"type":"Feature","properties":{"name":"Western Highway","ref":"A8","highway":"trunk","class":1,"kind":"highway","surface":"asphalt"},"geometry":{"type":"LineString","coordinates":[[142.51463,-36.91814],[142.5113,-36.91604],[142.51087,-36.91578]]}},{"type":"Feature","properties":{"name":"Western Highway","ref":"A8","highway":"trunk","class":1,"kind":"highway","surface":"asphalt"},"geometry":{"type":"LineString","coordinates":[[142.51471,-36.91819],[142.51463,-36.91814]]}},{"type":"Feature","properties":{"name":"Henty Highway","ref":"B200","highway":"primary","class":2,"kind":"arterial","surface":"asphalt"},"geometry":{"type":"LineString","coordinates":[[142.39469,-36.38641],[142.39485,-36.38597],[142.39498,-36.38568],[142.39531,-36.38516],[142.39565,-36.38473],[142.39576,-36.38461],[142.39609,-36.38431],[142.39633,-36.38411],[142.39683,-36.38377],[142.39717,-36.38356],[142.39766,-36.38333]]}},{"type":"Feature","properties":{"name":"Henty Highway","ref":"B200","highway":"primary","class":2,"kind":"arterial","surface":"asphalt"},"geometry":{"type":"LineString","coordinates":[[142.39467,-36.38645],[142.39469,-36.38641]]}},{"type":"Feature","properties":{"name":"Byrne Street","ref":"C221","highway":"secondary","class":3,"kind":"sub-arterial","surface":"asphalt"},"geometry":{"type":"LineString","coordinates":[[142.78816,-37.05139],[142.78838,-37.05148]]}},{"type":"Feature","properties":{"name":"Dimboola - Rainbow Road","ref":"C227","highway":"secondary","class":3,"kind":"sub-arterial","surface":"asphalt"},"geometry":{"type":"LineString","coordinates":[[142.01564,-36.43507],[142.01577,-36.43495],[142.01602,-36.43472],[142.01626,-36.43449],[142.01662,-36.43419]]}},{"type":"Feature","properties":{"name":"Borung Highway","ref":"C234","highway":"secondary","class":3,"kind":"sub-arterial","surface":"asphalt"},"geometry":{"type":"LineString","coordinates":[[142.04944,-36.44873],[142.04965,-36.44863],[142.05009,-36.44839],[142.05101,-36.44797]]}},{"type":"Feature","properties":{"name":"Nhill Road","ref":"C227","highway":"secondary","class":3,"kind":"sub-arterial","surface":"asphalt"},"geometry":{"type":"LineString","coordinates":[[142.01525,-36.43537],[142.01523,-36.43545],[142.01519,-36.43562],[142.01517,-36.43576]]}},{"type":"Feature","properties":{"name":"High Street","ref":"C234","highway":"secondary","class":3,"kind":"sub-arterial","surface":"asphalt"},"geometry":{"type":"LineString","coordinates":[[142.04885,-36.4489],[142.04851,-36.44905],[142.04804,-36.44925],[142.04717,-36.44958]]}},{"type":"Feature","properties":{"name":"Western Highway","ref":"A8","highway":"trunk","class":1,"kind":"highway","surface":"asphalt"},"geometry":{"type":"LineString","coordinates":[[142.8104,-37.11414],[142.80792,-37.11156]]}},{"type":"Feature","properties":{"name":"Western Highway","ref":"A8","highway":"trunk","class":1,"kind":"highway","surface":"asphalt"},"geometry":{"type":"LineString","coordinates":[[142.78658,-37.08868],[142.78253,-37.08422],[142.7823,-37.08396],[142.78055,-37.08199],[142.77969,-37.08102],[142.77799,-37.07909]]}},{"type":"Feature","properties":{"name":"Ararat Road","ref":"A8","highway":"trunk","class":1,"kind":"highway","surface":"asphalt"},"geometry":{"type":"LineString","coordinates":[[142.77002,-37.06875],[142.76893,-37.0673]]}},{"type":"Feature","properties":{"name":"Western Highway","ref":"A8","highway":"trunk","class":1,"kind":"highway","surface":"asphalt"},"geometry":{"type":"LineString","coordinates":[[142.7196,-37.01975],[142.71927,-37.01858],[142.71925,-37.01851],[142.71887,-37.01719]]}},{"type":"Feature","properties":{"name":"Western Highway","ref":"A8","highway":"trunk","class":1,"kind":"highway","surface":"asphalt"},"geometry":{"type":"LineString","coordinates":[[142.71887,-37.01719],[142.71857,-37.01616],[142.71834,-37.01533],[142.71795,-37.01451],[142.71761,-37.01387],[142.7176,-37.01385],[142.71739,-37.01344],[142.71596,-37.0107],[142.71579,-37.01042],[142.71552,-37.00998],[142.71521,-37.00966],[142.71469,-37.00909],[142.71424,-37.00872]]}},{"type":"Feature","properties":{"name":"Western Highway","ref":"A8","highway":"trunk","class":1,"kind":"highway","surface":"asphalt"},"geometry":{"type":"LineString","coordinates":[[142.71424,-37.00872],[142.71375,-37.00834],[142.71327,-37.00802]]}},{"type":"Feature","properties":{"name":"Western Highway","ref":"A8","highway":"trunk","class":1,"kind":"highway","surface":"asphalt"},"geometry":{"type":"LineString","coordinates":[[142.6275,-36.98094],[142.62434,-36.97912]]}},{"type":"Feature","properties":{"name":"Western Highway","ref":"A8","highway":"trunk","class":1,"kind":"highway","surface":"asphalt"},"geometry":{"type":"LineString","coordinates":[[142.62009,-36.97672],[142.61921,-36.97622]]}},{"type":"Feature","properties":{"name":"Western Highway","ref":"A8","highway":"trunk","class":1,"kind":"highway","surface":"asphalt"},"geometry":{"type":"LineString","coordinates":[[142.61921,-36.97622],[142.61357,-36.97305],[142.61341,-36.97296]]}},{"type":"Feature","properties":{"name":"Western Highway","ref":"A8","highway":"trunk","class":1,"kind":"highway","surface":"asphalt"},"geometry":{"type":"LineString","coordinates":[[142.60459,-36.96797],[142.60412,-36.96772],[142.6032,-36.96719]]}},{"type":"Feature","properties":{"name":"Dimboola Road","ref":"A8","highway":"trunk","class":1,"kind":"highway","surface":"asphalt"},"geometry":{"type":"LineString","coordinates":[[142.19466,-36.70973],[142.19454,-36.70966],[142.19439,-36.7096],[142.19431,-36.70956],[142.19427,-36.70954],[142.19408,-36.70945],[142.19404,-36.70943],[142.19384,-36.70933],[142.19362,-36.70922],[142.19338,-36.70911],[142.19325,-36.70904],[142.19271,-36.70878]]}},{"type":"Feature","properties":{"name":"Dimboola Road","ref":"A8","highway":"trunk","class":1,"kind":"highway","surface":"asphalt"},"geometry":{"type":"LineString","coordinates":[[142.19704,-36.71083],[142.19686,-36.71074],[142.19673,-36.71068],[142.1966,-36.71062],[142.19647,-36.71056],[142.19626,-36.71046]]}},{"type":"Feature","properties":{"name":"Baillie Street","ref":"A8","highway":"trunk","class":1,"kind":"highway","surface":"asphalt"},"geometry":{"type":"LineString","coordinates":[[142.20016,-36.71181],[142.19988,-36.71182],[142.19976,-36.71182]]}},{"type":"Feature","properties":{"name":"Dimboola Road","ref":"A8","highway":"trunk","class":1,"kind":"highway","surface":"asphalt"},"geometry":{"type":"LineString","coordinates":[[142.19625,-36.71034],[142.19664,-36.71053],[142.19691,-36.71067],[142.19708,-36.71076]]}},{"type":"Feature","properties":{"name":"Baillie Street","ref":"A8","highway":"trunk","class":1,"kind":"highway","surface":"asphalt"},"geometry":{"type":"LineString","coordinates":[[142.20235,-36.7117],[142.20324,-36.71169]]}},{"type":"Feature","properties":{"name":"McPherson Street","ref":"A8;A200","highway":"trunk","class":1,"kind":"highway","surface":"asphalt"},"geometry":{"type":"LineString","coordinates":[[142.20495,-36.71868],[142.20494,-36.7178],[142.20493,-36.71713],[142.20493,-36.71679],[142.20493,-36.71666]]}},{"type":"Feature","properties":{"name":"Western Highway","ref":"A8","highway":"trunk","class":1,"kind":"highway","surface":"asphalt"},"geometry":{"type":"LineString","coordinates":[[142.79634,-37.09913],[142.79437,-37.09698],[142.79117,-37.09352],[142.79037,-37.09264]]}},{"type":"Feature","properties":{"name":"Stawell - Avoca Road","ref":"C221","highway":"secondary","class":3,"kind":"sub-arterial","surface":"asphalt"},"geometry":{"type":"LineString","coordinates":[[142.82065,-37.02604],[142.82094,-37.02583]]}},{"type":"Feature","properties":{"name":"Stawell - Avoca Road","ref":"C221","highway":"secondary","class":3,"kind":"sub-arterial","surface":"asphalt"},"geometry":{"type":"LineString","coordinates":[[142.79663,-37.04186],[142.80202,-37.0355],[142.80605,-37.03078],[142.8064,-37.03047],[142.80713,-37.02994],[142.80787,-37.02953],[142.80866,-37.0292],[142.81046,-37.02878],[142.81489,-37.02794],[142.81776,-37.0274],[142.81875,-37.02711],[142.81954,-37.02676],[142.82065,-37.02604]]}},{"type":"Feature","properties":{"name":"Natimuk - Frances Road","ref":"C213","highway":"secondary","class":3,"kind":"sub-arterial","surface":"asphalt"},"geometry":{"type":"LineString","coordinates":[[141.42711,-36.71855],[141.42895,-36.71833],[141.43712,-36.71737],[141.44174,-36.71682],[141.44198,-36.7168],[141.44529,-36.71641],[141.44614,-36.71634],[141.44694,-36.71637],[141.44768,-36.71651],[141.45265,-36.71789]]}},{"type":"Feature","properties":{"name":"Horsham Road","ref":"A8","highway":"trunk","class":1,"kind":"highway","surface":"asphalt"},"geometry":{"type":"LineString","coordinates":[[142.75771,-37.06073],[142.75743,-37.06056]]}},{"type":"Feature","properties":{"name":"Horsham Road","ref":"A8","highway":"trunk","class":1,"kind":"highway","surface":"asphalt"},"geometry":{"type":"LineString","coordinates":[[142.75775,-37.06069],[142.75812,-37.0609]]}},{"type":"Feature","properties":{"name":"Horsham Road","ref":"A8","highway":"trunk","class":1,"kind":"highway","surface":"asphalt"},"geometry":{"type":"LineString","coordinates":[[142.75747,-37.06053],[142.75775,-37.06069]]}},{"type":"Feature","properties":{"name":"Horsham Road","ref":"A8","highway":"trunk","class":1,"kind":"highway","surface":"asphalt"},"geometry":{"type":"LineString","coordinates":[[142.75789,-37.06084],[142.75771,-37.06073]]}},{"type":"Feature","properties":{"name":"Natimuk-Hamilton Road","ref":"C219","highway":"secondary","class":3,"kind":"sub-arterial","surface":"asphalt"},"geometry":{"type":"LineString","coordinates":[[141.96405,-36.8378],[141.96406,-36.8374],[141.96408,-36.83716],[141.9641,-36.83692],[141.96414,-36.83664],[141.96418,-36.83635],[141.96425,-36.8359],[141.96433,-36.83536],[141.96442,-36.83482],[141.96496,-36.83143],[141.96521,-36.82973],[141.96549,-36.82797],[141.96606,-36.82423],[141.96619,-36.82336],[141.96626,-36.82288]]}},{"type":"Feature","properties":{"name":"Natimuk-Hamilton Road","ref":"C219","highway":"secondary","class":3,"kind":"sub-arterial","surface":"asphalt"},"geometry":{"type":"LineString","coordinates":[[141.96626,-36.82288],[141.9663,-36.82266]]}},{"type":"Feature","properties":{"name":"Murtoa - Glenorchy Road","ref":"C237","highway":"secondary","class":3,"kind":"sub-arterial","surface":"asphalt"},"geometry":{"type":"LineString","coordinates":[[142.63347,-36.89155],[142.63144,-36.88997],[142.62713,-36.8865],[142.61946,-36.87968]]}},{"type":"Feature","properties":{"name":"Murtoa - Glenorchy Road","ref":"C237","highway":"secondary","class":3,"kind":"sub-arterial","surface":"asphalt"},"geometry":{"type":"LineString","coordinates":[[142.61946,-36.87968],[142.6193,-36.87954]]}},{"type":"Feature","properties":{"name":"Grampians Road","ref":"C216","highway":"secondary","class":3,"kind":"sub-arterial","surface":"asphalt"},"geometry":{"type":"LineString","coordinates":[[142.74989,-37.06018],[142.74917,-37.06011],[142.7481,-37.05999],[142.74336,-37.0595],[142.73155,-37.05832],[142.71956,-37.05661],[142.71677,-37.0562],[142.71582,-37.05624],[142.70374,-37.05855],[142.70171,-37.05916],[142.69781,-37.06059],[142.69682,-37.06069],[142.69366,-37.06037],[142.6925,-37.06022]]}},{"type":"Feature","properties":{"name":"Grampians Road","ref":"C216","highway":"secondary","class":3,"kind":"sub-arterial","surface":"asphalt"},"geometry":{"type":"LineString","coordinates":[[142.6925,-37.06022],[142.69221,-37.06019]]}},{"type":"Feature","properties":{"name":"Western Highway","ref":"A8","highway":"trunk","class":1,"kind":"highway","surface":"asphalt"},"geometry":{"type":"LineString","coordinates":[[142.5154,-36.91862],[142.51507,-36.91842],[142.51471,-36.91819]]}},{"type":"Feature","properties":{"name":"Western Highway","ref":"A8","highway":"trunk","class":1,"kind":"highway","surface":"asphalt"},"geometry":{"type":"LineString","coordinates":[[142.51568,-36.9188],[142.5154,-36.91862]]}},{"type":"Feature","properties":{"name":"Western Highway","ref":"A8","highway":"trunk","class":1,"kind":"highway","surface":"asphalt"},"geometry":{"type":"LineString","coordinates":[[141.98224,-36.4195],[141.98167,-36.41932],[141.98119,-36.41916]]}},{"type":"Feature","properties":{"name":"Seaby Street","ref":"C221","highway":"secondary","class":3,"kind":"sub-arterial","surface":"asphalt"},"geometry":{"type":"LineString","coordinates":[[142.7715,-37.05867],[142.7716,-37.05863],[142.77167,-37.0586],[142.77219,-37.0584]]}},{"type":"Feature","properties":{"name":"Grampians Road","ref":"C216","highway":"secondary","class":3,"kind":"sub-arterial","surface":"asphalt"},"geometry":{"type":"LineString","coordinates":[[142.75607,-37.06031],[142.75585,-37.06037],[142.75562,-37.06044],[142.75533,-37.06052],[142.75503,-37.06058],[142.75466,-37.06062],[142.75416,-37.06061],[142.75262,-37.06046],[142.74996,-37.06019]]}},{"type":"Feature","properties":{"name":"Grampians Road","ref":"C216","highway":"secondary","class":3,"kind":"sub-arterial","surface":"asphalt"},"geometry":{"type":"LineString","coordinates":[[142.74996,-37.06019],[142.74989,-37.06018]]}},{"type":"Feature","properties":{"name":"Pomonal Road","ref":"C221","highway":"secondary","class":3,"kind":"sub-arterial","surface":"paved"},"geometry":{"type":"LineString","coordinates":[[142.75552,-37.07535],[142.75603,-37.07501],[142.75763,-37.07369],[142.75821,-37.0732],[142.75871,-37.07287],[142.75908,-37.07269],[142.76031,-37.07221],[142.76047,-37.07213]]}},{"type":"Feature","properties":{"name":"Western Highway","ref":"A8","highway":"trunk","class":1,"kind":"highway","surface":"asphalt"},"geometry":{"type":"LineString","coordinates":[[142.17341,-36.69962],[142.1713,-36.69849],[142.17023,-36.69785],[142.16976,-36.69754],[142.16933,-36.69721],[142.16924,-36.69711],[142.16908,-36.69697]]}},{"type":"Feature","properties":{"name":"Pomonal Road","ref":"C221","highway":"secondary","class":3,"kind":"sub-arterial","surface":"paved"},"geometry":{"type":"LineString","coordinates":[[142.65467,-37.13924],[142.65723,-37.13759]]}},{"type":"Feature","properties":{"name":"Pomonal Road","ref":"C221","highway":"secondary","class":3,"kind":"sub-arterial","surface":"paved"},"geometry":{"type":"LineString","coordinates":[[142.63716,-37.15093],[142.63729,-37.15077],[142.63759,-37.15047],[142.63808,-37.15007],[142.63855,-37.14972],[142.64022,-37.14864],[142.64336,-37.14654],[142.64495,-37.14549],[142.64658,-37.14442],[142.65197,-37.14092],[142.65273,-37.14042]]}},{"type":"Feature","properties":{"name":"Wilson Street","ref":"B240","highway":"primary","class":2,"kind":"arterial","surface":"asphalt"},"geometry":{"type":"LineString","coordinates":[[142.1948,-36.71672],[142.19453,-36.7167],[142.19339,-36.71671]]}},{"type":"Feature","properties":{"name":"Wilson Street","ref":"B240","highway":"primary","class":2,"kind":"arterial","surface":"asphalt"},"geometry":{"type":"LineString","coordinates":[[142.19727,-36.71659],[142.19733,-36.71659],[142.19743,-36.71661],[142.19759,-36.71664]]}},{"type":"Feature","properties":{"name":"Wilson Street","ref":"B240","highway":"primary","class":2,"kind":"arterial","surface":"asphalt"},"geometry":{"type":"LineString","coordinates":[[142.19759,-36.71664],[142.19734,-36.71669],[142.19727,-36.71669]]}},{"type":"Feature","properties":{"name":"Wilson Street","ref":"B240","highway":"primary","class":2,"kind":"arterial","surface":"asphalt"},"geometry":{"type":"LineString","coordinates":[[142.19288,-36.71664],[142.19296,-36.71664],[142.19305,-36.71663],[142.19322,-36.71663],[142.19339,-36.71663],[142.19471,-36.7166]]}},{"type":"Feature","properties":{"name":"London Road","ref":"C238","highway":"secondary","class":3,"kind":"sub-arterial","surface":"asphalt"},"geometry":{"type":"LineString","coordinates":[[142.78891,-37.0898],[142.78892,-37.09008],[142.78891,-37.09023],[142.78892,-37.09035]]}},{"type":"Feature","properties":{"name":"Longfield Street","ref":"A8","highway":"trunk","class":1,"kind":"highway","surface":"asphalt"},"geometry":{"type":"LineString","coordinates":[[142.76489,-37.06418],[142.76421,-37.06391]]}},{"type":"Feature","properties":{"name":"Seaby Street","ref":"C221","highway":"secondary","class":3,"kind":"sub-arterial","surface":"asphalt"},"geometry":{"type":"LineString","coordinates":[[142.76789,-37.0602],[142.76773,-37.06029],[142.76756,-37.06041],[142.76739,-37.06057],[142.76727,-37.06072],[142.76705,-37.061]]}},{"type":"Feature","properties":{"name":"Seaby Street","ref":"C221","highway":"secondary","class":3,"kind":"sub-arterial","surface":"asphalt"},"geometry":{"type":"LineString","coordinates":[[142.76705,-37.061],[142.76637,-37.06203]]}},{"type":"Feature","properties":{"name":"Seaby Street","ref":"C221","highway":"secondary","class":3,"kind":"sub-arterial","surface":"asphalt"},"geometry":{"type":"LineString","coordinates":[[142.76637,-37.06203],[142.76572,-37.06308]]}},{"type":"Feature","properties":{"name":"Patrick Street","ref":"C238","highway":"secondary","class":3,"kind":"sub-arterial","surface":"asphalt"},"geometry":{"type":"LineString","coordinates":[[142.78995,-37.06332],[142.78963,-37.06292],[142.78896,-37.06208],[142.78849,-37.06148]]}},{"type":"Feature","properties":{"name":"Patrick Street","ref":"C238","highway":"secondary","class":3,"kind":"sub-arterial","surface":"asphalt"},"geometry":{"type":"LineString","coordinates":[[142.78849,-37.06148],[142.78844,-37.06142],[142.78743,-37.06008]]}},{"type":"Feature","properties":{"name":"Patrick Street","ref":"C238","highway":"secondary","class":3,"kind":"sub-arterial","surface":"asphalt"},"geometry":{"type":"LineString","coordinates":[[142.78743,-37.06008],[142.78646,-37.05889]]}},{"type":"Feature","properties":{"name":"Patrick Street","ref":"C238","highway":"secondary","class":3,"kind":"sub-arterial","surface":"asphalt"},"geometry":{"type":"LineString","coordinates":[[142.78646,-37.05889],[142.78506,-37.05721]]}},{"type":"Feature","properties":{"name":"Patrick Street","ref":"C238","highway":"secondary","class":3,"kind":"sub-arterial","surface":"asphalt"},"geometry":{"type":"LineString","coordinates":[[142.78506,-37.05721],[142.78491,-37.05704]]}},{"type":"Feature","properties":{"name":"Patrick Street","ref":"C238","highway":"secondary","class":3,"kind":"sub-arterial","surface":"asphalt"},"geometry":{"type":"LineString","coordinates":[[142.78491,-37.05704],[142.78462,-37.0567]]}},{"type":"Feature","properties":{"name":"Patrick Street","ref":"C238","highway":"secondary","class":3,"kind":"sub-arterial","surface":"asphalt"},"geometry":{"type":"LineString","coordinates":[[142.78462,-37.0567],[142.78325,-37.05509]]}},{"type":"Feature","properties":{"name":"Patrick Street","ref":"C238","highway":"secondary","class":3,"kind":"sub-arterial","surface":"asphalt"},"geometry":{"type":"LineString","coordinates":[[142.79096,-37.06469],[142.79074,-37.0644],[142.79054,-37.0641]]}},{"type":"Feature","properties":{"name":"Patrick Street","ref":"C238","highway":"secondary","class":3,"kind":"sub-arterial","surface":"asphalt"},"geometry":{"type":"LineString","coordinates":[[142.79054,-37.0641],[142.78995,-37.06332]]}},{"type":"Feature","properties":{"name":"Ararat Road","ref":"A8","highway":"trunk","class":1,"kind":"highway","surface":"asphalt"},"geometry":{"type":"LineString","coordinates":[[142.7673,-37.06528],[142.76717,-37.06519]]}},{"type":"Feature","properties":{"name":"Ararat Road","ref":"A8","highway":"trunk","class":1,"kind":"highway","surface":"asphalt"},"geometry":{"type":"LineString","coordinates":[[142.76893,-37.0673],[142.76845,-37.06666]]}},{"type":"Feature","properties":{"name":"Ararat Road","ref":"A8","highway":"trunk","class":1,"kind":"highway","surface":"asphalt"},"geometry":{"type":"LineString","coordinates":[[142.76845,-37.06666],[142.76775,-37.06573],[142.76768,-37.06565],[142.7675,-37.06545],[142.7673,-37.06528]]}},{"type":"Feature","properties":{"name":"B240","ref":"B240","highway":"primary","class":2,"kind":"arterial","surface":"asphalt"},"geometry":{"type":"LineString","coordinates":[[142.19703,-36.71673],[142.19701,-36.7167]]}},{"type":"Feature","properties":{"name":"B240","ref":"B240","highway":"primary","class":2,"kind":"arterial","surface":"asphalt"},"geometry":{"type":"LineString","coordinates":[[142.1971,-36.71655],[142.19715,-36.71654],[142.19719,-36.71655],[142.19723,-36.71656],[142.19726,-36.71657]]}},{"type":"Feature","properties":{"name":"B240","ref":"B240","highway":"primary","class":2,"kind":"arterial","surface":"asphalt"},"geometry":{"type":"LineString","coordinates":[[142.19726,-36.71657],[142.19727,-36.71659]]}},{"type":"Feature","properties":{"name":"B240","ref":"B240","highway":"primary","class":2,"kind":"arterial","surface":"asphalt"},"geometry":{"type":"LineString","coordinates":[[142.19727,-36.71659],[142.19727,-36.71663],[142.19727,-36.71669]]}},{"type":"Feature","properties":{"name":"B240","ref":"B240","highway":"primary","class":2,"kind":"arterial","surface":"asphalt"},"geometry":{"type":"LineString","coordinates":[[142.19727,-36.71669],[142.19724,-36.71672],[142.19722,-36.71673]]}},{"type":"Feature","properties":{"name":"B240","ref":"B240","highway":"primary","class":2,"kind":"arterial","surface":"asphalt"},"geometry":{"type":"LineString","coordinates":[[142.19722,-36.71673],[142.19718,-36.71675],[142.19716,-36.71676],[142.19713,-36.71676],[142.1971,-36.71675],[142.19707,-36.71675],[142.19703,-36.71673]]}},{"type":"Feature","properties":{"name":"B240","ref":"B240","highway":"primary","class":2,"kind":"arterial","surface":"asphalt"},"geometry":{"type":"LineString","coordinates":[[142.19701,-36.7167],[142.197,-36.71667],[142.197,-36.71663],[142.19701,-36.71661]]}},{"type":"Feature","properties":{"name":"B240","ref":"B240","highway":"primary","class":2,"kind":"arterial","surface":"asphalt"},"geometry":{"type":"LineString","coordinates":[[142.20241,-36.71655],[142.20243,-36.71656]]}},{"type":"Feature","properties":{"name":"B240","ref":"B240","highway":"primary","class":2,"kind":"arterial","surface":"asphalt"},"geometry":{"type":"LineString","coordinates":[[142.20243,-36.71656],[142.20245,-36.71661],[142.20246,-36.71665],[142.20245,-36.71668],[142.20241,-36.71672]]}},{"type":"Feature","properties":{"name":"B240","ref":"B240","highway":"primary","class":2,"kind":"arterial","surface":"asphalt"},"geometry":{"type":"LineString","coordinates":[[142.20241,-36.71672],[142.2024,-36.71673]]}},{"type":"Feature","properties":{"name":"B240","ref":"B240","highway":"primary","class":2,"kind":"arterial","surface":"asphalt"},"geometry":{"type":"LineString","coordinates":[[142.20222,-36.71654],[142.20227,-36.71652],[142.20232,-36.71652],[142.20237,-36.71653],[142.20241,-36.71655]]}},{"type":"Feature","properties":{"name":"B240","ref":"B240","highway":"primary","class":2,"kind":"arterial","surface":"asphalt"},"geometry":{"type":"LineString","coordinates":[[142.2024,-36.71673],[142.20235,-36.71675],[142.20231,-36.71675],[142.20227,-36.71675],[142.20222,-36.71673]]}},{"type":"Feature","properties":{"name":"B240","ref":"B240","highway":"primary","class":2,"kind":"arterial","surface":"asphalt"},"geometry":{"type":"LineString","coordinates":[[142.20222,-36.71673],[142.20221,-36.71672]]}},{"type":"Feature","properties":{"name":"B240","ref":"B240","highway":"primary","class":2,"kind":"arterial","surface":"asphalt"},"geometry":{"type":"LineString","coordinates":[[142.20221,-36.71672],[142.20218,-36.71667],[142.20217,-36.71664],[142.20218,-36.7166],[142.20221,-36.71655]]}},{"type":"Feature","properties":{"name":"Natimuk Road","ref":"B240","highway":"primary","class":2,"kind":"arterial","surface":"asphalt"},"geometry":{"type":"LineString","coordinates":[[142.17394,-36.72377],[142.17478,-36.72343],[142.17593,-36.72296],[142.17785,-36.72222]]}},{"type":"Feature","properties":{"name":"Natimuk Road","ref":"B240","highway":"primary","class":2,"kind":"arterial","surface":"asphalt"},"geometry":{"type":"LineString","coordinates":[[142.17785,-36.72222],[142.178,-36.72217]]}},{"type":"Feature","properties":{"name":"Natimuk Road","ref":"B240","highway":"primary","class":2,"kind":"arterial","surface":"asphalt"},"geometry":{"type":"LineString","coordinates":[[142.178,-36.72217],[142.18098,-36.72107]]}},{"type":"Feature","properties":{"name":"Natimuk Road","ref":"B240","highway":"primary","class":2,"kind":"arterial","surface":"asphalt"},"geometry":{"type":"LineString","coordinates":[[142.18727,-36.71865],[142.18746,-36.71857],[142.18749,-36.71855],[142.18877,-36.71811],[142.18987,-36.7177]]}},{"type":"Feature","properties":{"name":"Natimuk Road","ref":"B240","highway":"primary","class":2,"kind":"arterial","surface":"asphalt"},"geometry":{"type":"LineString","coordinates":[[142.18987,-36.7177],[142.1912,-36.71721]]}},{"type":"Feature","properties":{"name":"Natimuk Road","ref":"B240","highway":"primary","class":2,"kind":"arterial","surface":"asphalt"},"geometry":{"type":"LineString","coordinates":[[142.1912,-36.71721],[142.19257,-36.71673],[142.19268,-36.71669],[142.1928,-36.71666],[142.19288,-36.71664]]}},{"type":"Feature","properties":{"name":"Baillie Street","ref":"A8","highway":"trunk","class":1,"kind":"highway","surface":"asphalt"},"geometry":{"type":"LineString","coordinates":[[142.19966,-36.71171],[142.19976,-36.71171]]}},{"type":"Feature","properties":{"name":"Dooen Road","ref":"B200;B240","highway":"primary","class":2,"kind":"arterial","surface":"asphalt"},"geometry":{"type":"LineString","coordinates":[[142.21443,-36.7043],[142.21487,-36.70397],[142.21688,-36.7023]]}},{"type":"Feature","properties":{"name":"Dooen Road","ref":"B200;B240","highway":"primary","class":2,"kind":"arterial","surface":"asphalt"},"geometry":{"type":"LineString","coordinates":[[142.21688,-36.7023],[142.21845,-36.70102]]}},{"type":"Feature","properties":{"name":"McPherson Street","ref":"A8;A200;B240","highway":"trunk","class":1,"kind":"highway","surface":"asphalt"},"geometry":{"type":"LineString","coordinates":[[142.20489,-36.71343],[142.20489,-36.71305]]}},{"type":"Feature","properties":{"name":"McPherson Street","ref":"A8;A200;B240","highway":"trunk","class":1,"kind":"highway","surface":"asphalt"},"geometry":{"type":"LineString","coordinates":[[142.20489,-36.71305],[142.20488,-36.71239]]}},{"type":"Feature","properties":{"name":"Williams Road","ref":"C215","highway":"secondary","class":3,"kind":"sub-arterial","surface":"asphalt"},"geometry":{"type":"LineString","coordinates":[[142.21513,-36.72616],[142.21384,-36.72615],[142.21349,-36.72615]]}},{"type":"Feature","properties":{"name":"Stawell Road","ref":"A8;A200","highway":"trunk","class":1,"kind":"highway","surface":"asphalt"},"geometry":{"type":"LineString","coordinates":[[142.20503,-36.72685],[142.20501,-36.72654],[142.205,-36.72621],[142.205,-36.72617],[142.20499,-36.72607]]}},{"type":"Feature","properties":{"name":"Stawell Road","ref":"A8;A200","highway":"trunk","class":1,"kind":"highway","surface":"asphalt"},"geometry":{"type":"LineString","coordinates":[[142.20507,-36.72785],[142.20504,-36.7271]]}},{"type":"Feature","properties":{"name":"Stawell Road","ref":"A8;A200","highway":"trunk","class":1,"kind":"highway","surface":"asphalt"},"geometry":{"type":"LineString","coordinates":[[142.20504,-36.7271],[142.20503,-36.72685]]}},{"type":"Feature","properties":{"name":"Stawell Road","ref":"A8;A200","highway":"trunk","class":1,"kind":"highway","surface":"asphalt"},"geometry":{"type":"LineString","coordinates":[[142.20525,-36.72698],[142.20528,-36.72801]]}},{"type":"Feature","properties":{"name":"Stawell Road","ref":"A8;A200","highway":"trunk","class":1,"kind":"highway","surface":"asphalt"},"geometry":{"type":"LineString","coordinates":[[142.20545,-36.73279],[142.20546,-36.73289]]}},{"type":"Feature","properties":{"name":"Stawell Road","ref":"A8;A200","highway":"trunk","class":1,"kind":"highway","surface":"asphalt"},"geometry":{"type":"LineString","coordinates":[[142.20546,-36.73289],[142.20551,-36.73308]]}},{"type":"Feature","properties":{"name":"Darlington Road","ref":"C238","highway":"secondary","class":3,"kind":"sub-arterial","surface":"asphalt"},"geometry":{"type":"LineString","coordinates":[[142.78149,-37.04766],[142.78142,-37.04687]]}},{"type":"Feature","properties":{"name":"Darlington Road","ref":"C238","highway":"secondary","class":3,"kind":"sub-arterial","surface":"asphalt"},"geometry":{"type":"LineString","coordinates":[[142.7813,-37.04966],[142.78141,-37.04907]]}},{"type":"Feature","properties":{"name":"Darlington Road","ref":"C238","highway":"secondary","class":3,"kind":"sub-arterial","surface":"asphalt"},"geometry":{"type":"LineString","coordinates":[[142.78141,-37.04907],[142.78152,-37.04849],[142.78154,-37.04829]]}},{"type":"Feature","properties":{"name":"Darlington Road","ref":"C238","highway":"secondary","class":3,"kind":"sub-arterial","surface":"asphalt"},"geometry":{"type":"LineString","coordinates":[[142.78154,-37.04829],[142.78149,-37.04766]]}},{"type":"Feature","properties":{"name":"Darlington Road","ref":"C238","highway":"secondary","class":3,"kind":"sub-arterial","surface":"asphalt"},"geometry":{"type":"LineString","coordinates":[[142.78123,-37.045],[142.78142,-37.04687]]}},{"type":"Feature","properties":{"name":"Darlington Road","ref":"C238","highway":"secondary","class":3,"kind":"sub-arterial","surface":"asphalt"},"geometry":{"type":"LineString","coordinates":[[142.78121,-37.0448],[142.78123,-37.045]]}},{"type":"Feature","properties":{"name":"Darlington Road","ref":"C238","highway":"secondary","class":3,"kind":"sub-arterial","surface":"asphalt"},"geometry":{"type":"LineString","coordinates":[[142.78111,-37.04361],[142.78121,-37.0448]]}},{"type":"Feature","properties":{"name":"C221","ref":"C221","highway":"secondary","class":3,"kind":"sub-arterial","surface":"asphalt"},"geometry":{"type":"LineString","coordinates":[[142.77642,-37.05743],[142.77639,-37.05747],[142.77634,-37.0575],[142.77628,-37.05752],[142.77621,-37.05751],[142.77616,-37.05749],[142.77611,-37.05745]]}},{"type":"Feature","properties":{"name":"C221","ref":"C221","highway":"secondary","class":3,"kind":"sub-arterial","surface":"asphalt"},"geometry":{"type":"LineString","coordinates":[[142.77611,-37.05745],[142.77609,-37.05741],[142.77609,-37.05737]]}},{"type":"Feature","properties":{"name":"C221","ref":"C221","highway":"secondary","class":3,"kind":"sub-arterial","surface":"asphalt"},"geometry":{"type":"LineString","coordinates":[[142.77609,-37.05737],[142.77609,-37.05734],[142.77611,-37.05732],[142.77612,-37.05729]]}},{"type":"Feature","properties":{"name":"C221","ref":"C221","highway":"secondary","class":3,"kind":"sub-arterial","surface":"asphalt"},"geometry":{"type":"LineString","coordinates":[[142.77612,-37.05729],[142.77616,-37.05726]]}},{"type":"Feature","properties":{"name":"C221","ref":"C221","highway":"secondary","class":3,"kind":"sub-arterial","surface":"asphalt"},"geometry":{"type":"LineString","coordinates":[[142.77616,-37.05726],[142.77621,-37.05725],[142.77627,-37.05724],[142.77632,-37.05725]]}},{"type":"Feature","properties":{"name":"C221","ref":"C221","highway":"secondary","class":3,"kind":"sub-arterial","surface":"asphalt"},"geometry":{"type":"LineString","coordinates":[[142.77632,-37.05725],[142.77636,-37.05726],[142.77639,-37.05728],[142.77641,-37.05731]]}},{"type":"Feature","properties":{"name":"C221","ref":"C221","highway":"secondary","class":3,"kind":"sub-arterial","surface":"asphalt"},"geometry":{"type":"LineString","coordinates":[[142.77641,-37.05731],[142.77642,-37.05732]]}},{"type":"Feature","properties":{"name":"C221","ref":"C221","highway":"secondary","class":3,"kind":"sub-arterial","surface":"asphalt"},"geometry":{"type":"LineString","coordinates":[[142.77642,-37.05732],[142.77644,-37.05738]]}},{"type":"Feature","properties":{"name":"Main Street","ref":"C221","highway":"secondary","class":3,"kind":"sub-arterial","surface":"asphalt"},"geometry":{"type":"LineString","coordinates":[[142.77255,-37.05825],[142.77376,-37.05778],[142.77402,-37.05769],[142.77424,-37.05763],[142.77446,-37.0576],[142.77537,-37.05752]]}},{"type":"Feature","properties":{"name":"Byrne Street","ref":"C221","highway":"secondary","class":3,"kind":"sub-arterial","surface":"asphalt"},"geometry":{"type":"LineString","coordinates":[[142.78688,-37.05075],[142.78699,-37.05077],[142.78709,-37.05081]]}},{"type":"Feature","properties":{"name":"Byrne Street","ref":"C221","highway":"secondary","class":3,"kind":"sub-arterial","surface":"asphalt"},"geometry":{"type":"LineString","coordinates":[[142.78709,-37.05081],[142.7872,-37.05085],[142.78729,-37.05092],[142.78753,-37.05112]]}},{"type":"Feature","properties":{"name":"Byrne Street","ref":"C221","highway":"secondary","class":3,"kind":"sub-arterial","surface":"asphalt"},"geometry":{"type":"LineString","coordinates":[[142.78272,-37.05324],[142.78363,-37.05256]]}},{"type":"Feature","properties":{"name":"Byrne Street","ref":"C221","highway":"secondary","class":3,"kind":"sub-arterial","surface":"asphalt"},"geometry":{"type":"LineString","coordinates":[[142.78363,-37.05256],[142.7847,-37.05177],[142.78487,-37.05165],[142.785,-37.05157]]}},{"type":"Feature","properties":{"name":"Byrne Street","ref":"C221","highway":"secondary","class":3,"kind":"sub-arterial","surface":"asphalt"},"geometry":{"type":"LineString","coordinates":[[142.785,-37.05157],[142.78514,-37.0515],[142.78567,-37.05123],[142.78638,-37.05089]]}},{"type":"Feature","properties":{"name":"Byrne Street","ref":"C221","highway":"secondary","class":3,"kind":"sub-arterial","surface":"asphalt"},"geometry":{"type":"LineString","coordinates":[[142.78638,-37.05089],[142.78662,-37.05079],[142.78673,-37.05076],[142.78688,-37.05075]]}},{"type":"Feature","properties":{"name":"Byrne Street","ref":"C221","highway":"secondary","class":3,"kind":"sub-arterial","surface":"asphalt"},"geometry":{"type":"LineString","coordinates":[[142.78753,-37.05112],[142.78771,-37.05122],[142.78816,-37.05139]]}},{"type":"Feature","properties":{"name":"Longfield Street","ref":"A8","highway":"trunk","class":1,"kind":"highway","surface":"asphalt"},"geometry":{"type":"LineString","coordinates":[[142.76558,-37.06445],[142.76531,-37.06434],[142.7651,-37.06426],[142.765,-37.06422]]}},{"type":"Feature","properties":{"name":"Longfield Street","ref":"A8","highway":"trunk","class":1,"kind":"highway","surface":"asphalt"},"geometry":{"type":"LineString","coordinates":[[142.76446,-37.06391],[142.76487,-37.06407],[142.76494,-37.0641]]}},{"type":"Feature","properties":{"name":"Seaby Street","ref":"C221","highway":"secondary","class":3,"kind":"sub-arterial","surface":"asphalt"},"geometry":{"type":"LineString","coordinates":[[142.76538,-37.06365],[142.76511,-37.06406],[142.76505,-37.06414]]}},{"type":"Feature","properties":{"name":"Western Highway","ref":"A8","highway":"trunk","class":1,"kind":"highway","surface":"asphalt"},"geometry":{"type":"LineString","coordinates":[[142.3182,-36.79607],[142.3169,-36.79537],[142.31439,-36.79404],[142.31229,-36.79297],[142.3071,-36.79061]]}},{"type":"Feature","properties":{"name":"Western Highway","ref":"A8","highway":"trunk","class":1,"kind":"highway","surface":"asphalt"},"geometry":{"type":"LineString","coordinates":[[142.32182,-36.79801],[142.3182,-36.79607]]}},{"type":"Feature","properties":{"name":"Western Highway","ref":"A8","highway":"trunk","class":1,"kind":"highway","surface":"asphalt"},"geometry":{"type":"LineString","coordinates":[[142.4175,-36.85116],[142.41456,-36.84889],[142.40914,-36.84475]]}},{"type":"Feature","properties":{"name":"Western Highway","ref":"A8","highway":"trunk","class":1,"kind":"highway","surface":"asphalt"},"geometry":{"type":"LineString","coordinates":[[142.43211,-36.86197],[142.43105,-36.86123],[142.4292,-36.86006],[142.42379,-36.85596],[142.42342,-36.85569],[142.41989,-36.85295],[142.41875,-36.85211],[142.4175,-36.85116]]}},{"type":"Feature","properties":{"name":"Western Highway","ref":"A8","highway":"trunk","class":1,"kind":"highway","surface":"asphalt"},"geometry":{"type":"LineString","coordinates":[[142.12173,-36.58917],[142.11991,-36.58686],[142.11988,-36.58681],[142.11854,-36.58506],[142.1176,-36.58387],[142.11698,-36.58297],[142.11676,-36.58259],[142.11651,-36.58188],[142.11644,-36.58135],[142.11638,-36.58041]]}},{"type":"Feature","properties":{"name":"Western Highway","ref":"A8","highway":"trunk","class":1,"kind":"highway","surface":"asphalt"},"geometry":{"type":"LineString","coordinates":[[142.16908,-36.69697],[142.16417,-36.68788],[142.15964,-36.67899],[142.15523,-36.67029],[142.14825,-36.65666],[142.14503,-36.65017],[142.14338,-36.64775],[142.14206,-36.64529],[142.14099,-36.6423],[142.13656,-36.63351],[142.12871,-36.61802],[142.12563,-36.6119],[142.12517,-36.60991],[142.12506,-36.59517],[142.12466,-36.59314],[142.12173,-36.58917]]}},{"type":"Feature","properties":{"name":"Western Highway","ref":"A8","highway":"trunk","class":1,"kind":"highway","surface":"asphalt"},"geometry":{"type":"LineString","coordinates":[[142.11587,-36.56479],[142.11574,-36.55812],[142.11565,-36.55421]]}},{"type":"Feature","properties":{"name":"Western Highway","ref":"A8","highway":"trunk","class":1,"kind":"highway","surface":"asphalt"},"geometry":{"type":"LineString","coordinates":[[142.11638,-36.58041],[142.11634,-36.57963],[142.11624,-36.57785],[142.11613,-36.57539],[142.116,-36.56895],[142.11597,-36.56801],[142.11587,-36.56479]]}},{"type":"Feature","properties":{"name":"Western Highway","ref":"A8","highway":"trunk","class":1,"kind":"highway","surface":"asphalt"},"geometry":{"type":"LineString","coordinates":[[142.08645,-36.47652],[142.09433,-36.4826]]}},{"type":"Feature","properties":{"name":"Western Highway","ref":"A8","highway":"trunk","class":1,"kind":"highway","surface":"asphalt"},"geometry":{"type":"LineString","coordinates":[[142.05898,-36.46003],[142.05963,-36.46036],[142.06075,-36.46095],[142.06539,-36.46338],[142.06834,-36.46492],[142.07457,-36.46817],[142.07552,-36.46866],[142.07712,-36.46953],[142.07752,-36.46976],[142.07843,-36.47035],[142.07854,-36.47044],[142.07929,-36.47098],[142.08645,-36.47652]]}},{"type":"Feature","properties":{"name":"Western Highway","ref":"A8","highway":"trunk","class":1,"kind":"highway","surface":"asphalt"},"geometry":{"type":"LineString","coordinates":[[141.9151,-36.38128],[141.90286,-36.37931],[141.90024,-36.37885],[141.89925,-36.37853],[141.8989,-36.37842]]}},{"type":"Feature","properties":{"name":"Western Highway","ref":"A8","highway":"trunk","class":1,"kind":"highway","surface":"asphalt"},"geometry":{"type":"LineString","coordinates":[[141.8989,-36.37842],[141.89821,-36.3781],[141.89161,-36.37531],[141.89133,-36.37521],[141.89106,-36.3751],[141.88925,-36.37441],[141.88812,-36.374],[141.88754,-36.37389],[141.88696,-36.3738],[141.88489,-36.37357],[141.86441,-36.37151],[141.86402,-36.37147],[141.83786,-36.3688],[141.83755,-36.36877],[141.83068,-36.36809],[141.81957,-36.36699],[141.81916,-36.36695],[141.81909,-36.36694],[141.81851,-36.36688],[141.80832,-36.36586],[141.80272,-36.36528],[141.80135,-36.36512],[141.79993,-36.36483]]}},{"type":"Feature","properties":{"name":"Western Highway","ref":"A8","highway":"trunk","class":1,"kind":"highway","surface":"asphalt"},"geometry":{"type":"LineString","coordinates":[[141.78265,-36.35879],[141.7758,-36.35653],[141.77537,-36.35638],[141.7723,-36.35535]]}},{"type":"Feature","properties":{"name":"Western Highway","ref":"A8","highway":"trunk","class":1,"kind":"highway","surface":"asphalt"},"geometry":{"type":"LineString","coordinates":[[141.7884,-36.36078],[141.78695,-36.36021],[141.78687,-36.36018],[141.78265,-36.35879]]}},{"type":"Feature","properties":{"name":"Western Highway","ref":"A8","highway":"trunk","class":1,"kind":"highway","surface":"asphalt"},"geometry":{"type":"LineString","coordinates":[[141.7723,-36.35535],[141.76802,-36.35393],[141.76081,-36.35158],[141.7589,-36.35106],[141.7585,-36.35095]]}},{"type":"Feature","properties":{"name":"Western Highway","ref":"A8","highway":"trunk","class":1,"kind":"highway","surface":"asphalt"},"geometry":{"type":"LineString","coordinates":[[141.79993,-36.36483],[141.79913,-36.36457],[141.79715,-36.36388],[141.79433,-36.36296],[141.79426,-36.36293],[141.79339,-36.36265],[141.79244,-36.36234],[141.79111,-36.36186],[141.79057,-36.36168],[141.78873,-36.3609],[141.7884,-36.36078]]}},{"type":"Feature","properties":{"name":"Lloyd Street","ref":"C227","highway":"secondary","class":3,"kind":"sub-arterial","surface":"asphalt"},"geometry":{"type":"LineString","coordinates":[[142.02211,-36.44711],[142.02181,-36.44665]]}},{"type":"Feature","properties":{"name":"Lloyd Street","ref":"C227","highway":"secondary","class":3,"kind":"sub-arterial","surface":"asphalt"},"geometry":{"type":"LineString","coordinates":[[142.02266,-36.44794],[142.02211,-36.44711]]}},{"type":"Feature","properties":{"name":"Lloyd Street","ref":"C227","highway":"secondary","class":3,"kind":"sub-arterial","surface":"asphalt"},"geometry":{"type":"LineString","coordinates":[[142.023,-36.44846],[142.02266,-36.44794]]}},{"type":"Feature","properties":{"name":"Lloyd Street","ref":"C227","highway":"secondary","class":3,"kind":"sub-arterial","surface":"asphalt"},"geometry":{"type":"LineString","coordinates":[[142.02381,-36.4497],[142.02334,-36.44899],[142.023,-36.44846]]}},{"type":"Feature","properties":{"name":"Lloyd Street","ref":"C227","highway":"secondary","class":3,"kind":"sub-arterial","surface":"asphalt"},"geometry":{"type":"LineString","coordinates":[[142.02435,-36.45053],[142.02381,-36.4497]]}},{"type":"Feature","properties":{"name":"Lloyd Street","ref":"C227","highway":"secondary","class":3,"kind":"sub-arterial","surface":"asphalt"},"geometry":{"type":"LineString","coordinates":[[142.02523,-36.45182],[142.02435,-36.45053]]}},{"type":"Feature","properties":{"name":"Lloyd Street","ref":"C227","highway":"secondary","class":3,"kind":"sub-arterial","surface":"asphalt"},"geometry":{"type":"LineString","coordinates":[[142.02762,-36.45551],[142.027,-36.45458],[142.02643,-36.45369]]}},{"type":"Feature","properties":{"name":"Lloyd Street","ref":"C227","highway":"secondary","class":3,"kind":"sub-arterial","surface":"asphalt"},"geometry":{"type":"LineString","coordinates":[[142.02824,-36.4565],[142.02762,-36.45551]]}},{"type":"Feature","properties":{"name":"Lloyd Street","ref":"C227","highway":"secondary","class":3,"kind":"sub-arterial","surface":"asphalt"},"geometry":{"type":"LineString","coordinates":[[142.02878,-36.45734],[142.02824,-36.4565]]}},{"type":"Feature","properties":{"name":"Lloyd Street","ref":"C227","highway":"secondary","class":3,"kind":"sub-arterial","surface":"asphalt"},"geometry":{"type":"LineString","coordinates":[[142.02643,-36.45369],[142.02523,-36.45182]]}},{"type":"Feature","properties":{"name":"C227","ref":"C227","highway":"secondary","class":3,"kind":"sub-arterial","surface":"asphalt"},"geometry":{"type":"LineString","coordinates":[[142.03486,-36.4547],[142.03487,-36.45467]]}},{"type":"Feature","properties":{"name":"C227","ref":"C227","highway":"secondary","class":3,"kind":"sub-arterial","surface":"asphalt"},"geometry":{"type":"LineString","coordinates":[[142.03487,-36.45467],[142.03489,-36.45464],[142.03491,-36.45461],[142.03495,-36.45459],[142.03498,-36.45458],[142.03502,-36.45457]]}},{"type":"Feature","properties":{"name":"C227","ref":"C227","highway":"secondary","class":3,"kind":"sub-arterial","surface":"asphalt"},"geometry":{"type":"LineString","coordinates":[[142.03502,-36.45457],[142.03505,-36.45457]]}},{"type":"Feature","properties":{"name":"C227","ref":"C227","highway":"secondary","class":3,"kind":"sub-arterial","surface":"asphalt"},"geometry":{"type":"LineString","coordinates":[[142.03505,-36.45457],[142.03508,-36.45457],[142.03512,-36.45458],[142.03516,-36.45459]]}},{"type":"Feature","properties":{"name":"C227","ref":"C227","highway":"secondary","class":3,"kind":"sub-arterial","surface":"asphalt"},"geometry":{"type":"LineString","coordinates":[[142.03516,-36.45459],[142.03518,-36.4546]]}},{"type":"Feature","properties":{"name":"C227","ref":"C227","highway":"secondary","class":3,"kind":"sub-arterial","surface":"asphalt"},"geometry":{"type":"LineString","coordinates":[[142.03518,-36.4546],[142.0352,-36.45462],[142.03522,-36.45465],[142.03524,-36.45467],[142.03524,-36.4547],[142.03525,-36.45473],[142.03524,-36.45476]]}},{"type":"Feature","properties":{"name":"C227","ref":"C227","highway":"secondary","class":3,"kind":"sub-arterial","surface":"asphalt"},"geometry":{"type":"LineString","coordinates":[[142.03524,-36.45476],[142.03523,-36.45479]]}},{"type":"Feature","properties":{"name":"C227","ref":"C227","highway":"secondary","class":3,"kind":"sub-arterial","surface":"asphalt"},"geometry":{"type":"LineString","coordinates":[[142.03523,-36.45479],[142.03521,-36.45481],[142.03519,-36.45483],[142.03516,-36.45485],[142.03513,-36.45486],[142.0351,-36.45487],[142.03507,-36.45488],[142.03503,-36.45487]]}},{"type":"Feature","properties":{"name":"C227","ref":"C227","highway":"secondary","class":3,"kind":"sub-arterial","surface":"asphalt"},"geometry":{"type":"LineString","coordinates":[[142.03503,-36.45487],[142.035,-36.45487]]}},{"type":"Feature","properties":{"name":"C227","ref":"C227","highway":"secondary","class":3,"kind":"sub-arterial","surface":"asphalt"},"geometry":{"type":"LineString","coordinates":[[142.035,-36.45487],[142.03496,-36.45486],[142.03493,-36.45484],[142.0349,-36.45482],[142.03488,-36.45479],[142.03487,-36.45476]]}},{"type":"Feature","properties":{"name":"Western Highway","ref":"A8","highway":"trunk","class":1,"kind":"highway","surface":"asphalt"},"geometry":{"type":"LineString","coordinates":[[142.01514,-36.43508],[142.01485,-36.43492],[142.0145,-36.43473],[142.01418,-36.43453],[142.01384,-36.43432],[142.01353,-36.43411],[142.01328,-36.43392],[142.01276,-36.43348]]}},{"type":"Feature","properties":{"name":"High Street","ref":"C227","highway":"secondary","class":3,"kind":"sub-arterial","surface":"asphalt"},"geometry":{"type":"LineString","coordinates":[[142.03396,-36.45521],[142.03335,-36.45546],[142.0333,-36.45548],[142.03272,-36.45573]]}},{"type":"Feature","properties":{"name":"High Street","ref":"C227","highway":"secondary","class":3,"kind":"sub-arterial","surface":"asphalt"},"geometry":{"type":"LineString","coordinates":[[142.03272,-36.45573],[142.03144,-36.45627]]}},{"type":"Feature","properties":{"name":"High Street","ref":"C227","highway":"secondary","class":3,"kind":"sub-arterial","surface":"asphalt"},"geometry":{"type":"LineString","coordinates":[[142.03144,-36.45627],[142.03014,-36.45683]]}},{"type":"Feature","properties":{"name":"High Street","ref":"C227","highway":"secondary","class":3,"kind":"sub-arterial","surface":"asphalt"},"geometry":{"type":"LineString","coordinates":[[142.03014,-36.45683],[142.02981,-36.45698],[142.02942,-36.45714],[142.02881,-36.45739]]}},{"type":"Feature","properties":{"name":"Nhill Road","ref":"C227","highway":"secondary","class":3,"kind":"sub-arterial","surface":"asphalt"},"geometry":{"type":"LineString","coordinates":[[142.01518,-36.43525],[142.0152,-36.43521],[142.01522,-36.43517],[142.01524,-36.43516],[142.01526,-36.43515],[142.01527,-36.43515]]}},{"type":"Feature","properties":{"name":"Longfield Street","ref":"A8","highway":"trunk","class":1,"kind":"highway","surface":"asphalt"},"geometry":{"type":"LineString","coordinates":[[142.76494,-37.0641],[142.76505,-37.06414]]}},{"type":"Feature","properties":{"name":"Dimboola Road","ref":"A8","highway":"trunk","class":1,"kind":"highway","surface":"asphalt"},"geometry":{"type":"LineString","coordinates":[[142.18449,-36.70493],[142.18163,-36.70356]]}},{"type":"Feature","properties":{"name":"Dimboola Road","ref":"A8","highway":"trunk","class":1,"kind":"highway","surface":"asphalt"},"geometry":{"type":"LineString","coordinates":[[142.1868,-36.70605],[142.18449,-36.70493]]}}]}